/gws/pw/j07/ncas_obs_vol2/cao/raw_data/met_cao/data/long-term/2024/202401/CR1000XSeries_Chilbolton_Rxcabinmet1_20240101.dat
Parsed column names: ['TIMESTAMP', 'RECORD', 'BattV_Avg', 'PTemp_C_Avg', 'Air_T_Avg', 'RH_Avg', 'BP_mbar_Avg', 'WS_Avg', 'WD_Avg', 'SlrW_Avg', 'rg001dc_ch_Tot', 'rg006dc_ch_Tot', 'rg008dc_ch_Tot', 'rg009dc_ch_Tot', 'rg004tb_ch_Tot']
shape: (8_640, 3)
┌─────────────────────┬───────────┬────────┐
│ TIMESTAMP           ┆ Air_T_Avg ┆ RH_Avg │
│ ---                 ┆ ---       ┆ ---    │
│ datetime[μs]        ┆ f64       ┆ f64    │
╞═════════════════════╪═══════════╪════════╡
│ 2024-01-01 00:00:10 ┆ 279.89    ┆ 90.74  │
│ 2024-01-01 00:00:20 ┆ 279.89    ┆ 90.28  │
│ 2024-01-01 00:00:30 ┆ 279.91    ┆ 90.18  │
│ 2024-01-01 00:00:40 ┆ 279.91    ┆ 90.42  │
│ 2024-01-01 00:00:50 ┆ 279.91    ┆ 90.6   │
│ …                   ┆ …         ┆ …      │
│ 2024-01-01 23:59:20 ┆ 285.01    ┆ 95.18  │
│ 2024-01-01 23:59:30 ┆ 285.01    ┆ 95.04  │
│ 2024-01-01 23:59:40 ┆ 285.01    ┆ 94.86  │
│ 2024-01-01 23:59:50 ┆ 285.01    ┆ 94.6   │
│ 2024-01-02 00:00:00 ┆ 285.01    ┆ 94.46  │
└─────────────────────┴───────────┴────────┘
[INFO] Correcting the 'time' variable in the NetCDF file.
<class 'netCDF4.Variable'>
float64 time(time)
    units: seconds since 1970-01-01 00:00:00
    standard_name: time
    long_name: Time (seconds since 1970-01-01 00:00:00)
    axis: T
    valid_min: 1704067210.0
    valid_max: 1704153600.0
    calendar: standard
unlimited dimensions: 
current shape = (8640,)
filling on, default _FillValue of 9.969209968386869e+36 used
Flagged 0 points where air_temperature < 245.0K as bad data (qc_flag = 2).
Found 0 points already flagged as bad data (flag=2)
QC flags successfully added to /gws/pw/j07/ncas_obs_vol2/cao/processing/ncas-temperature-rh-1/data/long-term/level1d/2024/stfc-temperature-rh-1_cao_20240101_surface-met_v1.1.nc.
Updated time units to 'seconds since 1970-01-01 00:00:00' in /gws/pw/j07/ncas_obs_vol2/cao/processing/ncas-temperature-rh-1/data/long-term/level1d/2024/stfc-temperature-rh-1_cao_20240101_surface-met_v1.1.nc
/gws/pw/j07/ncas_obs_vol2/cao/raw_data/met_cao/data/long-term/2024/202401/CR1000XSeries_Chilbolton_Rxcabinmet1_20240102.dat
Parsed column names: ['TIMESTAMP', 'RECORD', 'BattV_Avg', 'PTemp_C_Avg', 'Air_T_Avg', 'RH_Avg', 'BP_mbar_Avg', 'WS_Avg', 'WD_Avg', 'SlrW_Avg', 'rg001dc_ch_Tot', 'rg006dc_ch_Tot', 'rg008dc_ch_Tot', 'rg009dc_ch_Tot', 'rg004tb_ch_Tot']
shape: (8_640, 3)
┌─────────────────────┬───────────┬────────┐
│ TIMESTAMP           ┆ Air_T_Avg ┆ RH_Avg │
│ ---                 ┆ ---       ┆ ---    │
│ datetime[μs]        ┆ f64       ┆ f64    │
╞═════════════════════╪═══════════╪════════╡
│ 2024-01-02 00:00:10 ┆ 285.03    ┆ 94.48  │
│ 2024-01-02 00:00:20 ┆ 285.03    ┆ 94.54  │
│ 2024-01-02 00:00:30 ┆ 285.03    ┆ 94.68  │
│ 2024-01-02 00:00:40 ┆ 285.05    ┆ 95.08  │
│ 2024-01-02 00:00:50 ┆ 285.03    ┆ 95.26  │
│ …                   ┆ …         ┆ …      │
│ 2024-01-02 23:59:20 ┆ 281.73    ┆ 86.04  │
│ 2024-01-02 23:59:30 ┆ 281.75    ┆ 85.86  │
│ 2024-01-02 23:59:40 ┆ 281.75    ┆ 85.88  │
│ 2024-01-02 23:59:50 ┆ 281.75    ┆ 86.02  │
│ 2024-01-03 00:00:00 ┆ 281.73    ┆ 86.32  │
└─────────────────────┴───────────┴────────┘
[INFO] Correcting the 'time' variable in the NetCDF file.
<class 'netCDF4.Variable'>
float64 time(time)
    units: seconds since 1970-01-01 00:00:00
    standard_name: time
    long_name: Time (seconds since 1970-01-01 00:00:00)
    axis: T
    valid_min: 1704153610.0
    valid_max: 1704240000.0
    calendar: standard
unlimited dimensions: 
current shape = (8640,)
filling on, default _FillValue of 9.969209968386869e+36 used
Flagged 0 points where air_temperature < 245.0K as bad data (qc_flag = 2).
Found 0 points already flagged as bad data (flag=2)
QC flags successfully added to /gws/pw/j07/ncas_obs_vol2/cao/processing/ncas-temperature-rh-1/data/long-term/level1d/2024/stfc-temperature-rh-1_cao_20240102_surface-met_v1.1.nc.
Updated time units to 'seconds since 1970-01-01 00:00:00' in /gws/pw/j07/ncas_obs_vol2/cao/processing/ncas-temperature-rh-1/data/long-term/level1d/2024/stfc-temperature-rh-1_cao_20240102_surface-met_v1.1.nc
/gws/pw/j07/ncas_obs_vol2/cao/raw_data/met_cao/data/long-term/2024/202401/CR1000XSeries_Chilbolton_Rxcabinmet1_20240103.dat
Parsed column names: ['TIMESTAMP', 'RECORD', 'BattV_Avg', 'PTemp_C_Avg', 'Air_T_Avg', 'RH_Avg', 'BP_mbar_Avg', 'WS_Avg', 'WD_Avg', 'SlrW_Avg', 'rg001dc_ch_Tot', 'rg006dc_ch_Tot', 'rg008dc_ch_Tot', 'rg009dc_ch_Tot', 'rg004tb_ch_Tot']
shape: (8_640, 3)
┌─────────────────────┬───────────┬────────┐
│ TIMESTAMP           ┆ Air_T_Avg ┆ RH_Avg │
│ ---                 ┆ ---       ┆ ---    │
│ datetime[μs]        ┆ f64       ┆ f64    │
╞═════════════════════╪═══════════╪════════╡
│ 2024-01-03 00:00:10 ┆ 281.69    ┆ 86.62  │
│ 2024-01-03 00:00:20 ┆ 281.71    ┆ 86.52  │
│ 2024-01-03 00:00:30 ┆ 281.75    ┆ 86.36  │
│ 2024-01-03 00:00:40 ┆ 281.79    ┆ 86.3   │
│ 2024-01-03 00:00:50 ┆ 281.79    ┆ 86.34  │
│ …                   ┆ …         ┆ …      │
│ 2024-01-03 23:59:20 ┆ 280.95    ┆ 94.12  │
│ 2024-01-03 23:59:30 ┆ 280.95    ┆ 94.46  │
│ 2024-01-03 23:59:40 ┆ 280.95    ┆ 94.76  │
│ 2024-01-03 23:59:50 ┆ 280.95    ┆ 94.88  │
│ 2024-01-04 00:00:00 ┆ 280.95    ┆ 94.68  │
└─────────────────────┴───────────┴────────┘
[INFO] Correcting the 'time' variable in the NetCDF file.
<class 'netCDF4.Variable'>
float64 time(time)
    units: seconds since 1970-01-01 00:00:00
    standard_name: time
    long_name: Time (seconds since 1970-01-01 00:00:00)
    axis: T
    valid_min: 1704240010.0
    valid_max: 1704326400.0
    calendar: standard
unlimited dimensions: 
current shape = (8640,)
filling on, default _FillValue of 9.969209968386869e+36 used
Flagged 0 points where air_temperature < 245.0K as bad data (qc_flag = 2).
Found 0 points already flagged as bad data (flag=2)
QC flags successfully added to /gws/pw/j07/ncas_obs_vol2/cao/processing/ncas-temperature-rh-1/data/long-term/level1d/2024/stfc-temperature-rh-1_cao_20240103_surface-met_v1.1.nc.
Updated time units to 'seconds since 1970-01-01 00:00:00' in /gws/pw/j07/ncas_obs_vol2/cao/processing/ncas-temperature-rh-1/data/long-term/level1d/2024/stfc-temperature-rh-1_cao_20240103_surface-met_v1.1.nc
/gws/pw/j07/ncas_obs_vol2/cao/raw_data/met_cao/data/long-term/2024/202401/CR1000XSeries_Chilbolton_Rxcabinmet1_20240104.dat
Parsed column names: ['TIMESTAMP', 'RECORD', 'BattV_Avg', 'PTemp_C_Avg', 'Air_T_Avg', 'RH_Avg', 'BP_mbar_Avg', 'WS_Avg', 'WD_Avg', 'SlrW_Avg', 'rg001dc_ch_Tot', 'rg006dc_ch_Tot', 'rg008dc_ch_Tot', 'rg009dc_ch_Tot', 'rg004tb_ch_Tot']
shape: (8_640, 3)
┌─────────────────────┬───────────┬────────┐
│ TIMESTAMP           ┆ Air_T_Avg ┆ RH_Avg │
│ ---                 ┆ ---       ┆ ---    │
│ datetime[μs]        ┆ f64       ┆ f64    │
╞═════════════════════╪═══════════╪════════╡
│ 2024-01-04 00:00:10 ┆ 280.93    ┆ 94.42  │
│ 2024-01-04 00:00:20 ┆ 280.93    ┆ 94.02  │
│ 2024-01-04 00:00:30 ┆ 280.93    ┆ 93.48  │
│ 2024-01-04 00:00:40 ┆ 280.91    ┆ 93.52  │
│ 2024-01-04 00:00:50 ┆ 280.91    ┆ 93.7   │
│ …                   ┆ …         ┆ …      │
│ 2024-01-04 23:59:20 ┆ 277.79    ┆ 92.28  │
│ 2024-01-04 23:59:30 ┆ 277.79    ┆ 92.5   │
│ 2024-01-04 23:59:40 ┆ 277.79    ┆ 92.28  │
│ 2024-01-04 23:59:50 ┆ 277.79    ┆ 92.0   │
│ 2024-01-05 00:00:00 ┆ 277.79    ┆ 91.56  │
└─────────────────────┴───────────┴────────┘
[INFO] Correcting the 'time' variable in the NetCDF file.
<class 'netCDF4.Variable'>
float64 time(time)
    units: seconds since 1970-01-01 00:00:00
    standard_name: time
    long_name: Time (seconds since 1970-01-01 00:00:00)
    axis: T
    valid_min: 1704326410.0
    valid_max: 1704412800.0
    calendar: standard
unlimited dimensions: 
current shape = (8640,)
filling on, default _FillValue of 9.969209968386869e+36 used
Flagged 0 points where air_temperature < 245.0K as bad data (qc_flag = 2).
Found 0 points already flagged as bad data (flag=2)
QC flags successfully added to /gws/pw/j07/ncas_obs_vol2/cao/processing/ncas-temperature-rh-1/data/long-term/level1d/2024/stfc-temperature-rh-1_cao_20240104_surface-met_v1.1.nc.
Updated time units to 'seconds since 1970-01-01 00:00:00' in /gws/pw/j07/ncas_obs_vol2/cao/processing/ncas-temperature-rh-1/data/long-term/level1d/2024/stfc-temperature-rh-1_cao_20240104_surface-met_v1.1.nc
/gws/pw/j07/ncas_obs_vol2/cao/raw_data/met_cao/data/long-term/2024/202401/CR1000XSeries_Chilbolton_Rxcabinmet1_20240105.dat
Parsed column names: ['TIMESTAMP', 'RECORD', 'BattV_Avg', 'PTemp_C_Avg', 'Air_T_Avg', 'RH_Avg', 'BP_mbar_Avg', 'WS_Avg', 'WD_Avg', 'SlrW_Avg', 'rg001dc_ch_Tot', 'rg006dc_ch_Tot', 'rg008dc_ch_Tot', 'rg009dc_ch_Tot', 'rg004tb_ch_Tot']
shape: (8_640, 3)
┌─────────────────────┬───────────┬────────┐
│ TIMESTAMP           ┆ Air_T_Avg ┆ RH_Avg │
│ ---                 ┆ ---       ┆ ---    │
│ datetime[μs]        ┆ f64       ┆ f64    │
╞═════════════════════╪═══════════╪════════╡
│ 2024-01-05 00:00:10 ┆ 277.79    ┆ 90.96  │
│ 2024-01-05 00:00:20 ┆ 277.79    ┆ 90.76  │
│ 2024-01-05 00:00:30 ┆ 277.79    ┆ 90.78  │
│ 2024-01-05 00:00:40 ┆ 277.79    ┆ 90.96  │
│ 2024-01-05 00:00:50 ┆ 277.79    ┆ 91.28  │
│ …                   ┆ …         ┆ …      │
│ 2024-01-05 23:59:20 ┆ 277.89    ┆ 94.1   │
│ 2024-01-05 23:59:30 ┆ 277.89    ┆ 94.08  │
│ 2024-01-05 23:59:40 ┆ 277.89    ┆ 93.88  │
│ 2024-01-05 23:59:50 ┆ 277.89    ┆ 93.56  │
│ 2024-01-06 00:00:00 ┆ 277.87    ┆ 93.14  │
└─────────────────────┴───────────┴────────┘
[INFO] Correcting the 'time' variable in the NetCDF file.
<class 'netCDF4.Variable'>
float64 time(time)
    units: seconds since 1970-01-01 00:00:00
    standard_name: time
    long_name: Time (seconds since 1970-01-01 00:00:00)
    axis: T
    valid_min: 1704412810.0
    valid_max: 1704499200.0
    calendar: standard
unlimited dimensions: 
current shape = (8640,)
filling on, default _FillValue of 9.969209968386869e+36 used
Flagged 0 points where air_temperature < 245.0K as bad data (qc_flag = 2).
Found 0 points already flagged as bad data (flag=2)
QC flags successfully added to /gws/pw/j07/ncas_obs_vol2/cao/processing/ncas-temperature-rh-1/data/long-term/level1d/2024/stfc-temperature-rh-1_cao_20240105_surface-met_v1.1.nc.
Updated time units to 'seconds since 1970-01-01 00:00:00' in /gws/pw/j07/ncas_obs_vol2/cao/processing/ncas-temperature-rh-1/data/long-term/level1d/2024/stfc-temperature-rh-1_cao_20240105_surface-met_v1.1.nc
/gws/pw/j07/ncas_obs_vol2/cao/raw_data/met_cao/data/long-term/2024/202401/CR1000XSeries_Chilbolton_Rxcabinmet1_20240106.dat
Parsed column names: ['TIMESTAMP', 'RECORD', 'BattV_Avg', 'PTemp_C_Avg', 'Air_T_Avg', 'RH_Avg', 'BP_mbar_Avg', 'WS_Avg', 'WD_Avg', 'SlrW_Avg', 'rg001dc_ch_Tot', 'rg006dc_ch_Tot', 'rg008dc_ch_Tot', 'rg009dc_ch_Tot', 'rg004tb_ch_Tot']
shape: (8_640, 3)
┌─────────────────────┬───────────┬────────┐
│ TIMESTAMP           ┆ Air_T_Avg ┆ RH_Avg │
│ ---                 ┆ ---       ┆ ---    │
│ datetime[μs]        ┆ f64       ┆ f64    │
╞═════════════════════╪═══════════╪════════╡
│ 2024-01-06 00:00:10 ┆ 277.87    ┆ 92.76  │
│ 2024-01-06 00:00:20 ┆ 277.85    ┆ 92.8   │
│ 2024-01-06 00:00:30 ┆ 277.81    ┆ 93.14  │
│ 2024-01-06 00:00:40 ┆ 277.79    ┆ 93.38  │
│ 2024-01-06 00:00:50 ┆ 277.81    ┆ 93.52  │
│ …                   ┆ …         ┆ …      │
│ 2024-01-06 23:59:20 ┆ 276.55    ┆ 92.0   │
│ 2024-01-06 23:59:30 ┆ 276.55    ┆ 91.7   │
│ 2024-01-06 23:59:40 ┆ 276.57    ┆ 91.2   │
│ 2024-01-06 23:59:50 ┆ 276.57    ┆ 90.96  │
│ 2024-01-07 00:00:00 ┆ 276.61    ┆ 90.92  │
└─────────────────────┴───────────┴────────┘
[INFO] Correcting the 'time' variable in the NetCDF file.
<class 'netCDF4.Variable'>
float64 time(time)
    units: seconds since 1970-01-01 00:00:00
    standard_name: time
    long_name: Time (seconds since 1970-01-01 00:00:00)
    axis: T
    valid_min: 1704499210.0
    valid_max: 1704585600.0
    calendar: standard
unlimited dimensions: 
current shape = (8640,)
filling on, default _FillValue of 9.969209968386869e+36 used
Flagged 0 points where air_temperature < 245.0K as bad data (qc_flag = 2).
Found 0 points already flagged as bad data (flag=2)
QC flags successfully added to /gws/pw/j07/ncas_obs_vol2/cao/processing/ncas-temperature-rh-1/data/long-term/level1d/2024/stfc-temperature-rh-1_cao_20240106_surface-met_v1.1.nc.
Updated time units to 'seconds since 1970-01-01 00:00:00' in /gws/pw/j07/ncas_obs_vol2/cao/processing/ncas-temperature-rh-1/data/long-term/level1d/2024/stfc-temperature-rh-1_cao_20240106_surface-met_v1.1.nc
/gws/pw/j07/ncas_obs_vol2/cao/raw_data/met_cao/data/long-term/2024/202401/CR1000XSeries_Chilbolton_Rxcabinmet1_20240107.dat
Parsed column names: ['TIMESTAMP', 'RECORD', 'BattV_Avg', 'PTemp_C_Avg', 'Air_T_Avg', 'RH_Avg', 'BP_mbar_Avg', 'WS_Avg', 'WD_Avg', 'SlrW_Avg', 'rg001dc_ch_Tot', 'rg006dc_ch_Tot', 'rg008dc_ch_Tot', 'rg009dc_ch_Tot', 'rg004tb_ch_Tot']
shape: (8_640, 3)
┌─────────────────────┬───────────┬────────┐
│ TIMESTAMP           ┆ Air_T_Avg ┆ RH_Avg │
│ ---                 ┆ ---       ┆ ---    │
│ datetime[μs]        ┆ f64       ┆ f64    │
╞═════════════════════╪═══════════╪════════╡
│ 2024-01-07 00:00:10 ┆ 276.63    ┆ 91.12  │
│ 2024-01-07 00:00:20 ┆ 276.59    ┆ 91.72  │
│ 2024-01-07 00:00:30 ┆ 276.57    ┆ 92.26  │
│ 2024-01-07 00:00:40 ┆ 276.55    ┆ 92.46  │
│ 2024-01-07 00:00:50 ┆ 276.55    ┆ 92.26  │
│ …                   ┆ …         ┆ …      │
│ 2024-01-07 23:59:20 ┆ 274.13    ┆ 80.48  │
│ 2024-01-07 23:59:30 ┆ 274.15    ┆ 81.58  │
│ 2024-01-07 23:59:40 ┆ 274.15    ┆ 82.28  │
│ 2024-01-07 23:59:50 ┆ 274.17    ┆ 82.22  │
│ 2024-01-08 00:00:00 ┆ 274.15    ┆ 81.8   │
└─────────────────────┴───────────┴────────┘
[INFO] Correcting the 'time' variable in the NetCDF file.
<class 'netCDF4.Variable'>
float64 time(time)
    units: seconds since 1970-01-01 00:00:00
    standard_name: time
    long_name: Time (seconds since 1970-01-01 00:00:00)
    axis: T
    valid_min: 1704585610.0
    valid_max: 1704672000.0
    calendar: standard
unlimited dimensions: 
current shape = (8640,)
filling on, default _FillValue of 9.969209968386869e+36 used
Flagged 0 points where air_temperature < 245.0K as bad data (qc_flag = 2).
Found 0 points already flagged as bad data (flag=2)
QC flags successfully added to /gws/pw/j07/ncas_obs_vol2/cao/processing/ncas-temperature-rh-1/data/long-term/level1d/2024/stfc-temperature-rh-1_cao_20240107_surface-met_v1.1.nc.
Updated time units to 'seconds since 1970-01-01 00:00:00' in /gws/pw/j07/ncas_obs_vol2/cao/processing/ncas-temperature-rh-1/data/long-term/level1d/2024/stfc-temperature-rh-1_cao_20240107_surface-met_v1.1.nc
/gws/pw/j07/ncas_obs_vol2/cao/raw_data/met_cao/data/long-term/2024/202401/CR1000XSeries_Chilbolton_Rxcabinmet1_20240108.dat
Parsed column names: ['TIMESTAMP', 'RECORD', 'BattV_Avg', 'PTemp_C_Avg', 'Air_T_Avg', 'RH_Avg', 'BP_mbar_Avg', 'WS_Avg', 'WD_Avg', 'SlrW_Avg', 'rg001dc_ch_Tot', 'rg006dc_ch_Tot', 'rg008dc_ch_Tot', 'rg009dc_ch_Tot', 'rg004tb_ch_Tot']
shape: (8_640, 3)
┌─────────────────────┬───────────┬────────┐
│ TIMESTAMP           ┆ Air_T_Avg ┆ RH_Avg │
│ ---                 ┆ ---       ┆ ---    │
│ datetime[μs]        ┆ f64       ┆ f64    │
╞═════════════════════╪═══════════╪════════╡
│ 2024-01-08 00:00:10 ┆ 274.13    ┆ 81.08  │
│ 2024-01-08 00:00:20 ┆ 274.13    ┆ 80.04  │
│ 2024-01-08 00:00:30 ┆ 274.17    ┆ 79.42  │
│ 2024-01-08 00:00:40 ┆ 274.19    ┆ 79.52  │
│ 2024-01-08 00:00:50 ┆ 274.17    ┆ 80.1   │
│ …                   ┆ …         ┆ …      │
│ 2024-01-08 23:59:20 ┆ 274.13    ┆ 73.92  │
│ 2024-01-08 23:59:30 ┆ 274.13    ┆ 73.84  │
│ 2024-01-08 23:59:40 ┆ 274.11    ┆ 73.94  │
│ 2024-01-08 23:59:50 ┆ 274.11    ┆ 74.16  │
│ 2024-01-09 00:00:00 ┆ 274.09    ┆ 74.38  │
└─────────────────────┴───────────┴────────┘
[INFO] Correcting the 'time' variable in the NetCDF file.
<class 'netCDF4.Variable'>
float64 time(time)
    units: seconds since 1970-01-01 00:00:00
    standard_name: time
    long_name: Time (seconds since 1970-01-01 00:00:00)
    axis: T
    valid_min: 1704672010.0
    valid_max: 1704758400.0
    calendar: standard
unlimited dimensions: 
current shape = (8640,)
filling on, default _FillValue of 9.969209968386869e+36 used
Flagged 0 points where air_temperature < 245.0K as bad data (qc_flag = 2).
Found 0 points already flagged as bad data (flag=2)
QC flags successfully added to /gws/pw/j07/ncas_obs_vol2/cao/processing/ncas-temperature-rh-1/data/long-term/level1d/2024/stfc-temperature-rh-1_cao_20240108_surface-met_v1.1.nc.
Updated time units to 'seconds since 1970-01-01 00:00:00' in /gws/pw/j07/ncas_obs_vol2/cao/processing/ncas-temperature-rh-1/data/long-term/level1d/2024/stfc-temperature-rh-1_cao_20240108_surface-met_v1.1.nc
/gws/pw/j07/ncas_obs_vol2/cao/raw_data/met_cao/data/long-term/2024/202401/CR1000XSeries_Chilbolton_Rxcabinmet1_20240109.dat
Parsed column names: ['TIMESTAMP', 'RECORD', 'BattV_Avg', 'PTemp_C_Avg', 'Air_T_Avg', 'RH_Avg', 'BP_mbar_Avg', 'WS_Avg', 'WD_Avg', 'SlrW_Avg', 'rg001dc_ch_Tot', 'rg006dc_ch_Tot', 'rg008dc_ch_Tot', 'rg009dc_ch_Tot', 'rg004tb_ch_Tot']
shape: (8_640, 3)
┌─────────────────────┬───────────┬────────┐
│ TIMESTAMP           ┆ Air_T_Avg ┆ RH_Avg │
│ ---                 ┆ ---       ┆ ---    │
│ datetime[μs]        ┆ f64       ┆ f64    │
╞═════════════════════╪═══════════╪════════╡
│ 2024-01-09 00:00:10 ┆ 274.09    ┆ 74.52  │
│ 2024-01-09 00:00:20 ┆ 274.09    ┆ 74.7   │
│ 2024-01-09 00:00:30 ┆ 274.09    ┆ 74.72  │
│ 2024-01-09 00:00:40 ┆ 274.09    ┆ 74.64  │
│ 2024-01-09 00:00:50 ┆ 274.09    ┆ 74.42  │
│ …                   ┆ …         ┆ …      │
│ 2024-01-09 23:59:20 ┆ 273.35    ┆ 75.98  │
│ 2024-01-09 23:59:30 ┆ 273.37    ┆ 75.64  │
│ 2024-01-09 23:59:40 ┆ 273.37    ┆ 75.58  │
│ 2024-01-09 23:59:50 ┆ 273.35    ┆ 75.7   │
│ 2024-01-10 00:00:00 ┆ 273.35    ┆ 75.9   │
└─────────────────────┴───────────┴────────┘
[INFO] Correcting the 'time' variable in the NetCDF file.
<class 'netCDF4.Variable'>
float64 time(time)
    units: seconds since 1970-01-01 00:00:00
    standard_name: time
    long_name: Time (seconds since 1970-01-01 00:00:00)
    axis: T
    valid_min: 1704758410.0
    valid_max: 1704844800.0
    calendar: standard
unlimited dimensions: 
current shape = (8640,)
filling on, default _FillValue of 9.969209968386869e+36 used
Flagged 0 points where air_temperature < 245.0K as bad data (qc_flag = 2).
Found 0 points already flagged as bad data (flag=2)
QC flags successfully added to /gws/pw/j07/ncas_obs_vol2/cao/processing/ncas-temperature-rh-1/data/long-term/level1d/2024/stfc-temperature-rh-1_cao_20240109_surface-met_v1.1.nc.
Updated time units to 'seconds since 1970-01-01 00:00:00' in /gws/pw/j07/ncas_obs_vol2/cao/processing/ncas-temperature-rh-1/data/long-term/level1d/2024/stfc-temperature-rh-1_cao_20240109_surface-met_v1.1.nc
/gws/pw/j07/ncas_obs_vol2/cao/raw_data/met_cao/data/long-term/2024/202401/CR1000XSeries_Chilbolton_Rxcabinmet1_20240110.dat
Parsed column names: ['TIMESTAMP', 'RECORD', 'BattV_Avg', 'PTemp_C_Avg', 'Air_T_Avg', 'RH_Avg', 'BP_mbar_Avg', 'WS_Avg', 'WD_Avg', 'SlrW_Avg', 'rg001dc_ch_Tot', 'rg006dc_ch_Tot', 'rg008dc_ch_Tot', 'rg009dc_ch_Tot', 'rg004tb_ch_Tot']
shape: (8_640, 3)
┌─────────────────────┬───────────┬────────┐
│ TIMESTAMP           ┆ Air_T_Avg ┆ RH_Avg │
│ ---                 ┆ ---       ┆ ---    │
│ datetime[μs]        ┆ f64       ┆ f64    │
╞═════════════════════╪═══════════╪════════╡
│ 2024-01-10 00:00:10 ┆ 273.33    ┆ 76.22  │
│ 2024-01-10 00:00:20 ┆ 273.35    ┆ 76.58  │
│ 2024-01-10 00:00:30 ┆ 273.33    ┆ 76.74  │
│ 2024-01-10 00:00:40 ┆ 273.31    ┆ 76.74  │
│ 2024-01-10 00:00:50 ┆ 273.31    ┆ 76.64  │
│ …                   ┆ …         ┆ …      │
│ 2024-01-10 23:59:20 ┆ 273.75    ┆ 84.5   │
│ 2024-01-10 23:59:30 ┆ 273.77    ┆ 84.44  │
│ 2024-01-10 23:59:40 ┆ 273.75    ┆ 84.58  │
│ 2024-01-10 23:59:50 ┆ 273.77    ┆ 84.64  │
│ 2024-01-11 00:00:00 ┆ 273.79    ┆ 84.68  │
└─────────────────────┴───────────┴────────┘
[INFO] Correcting the 'time' variable in the NetCDF file.
<class 'netCDF4.Variable'>
float64 time(time)
    units: seconds since 1970-01-01 00:00:00
    standard_name: time
    long_name: Time (seconds since 1970-01-01 00:00:00)
    axis: T
    valid_min: 1704844810.0
    valid_max: 1704931200.0
    calendar: standard
unlimited dimensions: 
current shape = (8640,)
filling on, default _FillValue of 9.969209968386869e+36 used
Flagged 0 points where air_temperature < 245.0K as bad data (qc_flag = 2).
Found 0 points already flagged as bad data (flag=2)
QC flags successfully added to /gws/pw/j07/ncas_obs_vol2/cao/processing/ncas-temperature-rh-1/data/long-term/level1d/2024/stfc-temperature-rh-1_cao_20240110_surface-met_v1.1.nc.
Updated time units to 'seconds since 1970-01-01 00:00:00' in /gws/pw/j07/ncas_obs_vol2/cao/processing/ncas-temperature-rh-1/data/long-term/level1d/2024/stfc-temperature-rh-1_cao_20240110_surface-met_v1.1.nc
/gws/pw/j07/ncas_obs_vol2/cao/raw_data/met_cao/data/long-term/2024/202401/CR1000XSeries_Chilbolton_Rxcabinmet1_20240111.dat
Parsed column names: ['TIMESTAMP', 'RECORD', 'BattV_Avg', 'PTemp_C_Avg', 'Air_T_Avg', 'RH_Avg', 'BP_mbar_Avg', 'WS_Avg', 'WD_Avg', 'SlrW_Avg', 'rg001dc_ch_Tot', 'rg006dc_ch_Tot', 'rg008dc_ch_Tot', 'rg009dc_ch_Tot', 'rg004tb_ch_Tot']
shape: (8_640, 3)
┌─────────────────────┬───────────┬────────┐
│ TIMESTAMP           ┆ Air_T_Avg ┆ RH_Avg │
│ ---                 ┆ ---       ┆ ---    │
│ datetime[μs]        ┆ f64       ┆ f64    │
╞═════════════════════╪═══════════╪════════╡
│ 2024-01-11 00:00:10 ┆ 273.79    ┆ 84.94  │
│ 2024-01-11 00:00:20 ┆ 273.79    ┆ 85.32  │
│ 2024-01-11 00:00:30 ┆ 273.77    ┆ 85.44  │
│ 2024-01-11 00:00:40 ┆ 273.73    ┆ 85.4   │
│ 2024-01-11 00:00:50 ┆ 273.69    ┆ 85.38  │
│ …                   ┆ …         ┆ …      │
│ 2024-01-11 23:59:20 ┆ 277.41    ┆ 90.76  │
│ 2024-01-11 23:59:30 ┆ 277.41    ┆ 90.7   │
│ 2024-01-11 23:59:40 ┆ 277.41    ┆ 90.7   │
│ 2024-01-11 23:59:50 ┆ 277.39    ┆ 90.78  │
│ 2024-01-12 00:00:00 ┆ 277.39    ┆ 90.86  │
└─────────────────────┴───────────┴────────┘
[INFO] Correcting the 'time' variable in the NetCDF file.
<class 'netCDF4.Variable'>
float64 time(time)
    units: seconds since 1970-01-01 00:00:00
    standard_name: time
    long_name: Time (seconds since 1970-01-01 00:00:00)
    axis: T
    valid_min: 1704931210.0
    valid_max: 1705017600.0
    calendar: standard
unlimited dimensions: 
current shape = (8640,)
filling on, default _FillValue of 9.969209968386869e+36 used
Flagged 0 points where air_temperature < 245.0K as bad data (qc_flag = 2).
Found 0 points already flagged as bad data (flag=2)
QC flags successfully added to /gws/pw/j07/ncas_obs_vol2/cao/processing/ncas-temperature-rh-1/data/long-term/level1d/2024/stfc-temperature-rh-1_cao_20240111_surface-met_v1.1.nc.
Updated time units to 'seconds since 1970-01-01 00:00:00' in /gws/pw/j07/ncas_obs_vol2/cao/processing/ncas-temperature-rh-1/data/long-term/level1d/2024/stfc-temperature-rh-1_cao_20240111_surface-met_v1.1.nc
/gws/pw/j07/ncas_obs_vol2/cao/raw_data/met_cao/data/long-term/2024/202401/CR1000XSeries_Chilbolton_Rxcabinmet1_20240112.dat
Parsed column names: ['TIMESTAMP', 'RECORD', 'BattV_Avg', 'PTemp_C_Avg', 'Air_T_Avg', 'RH_Avg', 'BP_mbar_Avg', 'WS_Avg', 'WD_Avg', 'SlrW_Avg', 'rg001dc_ch_Tot', 'rg006dc_ch_Tot', 'rg008dc_ch_Tot', 'rg009dc_ch_Tot', 'rg004tb_ch_Tot']
shape: (8_640, 3)
┌─────────────────────┬───────────┬────────┐
│ TIMESTAMP           ┆ Air_T_Avg ┆ RH_Avg │
│ ---                 ┆ ---       ┆ ---    │
│ datetime[μs]        ┆ f64       ┆ f64    │
╞═════════════════════╪═══════════╪════════╡
│ 2024-01-12 00:00:10 ┆ 277.39    ┆ 91.0   │
│ 2024-01-12 00:00:20 ┆ 277.41    ┆ 91.18  │
│ 2024-01-12 00:00:30 ┆ 277.39    ┆ 91.2   │
│ 2024-01-12 00:00:40 ┆ 277.39    ┆ 91.22  │
│ 2024-01-12 00:00:50 ┆ 277.39    ┆ 91.14  │
│ …                   ┆ …         ┆ …      │
│ 2024-01-12 23:59:20 ┆ 275.97    ┆ 84.88  │
│ 2024-01-12 23:59:30 ┆ 275.97    ┆ 84.86  │
│ 2024-01-12 23:59:40 ┆ 275.97    ┆ 84.92  │
│ 2024-01-12 23:59:50 ┆ 275.97    ┆ 84.98  │
│ 2024-01-13 00:00:00 ┆ 275.97    ┆ 85.04  │
└─────────────────────┴───────────┴────────┘
[INFO] Correcting the 'time' variable in the NetCDF file.
<class 'netCDF4.Variable'>
float64 time(time)
    units: seconds since 1970-01-01 00:00:00
    standard_name: time
    long_name: Time (seconds since 1970-01-01 00:00:00)
    axis: T
    valid_min: 1705017610.0
    valid_max: 1705104000.0
    calendar: standard
unlimited dimensions: 
current shape = (8640,)
filling on, default _FillValue of 9.969209968386869e+36 used
Flagged 0 points where air_temperature < 245.0K as bad data (qc_flag = 2).
Found 0 points already flagged as bad data (flag=2)
QC flags successfully added to /gws/pw/j07/ncas_obs_vol2/cao/processing/ncas-temperature-rh-1/data/long-term/level1d/2024/stfc-temperature-rh-1_cao_20240112_surface-met_v1.1.nc.
Updated time units to 'seconds since 1970-01-01 00:00:00' in /gws/pw/j07/ncas_obs_vol2/cao/processing/ncas-temperature-rh-1/data/long-term/level1d/2024/stfc-temperature-rh-1_cao_20240112_surface-met_v1.1.nc
/gws/pw/j07/ncas_obs_vol2/cao/raw_data/met_cao/data/long-term/2024/202401/CR1000XSeries_Chilbolton_Rxcabinmet1_20240113.dat
Parsed column names: ['TIMESTAMP', 'RECORD', 'BattV_Avg', 'PTemp_C_Avg', 'Air_T_Avg', 'RH_Avg', 'BP_mbar_Avg', 'WS_Avg', 'WD_Avg', 'SlrW_Avg', 'rg001dc_ch_Tot', 'rg006dc_ch_Tot', 'rg008dc_ch_Tot', 'rg009dc_ch_Tot', 'rg004tb_ch_Tot']
shape: (8_640, 3)
┌─────────────────────┬───────────┬────────┐
│ TIMESTAMP           ┆ Air_T_Avg ┆ RH_Avg │
│ ---                 ┆ ---       ┆ ---    │
│ datetime[μs]        ┆ f64       ┆ f64    │
╞═════════════════════╪═══════════╪════════╡
│ 2024-01-13 00:00:10 ┆ 275.97    ┆ 85.1   │
│ 2024-01-13 00:00:20 ┆ 275.97    ┆ 85.16  │
│ 2024-01-13 00:00:30 ┆ 275.99    ┆ 85.2   │
│ 2024-01-13 00:00:40 ┆ 275.99    ┆ 85.2   │
│ 2024-01-13 00:00:50 ┆ 275.99    ┆ 85.14  │
│ …                   ┆ …         ┆ …      │
│ 2024-01-13 23:59:20 ┆ 274.67    ┆ 94.58  │
│ 2024-01-13 23:59:30 ┆ 274.67    ┆ 94.58  │
│ 2024-01-13 23:59:40 ┆ 274.67    ┆ 94.7   │
│ 2024-01-13 23:59:50 ┆ 274.67    ┆ 94.98  │
│ 2024-01-14 00:00:00 ┆ 274.67    ┆ 95.14  │
└─────────────────────┴───────────┴────────┘
[INFO] Correcting the 'time' variable in the NetCDF file.
<class 'netCDF4.Variable'>
float64 time(time)
    units: seconds since 1970-01-01 00:00:00
    standard_name: time
    long_name: Time (seconds since 1970-01-01 00:00:00)
    axis: T
    valid_min: 1705104010.0
    valid_max: 1705190400.0
    calendar: standard
unlimited dimensions: 
current shape = (8640,)
filling on, default _FillValue of 9.969209968386869e+36 used
Flagged 0 points where air_temperature < 245.0K as bad data (qc_flag = 2).
Found 0 points already flagged as bad data (flag=2)
QC flags successfully added to /gws/pw/j07/ncas_obs_vol2/cao/processing/ncas-temperature-rh-1/data/long-term/level1d/2024/stfc-temperature-rh-1_cao_20240113_surface-met_v1.1.nc.
Updated time units to 'seconds since 1970-01-01 00:00:00' in /gws/pw/j07/ncas_obs_vol2/cao/processing/ncas-temperature-rh-1/data/long-term/level1d/2024/stfc-temperature-rh-1_cao_20240113_surface-met_v1.1.nc
/gws/pw/j07/ncas_obs_vol2/cao/raw_data/met_cao/data/long-term/2024/202401/CR1000XSeries_Chilbolton_Rxcabinmet1_20240114.dat
Parsed column names: ['TIMESTAMP', 'RECORD', 'BattV_Avg', 'PTemp_C_Avg', 'Air_T_Avg', 'RH_Avg', 'BP_mbar_Avg', 'WS_Avg', 'WD_Avg', 'SlrW_Avg', 'rg001dc_ch_Tot', 'rg006dc_ch_Tot', 'rg008dc_ch_Tot', 'rg009dc_ch_Tot', 'rg004tb_ch_Tot']
shape: (8_640, 3)
┌─────────────────────┬───────────┬────────┐
│ TIMESTAMP           ┆ Air_T_Avg ┆ RH_Avg │
│ ---                 ┆ ---       ┆ ---    │
│ datetime[μs]        ┆ f64       ┆ f64    │
╞═════════════════════╪═══════════╪════════╡
│ 2024-01-14 00:00:10 ┆ 274.65    ┆ 95.14  │
│ 2024-01-14 00:00:20 ┆ 274.65    ┆ 95.12  │
│ 2024-01-14 00:00:30 ┆ 274.63    ┆ 95.06  │
│ 2024-01-14 00:00:40 ┆ 274.61    ┆ 94.92  │
│ 2024-01-14 00:00:50 ┆ 274.59    ┆ 94.8   │
│ …                   ┆ …         ┆ …      │
│ 2024-01-14 23:59:20 ┆ 276.01    ┆ 65.58  │
│ 2024-01-14 23:59:30 ┆ 276.03    ┆ 65.66  │
│ 2024-01-14 23:59:40 ┆ 276.03    ┆ 65.6   │
│ 2024-01-14 23:59:50 ┆ 276.05    ┆ 65.08  │
│ 2024-01-15 00:00:00 ┆ 276.09    ┆ 64.66  │
└─────────────────────┴───────────┴────────┘
[INFO] Correcting the 'time' variable in the NetCDF file.
<class 'netCDF4.Variable'>
float64 time(time)
    units: seconds since 1970-01-01 00:00:00
    standard_name: time
    long_name: Time (seconds since 1970-01-01 00:00:00)
    axis: T
    valid_min: 1705190410.0
    valid_max: 1705276800.0
    calendar: standard
unlimited dimensions: 
current shape = (8640,)
filling on, default _FillValue of 9.969209968386869e+36 used
Flagged 0 points where air_temperature < 245.0K as bad data (qc_flag = 2).
Found 0 points already flagged as bad data (flag=2)
QC flags successfully added to /gws/pw/j07/ncas_obs_vol2/cao/processing/ncas-temperature-rh-1/data/long-term/level1d/2024/stfc-temperature-rh-1_cao_20240114_surface-met_v1.1.nc.
Updated time units to 'seconds since 1970-01-01 00:00:00' in /gws/pw/j07/ncas_obs_vol2/cao/processing/ncas-temperature-rh-1/data/long-term/level1d/2024/stfc-temperature-rh-1_cao_20240114_surface-met_v1.1.nc
/gws/pw/j07/ncas_obs_vol2/cao/raw_data/met_cao/data/long-term/2024/202401/CR1000XSeries_Chilbolton_Rxcabinmet1_20240115.dat
Parsed column names: ['TIMESTAMP', 'RECORD', 'BattV_Avg', 'PTemp_C_Avg', 'Air_T_Avg', 'RH_Avg', 'BP_mbar_Avg', 'WS_Avg', 'WD_Avg', 'SlrW_Avg', 'rg001dc_ch_Tot', 'rg006dc_ch_Tot', 'rg008dc_ch_Tot', 'rg009dc_ch_Tot', 'rg004tb_ch_Tot']
shape: (8_640, 3)
┌─────────────────────┬───────────┬────────┐
│ TIMESTAMP           ┆ Air_T_Avg ┆ RH_Avg │
│ ---                 ┆ ---       ┆ ---    │
│ datetime[μs]        ┆ f64       ┆ f64    │
╞═════════════════════╪═══════════╪════════╡
│ 2024-01-15 00:00:10 ┆ 276.11    ┆ 64.02  │
│ 2024-01-15 00:00:20 ┆ 276.11    ┆ 63.76  │
│ 2024-01-15 00:00:30 ┆ 276.13    ┆ 63.78  │
│ 2024-01-15 00:00:40 ┆ 276.11    ┆ 64.1   │
│ 2024-01-15 00:00:50 ┆ 276.11    ┆ 64.28  │
│ …                   ┆ …         ┆ …      │
│ 2024-01-15 23:59:20 ┆ 270.33    ┆ 78.64  │
│ 2024-01-15 23:59:30 ┆ 270.33    ┆ 78.6   │
│ 2024-01-15 23:59:40 ┆ 270.33    ┆ 78.6   │
│ 2024-01-15 23:59:50 ┆ 270.31    ┆ 78.72  │
│ 2024-01-16 00:00:00 ┆ 270.31    ┆ 78.92  │
└─────────────────────┴───────────┴────────┘
[INFO] Correcting the 'time' variable in the NetCDF file.
<class 'netCDF4.Variable'>
float64 time(time)
    units: seconds since 1970-01-01 00:00:00
    standard_name: time
    long_name: Time (seconds since 1970-01-01 00:00:00)
    axis: T
    valid_min: 1705276810.0
    valid_max: 1705363200.0
    calendar: standard
unlimited dimensions: 
current shape = (8640,)
filling on, default _FillValue of 9.969209968386869e+36 used
Flagged 0 points where air_temperature < 245.0K as bad data (qc_flag = 2).
Found 0 points already flagged as bad data (flag=2)
QC flags successfully added to /gws/pw/j07/ncas_obs_vol2/cao/processing/ncas-temperature-rh-1/data/long-term/level1d/2024/stfc-temperature-rh-1_cao_20240115_surface-met_v1.1.nc.
Updated time units to 'seconds since 1970-01-01 00:00:00' in /gws/pw/j07/ncas_obs_vol2/cao/processing/ncas-temperature-rh-1/data/long-term/level1d/2024/stfc-temperature-rh-1_cao_20240115_surface-met_v1.1.nc
/gws/pw/j07/ncas_obs_vol2/cao/raw_data/met_cao/data/long-term/2024/202401/CR1000XSeries_Chilbolton_Rxcabinmet1_20240116.dat
Parsed column names: ['TIMESTAMP', 'RECORD', 'BattV_Avg', 'PTemp_C_Avg', 'Air_T_Avg', 'RH_Avg', 'BP_mbar_Avg', 'WS_Avg', 'WD_Avg', 'SlrW_Avg', 'rg001dc_ch_Tot', 'rg006dc_ch_Tot', 'rg008dc_ch_Tot', 'rg009dc_ch_Tot', 'rg004tb_ch_Tot']
shape: (8_640, 3)
┌─────────────────────┬───────────┬────────┐
│ TIMESTAMP           ┆ Air_T_Avg ┆ RH_Avg │
│ ---                 ┆ ---       ┆ ---    │
│ datetime[μs]        ┆ f64       ┆ f64    │
╞═════════════════════╪═══════════╪════════╡
│ 2024-01-16 00:00:10 ┆ 270.29    ┆ 79.08  │
│ 2024-01-16 00:00:20 ┆ 270.29    ┆ 79.18  │
│ 2024-01-16 00:00:30 ┆ 270.29    ┆ 79.24  │
│ 2024-01-16 00:00:40 ┆ 270.27    ┆ 79.2   │
│ 2024-01-16 00:00:50 ┆ 270.27    ┆ 79.04  │
│ …                   ┆ …         ┆ …      │
│ 2024-01-16 23:59:20 ┆ 271.35    ┆ 90.76  │
│ 2024-01-16 23:59:30 ┆ 271.35    ┆ 90.88  │
│ 2024-01-16 23:59:40 ┆ 271.35    ┆ 90.86  │
│ 2024-01-16 23:59:50 ┆ 271.35    ┆ 90.74  │
│ 2024-01-17 00:00:00 ┆ 271.35    ┆ 90.6   │
└─────────────────────┴───────────┴────────┘
[INFO] Correcting the 'time' variable in the NetCDF file.
<class 'netCDF4.Variable'>
float64 time(time)
    units: seconds since 1970-01-01 00:00:00
    standard_name: time
    long_name: Time (seconds since 1970-01-01 00:00:00)
    axis: T
    valid_min: 1705363210.0
    valid_max: 1705449600.0
    calendar: standard
unlimited dimensions: 
current shape = (8640,)
filling on, default _FillValue of 9.969209968386869e+36 used
Flagged 0 points where air_temperature < 245.0K as bad data (qc_flag = 2).
Found 0 points already flagged as bad data (flag=2)
QC flags successfully added to /gws/pw/j07/ncas_obs_vol2/cao/processing/ncas-temperature-rh-1/data/long-term/level1d/2024/stfc-temperature-rh-1_cao_20240116_surface-met_v1.1.nc.
Updated time units to 'seconds since 1970-01-01 00:00:00' in /gws/pw/j07/ncas_obs_vol2/cao/processing/ncas-temperature-rh-1/data/long-term/level1d/2024/stfc-temperature-rh-1_cao_20240116_surface-met_v1.1.nc
/gws/pw/j07/ncas_obs_vol2/cao/raw_data/met_cao/data/long-term/2024/202401/CR1000XSeries_Chilbolton_Rxcabinmet1_20240117.dat
Parsed column names: ['TIMESTAMP', 'RECORD', 'BattV_Avg', 'PTemp_C_Avg', 'Air_T_Avg', 'RH_Avg', 'BP_mbar_Avg', 'WS_Avg', 'WD_Avg', 'SlrW_Avg', 'rg001dc_ch_Tot', 'rg006dc_ch_Tot', 'rg008dc_ch_Tot', 'rg009dc_ch_Tot', 'rg004tb_ch_Tot']
shape: (8_640, 3)
┌─────────────────────┬───────────┬────────┐
│ TIMESTAMP           ┆ Air_T_Avg ┆ RH_Avg │
│ ---                 ┆ ---       ┆ ---    │
│ datetime[μs]        ┆ f64       ┆ f64    │
╞═════════════════════╪═══════════╪════════╡
│ 2024-01-17 00:00:10 ┆ 271.35    ┆ 90.42  │
│ 2024-01-17 00:00:20 ┆ 271.35    ┆ 90.24  │
│ 2024-01-17 00:00:30 ┆ 271.35    ┆ 90.2   │
│ 2024-01-17 00:00:40 ┆ 271.35    ┆ 90.24  │
│ 2024-01-17 00:00:50 ┆ 271.35    ┆ 90.34  │
│ …                   ┆ …         ┆ …      │
│ 2024-01-17 23:59:20 ┆ 270.07    ┆ 75.42  │
│ 2024-01-17 23:59:30 ┆ 270.07    ┆ 75.54  │
│ 2024-01-17 23:59:40 ┆ 270.05    ┆ 75.66  │
│ 2024-01-17 23:59:50 ┆ 270.07    ┆ 75.78  │
│ 2024-01-18 00:00:00 ┆ 270.05    ┆ 75.92  │
└─────────────────────┴───────────┴────────┘
[INFO] Correcting the 'time' variable in the NetCDF file.
<class 'netCDF4.Variable'>
float64 time(time)
    units: seconds since 1970-01-01 00:00:00
    standard_name: time
    long_name: Time (seconds since 1970-01-01 00:00:00)
    axis: T
    valid_min: 1705449610.0
    valid_max: 1705536000.0
    calendar: standard
unlimited dimensions: 
current shape = (8640,)
filling on, default _FillValue of 9.969209968386869e+36 used
Flagged 0 points where air_temperature < 245.0K as bad data (qc_flag = 2).
Found 0 points already flagged as bad data (flag=2)
QC flags successfully added to /gws/pw/j07/ncas_obs_vol2/cao/processing/ncas-temperature-rh-1/data/long-term/level1d/2024/stfc-temperature-rh-1_cao_20240117_surface-met_v1.1.nc.
Updated time units to 'seconds since 1970-01-01 00:00:00' in /gws/pw/j07/ncas_obs_vol2/cao/processing/ncas-temperature-rh-1/data/long-term/level1d/2024/stfc-temperature-rh-1_cao_20240117_surface-met_v1.1.nc
/gws/pw/j07/ncas_obs_vol2/cao/raw_data/met_cao/data/long-term/2024/202401/CR1000XSeries_Chilbolton_Rxcabinmet1_20240118.dat
Parsed column names: ['TIMESTAMP', 'RECORD', 'BattV_Avg', 'PTemp_C_Avg', 'Air_T_Avg', 'RH_Avg', 'BP_mbar_Avg', 'WS_Avg', 'WD_Avg', 'SlrW_Avg', 'rg001dc_ch_Tot', 'rg006dc_ch_Tot', 'rg008dc_ch_Tot', 'rg009dc_ch_Tot', 'rg004tb_ch_Tot']
shape: (8_640, 3)
┌─────────────────────┬───────────┬────────┐
│ TIMESTAMP           ┆ Air_T_Avg ┆ RH_Avg │
│ ---                 ┆ ---       ┆ ---    │
│ datetime[μs]        ┆ f64       ┆ f64    │
╞═════════════════════╪═══════════╪════════╡
│ 2024-01-18 00:00:10 ┆ 270.01    ┆ 76.18  │
│ 2024-01-18 00:00:20 ┆ 269.99    ┆ 76.38  │
│ 2024-01-18 00:00:30 ┆ 269.99    ┆ 76.28  │
│ 2024-01-18 00:00:40 ┆ 269.99    ┆ 76.12  │
│ 2024-01-18 00:00:50 ┆ 269.99    ┆ 76.04  │
│ …                   ┆ …         ┆ …      │
│ 2024-01-18 23:59:20 ┆ 268.29    ┆ 87.36  │
│ 2024-01-18 23:59:30 ┆ 268.35    ┆ 87.38  │
│ 2024-01-18 23:59:40 ┆ 268.35    ┆ 87.62  │
│ 2024-01-18 23:59:50 ┆ 268.35    ┆ 88.1   │
│ 2024-01-19 00:00:00 ┆ 268.35    ┆ 88.54  │
└─────────────────────┴───────────┴────────┘
[INFO] Correcting the 'time' variable in the NetCDF file.
<class 'netCDF4.Variable'>
float64 time(time)
    units: seconds since 1970-01-01 00:00:00
    standard_name: time
    long_name: Time (seconds since 1970-01-01 00:00:00)
    axis: T
    valid_min: 1705536010.0
    valid_max: 1705622400.0
    calendar: standard
unlimited dimensions: 
current shape = (8640,)
filling on, default _FillValue of 9.969209968386869e+36 used
Flagged 0 points where air_temperature < 245.0K as bad data (qc_flag = 2).
Found 0 points already flagged as bad data (flag=2)
QC flags successfully added to /gws/pw/j07/ncas_obs_vol2/cao/processing/ncas-temperature-rh-1/data/long-term/level1d/2024/stfc-temperature-rh-1_cao_20240118_surface-met_v1.1.nc.
Updated time units to 'seconds since 1970-01-01 00:00:00' in /gws/pw/j07/ncas_obs_vol2/cao/processing/ncas-temperature-rh-1/data/long-term/level1d/2024/stfc-temperature-rh-1_cao_20240118_surface-met_v1.1.nc
/gws/pw/j07/ncas_obs_vol2/cao/raw_data/met_cao/data/long-term/2024/202401/CR1000XSeries_Chilbolton_Rxcabinmet1_20240119.dat
Parsed column names: ['TIMESTAMP', 'RECORD', 'BattV_Avg', 'PTemp_C_Avg', 'Air_T_Avg', 'RH_Avg', 'BP_mbar_Avg', 'WS_Avg', 'WD_Avg', 'SlrW_Avg', 'rg001dc_ch_Tot', 'rg006dc_ch_Tot', 'rg008dc_ch_Tot', 'rg009dc_ch_Tot', 'rg004tb_ch_Tot']
shape: (8_640, 3)
┌─────────────────────┬───────────┬────────┐
│ TIMESTAMP           ┆ Air_T_Avg ┆ RH_Avg │
│ ---                 ┆ ---       ┆ ---    │
│ datetime[μs]        ┆ f64       ┆ f64    │
╞═════════════════════╪═══════════╪════════╡
│ 2024-01-19 00:00:10 ┆ 268.35    ┆ 88.76  │
│ 2024-01-19 00:00:20 ┆ 268.33    ┆ 88.74  │
│ 2024-01-19 00:00:30 ┆ 268.33    ┆ 88.52  │
│ 2024-01-19 00:00:40 ┆ 268.33    ┆ 88.18  │
│ 2024-01-19 00:00:50 ┆ 268.33    ┆ 87.76  │
│ …                   ┆ …         ┆ …      │
│ 2024-01-19 23:59:20 ┆ 271.51    ┆ 83.16  │
│ 2024-01-19 23:59:30 ┆ 271.45    ┆ 82.62  │
│ 2024-01-19 23:59:40 ┆ 271.43    ┆ 81.82  │
│ 2024-01-19 23:59:50 ┆ 271.41    ┆ 81.38  │
│ 2024-01-20 00:00:00 ┆ 271.41    ┆ 81.44  │
└─────────────────────┴───────────┴────────┘
[INFO] Correcting the 'time' variable in the NetCDF file.
<class 'netCDF4.Variable'>
float64 time(time)
    units: seconds since 1970-01-01 00:00:00
    standard_name: time
    long_name: Time (seconds since 1970-01-01 00:00:00)
    axis: T
    valid_min: 1705622410.0
    valid_max: 1705708800.0
    calendar: standard
unlimited dimensions: 
current shape = (8640,)
filling on, default _FillValue of 9.969209968386869e+36 used
Flagged 0 points where air_temperature < 245.0K as bad data (qc_flag = 2).
Found 0 points already flagged as bad data (flag=2)
QC flags successfully added to /gws/pw/j07/ncas_obs_vol2/cao/processing/ncas-temperature-rh-1/data/long-term/level1d/2024/stfc-temperature-rh-1_cao_20240119_surface-met_v1.1.nc.
Updated time units to 'seconds since 1970-01-01 00:00:00' in /gws/pw/j07/ncas_obs_vol2/cao/processing/ncas-temperature-rh-1/data/long-term/level1d/2024/stfc-temperature-rh-1_cao_20240119_surface-met_v1.1.nc
/gws/pw/j07/ncas_obs_vol2/cao/raw_data/met_cao/data/long-term/2024/202401/CR1000XSeries_Chilbolton_Rxcabinmet1_20240120.dat
Parsed column names: ['TIMESTAMP', 'RECORD', 'BattV_Avg', 'PTemp_C_Avg', 'Air_T_Avg', 'RH_Avg', 'BP_mbar_Avg', 'WS_Avg', 'WD_Avg', 'SlrW_Avg', 'rg001dc_ch_Tot', 'rg006dc_ch_Tot', 'rg008dc_ch_Tot', 'rg009dc_ch_Tot', 'rg004tb_ch_Tot']
shape: (8_640, 3)
┌─────────────────────┬───────────┬────────┐
│ TIMESTAMP           ┆ Air_T_Avg ┆ RH_Avg │
│ ---                 ┆ ---       ┆ ---    │
│ datetime[μs]        ┆ f64       ┆ f64    │
╞═════════════════════╪═══════════╪════════╡
│ 2024-01-20 00:00:10 ┆ 271.45    ┆ 81.58  │
│ 2024-01-20 00:00:20 ┆ 271.47    ┆ 82.28  │
│ 2024-01-20 00:00:30 ┆ 271.45    ┆ 83.46  │
│ 2024-01-20 00:00:40 ┆ 271.43    ┆ 84.2   │
│ 2024-01-20 00:00:50 ┆ 271.43    ┆ 84.14  │
│ …                   ┆ …         ┆ …      │
│ 2024-01-20 23:59:20 ┆ 278.17    ┆ 72.54  │
│ 2024-01-20 23:59:30 ┆ 278.17    ┆ 72.2   │
│ 2024-01-20 23:59:40 ┆ 278.15    ┆ 71.94  │
│ 2024-01-20 23:59:50 ┆ 278.15    ┆ 71.96  │
│ 2024-01-21 00:00:00 ┆ 278.15    ┆ 72.1   │
└─────────────────────┴───────────┴────────┘
[INFO] Correcting the 'time' variable in the NetCDF file.
<class 'netCDF4.Variable'>
float64 time(time)
    units: seconds since 1970-01-01 00:00:00
    standard_name: time
    long_name: Time (seconds since 1970-01-01 00:00:00)
    axis: T
    valid_min: 1705708810.0
    valid_max: 1705795200.0
    calendar: standard
unlimited dimensions: 
current shape = (8640,)
filling on, default _FillValue of 9.969209968386869e+36 used
Flagged 0 points where air_temperature < 245.0K as bad data (qc_flag = 2).
Found 0 points already flagged as bad data (flag=2)
QC flags successfully added to /gws/pw/j07/ncas_obs_vol2/cao/processing/ncas-temperature-rh-1/data/long-term/level1d/2024/stfc-temperature-rh-1_cao_20240120_surface-met_v1.1.nc.
Updated time units to 'seconds since 1970-01-01 00:00:00' in /gws/pw/j07/ncas_obs_vol2/cao/processing/ncas-temperature-rh-1/data/long-term/level1d/2024/stfc-temperature-rh-1_cao_20240120_surface-met_v1.1.nc
/gws/pw/j07/ncas_obs_vol2/cao/raw_data/met_cao/data/long-term/2024/202401/CR1000XSeries_Chilbolton_Rxcabinmet1_20240121.dat
Parsed column names: ['TIMESTAMP', 'RECORD', 'BattV_Avg', 'PTemp_C_Avg', 'Air_T_Avg', 'RH_Avg', 'BP_mbar_Avg', 'WS_Avg', 'WD_Avg', 'SlrW_Avg', 'rg001dc_ch_Tot', 'rg006dc_ch_Tot', 'rg008dc_ch_Tot', 'rg009dc_ch_Tot', 'rg004tb_ch_Tot']
shape: (8_640, 3)
┌─────────────────────┬───────────┬────────┐
│ TIMESTAMP           ┆ Air_T_Avg ┆ RH_Avg │
│ ---                 ┆ ---       ┆ ---    │
│ datetime[μs]        ┆ f64       ┆ f64    │
╞═════════════════════╪═══════════╪════════╡
│ 2024-01-21 00:00:10 ┆ 278.17    ┆ 72.28  │
│ 2024-01-21 00:00:20 ┆ 278.19    ┆ 72.56  │
│ 2024-01-21 00:00:30 ┆ 278.23    ┆ 72.86  │
│ 2024-01-21 00:00:40 ┆ 278.23    ┆ 73.16  │
│ 2024-01-21 00:00:50 ┆ 278.23    ┆ 73.1   │
│ …                   ┆ …         ┆ …      │
│ 2024-01-21 23:59:20 ┆ 284.81    ┆ 95.56  │
│ 2024-01-21 23:59:30 ┆ 284.81    ┆ 95.68  │
│ 2024-01-21 23:59:40 ┆ 284.83    ┆ 95.46  │
│ 2024-01-21 23:59:50 ┆ 284.85    ┆ 95.18  │
│ 2024-01-22 00:00:00 ┆ 284.85    ┆ 94.86  │
└─────────────────────┴───────────┴────────┘
[INFO] Correcting the 'time' variable in the NetCDF file.
<class 'netCDF4.Variable'>
float64 time(time)
    units: seconds since 1970-01-01 00:00:00
    standard_name: time
    long_name: Time (seconds since 1970-01-01 00:00:00)
    axis: T
    valid_min: 1705795210.0
    valid_max: 1705881600.0
    calendar: standard
unlimited dimensions: 
current shape = (8640,)
filling on, default _FillValue of 9.969209968386869e+36 used
Flagged 0 points where air_temperature < 245.0K as bad data (qc_flag = 2).
Found 0 points already flagged as bad data (flag=2)
QC flags successfully added to /gws/pw/j07/ncas_obs_vol2/cao/processing/ncas-temperature-rh-1/data/long-term/level1d/2024/stfc-temperature-rh-1_cao_20240121_surface-met_v1.1.nc.
Updated time units to 'seconds since 1970-01-01 00:00:00' in /gws/pw/j07/ncas_obs_vol2/cao/processing/ncas-temperature-rh-1/data/long-term/level1d/2024/stfc-temperature-rh-1_cao_20240121_surface-met_v1.1.nc
/gws/pw/j07/ncas_obs_vol2/cao/raw_data/met_cao/data/long-term/2024/202401/CR1000XSeries_Chilbolton_Rxcabinmet1_20240122.dat
Parsed column names: ['TIMESTAMP', 'RECORD', 'BattV_Avg', 'PTemp_C_Avg', 'Air_T_Avg', 'RH_Avg', 'BP_mbar_Avg', 'WS_Avg', 'WD_Avg', 'SlrW_Avg', 'rg001dc_ch_Tot', 'rg006dc_ch_Tot', 'rg008dc_ch_Tot', 'rg009dc_ch_Tot', 'rg004tb_ch_Tot']
shape: (8_640, 3)
┌─────────────────────┬───────────┬────────┐
│ TIMESTAMP           ┆ Air_T_Avg ┆ RH_Avg │
│ ---                 ┆ ---       ┆ ---    │
│ datetime[μs]        ┆ f64       ┆ f64    │
╞═════════════════════╪═══════════╪════════╡
│ 2024-01-22 00:00:10 ┆ 284.85    ┆ 94.48  │
│ 2024-01-22 00:00:20 ┆ 284.85    ┆ 94.46  │
│ 2024-01-22 00:00:30 ┆ 284.85    ┆ 94.6   │
│ 2024-01-22 00:00:40 ┆ 284.87    ┆ 94.74  │
│ 2024-01-22 00:00:50 ┆ 284.85    ┆ 95.16  │
│ …                   ┆ …         ┆ …      │
│ 2024-01-22 23:59:20 ┆ 278.47    ┆ 83.44  │
│ 2024-01-22 23:59:30 ┆ 278.45    ┆ 83.76  │
│ 2024-01-22 23:59:40 ┆ 278.47    ┆ 83.6   │
│ 2024-01-22 23:59:50 ┆ 278.51    ┆ 83.46  │
│ 2024-01-23 00:00:00 ┆ 278.51    ┆ 83.34  │
└─────────────────────┴───────────┴────────┘
[INFO] Correcting the 'time' variable in the NetCDF file.
<class 'netCDF4.Variable'>
float64 time(time)
    units: seconds since 1970-01-01 00:00:00
    standard_name: time
    long_name: Time (seconds since 1970-01-01 00:00:00)
    axis: T
    valid_min: 1705881610.0
    valid_max: 1705968000.0
    calendar: standard
unlimited dimensions: 
current shape = (8640,)
filling on, default _FillValue of 9.969209968386869e+36 used
Flagged 0 points where air_temperature < 245.0K as bad data (qc_flag = 2).
Found 0 points already flagged as bad data (flag=2)
QC flags successfully added to /gws/pw/j07/ncas_obs_vol2/cao/processing/ncas-temperature-rh-1/data/long-term/level1d/2024/stfc-temperature-rh-1_cao_20240122_surface-met_v1.1.nc.
Updated time units to 'seconds since 1970-01-01 00:00:00' in /gws/pw/j07/ncas_obs_vol2/cao/processing/ncas-temperature-rh-1/data/long-term/level1d/2024/stfc-temperature-rh-1_cao_20240122_surface-met_v1.1.nc
/gws/pw/j07/ncas_obs_vol2/cao/raw_data/met_cao/data/long-term/2024/202401/CR1000XSeries_Chilbolton_Rxcabinmet1_20240123.dat
Parsed column names: ['TIMESTAMP', 'RECORD', 'BattV_Avg', 'PTemp_C_Avg', 'Air_T_Avg', 'RH_Avg', 'BP_mbar_Avg', 'WS_Avg', 'WD_Avg', 'SlrW_Avg', 'rg001dc_ch_Tot', 'rg006dc_ch_Tot', 'rg008dc_ch_Tot', 'rg009dc_ch_Tot', 'rg004tb_ch_Tot']
shape: (8_640, 3)
┌─────────────────────┬───────────┬────────┐
│ TIMESTAMP           ┆ Air_T_Avg ┆ RH_Avg │
│ ---                 ┆ ---       ┆ ---    │
│ datetime[μs]        ┆ f64       ┆ f64    │
╞═════════════════════╪═══════════╪════════╡
│ 2024-01-23 00:00:10 ┆ 278.51    ┆ 83.28  │
│ 2024-01-23 00:00:20 ┆ 278.51    ┆ 83.22  │
│ 2024-01-23 00:00:30 ┆ 278.51    ┆ 83.08  │
│ 2024-01-23 00:00:40 ┆ 278.51    ┆ 83.08  │
│ 2024-01-23 00:00:50 ┆ 278.51    ┆ 83.18  │
│ …                   ┆ …         ┆ …      │
│ 2024-01-23 23:59:20 ┆ 285.45    ┆ 77.98  │
│ 2024-01-23 23:59:30 ┆ 285.45    ┆ 77.8   │
│ 2024-01-23 23:59:40 ┆ 285.47    ┆ 77.86  │
│ 2024-01-23 23:59:50 ┆ 285.47    ┆ 77.88  │
│ 2024-01-24 00:00:00 ┆ 285.47    ┆ 77.76  │
└─────────────────────┴───────────┴────────┘
[INFO] Correcting the 'time' variable in the NetCDF file.
<class 'netCDF4.Variable'>
float64 time(time)
    units: seconds since 1970-01-01 00:00:00
    standard_name: time
    long_name: Time (seconds since 1970-01-01 00:00:00)
    axis: T
    valid_min: 1705968010.0
    valid_max: 1706054400.0
    calendar: standard
unlimited dimensions: 
current shape = (8640,)
filling on, default _FillValue of 9.969209968386869e+36 used
Flagged 0 points where air_temperature < 245.0K as bad data (qc_flag = 2).
Found 0 points already flagged as bad data (flag=2)
QC flags successfully added to /gws/pw/j07/ncas_obs_vol2/cao/processing/ncas-temperature-rh-1/data/long-term/level1d/2024/stfc-temperature-rh-1_cao_20240123_surface-met_v1.1.nc.
Updated time units to 'seconds since 1970-01-01 00:00:00' in /gws/pw/j07/ncas_obs_vol2/cao/processing/ncas-temperature-rh-1/data/long-term/level1d/2024/stfc-temperature-rh-1_cao_20240123_surface-met_v1.1.nc
/gws/pw/j07/ncas_obs_vol2/cao/raw_data/met_cao/data/long-term/2024/202401/CR1000XSeries_Chilbolton_Rxcabinmet1_20240124.dat
Parsed column names: ['TIMESTAMP', 'RECORD', 'BattV_Avg', 'PTemp_C_Avg', 'Air_T_Avg', 'RH_Avg', 'BP_mbar_Avg', 'WS_Avg', 'WD_Avg', 'SlrW_Avg', 'rg001dc_ch_Tot', 'rg006dc_ch_Tot', 'rg008dc_ch_Tot', 'rg009dc_ch_Tot', 'rg004tb_ch_Tot']
shape: (8_640, 3)
┌─────────────────────┬───────────┬────────┐
│ TIMESTAMP           ┆ Air_T_Avg ┆ RH_Avg │
│ ---                 ┆ ---       ┆ ---    │
│ datetime[μs]        ┆ f64       ┆ f64    │
╞═════════════════════╪═══════════╪════════╡
│ 2024-01-24 00:00:10 ┆ 285.47    ┆ 77.76  │
│ 2024-01-24 00:00:20 ┆ 285.47    ┆ 77.74  │
│ 2024-01-24 00:00:30 ┆ 285.47    ┆ 77.62  │
│ 2024-01-24 00:00:40 ┆ 285.47    ┆ 77.32  │
│ 2024-01-24 00:00:50 ┆ 285.47    ┆ 77.22  │
│ …                   ┆ …         ┆ …      │
│ 2024-01-24 23:59:20 ┆ 278.97    ┆ 94.82  │
│ 2024-01-24 23:59:30 ┆ 278.97    ┆ 95.48  │
│ 2024-01-24 23:59:40 ┆ 278.99    ┆ 95.2   │
│ 2024-01-24 23:59:50 ┆ 278.95    ┆ 94.88  │
│ 2024-01-25 00:00:00 ┆ 278.93    ┆ 94.54  │
└─────────────────────┴───────────┴────────┘
[INFO] Correcting the 'time' variable in the NetCDF file.
<class 'netCDF4.Variable'>
float64 time(time)
    units: seconds since 1970-01-01 00:00:00
    standard_name: time
    long_name: Time (seconds since 1970-01-01 00:00:00)
    axis: T
    valid_min: 1706054410.0
    valid_max: 1706140800.0
    calendar: standard
unlimited dimensions: 
current shape = (8640,)
filling on, default _FillValue of 9.969209968386869e+36 used
Flagged 0 points where air_temperature < 245.0K as bad data (qc_flag = 2).
Found 0 points already flagged as bad data (flag=2)
QC flags successfully added to /gws/pw/j07/ncas_obs_vol2/cao/processing/ncas-temperature-rh-1/data/long-term/level1d/2024/stfc-temperature-rh-1_cao_20240124_surface-met_v1.1.nc.
Updated time units to 'seconds since 1970-01-01 00:00:00' in /gws/pw/j07/ncas_obs_vol2/cao/processing/ncas-temperature-rh-1/data/long-term/level1d/2024/stfc-temperature-rh-1_cao_20240124_surface-met_v1.1.nc
/gws/pw/j07/ncas_obs_vol2/cao/raw_data/met_cao/data/long-term/2024/202401/CR1000XSeries_Chilbolton_Rxcabinmet1_20240125.dat
Parsed column names: ['TIMESTAMP', 'RECORD', 'BattV_Avg', 'PTemp_C_Avg', 'Air_T_Avg', 'RH_Avg', 'BP_mbar_Avg', 'WS_Avg', 'WD_Avg', 'SlrW_Avg', 'rg001dc_ch_Tot', 'rg006dc_ch_Tot', 'rg008dc_ch_Tot', 'rg009dc_ch_Tot', 'rg004tb_ch_Tot']
shape: (8_640, 3)
┌─────────────────────┬───────────┬────────┐
│ TIMESTAMP           ┆ Air_T_Avg ┆ RH_Avg │
│ ---                 ┆ ---       ┆ ---    │
│ datetime[μs]        ┆ f64       ┆ f64    │
╞═════════════════════╪═══════════╪════════╡
│ 2024-01-25 00:00:10 ┆ 278.89    ┆ 93.6   │
│ 2024-01-25 00:00:20 ┆ 278.89    ┆ 92.64  │
│ 2024-01-25 00:00:30 ┆ 278.87    ┆ 92.7   │
│ 2024-01-25 00:00:40 ┆ 278.89    ┆ 92.9   │
│ 2024-01-25 00:00:50 ┆ 278.91    ┆ 93.2   │
│ …                   ┆ …         ┆ …      │
│ 2024-01-25 23:59:20 ┆ 285.03    ┆ 97.78  │
│ 2024-01-25 23:59:30 ┆ 285.01    ┆ 97.8   │
│ 2024-01-25 23:59:40 ┆ 285.03    ┆ 97.76  │
│ 2024-01-25 23:59:50 ┆ 285.01    ┆ 97.72  │
│ 2024-01-26 00:00:00 ┆ 285.01    ┆ 97.66  │
└─────────────────────┴───────────┴────────┘
[INFO] Correcting the 'time' variable in the NetCDF file.
<class 'netCDF4.Variable'>
float64 time(time)
    units: seconds since 1970-01-01 00:00:00
    standard_name: time
    long_name: Time (seconds since 1970-01-01 00:00:00)
    axis: T
    valid_min: 1706140810.0
    valid_max: 1706227200.0
    calendar: standard
unlimited dimensions: 
current shape = (8640,)
filling on, default _FillValue of 9.969209968386869e+36 used
Flagged 0 points where air_temperature < 245.0K as bad data (qc_flag = 2).
Found 0 points already flagged as bad data (flag=2)
QC flags successfully added to /gws/pw/j07/ncas_obs_vol2/cao/processing/ncas-temperature-rh-1/data/long-term/level1d/2024/stfc-temperature-rh-1_cao_20240125_surface-met_v1.1.nc.
Updated time units to 'seconds since 1970-01-01 00:00:00' in /gws/pw/j07/ncas_obs_vol2/cao/processing/ncas-temperature-rh-1/data/long-term/level1d/2024/stfc-temperature-rh-1_cao_20240125_surface-met_v1.1.nc
/gws/pw/j07/ncas_obs_vol2/cao/raw_data/met_cao/data/long-term/2024/202401/CR1000XSeries_Chilbolton_Rxcabinmet1_20240126.dat
Parsed column names: ['TIMESTAMP', 'RECORD', 'BattV_Avg', 'PTemp_C_Avg', 'Air_T_Avg', 'RH_Avg', 'BP_mbar_Avg', 'WS_Avg', 'WD_Avg', 'SlrW_Avg', 'rg001dc_ch_Tot', 'rg006dc_ch_Tot', 'rg008dc_ch_Tot', 'rg009dc_ch_Tot', 'rg004tb_ch_Tot']
shape: (8_640, 3)
┌─────────────────────┬───────────┬────────┐
│ TIMESTAMP           ┆ Air_T_Avg ┆ RH_Avg │
│ ---                 ┆ ---       ┆ ---    │
│ datetime[μs]        ┆ f64       ┆ f64    │
╞═════════════════════╪═══════════╪════════╡
│ 2024-01-26 00:00:10 ┆ 285.01    ┆ 97.68  │
│ 2024-01-26 00:00:20 ┆ 285.01    ┆ 97.7   │
│ 2024-01-26 00:00:30 ┆ 285.01    ┆ 97.7   │
│ 2024-01-26 00:00:40 ┆ 285.01    ┆ 97.78  │
│ 2024-01-26 00:00:50 ┆ 285.01    ┆ 97.88  │
│ …                   ┆ …         ┆ …      │
│ 2024-01-26 23:59:20 ┆ 274.07    ┆ 89.12  │
│ 2024-01-26 23:59:30 ┆ 274.11    ┆ 88.36  │
│ 2024-01-26 23:59:40 ┆ 274.11    ┆ 88.36  │
│ 2024-01-26 23:59:50 ┆ 274.11    ┆ 88.56  │
│ 2024-01-27 00:00:00 ┆ 274.11    ┆ 88.84  │
└─────────────────────┴───────────┴────────┘
[INFO] Correcting the 'time' variable in the NetCDF file.
<class 'netCDF4.Variable'>
float64 time(time)
    units: seconds since 1970-01-01 00:00:00
    standard_name: time
    long_name: Time (seconds since 1970-01-01 00:00:00)
    axis: T
    valid_min: 1706227210.0
    valid_max: 1706313600.0
    calendar: standard
unlimited dimensions: 
current shape = (8640,)
filling on, default _FillValue of 9.969209968386869e+36 used
Flagged 0 points where air_temperature < 245.0K as bad data (qc_flag = 2).
Found 0 points already flagged as bad data (flag=2)
QC flags successfully added to /gws/pw/j07/ncas_obs_vol2/cao/processing/ncas-temperature-rh-1/data/long-term/level1d/2024/stfc-temperature-rh-1_cao_20240126_surface-met_v1.1.nc.
Updated time units to 'seconds since 1970-01-01 00:00:00' in /gws/pw/j07/ncas_obs_vol2/cao/processing/ncas-temperature-rh-1/data/long-term/level1d/2024/stfc-temperature-rh-1_cao_20240126_surface-met_v1.1.nc
/gws/pw/j07/ncas_obs_vol2/cao/raw_data/met_cao/data/long-term/2024/202401/CR1000XSeries_Chilbolton_Rxcabinmet1_20240127.dat
Parsed column names: ['TIMESTAMP', 'RECORD', 'BattV_Avg', 'PTemp_C_Avg', 'Air_T_Avg', 'RH_Avg', 'BP_mbar_Avg', 'WS_Avg', 'WD_Avg', 'SlrW_Avg', 'rg001dc_ch_Tot', 'rg006dc_ch_Tot', 'rg008dc_ch_Tot', 'rg009dc_ch_Tot', 'rg004tb_ch_Tot']
shape: (8_640, 3)
┌─────────────────────┬───────────┬────────┐
│ TIMESTAMP           ┆ Air_T_Avg ┆ RH_Avg │
│ ---                 ┆ ---       ┆ ---    │
│ datetime[μs]        ┆ f64       ┆ f64    │
╞═════════════════════╪═══════════╪════════╡
│ 2024-01-27 00:00:10 ┆ 274.09    ┆ 89.38  │
│ 2024-01-27 00:00:20 ┆ 274.09    ┆ 89.86  │
│ 2024-01-27 00:00:30 ┆ 274.07    ┆ 89.98  │
│ 2024-01-27 00:00:40 ┆ 274.01    ┆ 90.34  │
│ 2024-01-27 00:00:50 ┆ 273.93    ┆ 90.44  │
│ …                   ┆ …         ┆ …      │
│ 2024-01-27 23:59:20 ┆ 279.33    ┆ 84.14  │
│ 2024-01-27 23:59:30 ┆ 279.31    ┆ 84.12  │
│ 2024-01-27 23:59:40 ┆ 279.29    ┆ 84.16  │
│ 2024-01-27 23:59:50 ┆ 279.27    ┆ 84.12  │
│ 2024-01-28 00:00:00 ┆ 279.27    ┆ 84.08  │
└─────────────────────┴───────────┴────────┘
[INFO] Correcting the 'time' variable in the NetCDF file.
<class 'netCDF4.Variable'>
float64 time(time)
    units: seconds since 1970-01-01 00:00:00
    standard_name: time
    long_name: Time (seconds since 1970-01-01 00:00:00)
    axis: T
    valid_min: 1706313610.0
    valid_max: 1706400000.0
    calendar: standard
unlimited dimensions: 
current shape = (8640,)
filling on, default _FillValue of 9.969209968386869e+36 used
Flagged 0 points where air_temperature < 245.0K as bad data (qc_flag = 2).
Found 0 points already flagged as bad data (flag=2)
QC flags successfully added to /gws/pw/j07/ncas_obs_vol2/cao/processing/ncas-temperature-rh-1/data/long-term/level1d/2024/stfc-temperature-rh-1_cao_20240127_surface-met_v1.1.nc.
Updated time units to 'seconds since 1970-01-01 00:00:00' in /gws/pw/j07/ncas_obs_vol2/cao/processing/ncas-temperature-rh-1/data/long-term/level1d/2024/stfc-temperature-rh-1_cao_20240127_surface-met_v1.1.nc
/gws/pw/j07/ncas_obs_vol2/cao/raw_data/met_cao/data/long-term/2024/202401/CR1000XSeries_Chilbolton_Rxcabinmet1_20240128.dat
Parsed column names: ['TIMESTAMP', 'RECORD', 'BattV_Avg', 'PTemp_C_Avg', 'Air_T_Avg', 'RH_Avg', 'BP_mbar_Avg', 'WS_Avg', 'WD_Avg', 'SlrW_Avg', 'rg001dc_ch_Tot', 'rg006dc_ch_Tot', 'rg008dc_ch_Tot', 'rg009dc_ch_Tot', 'rg004tb_ch_Tot']
shape: (8_640, 3)
┌─────────────────────┬───────────┬────────┐
│ TIMESTAMP           ┆ Air_T_Avg ┆ RH_Avg │
│ ---                 ┆ ---       ┆ ---    │
│ datetime[μs]        ┆ f64       ┆ f64    │
╞═════════════════════╪═══════════╪════════╡
│ 2024-01-28 00:00:10 ┆ 279.27    ┆ 84.0   │
│ 2024-01-28 00:00:20 ┆ 279.27    ┆ 84.06  │
│ 2024-01-28 00:00:30 ┆ 279.25    ┆ 84.16  │
│ 2024-01-28 00:00:40 ┆ 279.25    ┆ 84.28  │
│ 2024-01-28 00:00:50 ┆ 279.25    ┆ 84.36  │
│ …                   ┆ …         ┆ …      │
│ 2024-01-28 23:59:20 ┆ 282.75    ┆ 93.7   │
│ 2024-01-28 23:59:30 ┆ 282.75    ┆ 93.82  │
│ 2024-01-28 23:59:40 ┆ 282.75    ┆ 93.98  │
│ 2024-01-28 23:59:50 ┆ 282.75    ┆ 94.1   │
│ 2024-01-29 00:00:00 ┆ 282.75    ┆ 94.2   │
└─────────────────────┴───────────┴────────┘
[INFO] Correcting the 'time' variable in the NetCDF file.
<class 'netCDF4.Variable'>
float64 time(time)
    units: seconds since 1970-01-01 00:00:00
    standard_name: time
    long_name: Time (seconds since 1970-01-01 00:00:00)
    axis: T
    valid_min: 1706400010.0
    valid_max: 1706486400.0
    calendar: standard
unlimited dimensions: 
current shape = (8640,)
filling on, default _FillValue of 9.969209968386869e+36 used
Flagged 0 points where air_temperature < 245.0K as bad data (qc_flag = 2).
Found 0 points already flagged as bad data (flag=2)
QC flags successfully added to /gws/pw/j07/ncas_obs_vol2/cao/processing/ncas-temperature-rh-1/data/long-term/level1d/2024/stfc-temperature-rh-1_cao_20240128_surface-met_v1.1.nc.
Updated time units to 'seconds since 1970-01-01 00:00:00' in /gws/pw/j07/ncas_obs_vol2/cao/processing/ncas-temperature-rh-1/data/long-term/level1d/2024/stfc-temperature-rh-1_cao_20240128_surface-met_v1.1.nc
/gws/pw/j07/ncas_obs_vol2/cao/raw_data/met_cao/data/long-term/2024/202401/CR1000XSeries_Chilbolton_Rxcabinmet1_20240129.dat
Parsed column names: ['TIMESTAMP', 'RECORD', 'BattV_Avg', 'PTemp_C_Avg', 'Air_T_Avg', 'RH_Avg', 'BP_mbar_Avg', 'WS_Avg', 'WD_Avg', 'SlrW_Avg', 'rg001dc_ch_Tot', 'rg006dc_ch_Tot', 'rg008dc_ch_Tot', 'rg009dc_ch_Tot', 'rg004tb_ch_Tot']
shape: (8_640, 3)
┌─────────────────────┬───────────┬────────┐
│ TIMESTAMP           ┆ Air_T_Avg ┆ RH_Avg │
│ ---                 ┆ ---       ┆ ---    │
│ datetime[μs]        ┆ f64       ┆ f64    │
╞═════════════════════╪═══════════╪════════╡
│ 2024-01-29 00:00:10 ┆ 282.75    ┆ 94.18  │
│ 2024-01-29 00:00:20 ┆ 282.75    ┆ 94.08  │
│ 2024-01-29 00:00:30 ┆ 282.77    ┆ 93.98  │
│ 2024-01-29 00:00:40 ┆ 282.77    ┆ 93.86  │
│ 2024-01-29 00:00:50 ┆ 282.77    ┆ 93.84  │
│ …                   ┆ …         ┆ …      │
│ 2024-01-29 23:59:20 ┆ 283.39    ┆ 88.3   │
│ 2024-01-29 23:59:30 ┆ 283.39    ┆ 88.04  │
│ 2024-01-29 23:59:40 ┆ 283.37    ┆ 88.06  │
│ 2024-01-29 23:59:50 ┆ 283.37    ┆ 88.16  │
│ 2024-01-30 00:00:00 ┆ 283.37    ┆ 88.3   │
└─────────────────────┴───────────┴────────┘
[INFO] Correcting the 'time' variable in the NetCDF file.
<class 'netCDF4.Variable'>
float64 time(time)
    units: seconds since 1970-01-01 00:00:00
    standard_name: time
    long_name: Time (seconds since 1970-01-01 00:00:00)
    axis: T
    valid_min: 1706486410.0
    valid_max: 1706572800.0
    calendar: standard
unlimited dimensions: 
current shape = (8640,)
filling on, default _FillValue of 9.969209968386869e+36 used
Flagged 0 points where air_temperature < 245.0K as bad data (qc_flag = 2).
Found 0 points already flagged as bad data (flag=2)
QC flags successfully added to /gws/pw/j07/ncas_obs_vol2/cao/processing/ncas-temperature-rh-1/data/long-term/level1d/2024/stfc-temperature-rh-1_cao_20240129_surface-met_v1.1.nc.
Updated time units to 'seconds since 1970-01-01 00:00:00' in /gws/pw/j07/ncas_obs_vol2/cao/processing/ncas-temperature-rh-1/data/long-term/level1d/2024/stfc-temperature-rh-1_cao_20240129_surface-met_v1.1.nc
/gws/pw/j07/ncas_obs_vol2/cao/raw_data/met_cao/data/long-term/2024/202401/CR1000XSeries_Chilbolton_Rxcabinmet1_20240130.dat
Parsed column names: ['TIMESTAMP', 'RECORD', 'BattV_Avg', 'PTemp_C_Avg', 'Air_T_Avg', 'RH_Avg', 'BP_mbar_Avg', 'WS_Avg', 'WD_Avg', 'SlrW_Avg', 'rg001dc_ch_Tot', 'rg006dc_ch_Tot', 'rg008dc_ch_Tot', 'rg009dc_ch_Tot', 'rg004tb_ch_Tot']
shape: (8_640, 3)
┌─────────────────────┬───────────┬────────┐
│ TIMESTAMP           ┆ Air_T_Avg ┆ RH_Avg │
│ ---                 ┆ ---       ┆ ---    │
│ datetime[μs]        ┆ f64       ┆ f64    │
╞═════════════════════╪═══════════╪════════╡
│ 2024-01-30 00:00:10 ┆ 283.37    ┆ 88.38  │
│ 2024-01-30 00:00:20 ┆ 283.37    ┆ 88.48  │
│ 2024-01-30 00:00:30 ┆ 283.35    ┆ 88.66  │
│ 2024-01-30 00:00:40 ┆ 283.35    ┆ 88.88  │
│ 2024-01-30 00:00:50 ┆ 283.35    ┆ 88.96  │
│ …                   ┆ …         ┆ …      │
│ 2024-01-30 23:59:20 ┆ 278.91    ┆ 79.52  │
│ 2024-01-30 23:59:30 ┆ 278.91    ┆ 79.72  │
│ 2024-01-30 23:59:40 ┆ 278.91    ┆ 79.76  │
│ 2024-01-30 23:59:50 ┆ 278.91    ┆ 79.68  │
│ 2024-01-31 00:00:00 ┆ 278.91    ┆ 79.58  │
└─────────────────────┴───────────┴────────┘
[INFO] Correcting the 'time' variable in the NetCDF file.
<class 'netCDF4.Variable'>
float64 time(time)
    units: seconds since 1970-01-01 00:00:00
    standard_name: time
    long_name: Time (seconds since 1970-01-01 00:00:00)
    axis: T
    valid_min: 1706572810.0
    valid_max: 1706659200.0
    calendar: standard
unlimited dimensions: 
current shape = (8640,)
filling on, default _FillValue of 9.969209968386869e+36 used
Flagged 0 points where air_temperature < 245.0K as bad data (qc_flag = 2).
Found 0 points already flagged as bad data (flag=2)
QC flags successfully added to /gws/pw/j07/ncas_obs_vol2/cao/processing/ncas-temperature-rh-1/data/long-term/level1d/2024/stfc-temperature-rh-1_cao_20240130_surface-met_v1.1.nc.
Updated time units to 'seconds since 1970-01-01 00:00:00' in /gws/pw/j07/ncas_obs_vol2/cao/processing/ncas-temperature-rh-1/data/long-term/level1d/2024/stfc-temperature-rh-1_cao_20240130_surface-met_v1.1.nc
/gws/pw/j07/ncas_obs_vol2/cao/raw_data/met_cao/data/long-term/2024/202401/CR1000XSeries_Chilbolton_Rxcabinmet1_20240131.dat
Parsed column names: ['TIMESTAMP', 'RECORD', 'BattV_Avg', 'PTemp_C_Avg', 'Air_T_Avg', 'RH_Avg', 'BP_mbar_Avg', 'WS_Avg', 'WD_Avg', 'SlrW_Avg', 'rg001dc_ch_Tot', 'rg006dc_ch_Tot', 'rg008dc_ch_Tot', 'rg009dc_ch_Tot', 'rg004tb_ch_Tot']
shape: (8_640, 3)
┌─────────────────────┬───────────┬────────┐
│ TIMESTAMP           ┆ Air_T_Avg ┆ RH_Avg │
│ ---                 ┆ ---       ┆ ---    │
│ datetime[μs]        ┆ f64       ┆ f64    │
╞═════════════════════╪═══════════╪════════╡
│ 2024-01-31 00:00:10 ┆ 278.89    ┆ 79.52  │
│ 2024-01-31 00:00:20 ┆ 278.89    ┆ 79.48  │
│ 2024-01-31 00:00:30 ┆ 278.89    ┆ 79.48  │
│ 2024-01-31 00:00:40 ┆ 278.87    ┆ 79.54  │
│ 2024-01-31 00:00:50 ┆ 278.87    ┆ 79.68  │
│ …                   ┆ …         ┆ …      │
│ 2024-01-31 23:59:20 ┆ 283.01    ┆ 97.58  │
│ 2024-01-31 23:59:30 ┆ 283.01    ┆ 97.8   │
│ 2024-01-31 23:59:40 ┆ 283.01    ┆ 97.78  │
│ 2024-01-31 23:59:50 ┆ 283.01    ┆ 97.58  │
│ 2024-02-01 00:00:00 ┆ 283.01    ┆ 97.42  │
└─────────────────────┴───────────┴────────┘
[INFO] Correcting the 'time' variable in the NetCDF file.
<class 'netCDF4.Variable'>
float64 time(time)
    units: seconds since 1970-01-01 00:00:00
    standard_name: time
    long_name: Time (seconds since 1970-01-01 00:00:00)
    axis: T
    valid_min: 1706659210.0
    valid_max: 1706745600.0
    calendar: standard
unlimited dimensions: 
current shape = (8640,)
filling on, default _FillValue of 9.969209968386869e+36 used
Flagged 0 points where air_temperature < 245.0K as bad data (qc_flag = 2).
Found 0 points already flagged as bad data (flag=2)
QC flags successfully added to /gws/pw/j07/ncas_obs_vol2/cao/processing/ncas-temperature-rh-1/data/long-term/level1d/2024/stfc-temperature-rh-1_cao_20240131_surface-met_v1.1.nc.
Updated time units to 'seconds since 1970-01-01 00:00:00' in /gws/pw/j07/ncas_obs_vol2/cao/processing/ncas-temperature-rh-1/data/long-term/level1d/2024/stfc-temperature-rh-1_cao_20240131_surface-met_v1.1.nc
/gws/pw/j07/ncas_obs_vol2/cao/raw_data/met_cao/data/long-term/2024/202402/CR1000XSeries_Chilbolton_Rxcabinmet1_20240201.dat
Parsed column names: ['TIMESTAMP', 'RECORD', 'BattV_Avg', 'PTemp_C_Avg', 'Air_T_Avg', 'RH_Avg', 'BP_mbar_Avg', 'WS_Avg', 'WD_Avg', 'SlrW_Avg', 'rg001dc_ch_Tot', 'rg006dc_ch_Tot', 'rg008dc_ch_Tot', 'rg009dc_ch_Tot', 'rg004tb_ch_Tot']
shape: (8_640, 3)
┌─────────────────────┬───────────┬────────┐
│ TIMESTAMP           ┆ Air_T_Avg ┆ RH_Avg │
│ ---                 ┆ ---       ┆ ---    │
│ datetime[μs]        ┆ f64       ┆ f64    │
╞═════════════════════╪═══════════╪════════╡
│ 2024-02-01 00:00:10 ┆ 283.01    ┆ 97.16  │
│ 2024-02-01 00:00:20 ┆ 283.01    ┆ 96.94  │
│ 2024-02-01 00:00:30 ┆ 283.01    ┆ 96.86  │
│ 2024-02-01 00:00:40 ┆ 283.01    ┆ 96.96  │
│ 2024-02-01 00:00:50 ┆ 283.01    ┆ 97.02  │
│ …                   ┆ …         ┆ …      │
│ 2024-02-01 23:59:20 ┆ 275.79    ┆ 92.04  │
│ 2024-02-01 23:59:30 ┆ 275.75    ┆ 91.92  │
│ 2024-02-01 23:59:40 ┆ 275.75    ┆ 91.62  │
│ 2024-02-01 23:59:50 ┆ 275.77    ┆ 91.46  │
│ 2024-02-02 00:00:00 ┆ 275.77    ┆ 91.36  │
└─────────────────────┴───────────┴────────┘
[INFO] Correcting the 'time' variable in the NetCDF file.
<class 'netCDF4.Variable'>
float64 time(time)
    units: seconds since 1970-01-01 00:00:00
    standard_name: time
    long_name: Time (seconds since 1970-01-01 00:00:00)
    axis: T
    valid_min: 1706745610.0
    valid_max: 1706832000.0
    calendar: standard
unlimited dimensions: 
current shape = (8640,)
filling on, default _FillValue of 9.969209968386869e+36 used
Flagged 0 points where air_temperature < 245.0K as bad data (qc_flag = 2).
Found 0 points already flagged as bad data (flag=2)
QC flags successfully added to /gws/pw/j07/ncas_obs_vol2/cao/processing/ncas-temperature-rh-1/data/long-term/level1d/2024/stfc-temperature-rh-1_cao_20240201_surface-met_v1.1.nc.
Updated time units to 'seconds since 1970-01-01 00:00:00' in /gws/pw/j07/ncas_obs_vol2/cao/processing/ncas-temperature-rh-1/data/long-term/level1d/2024/stfc-temperature-rh-1_cao_20240201_surface-met_v1.1.nc
/gws/pw/j07/ncas_obs_vol2/cao/raw_data/met_cao/data/long-term/2024/202402/CR1000XSeries_Chilbolton_Rxcabinmet1_20240202.dat
Parsed column names: ['TIMESTAMP', 'RECORD', 'BattV_Avg', 'PTemp_C_Avg', 'Air_T_Avg', 'RH_Avg', 'BP_mbar_Avg', 'WS_Avg', 'WD_Avg', 'SlrW_Avg', 'rg001dc_ch_Tot', 'rg006dc_ch_Tot', 'rg008dc_ch_Tot', 'rg009dc_ch_Tot', 'rg004tb_ch_Tot']
shape: (8_640, 3)
┌─────────────────────┬───────────┬────────┐
│ TIMESTAMP           ┆ Air_T_Avg ┆ RH_Avg │
│ ---                 ┆ ---       ┆ ---    │
│ datetime[μs]        ┆ f64       ┆ f64    │
╞═════════════════════╪═══════════╪════════╡
│ 2024-02-02 00:00:10 ┆ 275.79    ┆ 91.36  │
│ 2024-02-02 00:00:20 ┆ 275.81    ┆ 91.42  │
│ 2024-02-02 00:00:30 ┆ 275.83    ┆ 91.5   │
│ 2024-02-02 00:00:40 ┆ 275.89    ┆ 91.78  │
│ 2024-02-02 00:00:50 ┆ 275.89    ┆ 92.06  │
│ …                   ┆ …         ┆ …      │
│ 2024-02-02 23:59:20 ┆ 283.35    ┆ 98.48  │
│ 2024-02-02 23:59:30 ┆ 283.35    ┆ 98.58  │
│ 2024-02-02 23:59:40 ┆ 283.35    ┆ 98.72  │
│ 2024-02-02 23:59:50 ┆ 283.35    ┆ 98.7   │
│ 2024-02-03 00:00:00 ┆ 283.35    ┆ 98.6   │
└─────────────────────┴───────────┴────────┘
[INFO] Correcting the 'time' variable in the NetCDF file.
<class 'netCDF4.Variable'>
float64 time(time)
    units: seconds since 1970-01-01 00:00:00
    standard_name: time
    long_name: Time (seconds since 1970-01-01 00:00:00)
    axis: T
    valid_min: 1706832010.0
    valid_max: 1706918400.0
    calendar: standard
unlimited dimensions: 
current shape = (8640,)
filling on, default _FillValue of 9.969209968386869e+36 used
Flagged 0 points where air_temperature < 245.0K as bad data (qc_flag = 2).
Found 0 points already flagged as bad data (flag=2)
QC flags successfully added to /gws/pw/j07/ncas_obs_vol2/cao/processing/ncas-temperature-rh-1/data/long-term/level1d/2024/stfc-temperature-rh-1_cao_20240202_surface-met_v1.1.nc.
Updated time units to 'seconds since 1970-01-01 00:00:00' in /gws/pw/j07/ncas_obs_vol2/cao/processing/ncas-temperature-rh-1/data/long-term/level1d/2024/stfc-temperature-rh-1_cao_20240202_surface-met_v1.1.nc
/gws/pw/j07/ncas_obs_vol2/cao/raw_data/met_cao/data/long-term/2024/202402/CR1000XSeries_Chilbolton_Rxcabinmet1_20240203.dat
Parsed column names: ['TIMESTAMP', 'RECORD', 'BattV_Avg', 'PTemp_C_Avg', 'Air_T_Avg', 'RH_Avg', 'BP_mbar_Avg', 'WS_Avg', 'WD_Avg', 'SlrW_Avg', 'rg001dc_ch_Tot', 'rg006dc_ch_Tot', 'rg008dc_ch_Tot', 'rg009dc_ch_Tot', 'rg004tb_ch_Tot']
shape: (8_640, 3)
┌─────────────────────┬───────────┬────────┐
│ TIMESTAMP           ┆ Air_T_Avg ┆ RH_Avg │
│ ---                 ┆ ---       ┆ ---    │
│ datetime[μs]        ┆ f64       ┆ f64    │
╞═════════════════════╪═══════════╪════════╡
│ 2024-02-03 00:00:10 ┆ 283.37    ┆ 98.56  │
│ 2024-02-03 00:00:20 ┆ 283.37    ┆ 98.48  │
│ 2024-02-03 00:00:30 ┆ 283.37    ┆ 98.3   │
│ 2024-02-03 00:00:40 ┆ 283.37    ┆ 98.26  │
│ 2024-02-03 00:00:50 ┆ 283.37    ┆ 98.3   │
│ …                   ┆ …         ┆ …      │
│ 2024-02-03 23:59:20 ┆ 283.53    ┆ 98.34  │
│ 2024-02-03 23:59:30 ┆ 283.53    ┆ 98.58  │
│ 2024-02-03 23:59:40 ┆ 283.53    ┆ 98.66  │
│ 2024-02-03 23:59:50 ┆ 283.53    ┆ 98.62  │
│ 2024-02-04 00:00:00 ┆ 283.53    ┆ 98.54  │
└─────────────────────┴───────────┴────────┘
[INFO] Correcting the 'time' variable in the NetCDF file.
<class 'netCDF4.Variable'>
float64 time(time)
    units: seconds since 1970-01-01 00:00:00
    standard_name: time
    long_name: Time (seconds since 1970-01-01 00:00:00)
    axis: T
    valid_min: 1706918410.0
    valid_max: 1707004800.0
    calendar: standard
unlimited dimensions: 
current shape = (8640,)
filling on, default _FillValue of 9.969209968386869e+36 used
Flagged 0 points where air_temperature < 245.0K as bad data (qc_flag = 2).
Found 0 points already flagged as bad data (flag=2)
QC flags successfully added to /gws/pw/j07/ncas_obs_vol2/cao/processing/ncas-temperature-rh-1/data/long-term/level1d/2024/stfc-temperature-rh-1_cao_20240203_surface-met_v1.1.nc.
Updated time units to 'seconds since 1970-01-01 00:00:00' in /gws/pw/j07/ncas_obs_vol2/cao/processing/ncas-temperature-rh-1/data/long-term/level1d/2024/stfc-temperature-rh-1_cao_20240203_surface-met_v1.1.nc
/gws/pw/j07/ncas_obs_vol2/cao/raw_data/met_cao/data/long-term/2024/202402/CR1000XSeries_Chilbolton_Rxcabinmet1_20240204.dat
Parsed column names: ['TIMESTAMP', 'RECORD', 'BattV_Avg', 'PTemp_C_Avg', 'Air_T_Avg', 'RH_Avg', 'BP_mbar_Avg', 'WS_Avg', 'WD_Avg', 'SlrW_Avg', 'rg001dc_ch_Tot', 'rg006dc_ch_Tot', 'rg008dc_ch_Tot', 'rg009dc_ch_Tot', 'rg004tb_ch_Tot']
shape: (8_640, 3)
┌─────────────────────┬───────────┬────────┐
│ TIMESTAMP           ┆ Air_T_Avg ┆ RH_Avg │
│ ---                 ┆ ---       ┆ ---    │
│ datetime[μs]        ┆ f64       ┆ f64    │
╞═════════════════════╪═══════════╪════════╡
│ 2024-02-04 00:00:10 ┆ 283.53    ┆ 98.36  │
│ 2024-02-04 00:00:20 ┆ 283.55    ┆ 98.14  │
│ 2024-02-04 00:00:30 ┆ 283.55    ┆ 97.96  │
│ 2024-02-04 00:00:40 ┆ 283.55    ┆ 98.02  │
│ 2024-02-04 00:00:50 ┆ 283.55    ┆ 98.04  │
│ …                   ┆ …         ┆ …      │
│ 2024-02-04 23:59:20 ┆ 283.21    ┆ 80.26  │
│ 2024-02-04 23:59:30 ┆ 283.19    ┆ 80.34  │
│ 2024-02-04 23:59:40 ┆ 283.19    ┆ 80.36  │
│ 2024-02-04 23:59:50 ┆ 283.19    ┆ 80.28  │
│ 2024-02-05 00:00:00 ┆ 283.17    ┆ 80.12  │
└─────────────────────┴───────────┴────────┘
[INFO] Correcting the 'time' variable in the NetCDF file.
<class 'netCDF4.Variable'>
float64 time(time)
    units: seconds since 1970-01-01 00:00:00
    standard_name: time
    long_name: Time (seconds since 1970-01-01 00:00:00)
    axis: T
    valid_min: 1707004810.0
    valid_max: 1707091200.0
    calendar: standard
unlimited dimensions: 
current shape = (8640,)
filling on, default _FillValue of 9.969209968386869e+36 used
Flagged 0 points where air_temperature < 245.0K as bad data (qc_flag = 2).
Found 0 points already flagged as bad data (flag=2)
QC flags successfully added to /gws/pw/j07/ncas_obs_vol2/cao/processing/ncas-temperature-rh-1/data/long-term/level1d/2024/stfc-temperature-rh-1_cao_20240204_surface-met_v1.1.nc.
Updated time units to 'seconds since 1970-01-01 00:00:00' in /gws/pw/j07/ncas_obs_vol2/cao/processing/ncas-temperature-rh-1/data/long-term/level1d/2024/stfc-temperature-rh-1_cao_20240204_surface-met_v1.1.nc
/gws/pw/j07/ncas_obs_vol2/cao/raw_data/met_cao/data/long-term/2024/202402/CR1000XSeries_Chilbolton_Rxcabinmet1_20240205.dat
Parsed column names: ['TIMESTAMP', 'RECORD', 'BattV_Avg', 'PTemp_C_Avg', 'Air_T_Avg', 'RH_Avg', 'BP_mbar_Avg', 'WS_Avg', 'WD_Avg', 'SlrW_Avg', 'rg001dc_ch_Tot', 'rg006dc_ch_Tot', 'rg008dc_ch_Tot', 'rg009dc_ch_Tot', 'rg004tb_ch_Tot']
shape: (8_640, 3)
┌─────────────────────┬───────────┬────────┐
│ TIMESTAMP           ┆ Air_T_Avg ┆ RH_Avg │
│ ---                 ┆ ---       ┆ ---    │
│ datetime[μs]        ┆ f64       ┆ f64    │
╞═════════════════════╪═══════════╪════════╡
│ 2024-02-05 00:00:10 ┆ 283.17    ┆ 80.12  │
│ 2024-02-05 00:00:20 ┆ 283.17    ┆ 80.2   │
│ 2024-02-05 00:00:30 ┆ 283.17    ┆ 80.32  │
│ 2024-02-05 00:00:40 ┆ 283.15    ┆ 80.5   │
│ 2024-02-05 00:00:50 ┆ 283.13    ┆ 80.7   │
│ …                   ┆ …         ┆ …      │
│ 2024-02-05 23:59:20 ┆ 283.83    ┆ 87.76  │
│ 2024-02-05 23:59:30 ┆ 283.83    ┆ 87.78  │
│ 2024-02-05 23:59:40 ┆ 283.83    ┆ 88.0   │
│ 2024-02-05 23:59:50 ┆ 283.81    ┆ 88.24  │
│ 2024-02-06 00:00:00 ┆ 283.81    ┆ 88.64  │
└─────────────────────┴───────────┴────────┘
[INFO] Correcting the 'time' variable in the NetCDF file.
<class 'netCDF4.Variable'>
float64 time(time)
    units: seconds since 1970-01-01 00:00:00
    standard_name: time
    long_name: Time (seconds since 1970-01-01 00:00:00)
    axis: T
    valid_min: 1707091210.0
    valid_max: 1707177600.0
    calendar: standard
unlimited dimensions: 
current shape = (8640,)
filling on, default _FillValue of 9.969209968386869e+36 used
Flagged 0 points where air_temperature < 245.0K as bad data (qc_flag = 2).
Found 0 points already flagged as bad data (flag=2)
QC flags successfully added to /gws/pw/j07/ncas_obs_vol2/cao/processing/ncas-temperature-rh-1/data/long-term/level1d/2024/stfc-temperature-rh-1_cao_20240205_surface-met_v1.1.nc.
Updated time units to 'seconds since 1970-01-01 00:00:00' in /gws/pw/j07/ncas_obs_vol2/cao/processing/ncas-temperature-rh-1/data/long-term/level1d/2024/stfc-temperature-rh-1_cao_20240205_surface-met_v1.1.nc
/gws/pw/j07/ncas_obs_vol2/cao/raw_data/met_cao/data/long-term/2024/202402/CR1000XSeries_Chilbolton_Rxcabinmet1_20240206.dat
Parsed column names: ['TIMESTAMP', 'RECORD', 'BattV_Avg', 'PTemp_C_Avg', 'Air_T_Avg', 'RH_Avg', 'BP_mbar_Avg', 'WS_Avg', 'WD_Avg', 'SlrW_Avg', 'rg001dc_ch_Tot', 'rg006dc_ch_Tot', 'rg008dc_ch_Tot', 'rg009dc_ch_Tot', 'rg004tb_ch_Tot']
shape: (8_640, 3)
┌─────────────────────┬───────────┬────────┐
│ TIMESTAMP           ┆ Air_T_Avg ┆ RH_Avg │
│ ---                 ┆ ---       ┆ ---    │
│ datetime[μs]        ┆ f64       ┆ f64    │
╞═════════════════════╪═══════════╪════════╡
│ 2024-02-06 00:00:10 ┆ 283.83    ┆ 88.92  │
│ 2024-02-06 00:00:20 ┆ 283.83    ┆ 88.76  │
│ 2024-02-06 00:00:30 ┆ 283.83    ┆ 88.6   │
│ 2024-02-06 00:00:40 ┆ 283.83    ┆ 88.48  │
│ 2024-02-06 00:00:50 ┆ 283.81    ┆ 88.3   │
│ …                   ┆ …         ┆ …      │
│ 2024-02-06 23:59:20 ┆ 284.13    ┆ 94.68  │
│ 2024-02-06 23:59:30 ┆ 284.13    ┆ 94.5   │
│ 2024-02-06 23:59:40 ┆ 284.15    ┆ 94.28  │
│ 2024-02-06 23:59:50 ┆ 284.15    ┆ 94.22  │
│ 2024-02-07 00:00:00 ┆ 284.15    ┆ 94.24  │
└─────────────────────┴───────────┴────────┘
[INFO] Correcting the 'time' variable in the NetCDF file.
<class 'netCDF4.Variable'>
float64 time(time)
    units: seconds since 1970-01-01 00:00:00
    standard_name: time
    long_name: Time (seconds since 1970-01-01 00:00:00)
    axis: T
    valid_min: 1707177610.0
    valid_max: 1707264000.0
    calendar: standard
unlimited dimensions: 
current shape = (8640,)
filling on, default _FillValue of 9.969209968386869e+36 used
Flagged 0 points where air_temperature < 245.0K as bad data (qc_flag = 2).
Found 0 points already flagged as bad data (flag=2)
QC flags successfully added to /gws/pw/j07/ncas_obs_vol2/cao/processing/ncas-temperature-rh-1/data/long-term/level1d/2024/stfc-temperature-rh-1_cao_20240206_surface-met_v1.1.nc.
Updated time units to 'seconds since 1970-01-01 00:00:00' in /gws/pw/j07/ncas_obs_vol2/cao/processing/ncas-temperature-rh-1/data/long-term/level1d/2024/stfc-temperature-rh-1_cao_20240206_surface-met_v1.1.nc
/gws/pw/j07/ncas_obs_vol2/cao/raw_data/met_cao/data/long-term/2024/202402/CR1000XSeries_Chilbolton_Rxcabinmet1_20240207.dat
Parsed column names: ['TIMESTAMP', 'RECORD', 'BattV_Avg', 'PTemp_C_Avg', 'Air_T_Avg', 'RH_Avg', 'BP_mbar_Avg', 'WS_Avg', 'WD_Avg', 'SlrW_Avg', 'rg001dc_ch_Tot', 'rg006dc_ch_Tot', 'rg008dc_ch_Tot', 'rg009dc_ch_Tot', 'rg004tb_ch_Tot']
shape: (8_640, 3)
┌─────────────────────┬───────────┬────────┐
│ TIMESTAMP           ┆ Air_T_Avg ┆ RH_Avg │
│ ---                 ┆ ---       ┆ ---    │
│ datetime[μs]        ┆ f64       ┆ f64    │
╞═════════════════════╪═══════════╪════════╡
│ 2024-02-07 00:00:10 ┆ 284.15    ┆ 94.34  │
│ 2024-02-07 00:00:20 ┆ 284.13    ┆ 94.76  │
│ 2024-02-07 00:00:30 ┆ 284.07    ┆ 95.24  │
│ 2024-02-07 00:00:40 ┆ 284.05    ┆ 95.4   │
│ 2024-02-07 00:00:50 ┆ 284.05    ┆ 95.42  │
│ …                   ┆ …         ┆ …      │
│ 2024-02-07 23:59:20 ┆ 278.25    ┆ 97.42  │
│ 2024-02-07 23:59:30 ┆ 278.25    ┆ 97.72  │
│ 2024-02-07 23:59:40 ┆ 278.25    ┆ 97.96  │
│ 2024-02-07 23:59:50 ┆ 278.25    ┆ 97.96  │
│ 2024-02-08 00:00:00 ┆ 278.25    ┆ 97.8   │
└─────────────────────┴───────────┴────────┘
[INFO] Correcting the 'time' variable in the NetCDF file.
<class 'netCDF4.Variable'>
float64 time(time)
    units: seconds since 1970-01-01 00:00:00
    standard_name: time
    long_name: Time (seconds since 1970-01-01 00:00:00)
    axis: T
    valid_min: 1707264010.0
    valid_max: 1707350400.0
    calendar: standard
unlimited dimensions: 
current shape = (8640,)
filling on, default _FillValue of 9.969209968386869e+36 used
Flagged 0 points where air_temperature < 245.0K as bad data (qc_flag = 2).
Found 0 points already flagged as bad data (flag=2)
QC flags successfully added to /gws/pw/j07/ncas_obs_vol2/cao/processing/ncas-temperature-rh-1/data/long-term/level1d/2024/stfc-temperature-rh-1_cao_20240207_surface-met_v1.1.nc.
Updated time units to 'seconds since 1970-01-01 00:00:00' in /gws/pw/j07/ncas_obs_vol2/cao/processing/ncas-temperature-rh-1/data/long-term/level1d/2024/stfc-temperature-rh-1_cao_20240207_surface-met_v1.1.nc
/gws/pw/j07/ncas_obs_vol2/cao/raw_data/met_cao/data/long-term/2024/202402/CR1000XSeries_Chilbolton_Rxcabinmet1_20240208.dat
Parsed column names: ['TIMESTAMP', 'RECORD', 'BattV_Avg', 'PTemp_C_Avg', 'Air_T_Avg', 'RH_Avg', 'BP_mbar_Avg', 'WS_Avg', 'WD_Avg', 'SlrW_Avg', 'rg001dc_ch_Tot', 'rg006dc_ch_Tot', 'rg008dc_ch_Tot', 'rg009dc_ch_Tot', 'rg004tb_ch_Tot']
shape: (8_640, 3)
┌─────────────────────┬───────────┬────────┐
│ TIMESTAMP           ┆ Air_T_Avg ┆ RH_Avg │
│ ---                 ┆ ---       ┆ ---    │
│ datetime[μs]        ┆ f64       ┆ f64    │
╞═════════════════════╪═══════════╪════════╡
│ 2024-02-08 00:00:10 ┆ 278.23    ┆ 97.58  │
│ 2024-02-08 00:00:20 ┆ 278.23    ┆ 97.22  │
│ 2024-02-08 00:00:30 ┆ 278.23    ┆ 96.9   │
│ 2024-02-08 00:00:40 ┆ 278.23    ┆ 96.88  │
│ 2024-02-08 00:00:50 ┆ 278.23    ┆ 96.92  │
│ …                   ┆ …         ┆ …      │
│ 2024-02-08 23:59:20 ┆ 283.81    ┆ 93.18  │
│ 2024-02-08 23:59:30 ┆ 283.79    ┆ 93.26  │
│ 2024-02-08 23:59:40 ┆ 283.79    ┆ 93.28  │
│ 2024-02-08 23:59:50 ┆ 283.79    ┆ 93.3   │
│ 2024-02-09 00:00:00 ┆ 283.79    ┆ 93.22  │
└─────────────────────┴───────────┴────────┘
[INFO] Correcting the 'time' variable in the NetCDF file.
<class 'netCDF4.Variable'>
float64 time(time)
    units: seconds since 1970-01-01 00:00:00
    standard_name: time
    long_name: Time (seconds since 1970-01-01 00:00:00)
    axis: T
    valid_min: 1707350410.0
    valid_max: 1707436800.0
    calendar: standard
unlimited dimensions: 
current shape = (8640,)
filling on, default _FillValue of 9.969209968386869e+36 used
Flagged 0 points where air_temperature < 245.0K as bad data (qc_flag = 2).
Found 0 points already flagged as bad data (flag=2)
QC flags successfully added to /gws/pw/j07/ncas_obs_vol2/cao/processing/ncas-temperature-rh-1/data/long-term/level1d/2024/stfc-temperature-rh-1_cao_20240208_surface-met_v1.1.nc.
Updated time units to 'seconds since 1970-01-01 00:00:00' in /gws/pw/j07/ncas_obs_vol2/cao/processing/ncas-temperature-rh-1/data/long-term/level1d/2024/stfc-temperature-rh-1_cao_20240208_surface-met_v1.1.nc
/gws/pw/j07/ncas_obs_vol2/cao/raw_data/met_cao/data/long-term/2024/202402/CR1000XSeries_Chilbolton_Rxcabinmet1_20240209.dat
Parsed column names: ['TIMESTAMP', 'RECORD', 'BattV_Avg', 'PTemp_C_Avg', 'Air_T_Avg', 'RH_Avg', 'BP_mbar_Avg', 'WS_Avg', 'WD_Avg', 'SlrW_Avg', 'rg001dc_ch_Tot', 'rg006dc_ch_Tot', 'rg008dc_ch_Tot', 'rg009dc_ch_Tot', 'rg004tb_ch_Tot']
shape: (8_640, 3)
┌─────────────────────┬───────────┬────────┐
│ TIMESTAMP           ┆ Air_T_Avg ┆ RH_Avg │
│ ---                 ┆ ---       ┆ ---    │
│ datetime[μs]        ┆ f64       ┆ f64    │
╞═════════════════════╪═══════════╪════════╡
│ 2024-02-09 00:00:10 ┆ 283.77    ┆ 93.1   │
│ 2024-02-09 00:00:20 ┆ 283.77    ┆ 92.88  │
│ 2024-02-09 00:00:30 ┆ 283.79    ┆ 92.78  │
│ 2024-02-09 00:00:40 ┆ 283.79    ┆ 92.7   │
│ 2024-02-09 00:00:50 ┆ 283.79    ┆ 92.74  │
│ …                   ┆ …         ┆ …      │
│ 2024-02-09 23:59:20 ┆ 282.47    ┆ 97.8   │
│ 2024-02-09 23:59:30 ┆ 282.47    ┆ 97.86  │
│ 2024-02-09 23:59:40 ┆ 282.47    ┆ 97.88  │
│ 2024-02-09 23:59:50 ┆ 282.47    ┆ 97.94  │
│ 2024-02-10 00:00:00 ┆ 282.47    ┆ 97.92  │
└─────────────────────┴───────────┴────────┘
[INFO] Correcting the 'time' variable in the NetCDF file.
<class 'netCDF4.Variable'>
float64 time(time)
    units: seconds since 1970-01-01 00:00:00
    standard_name: time
    long_name: Time (seconds since 1970-01-01 00:00:00)
    axis: T
    valid_min: 1707436810.0
    valid_max: 1707523200.0
    calendar: standard
unlimited dimensions: 
current shape = (8640,)
filling on, default _FillValue of 9.969209968386869e+36 used
Flagged 0 points where air_temperature < 245.0K as bad data (qc_flag = 2).
Found 0 points already flagged as bad data (flag=2)
QC flags successfully added to /gws/pw/j07/ncas_obs_vol2/cao/processing/ncas-temperature-rh-1/data/long-term/level1d/2024/stfc-temperature-rh-1_cao_20240209_surface-met_v1.1.nc.
Updated time units to 'seconds since 1970-01-01 00:00:00' in /gws/pw/j07/ncas_obs_vol2/cao/processing/ncas-temperature-rh-1/data/long-term/level1d/2024/stfc-temperature-rh-1_cao_20240209_surface-met_v1.1.nc
/gws/pw/j07/ncas_obs_vol2/cao/raw_data/met_cao/data/long-term/2024/202402/CR1000XSeries_Chilbolton_Rxcabinmet1_20240210.dat
Parsed column names: ['TIMESTAMP', 'RECORD', 'BattV_Avg', 'PTemp_C_Avg', 'Air_T_Avg', 'RH_Avg', 'BP_mbar_Avg', 'WS_Avg', 'WD_Avg', 'SlrW_Avg', 'rg001dc_ch_Tot', 'rg006dc_ch_Tot', 'rg008dc_ch_Tot', 'rg009dc_ch_Tot', 'rg004tb_ch_Tot']
shape: (8_640, 3)
┌─────────────────────┬───────────┬────────┐
│ TIMESTAMP           ┆ Air_T_Avg ┆ RH_Avg │
│ ---                 ┆ ---       ┆ ---    │
│ datetime[μs]        ┆ f64       ┆ f64    │
╞═════════════════════╪═══════════╪════════╡
│ 2024-02-10 00:00:10 ┆ 282.47    ┆ 98.06  │
│ 2024-02-10 00:00:20 ┆ 282.47    ┆ 98.08  │
│ 2024-02-10 00:00:30 ┆ 282.47    ┆ 98.08  │
│ 2024-02-10 00:00:40 ┆ 282.47    ┆ 98.04  │
│ 2024-02-10 00:00:50 ┆ 282.45    ┆ 97.94  │
│ …                   ┆ …         ┆ …      │
│ 2024-02-10 23:59:20 ┆ 280.55    ┆ 93.14  │
│ 2024-02-10 23:59:30 ┆ 280.53    ┆ 93.24  │
│ 2024-02-10 23:59:40 ┆ 280.53    ┆ 93.36  │
│ 2024-02-10 23:59:50 ┆ 280.53    ┆ 93.54  │
│ 2024-02-11 00:00:00 ┆ 280.51    ┆ 93.72  │
└─────────────────────┴───────────┴────────┘
[INFO] Correcting the 'time' variable in the NetCDF file.
<class 'netCDF4.Variable'>
float64 time(time)
    units: seconds since 1970-01-01 00:00:00
    standard_name: time
    long_name: Time (seconds since 1970-01-01 00:00:00)
    axis: T
    valid_min: 1707523210.0
    valid_max: 1707609600.0
    calendar: standard
unlimited dimensions: 
current shape = (8640,)
filling on, default _FillValue of 9.969209968386869e+36 used
Flagged 0 points where air_temperature < 245.0K as bad data (qc_flag = 2).
Found 0 points already flagged as bad data (flag=2)
QC flags successfully added to /gws/pw/j07/ncas_obs_vol2/cao/processing/ncas-temperature-rh-1/data/long-term/level1d/2024/stfc-temperature-rh-1_cao_20240210_surface-met_v1.1.nc.
Updated time units to 'seconds since 1970-01-01 00:00:00' in /gws/pw/j07/ncas_obs_vol2/cao/processing/ncas-temperature-rh-1/data/long-term/level1d/2024/stfc-temperature-rh-1_cao_20240210_surface-met_v1.1.nc
/gws/pw/j07/ncas_obs_vol2/cao/raw_data/met_cao/data/long-term/2024/202402/CR1000XSeries_Chilbolton_Rxcabinmet1_20240211.dat
Parsed column names: ['TIMESTAMP', 'RECORD', 'BattV_Avg', 'PTemp_C_Avg', 'Air_T_Avg', 'RH_Avg', 'BP_mbar_Avg', 'WS_Avg', 'WD_Avg', 'SlrW_Avg', 'rg001dc_ch_Tot', 'rg006dc_ch_Tot', 'rg008dc_ch_Tot', 'rg009dc_ch_Tot', 'rg004tb_ch_Tot']
shape: (8_640, 3)
┌─────────────────────┬───────────┬────────┐
│ TIMESTAMP           ┆ Air_T_Avg ┆ RH_Avg │
│ ---                 ┆ ---       ┆ ---    │
│ datetime[μs]        ┆ f64       ┆ f64    │
╞═════════════════════╪═══════════╪════════╡
│ 2024-02-11 00:00:10 ┆ 280.51    ┆ 93.94  │
│ 2024-02-11 00:00:20 ┆ 280.51    ┆ 93.88  │
│ 2024-02-11 00:00:30 ┆ 280.51    ┆ 93.8   │
│ 2024-02-11 00:00:40 ┆ 280.51    ┆ 93.74  │
│ 2024-02-11 00:00:50 ┆ 280.51    ┆ 93.64  │
│ …                   ┆ …         ┆ …      │
│ 2024-02-11 23:59:20 ┆ 275.45    ┆ 95.32  │
│ 2024-02-11 23:59:30 ┆ 275.45    ┆ 95.28  │
│ 2024-02-11 23:59:40 ┆ 275.45    ┆ 95.12  │
│ 2024-02-11 23:59:50 ┆ 275.45    ┆ 95.02  │
│ 2024-02-12 00:00:00 ┆ 275.45    ┆ 94.9   │
└─────────────────────┴───────────┴────────┘
[INFO] Correcting the 'time' variable in the NetCDF file.
<class 'netCDF4.Variable'>
float64 time(time)
    units: seconds since 1970-01-01 00:00:00
    standard_name: time
    long_name: Time (seconds since 1970-01-01 00:00:00)
    axis: T
    valid_min: 1707609610.0
    valid_max: 1707696000.0
    calendar: standard
unlimited dimensions: 
current shape = (8640,)
filling on, default _FillValue of 9.969209968386869e+36 used
Flagged 0 points where air_temperature < 245.0K as bad data (qc_flag = 2).
Found 0 points already flagged as bad data (flag=2)
QC flags successfully added to /gws/pw/j07/ncas_obs_vol2/cao/processing/ncas-temperature-rh-1/data/long-term/level1d/2024/stfc-temperature-rh-1_cao_20240211_surface-met_v1.1.nc.
Updated time units to 'seconds since 1970-01-01 00:00:00' in /gws/pw/j07/ncas_obs_vol2/cao/processing/ncas-temperature-rh-1/data/long-term/level1d/2024/stfc-temperature-rh-1_cao_20240211_surface-met_v1.1.nc
/gws/pw/j07/ncas_obs_vol2/cao/raw_data/met_cao/data/long-term/2024/202402/CR1000XSeries_Chilbolton_Rxcabinmet1_20240212.dat
Parsed column names: ['TIMESTAMP', 'RECORD', 'BattV_Avg', 'PTemp_C_Avg', 'Air_T_Avg', 'RH_Avg', 'BP_mbar_Avg', 'WS_Avg', 'WD_Avg', 'SlrW_Avg', 'rg001dc_ch_Tot', 'rg006dc_ch_Tot', 'rg008dc_ch_Tot', 'rg009dc_ch_Tot', 'rg004tb_ch_Tot']
shape: (8_640, 3)
┌─────────────────────┬───────────┬────────┐
│ TIMESTAMP           ┆ Air_T_Avg ┆ RH_Avg │
│ ---                 ┆ ---       ┆ ---    │
│ datetime[μs]        ┆ f64       ┆ f64    │
╞═════════════════════╪═══════════╪════════╡
│ 2024-02-12 00:00:10 ┆ 275.45    ┆ 94.84  │
│ 2024-02-12 00:00:20 ┆ 275.45    ┆ 94.86  │
│ 2024-02-12 00:00:30 ┆ 275.43    ┆ 94.96  │
│ 2024-02-12 00:00:40 ┆ 275.41    ┆ 95.02  │
│ 2024-02-12 00:00:50 ┆ 275.41    ┆ 95.1   │
│ …                   ┆ …         ┆ …      │
│ 2024-02-12 23:59:20 ┆ 277.93    ┆ 86.18  │
│ 2024-02-12 23:59:30 ┆ 277.93    ┆ 86.14  │
│ 2024-02-12 23:59:40 ┆ 277.91    ┆ 86.0   │
│ 2024-02-12 23:59:50 ┆ 277.87    ┆ 85.76  │
│ 2024-02-13 00:00:00 ┆ 277.87    ┆ 85.48  │
└─────────────────────┴───────────┴────────┘
[INFO] Correcting the 'time' variable in the NetCDF file.
<class 'netCDF4.Variable'>
float64 time(time)
    units: seconds since 1970-01-01 00:00:00
    standard_name: time
    long_name: Time (seconds since 1970-01-01 00:00:00)
    axis: T
    valid_min: 1707696010.0
    valid_max: 1707782400.0
    calendar: standard
unlimited dimensions: 
current shape = (8640,)
filling on, default _FillValue of 9.969209968386869e+36 used
Flagged 0 points where air_temperature < 245.0K as bad data (qc_flag = 2).
Found 0 points already flagged as bad data (flag=2)
QC flags successfully added to /gws/pw/j07/ncas_obs_vol2/cao/processing/ncas-temperature-rh-1/data/long-term/level1d/2024/stfc-temperature-rh-1_cao_20240212_surface-met_v1.1.nc.
Updated time units to 'seconds since 1970-01-01 00:00:00' in /gws/pw/j07/ncas_obs_vol2/cao/processing/ncas-temperature-rh-1/data/long-term/level1d/2024/stfc-temperature-rh-1_cao_20240212_surface-met_v1.1.nc
/gws/pw/j07/ncas_obs_vol2/cao/raw_data/met_cao/data/long-term/2024/202402/CR1000XSeries_Chilbolton_Rxcabinmet1_20240213.dat
Parsed column names: ['TIMESTAMP', 'RECORD', 'BattV_Avg', 'PTemp_C_Avg', 'Air_T_Avg', 'RH_Avg', 'BP_mbar_Avg', 'WS_Avg', 'WD_Avg', 'SlrW_Avg', 'rg001dc_ch_Tot', 'rg006dc_ch_Tot', 'rg008dc_ch_Tot', 'rg009dc_ch_Tot', 'rg004tb_ch_Tot']
shape: (8_640, 3)
┌─────────────────────┬───────────┬────────┐
│ TIMESTAMP           ┆ Air_T_Avg ┆ RH_Avg │
│ ---                 ┆ ---       ┆ ---    │
│ datetime[μs]        ┆ f64       ┆ f64    │
╞═════════════════════╪═══════════╪════════╡
│ 2024-02-13 00:00:10 ┆ 277.85    ┆ 85.46  │
│ 2024-02-13 00:00:20 ┆ 277.87    ┆ 85.46  │
│ 2024-02-13 00:00:30 ┆ 277.89    ┆ 85.54  │
│ 2024-02-13 00:00:40 ┆ 277.91    ┆ 85.68  │
│ 2024-02-13 00:00:50 ┆ 277.91    ┆ 86.1   │
│ …                   ┆ …         ┆ …      │
│ 2024-02-13 23:59:20 ┆ 284.19    ┆ 96.98  │
│ 2024-02-13 23:59:30 ┆ 284.21    ┆ 96.94  │
│ 2024-02-13 23:59:40 ┆ 284.19    ┆ 96.84  │
│ 2024-02-13 23:59:50 ┆ 284.19    ┆ 96.82  │
│ 2024-02-14 00:00:00 ┆ 284.19    ┆ 96.84  │
└─────────────────────┴───────────┴────────┘
[INFO] Correcting the 'time' variable in the NetCDF file.
<class 'netCDF4.Variable'>
float64 time(time)
    units: seconds since 1970-01-01 00:00:00
    standard_name: time
    long_name: Time (seconds since 1970-01-01 00:00:00)
    axis: T
    valid_min: 1707782410.0
    valid_max: 1707868800.0
    calendar: standard
unlimited dimensions: 
current shape = (8640,)
filling on, default _FillValue of 9.969209968386869e+36 used
Flagged 0 points where air_temperature < 245.0K as bad data (qc_flag = 2).
Found 0 points already flagged as bad data (flag=2)
QC flags successfully added to /gws/pw/j07/ncas_obs_vol2/cao/processing/ncas-temperature-rh-1/data/long-term/level1d/2024/stfc-temperature-rh-1_cao_20240213_surface-met_v1.1.nc.
Updated time units to 'seconds since 1970-01-01 00:00:00' in /gws/pw/j07/ncas_obs_vol2/cao/processing/ncas-temperature-rh-1/data/long-term/level1d/2024/stfc-temperature-rh-1_cao_20240213_surface-met_v1.1.nc
/gws/pw/j07/ncas_obs_vol2/cao/raw_data/met_cao/data/long-term/2024/202402/CR1000XSeries_Chilbolton_Rxcabinmet1_20240214.dat
Parsed column names: ['TIMESTAMP', 'RECORD', 'BattV_Avg', 'PTemp_C_Avg', 'Air_T_Avg', 'RH_Avg', 'BP_mbar_Avg', 'WS_Avg', 'WD_Avg', 'SlrW_Avg', 'rg001dc_ch_Tot', 'rg006dc_ch_Tot', 'rg008dc_ch_Tot', 'rg009dc_ch_Tot', 'rg004tb_ch_Tot']
shape: (8_640, 3)
┌─────────────────────┬───────────┬────────┐
│ TIMESTAMP           ┆ Air_T_Avg ┆ RH_Avg │
│ ---                 ┆ ---       ┆ ---    │
│ datetime[μs]        ┆ f64       ┆ f64    │
╞═════════════════════╪═══════════╪════════╡
│ 2024-02-14 00:00:10 ┆ 284.19    ┆ 96.94  │
│ 2024-02-14 00:00:20 ┆ 284.19    ┆ 97.04  │
│ 2024-02-14 00:00:30 ┆ 284.19    ┆ 97.1   │
│ 2024-02-14 00:00:40 ┆ 284.19    ┆ 97.12  │
│ 2024-02-14 00:00:50 ┆ 284.19    ┆ 97.08  │
│ …                   ┆ …         ┆ …      │
│ 2024-02-14 23:59:20 ┆ 284.89    ┆ 99.36  │
│ 2024-02-14 23:59:30 ┆ 284.89    ┆ 99.44  │
│ 2024-02-14 23:59:40 ┆ 284.89    ┆ 99.54  │
│ 2024-02-14 23:59:50 ┆ 284.89    ┆ 99.52  │
│ 2024-02-15 00:00:00 ┆ 284.89    ┆ 99.46  │
└─────────────────────┴───────────┴────────┘
[INFO] Correcting the 'time' variable in the NetCDF file.
<class 'netCDF4.Variable'>
float64 time(time)
    units: seconds since 1970-01-01 00:00:00
    standard_name: time
    long_name: Time (seconds since 1970-01-01 00:00:00)
    axis: T
    valid_min: 1707868810.0
    valid_max: 1707955200.0
    calendar: standard
unlimited dimensions: 
current shape = (8640,)
filling on, default _FillValue of 9.969209968386869e+36 used
Flagged 0 points where air_temperature < 245.0K as bad data (qc_flag = 2).
Found 0 points already flagged as bad data (flag=2)
QC flags successfully added to /gws/pw/j07/ncas_obs_vol2/cao/processing/ncas-temperature-rh-1/data/long-term/level1d/2024/stfc-temperature-rh-1_cao_20240214_surface-met_v1.1.nc.
Updated time units to 'seconds since 1970-01-01 00:00:00' in /gws/pw/j07/ncas_obs_vol2/cao/processing/ncas-temperature-rh-1/data/long-term/level1d/2024/stfc-temperature-rh-1_cao_20240214_surface-met_v1.1.nc
/gws/pw/j07/ncas_obs_vol2/cao/raw_data/met_cao/data/long-term/2024/202402/CR1000XSeries_Chilbolton_Rxcabinmet1_20240215.dat
Parsed column names: ['TIMESTAMP', 'RECORD', 'BattV_Avg', 'PTemp_C_Avg', 'Air_T_Avg', 'RH_Avg', 'BP_mbar_Avg', 'WS_Avg', 'WD_Avg', 'SlrW_Avg', 'rg001dc_ch_Tot', 'rg006dc_ch_Tot', 'rg008dc_ch_Tot', 'rg009dc_ch_Tot', 'rg004tb_ch_Tot']
shape: (8_640, 3)
┌─────────────────────┬───────────┬────────┐
│ TIMESTAMP           ┆ Air_T_Avg ┆ RH_Avg │
│ ---                 ┆ ---       ┆ ---    │
│ datetime[μs]        ┆ f64       ┆ f64    │
╞═════════════════════╪═══════════╪════════╡
│ 2024-02-15 00:00:10 ┆ 284.89    ┆ 99.36  │
│ 2024-02-15 00:00:20 ┆ 284.89    ┆ 99.22  │
│ 2024-02-15 00:00:30 ┆ 284.89    ┆ 99.14  │
│ 2024-02-15 00:00:40 ┆ 284.89    ┆ 99.16  │
│ 2024-02-15 00:00:50 ┆ 284.89    ┆ 99.26  │
│ …                   ┆ …         ┆ …      │
│ 2024-02-15 23:59:20 ┆ 283.63    ┆ 98.48  │
│ 2024-02-15 23:59:30 ┆ 283.63    ┆ 98.64  │
│ 2024-02-15 23:59:40 ┆ 283.63    ┆ 98.92  │
│ 2024-02-15 23:59:50 ┆ 283.63    ┆ 99.2   │
│ 2024-02-16 00:00:00 ┆ 283.65    ┆ 99.24  │
└─────────────────────┴───────────┴────────┘
[INFO] Correcting the 'time' variable in the NetCDF file.
<class 'netCDF4.Variable'>
float64 time(time)
    units: seconds since 1970-01-01 00:00:00
    standard_name: time
    long_name: Time (seconds since 1970-01-01 00:00:00)
    axis: T
    valid_min: 1707955210.0
    valid_max: 1708041600.0
    calendar: standard
unlimited dimensions: 
current shape = (8640,)
filling on, default _FillValue of 9.969209968386869e+36 used
Flagged 0 points where air_temperature < 245.0K as bad data (qc_flag = 2).
Found 0 points already flagged as bad data (flag=2)
QC flags successfully added to /gws/pw/j07/ncas_obs_vol2/cao/processing/ncas-temperature-rh-1/data/long-term/level1d/2024/stfc-temperature-rh-1_cao_20240215_surface-met_v1.1.nc.
Updated time units to 'seconds since 1970-01-01 00:00:00' in /gws/pw/j07/ncas_obs_vol2/cao/processing/ncas-temperature-rh-1/data/long-term/level1d/2024/stfc-temperature-rh-1_cao_20240215_surface-met_v1.1.nc
/gws/pw/j07/ncas_obs_vol2/cao/raw_data/met_cao/data/long-term/2024/202402/CR1000XSeries_Chilbolton_Rxcabinmet1_20240216.dat
Parsed column names: ['TIMESTAMP', 'RECORD', 'BattV_Avg', 'PTemp_C_Avg', 'Air_T_Avg', 'RH_Avg', 'BP_mbar_Avg', 'WS_Avg', 'WD_Avg', 'SlrW_Avg', 'rg001dc_ch_Tot', 'rg006dc_ch_Tot', 'rg008dc_ch_Tot', 'rg009dc_ch_Tot', 'rg004tb_ch_Tot']
shape: (8_640, 3)
┌─────────────────────┬───────────┬────────┐
│ TIMESTAMP           ┆ Air_T_Avg ┆ RH_Avg │
│ ---                 ┆ ---       ┆ ---    │
│ datetime[μs]        ┆ f64       ┆ f64    │
╞═════════════════════╪═══════════╪════════╡
│ 2024-02-16 00:00:10 ┆ 283.63    ┆ 99.22  │
│ 2024-02-16 00:00:20 ┆ 283.63    ┆ 99.1   │
│ 2024-02-16 00:00:30 ┆ 283.63    ┆ 98.94  │
│ 2024-02-16 00:00:40 ┆ 283.63    ┆ 98.68  │
│ 2024-02-16 00:00:50 ┆ 283.63    ┆ 98.4   │
│ …                   ┆ …         ┆ …      │
│ 2024-02-16 23:59:20 ┆ 280.63    ┆ 86.08  │
│ 2024-02-16 23:59:30 ┆ 280.65    ┆ 86.5   │
│ 2024-02-16 23:59:40 ┆ 280.63    ┆ 87.08  │
│ 2024-02-16 23:59:50 ┆ 280.63    ┆ 87.1   │
│ 2024-02-17 00:00:00 ┆ 280.61    ┆ 86.9   │
└─────────────────────┴───────────┴────────┘
[INFO] Correcting the 'time' variable in the NetCDF file.
<class 'netCDF4.Variable'>
float64 time(time)
    units: seconds since 1970-01-01 00:00:00
    standard_name: time
    long_name: Time (seconds since 1970-01-01 00:00:00)
    axis: T
    valid_min: 1708041610.0
    valid_max: 1708128000.0
    calendar: standard
unlimited dimensions: 
current shape = (8640,)
filling on, default _FillValue of 9.969209968386869e+36 used
Flagged 0 points where air_temperature < 245.0K as bad data (qc_flag = 2).
Found 0 points already flagged as bad data (flag=2)
QC flags successfully added to /gws/pw/j07/ncas_obs_vol2/cao/processing/ncas-temperature-rh-1/data/long-term/level1d/2024/stfc-temperature-rh-1_cao_20240216_surface-met_v1.1.nc.
Updated time units to 'seconds since 1970-01-01 00:00:00' in /gws/pw/j07/ncas_obs_vol2/cao/processing/ncas-temperature-rh-1/data/long-term/level1d/2024/stfc-temperature-rh-1_cao_20240216_surface-met_v1.1.nc
/gws/pw/j07/ncas_obs_vol2/cao/raw_data/met_cao/data/long-term/2024/202402/CR1000XSeries_Chilbolton_Rxcabinmet1_20240217.dat
Parsed column names: ['TIMESTAMP', 'RECORD', 'BattV_Avg', 'PTemp_C_Avg', 'Air_T_Avg', 'RH_Avg', 'BP_mbar_Avg', 'WS_Avg', 'WD_Avg', 'SlrW_Avg', 'rg001dc_ch_Tot', 'rg006dc_ch_Tot', 'rg008dc_ch_Tot', 'rg009dc_ch_Tot', 'rg004tb_ch_Tot']
shape: (8_640, 3)
┌─────────────────────┬───────────┬────────┐
│ TIMESTAMP           ┆ Air_T_Avg ┆ RH_Avg │
│ ---                 ┆ ---       ┆ ---    │
│ datetime[μs]        ┆ f64       ┆ f64    │
╞═════════════════════╪═══════════╪════════╡
│ 2024-02-17 00:00:10 ┆ 280.61    ┆ 86.66  │
│ 2024-02-17 00:00:20 ┆ 280.61    ┆ 85.98  │
│ 2024-02-17 00:00:30 ┆ 280.61    ┆ 85.72  │
│ 2024-02-17 00:00:40 ┆ 280.59    ┆ 85.86  │
│ 2024-02-17 00:00:50 ┆ 280.59    ┆ 86.06  │
│ …                   ┆ …         ┆ …      │
│ 2024-02-17 23:59:20 ┆ 283.97    ┆ 96.82  │
│ 2024-02-17 23:59:30 ┆ 283.95    ┆ 96.82  │
│ 2024-02-17 23:59:40 ┆ 283.95    ┆ 96.94  │
│ 2024-02-17 23:59:50 ┆ 283.95    ┆ 97.08  │
│ 2024-02-18 00:00:00 ┆ 283.95    ┆ 97.22  │
└─────────────────────┴───────────┴────────┘
[INFO] Correcting the 'time' variable in the NetCDF file.
<class 'netCDF4.Variable'>
float64 time(time)
    units: seconds since 1970-01-01 00:00:00
    standard_name: time
    long_name: Time (seconds since 1970-01-01 00:00:00)
    axis: T
    valid_min: 1708128010.0
    valid_max: 1708214400.0
    calendar: standard
unlimited dimensions: 
current shape = (8640,)
filling on, default _FillValue of 9.969209968386869e+36 used
Flagged 0 points where air_temperature < 245.0K as bad data (qc_flag = 2).
Found 0 points already flagged as bad data (flag=2)
QC flags successfully added to /gws/pw/j07/ncas_obs_vol2/cao/processing/ncas-temperature-rh-1/data/long-term/level1d/2024/stfc-temperature-rh-1_cao_20240217_surface-met_v1.1.nc.
Updated time units to 'seconds since 1970-01-01 00:00:00' in /gws/pw/j07/ncas_obs_vol2/cao/processing/ncas-temperature-rh-1/data/long-term/level1d/2024/stfc-temperature-rh-1_cao_20240217_surface-met_v1.1.nc
/gws/pw/j07/ncas_obs_vol2/cao/raw_data/met_cao/data/long-term/2024/202402/CR1000XSeries_Chilbolton_Rxcabinmet1_20240218.dat
Parsed column names: ['TIMESTAMP', 'RECORD', 'BattV_Avg', 'PTemp_C_Avg', 'Air_T_Avg', 'RH_Avg', 'BP_mbar_Avg', 'WS_Avg', 'WD_Avg', 'SlrW_Avg', 'rg001dc_ch_Tot', 'rg006dc_ch_Tot', 'rg008dc_ch_Tot', 'rg009dc_ch_Tot', 'rg004tb_ch_Tot']
shape: (8_640, 3)
┌─────────────────────┬───────────┬────────┐
│ TIMESTAMP           ┆ Air_T_Avg ┆ RH_Avg │
│ ---                 ┆ ---       ┆ ---    │
│ datetime[μs]        ┆ f64       ┆ f64    │
╞═════════════════════╪═══════════╪════════╡
│ 2024-02-18 00:00:10 ┆ 283.93    ┆ 97.5   │
│ 2024-02-18 00:00:20 ┆ 283.95    ┆ 97.52  │
│ 2024-02-18 00:00:30 ┆ 283.95    ┆ 97.46  │
│ 2024-02-18 00:00:40 ┆ 283.95    ┆ 97.32  │
│ 2024-02-18 00:00:50 ┆ 283.93    ┆ 97.22  │
│ …                   ┆ …         ┆ …      │
│ 2024-02-18 23:59:20 ┆ 281.83    ┆ 96.82  │
│ 2024-02-18 23:59:30 ┆ 281.83    ┆ 96.86  │
│ 2024-02-18 23:59:40 ┆ 281.83    ┆ 96.8   │
│ 2024-02-18 23:59:50 ┆ 281.81    ┆ 96.72  │
│ 2024-02-19 00:00:00 ┆ 281.81    ┆ 96.5   │
└─────────────────────┴───────────┴────────┘
[INFO] Correcting the 'time' variable in the NetCDF file.
<class 'netCDF4.Variable'>
float64 time(time)
    units: seconds since 1970-01-01 00:00:00
    standard_name: time
    long_name: Time (seconds since 1970-01-01 00:00:00)
    axis: T
    valid_min: 1708214410.0
    valid_max: 1708300800.0
    calendar: standard
unlimited dimensions: 
current shape = (8640,)
filling on, default _FillValue of 9.969209968386869e+36 used
Flagged 0 points where air_temperature < 245.0K as bad data (qc_flag = 2).
Found 0 points already flagged as bad data (flag=2)
QC flags successfully added to /gws/pw/j07/ncas_obs_vol2/cao/processing/ncas-temperature-rh-1/data/long-term/level1d/2024/stfc-temperature-rh-1_cao_20240218_surface-met_v1.1.nc.
Updated time units to 'seconds since 1970-01-01 00:00:00' in /gws/pw/j07/ncas_obs_vol2/cao/processing/ncas-temperature-rh-1/data/long-term/level1d/2024/stfc-temperature-rh-1_cao_20240218_surface-met_v1.1.nc
/gws/pw/j07/ncas_obs_vol2/cao/raw_data/met_cao/data/long-term/2024/202402/CR1000XSeries_Chilbolton_Rxcabinmet1_20240219.dat
Parsed column names: ['TIMESTAMP', 'RECORD', 'BattV_Avg', 'PTemp_C_Avg', 'Air_T_Avg', 'RH_Avg', 'BP_mbar_Avg', 'WS_Avg', 'WD_Avg', 'SlrW_Avg', 'rg001dc_ch_Tot', 'rg006dc_ch_Tot', 'rg008dc_ch_Tot', 'rg009dc_ch_Tot', 'rg004tb_ch_Tot']
shape: (8_640, 3)
┌─────────────────────┬───────────┬────────┐
│ TIMESTAMP           ┆ Air_T_Avg ┆ RH_Avg │
│ ---                 ┆ ---       ┆ ---    │
│ datetime[μs]        ┆ f64       ┆ f64    │
╞═════════════════════╪═══════════╪════════╡
│ 2024-02-19 00:00:10 ┆ 281.81    ┆ 96.22  │
│ 2024-02-19 00:00:20 ┆ 281.81    ┆ 96.06  │
│ 2024-02-19 00:00:30 ┆ 281.83    ┆ 96.0   │
│ 2024-02-19 00:00:40 ┆ 281.83    ┆ 96.0   │
│ 2024-02-19 00:00:50 ┆ 281.83    ┆ 96.08  │
│ …                   ┆ …         ┆ …      │
│ 2024-02-19 23:59:20 ┆ 280.13    ┆ 91.66  │
│ 2024-02-19 23:59:30 ┆ 280.11    ┆ 91.78  │
│ 2024-02-19 23:59:40 ┆ 280.09    ┆ 92.06  │
│ 2024-02-19 23:59:50 ┆ 280.09    ┆ 92.28  │
│ 2024-02-20 00:00:00 ┆ 280.07    ┆ 92.64  │
└─────────────────────┴───────────┴────────┘
[INFO] Correcting the 'time' variable in the NetCDF file.
<class 'netCDF4.Variable'>
float64 time(time)
    units: seconds since 1970-01-01 00:00:00
    standard_name: time
    long_name: Time (seconds since 1970-01-01 00:00:00)
    axis: T
    valid_min: 1708300810.0
    valid_max: 1708387200.0
    calendar: standard
unlimited dimensions: 
current shape = (8640,)
filling on, default _FillValue of 9.969209968386869e+36 used
Flagged 0 points where air_temperature < 245.0K as bad data (qc_flag = 2).
Found 0 points already flagged as bad data (flag=2)
QC flags successfully added to /gws/pw/j07/ncas_obs_vol2/cao/processing/ncas-temperature-rh-1/data/long-term/level1d/2024/stfc-temperature-rh-1_cao_20240219_surface-met_v1.1.nc.
Updated time units to 'seconds since 1970-01-01 00:00:00' in /gws/pw/j07/ncas_obs_vol2/cao/processing/ncas-temperature-rh-1/data/long-term/level1d/2024/stfc-temperature-rh-1_cao_20240219_surface-met_v1.1.nc
/gws/pw/j07/ncas_obs_vol2/cao/raw_data/met_cao/data/long-term/2024/202402/CR1000XSeries_Chilbolton_Rxcabinmet1_20240220.dat
Parsed column names: ['TIMESTAMP', 'RECORD', 'BattV_Avg', 'PTemp_C_Avg', 'Air_T_Avg', 'RH_Avg', 'BP_mbar_Avg', 'WS_Avg', 'WD_Avg', 'SlrW_Avg', 'rg001dc_ch_Tot', 'rg006dc_ch_Tot', 'rg008dc_ch_Tot', 'rg009dc_ch_Tot', 'rg004tb_ch_Tot']
shape: (8_640, 3)
┌─────────────────────┬───────────┬────────┐
│ TIMESTAMP           ┆ Air_T_Avg ┆ RH_Avg │
│ ---                 ┆ ---       ┆ ---    │
│ datetime[μs]        ┆ f64       ┆ f64    │
╞═════════════════════╪═══════════╪════════╡
│ 2024-02-20 00:00:10 ┆ 280.07    ┆ 92.8   │
│ 2024-02-20 00:00:20 ┆ 280.07    ┆ 92.76  │
│ 2024-02-20 00:00:30 ┆ 280.05    ┆ 92.62  │
│ 2024-02-20 00:00:40 ┆ 280.05    ┆ 92.34  │
│ 2024-02-20 00:00:50 ┆ 280.07    ┆ 91.86  │
│ …                   ┆ …         ┆ …      │
│ 2024-02-20 23:59:20 ┆ 282.59    ┆ 89.1   │
│ 2024-02-20 23:59:30 ┆ 282.57    ┆ 88.94  │
│ 2024-02-20 23:59:40 ┆ 282.57    ┆ 88.62  │
│ 2024-02-20 23:59:50 ┆ 282.57    ┆ 88.38  │
│ 2024-02-21 00:00:00 ┆ 282.57    ┆ 88.48  │
└─────────────────────┴───────────┴────────┘
[INFO] Correcting the 'time' variable in the NetCDF file.
<class 'netCDF4.Variable'>
float64 time(time)
    units: seconds since 1970-01-01 00:00:00
    standard_name: time
    long_name: Time (seconds since 1970-01-01 00:00:00)
    axis: T
    valid_min: 1708387210.0
    valid_max: 1708473600.0
    calendar: standard
unlimited dimensions: 
current shape = (8640,)
filling on, default _FillValue of 9.969209968386869e+36 used
Flagged 0 points where air_temperature < 245.0K as bad data (qc_flag = 2).
Found 0 points already flagged as bad data (flag=2)
QC flags successfully added to /gws/pw/j07/ncas_obs_vol2/cao/processing/ncas-temperature-rh-1/data/long-term/level1d/2024/stfc-temperature-rh-1_cao_20240220_surface-met_v1.1.nc.
Updated time units to 'seconds since 1970-01-01 00:00:00' in /gws/pw/j07/ncas_obs_vol2/cao/processing/ncas-temperature-rh-1/data/long-term/level1d/2024/stfc-temperature-rh-1_cao_20240220_surface-met_v1.1.nc
/gws/pw/j07/ncas_obs_vol2/cao/raw_data/met_cao/data/long-term/2024/202402/CR1000XSeries_Chilbolton_Rxcabinmet1_20240221.dat
Parsed column names: ['TIMESTAMP', 'RECORD', 'BattV_Avg', 'PTemp_C_Avg', 'Air_T_Avg', 'RH_Avg', 'BP_mbar_Avg', 'WS_Avg', 'WD_Avg', 'SlrW_Avg', 'rg001dc_ch_Tot', 'rg006dc_ch_Tot', 'rg008dc_ch_Tot', 'rg009dc_ch_Tot', 'rg004tb_ch_Tot']
shape: (8_640, 3)
┌─────────────────────┬───────────┬────────┐
│ TIMESTAMP           ┆ Air_T_Avg ┆ RH_Avg │
│ ---                 ┆ ---       ┆ ---    │
│ datetime[μs]        ┆ f64       ┆ f64    │
╞═════════════════════╪═══════════╪════════╡
│ 2024-02-21 00:00:10 ┆ 282.57    ┆ 88.64  │
│ 2024-02-21 00:00:20 ┆ 282.57    ┆ 88.88  │
│ 2024-02-21 00:00:30 ┆ 282.57    ┆ 89.1   │
│ 2024-02-21 00:00:40 ┆ 282.57    ┆ 89.26  │
│ 2024-02-21 00:00:50 ┆ 282.57    ┆ 89.32  │
│ …                   ┆ …         ┆ …      │
│ 2024-02-21 23:59:20 ┆ 282.57    ┆ 93.36  │
│ 2024-02-21 23:59:30 ┆ 282.57    ┆ 93.38  │
│ 2024-02-21 23:59:40 ┆ 282.55    ┆ 93.3   │
│ 2024-02-21 23:59:50 ┆ 282.55    ┆ 93.22  │
│ 2024-02-22 00:00:00 ┆ 282.53    ┆ 93.02  │
└─────────────────────┴───────────┴────────┘
[INFO] Correcting the 'time' variable in the NetCDF file.
<class 'netCDF4.Variable'>
float64 time(time)
    units: seconds since 1970-01-01 00:00:00
    standard_name: time
    long_name: Time (seconds since 1970-01-01 00:00:00)
    axis: T
    valid_min: 1708473610.0
    valid_max: 1708560000.0
    calendar: standard
unlimited dimensions: 
current shape = (8640,)
filling on, default _FillValue of 9.969209968386869e+36 used
Flagged 0 points where air_temperature < 245.0K as bad data (qc_flag = 2).
Found 0 points already flagged as bad data (flag=2)
QC flags successfully added to /gws/pw/j07/ncas_obs_vol2/cao/processing/ncas-temperature-rh-1/data/long-term/level1d/2024/stfc-temperature-rh-1_cao_20240221_surface-met_v1.1.nc.
Updated time units to 'seconds since 1970-01-01 00:00:00' in /gws/pw/j07/ncas_obs_vol2/cao/processing/ncas-temperature-rh-1/data/long-term/level1d/2024/stfc-temperature-rh-1_cao_20240221_surface-met_v1.1.nc
/gws/pw/j07/ncas_obs_vol2/cao/raw_data/met_cao/data/long-term/2024/202402/CR1000XSeries_Chilbolton_Rxcabinmet1_20240222.dat
Parsed column names: ['TIMESTAMP', 'RECORD', 'BattV_Avg', 'PTemp_C_Avg', 'Air_T_Avg', 'RH_Avg', 'BP_mbar_Avg', 'WS_Avg', 'WD_Avg', 'SlrW_Avg', 'rg001dc_ch_Tot', 'rg006dc_ch_Tot', 'rg008dc_ch_Tot', 'rg009dc_ch_Tot', 'rg004tb_ch_Tot']
shape: (8_640, 3)
┌─────────────────────┬───────────┬────────┐
│ TIMESTAMP           ┆ Air_T_Avg ┆ RH_Avg │
│ ---                 ┆ ---       ┆ ---    │
│ datetime[μs]        ┆ f64       ┆ f64    │
╞═════════════════════╪═══════════╪════════╡
│ 2024-02-22 00:00:10 ┆ 282.53    ┆ 92.76  │
│ 2024-02-22 00:00:20 ┆ 282.53    ┆ 92.6   │
│ 2024-02-22 00:00:30 ┆ 282.53    ┆ 92.7   │
│ 2024-02-22 00:00:40 ┆ 282.55    ┆ 92.88  │
│ 2024-02-22 00:00:50 ┆ 282.55    ┆ 93.08  │
│ …                   ┆ …         ┆ …      │
│ 2024-02-22 23:59:20 ┆ 276.47    ┆ 88.02  │
│ 2024-02-22 23:59:30 ┆ 276.49    ┆ 88.08  │
│ 2024-02-22 23:59:40 ┆ 276.51    ┆ 88.22  │
│ 2024-02-22 23:59:50 ┆ 276.55    ┆ 88.14  │
│ 2024-02-23 00:00:00 ┆ 276.57    ┆ 87.9   │
└─────────────────────┴───────────┴────────┘
[INFO] Correcting the 'time' variable in the NetCDF file.
<class 'netCDF4.Variable'>
float64 time(time)
    units: seconds since 1970-01-01 00:00:00
    standard_name: time
    long_name: Time (seconds since 1970-01-01 00:00:00)
    axis: T
    valid_min: 1708560010.0
    valid_max: 1708646400.0
    calendar: standard
unlimited dimensions: 
current shape = (8640,)
filling on, default _FillValue of 9.969209968386869e+36 used
Flagged 0 points where air_temperature < 245.0K as bad data (qc_flag = 2).
Found 0 points already flagged as bad data (flag=2)
QC flags successfully added to /gws/pw/j07/ncas_obs_vol2/cao/processing/ncas-temperature-rh-1/data/long-term/level1d/2024/stfc-temperature-rh-1_cao_20240222_surface-met_v1.1.nc.
Updated time units to 'seconds since 1970-01-01 00:00:00' in /gws/pw/j07/ncas_obs_vol2/cao/processing/ncas-temperature-rh-1/data/long-term/level1d/2024/stfc-temperature-rh-1_cao_20240222_surface-met_v1.1.nc
/gws/pw/j07/ncas_obs_vol2/cao/raw_data/met_cao/data/long-term/2024/202402/CR1000XSeries_Chilbolton_Rxcabinmet1_20240223.dat
Parsed column names: ['TIMESTAMP', 'RECORD', 'BattV_Avg', 'PTemp_C_Avg', 'Air_T_Avg', 'RH_Avg', 'BP_mbar_Avg', 'WS_Avg', 'WD_Avg', 'SlrW_Avg', 'rg001dc_ch_Tot', 'rg006dc_ch_Tot', 'rg008dc_ch_Tot', 'rg009dc_ch_Tot', 'rg004tb_ch_Tot']
shape: (8_640, 3)
┌─────────────────────┬───────────┬────────┐
│ TIMESTAMP           ┆ Air_T_Avg ┆ RH_Avg │
│ ---                 ┆ ---       ┆ ---    │
│ datetime[μs]        ┆ f64       ┆ f64    │
╞═════════════════════╪═══════════╪════════╡
│ 2024-02-23 00:00:10 ┆ 276.59    ┆ 87.8   │
│ 2024-02-23 00:00:20 ┆ 276.59    ┆ 87.78  │
│ 2024-02-23 00:00:30 ┆ 276.57    ┆ 87.68  │
│ 2024-02-23 00:00:40 ┆ 276.57    ┆ 87.6   │
│ 2024-02-23 00:00:50 ┆ 276.57    ┆ 87.52  │
│ …                   ┆ …         ┆ …      │
│ 2024-02-23 23:59:20 ┆ 274.01    ┆ 95.08  │
│ 2024-02-23 23:59:30 ┆ 273.99    ┆ 95.22  │
│ 2024-02-23 23:59:40 ┆ 274.01    ┆ 95.1   │
│ 2024-02-23 23:59:50 ┆ 274.03    ┆ 94.92  │
│ 2024-02-24 00:00:00 ┆ 274.03    ┆ 94.66  │
└─────────────────────┴───────────┴────────┘
[INFO] Correcting the 'time' variable in the NetCDF file.
<class 'netCDF4.Variable'>
float64 time(time)
    units: seconds since 1970-01-01 00:00:00
    standard_name: time
    long_name: Time (seconds since 1970-01-01 00:00:00)
    axis: T
    valid_min: 1708646410.0
    valid_max: 1708732800.0
    calendar: standard
unlimited dimensions: 
current shape = (8640,)
filling on, default _FillValue of 9.969209968386869e+36 used
Flagged 0 points where air_temperature < 245.0K as bad data (qc_flag = 2).
Found 0 points already flagged as bad data (flag=2)
QC flags successfully added to /gws/pw/j07/ncas_obs_vol2/cao/processing/ncas-temperature-rh-1/data/long-term/level1d/2024/stfc-temperature-rh-1_cao_20240223_surface-met_v1.1.nc.
Updated time units to 'seconds since 1970-01-01 00:00:00' in /gws/pw/j07/ncas_obs_vol2/cao/processing/ncas-temperature-rh-1/data/long-term/level1d/2024/stfc-temperature-rh-1_cao_20240223_surface-met_v1.1.nc
/gws/pw/j07/ncas_obs_vol2/cao/raw_data/met_cao/data/long-term/2024/202402/CR1000XSeries_Chilbolton_Rxcabinmet1_20240224.dat
Parsed column names: ['TIMESTAMP', 'RECORD', 'BattV_Avg', 'PTemp_C_Avg', 'Air_T_Avg', 'RH_Avg', 'BP_mbar_Avg', 'WS_Avg', 'WD_Avg', 'SlrW_Avg', 'rg001dc_ch_Tot', 'rg006dc_ch_Tot', 'rg008dc_ch_Tot', 'rg009dc_ch_Tot', 'rg004tb_ch_Tot']
shape: (8_640, 3)
┌─────────────────────┬───────────┬────────┐
│ TIMESTAMP           ┆ Air_T_Avg ┆ RH_Avg │
│ ---                 ┆ ---       ┆ ---    │
│ datetime[μs]        ┆ f64       ┆ f64    │
╞═════════════════════╪═══════════╪════════╡
│ 2024-02-24 00:00:10 ┆ 274.01    ┆ 94.48  │
│ 2024-02-24 00:00:20 ┆ 273.99    ┆ 94.52  │
│ 2024-02-24 00:00:30 ┆ 273.97    ┆ 94.7   │
│ 2024-02-24 00:00:40 ┆ 273.95    ┆ 94.78  │
│ 2024-02-24 00:00:50 ┆ 273.93    ┆ 94.84  │
│ …                   ┆ …         ┆ …      │
│ 2024-02-24 23:59:20 ┆ 273.93    ┆ 99.96  │
│ 2024-02-24 23:59:30 ┆ 273.89    ┆ 99.96  │
│ 2024-02-24 23:59:40 ┆ 273.89    ┆ 99.96  │
│ 2024-02-24 23:59:50 ┆ 273.91    ┆ 99.94  │
│ 2024-02-25 00:00:00 ┆ 273.93    ┆ 99.94  │
└─────────────────────┴───────────┴────────┘
[INFO] Correcting the 'time' variable in the NetCDF file.
<class 'netCDF4.Variable'>
float64 time(time)
    units: seconds since 1970-01-01 00:00:00
    standard_name: time
    long_name: Time (seconds since 1970-01-01 00:00:00)
    axis: T
    valid_min: 1708732810.0
    valid_max: 1708819200.0
    calendar: standard
unlimited dimensions: 
current shape = (8640,)
filling on, default _FillValue of 9.969209968386869e+36 used
Flagged 0 points where air_temperature < 245.0K as bad data (qc_flag = 2).
Found 0 points already flagged as bad data (flag=2)
QC flags successfully added to /gws/pw/j07/ncas_obs_vol2/cao/processing/ncas-temperature-rh-1/data/long-term/level1d/2024/stfc-temperature-rh-1_cao_20240224_surface-met_v1.1.nc.
Updated time units to 'seconds since 1970-01-01 00:00:00' in /gws/pw/j07/ncas_obs_vol2/cao/processing/ncas-temperature-rh-1/data/long-term/level1d/2024/stfc-temperature-rh-1_cao_20240224_surface-met_v1.1.nc
/gws/pw/j07/ncas_obs_vol2/cao/raw_data/met_cao/data/long-term/2024/202402/CR1000XSeries_Chilbolton_Rxcabinmet1_20240225.dat
Parsed column names: ['TIMESTAMP', 'RECORD', 'BattV_Avg', 'PTemp_C_Avg', 'Air_T_Avg', 'RH_Avg', 'BP_mbar_Avg', 'WS_Avg', 'WD_Avg', 'SlrW_Avg', 'rg001dc_ch_Tot', 'rg006dc_ch_Tot', 'rg008dc_ch_Tot', 'rg009dc_ch_Tot', 'rg004tb_ch_Tot']
shape: (8_640, 3)
┌─────────────────────┬───────────┬────────┐
│ TIMESTAMP           ┆ Air_T_Avg ┆ RH_Avg │
│ ---                 ┆ ---       ┆ ---    │
│ datetime[μs]        ┆ f64       ┆ f64    │
╞═════════════════════╪═══════════╪════════╡
│ 2024-02-25 00:00:10 ┆ 273.93    ┆ 99.96  │
│ 2024-02-25 00:00:20 ┆ 273.93    ┆ 99.96  │
│ 2024-02-25 00:00:30 ┆ 273.93    ┆ 99.94  │
│ 2024-02-25 00:00:40 ┆ 273.93    ┆ 99.94  │
│ 2024-02-25 00:00:50 ┆ 273.91    ┆ 99.94  │
│ …                   ┆ …         ┆ …      │
│ 2024-02-25 23:59:20 ┆ 278.43    ┆ 89.72  │
│ 2024-02-25 23:59:30 ┆ 278.43    ┆ 89.5   │
│ 2024-02-25 23:59:40 ┆ 278.43    ┆ 89.24  │
│ 2024-02-25 23:59:50 ┆ 278.43    ┆ 89.04  │
│ 2024-02-26 00:00:00 ┆ 278.43    ┆ 89.0   │
└─────────────────────┴───────────┴────────┘
[INFO] Correcting the 'time' variable in the NetCDF file.
<class 'netCDF4.Variable'>
float64 time(time)
    units: seconds since 1970-01-01 00:00:00
    standard_name: time
    long_name: Time (seconds since 1970-01-01 00:00:00)
    axis: T
    valid_min: 1708819210.0
    valid_max: 1708905600.0
    calendar: standard
unlimited dimensions: 
current shape = (8640,)
filling on, default _FillValue of 9.969209968386869e+36 used
Flagged 0 points where air_temperature < 245.0K as bad data (qc_flag = 2).
Found 0 points already flagged as bad data (flag=2)
QC flags successfully added to /gws/pw/j07/ncas_obs_vol2/cao/processing/ncas-temperature-rh-1/data/long-term/level1d/2024/stfc-temperature-rh-1_cao_20240225_surface-met_v1.1.nc.
Updated time units to 'seconds since 1970-01-01 00:00:00' in /gws/pw/j07/ncas_obs_vol2/cao/processing/ncas-temperature-rh-1/data/long-term/level1d/2024/stfc-temperature-rh-1_cao_20240225_surface-met_v1.1.nc
/gws/pw/j07/ncas_obs_vol2/cao/raw_data/met_cao/data/long-term/2024/202402/CR1000XSeries_Chilbolton_Rxcabinmet1_20240226.dat
Parsed column names: ['TIMESTAMP', 'RECORD', 'BattV_Avg', 'PTemp_C_Avg', 'Air_T_Avg', 'RH_Avg', 'BP_mbar_Avg', 'WS_Avg', 'WD_Avg', 'SlrW_Avg', 'rg001dc_ch_Tot', 'rg006dc_ch_Tot', 'rg008dc_ch_Tot', 'rg009dc_ch_Tot', 'rg004tb_ch_Tot']
shape: (8_640, 3)
┌─────────────────────┬───────────┬────────┐
│ TIMESTAMP           ┆ Air_T_Avg ┆ RH_Avg │
│ ---                 ┆ ---       ┆ ---    │
│ datetime[μs]        ┆ f64       ┆ f64    │
╞═════════════════════╪═══════════╪════════╡
│ 2024-02-26 00:00:10 ┆ 278.45    ┆ 89.0   │
│ 2024-02-26 00:00:20 ┆ 278.43    ┆ 89.12  │
│ 2024-02-26 00:00:30 ┆ 278.45    ┆ 89.48  │
│ 2024-02-26 00:00:40 ┆ 278.45    ┆ 89.8   │
│ 2024-02-26 00:00:50 ┆ 278.43    ┆ 89.66  │
│ …                   ┆ …         ┆ …      │
│ 2024-02-26 23:59:20 ┆ 276.23    ┆ 88.34  │
│ 2024-02-26 23:59:30 ┆ 276.29    ┆ 88.5   │
│ 2024-02-26 23:59:40 ┆ 276.37    ┆ 89.02  │
│ 2024-02-26 23:59:50 ┆ 276.35    ┆ 90.34  │
│ 2024-02-27 00:00:00 ┆ 276.29    ┆ 91.1   │
└─────────────────────┴───────────┴────────┘
[INFO] Correcting the 'time' variable in the NetCDF file.
<class 'netCDF4.Variable'>
float64 time(time)
    units: seconds since 1970-01-01 00:00:00
    standard_name: time
    long_name: Time (seconds since 1970-01-01 00:00:00)
    axis: T
    valid_min: 1708905610.0
    valid_max: 1708992000.0
    calendar: standard
unlimited dimensions: 
current shape = (8640,)
filling on, default _FillValue of 9.969209968386869e+36 used
Flagged 0 points where air_temperature < 245.0K as bad data (qc_flag = 2).
Found 0 points already flagged as bad data (flag=2)
QC flags successfully added to /gws/pw/j07/ncas_obs_vol2/cao/processing/ncas-temperature-rh-1/data/long-term/level1d/2024/stfc-temperature-rh-1_cao_20240226_surface-met_v1.1.nc.
Updated time units to 'seconds since 1970-01-01 00:00:00' in /gws/pw/j07/ncas_obs_vol2/cao/processing/ncas-temperature-rh-1/data/long-term/level1d/2024/stfc-temperature-rh-1_cao_20240226_surface-met_v1.1.nc
/gws/pw/j07/ncas_obs_vol2/cao/raw_data/met_cao/data/long-term/2024/202402/CR1000XSeries_Chilbolton_Rxcabinmet1_20240227.dat
Parsed column names: ['TIMESTAMP', 'RECORD', 'BattV_Avg', 'PTemp_C_Avg', 'Air_T_Avg', 'RH_Avg', 'BP_mbar_Avg', 'WS_Avg', 'WD_Avg', 'SlrW_Avg', 'rg001dc_ch_Tot', 'rg006dc_ch_Tot', 'rg008dc_ch_Tot', 'rg009dc_ch_Tot', 'rg004tb_ch_Tot']
shape: (8_640, 3)
┌─────────────────────┬───────────┬────────┐
│ TIMESTAMP           ┆ Air_T_Avg ┆ RH_Avg │
│ ---                 ┆ ---       ┆ ---    │
│ datetime[μs]        ┆ f64       ┆ f64    │
╞═════════════════════╪═══════════╪════════╡
│ 2024-02-27 00:00:10 ┆ 276.23    ┆ 90.92  │
│ 2024-02-27 00:00:20 ┆ 276.21    ┆ 90.3   │
│ 2024-02-27 00:00:30 ┆ 276.21    ┆ 89.42  │
│ 2024-02-27 00:00:40 ┆ 276.21    ┆ 88.4   │
│ 2024-02-27 00:00:50 ┆ 276.23    ┆ 87.88  │
│ …                   ┆ …         ┆ …      │
│ 2024-02-27 23:59:20 ┆ 280.51    ┆ 98.46  │
│ 2024-02-27 23:59:30 ┆ 280.51    ┆ 98.52  │
│ 2024-02-27 23:59:40 ┆ 280.51    ┆ 98.5   │
│ 2024-02-27 23:59:50 ┆ 280.53    ┆ 98.5   │
│ 2024-02-28 00:00:00 ┆ 280.53    ┆ 98.56  │
└─────────────────────┴───────────┴────────┘
[INFO] Correcting the 'time' variable in the NetCDF file.
<class 'netCDF4.Variable'>
float64 time(time)
    units: seconds since 1970-01-01 00:00:00
    standard_name: time
    long_name: Time (seconds since 1970-01-01 00:00:00)
    axis: T
    valid_min: 1708992010.0
    valid_max: 1709078400.0
    calendar: standard
unlimited dimensions: 
current shape = (8640,)
filling on, default _FillValue of 9.969209968386869e+36 used
Flagged 0 points where air_temperature < 245.0K as bad data (qc_flag = 2).
Found 0 points already flagged as bad data (flag=2)
QC flags successfully added to /gws/pw/j07/ncas_obs_vol2/cao/processing/ncas-temperature-rh-1/data/long-term/level1d/2024/stfc-temperature-rh-1_cao_20240227_surface-met_v1.1.nc.
Updated time units to 'seconds since 1970-01-01 00:00:00' in /gws/pw/j07/ncas_obs_vol2/cao/processing/ncas-temperature-rh-1/data/long-term/level1d/2024/stfc-temperature-rh-1_cao_20240227_surface-met_v1.1.nc
/gws/pw/j07/ncas_obs_vol2/cao/raw_data/met_cao/data/long-term/2024/202402/CR1000XSeries_Chilbolton_Rxcabinmet1_20240228.dat
Parsed column names: ['TIMESTAMP', 'RECORD', 'BattV_Avg', 'PTemp_C_Avg', 'Air_T_Avg', 'RH_Avg', 'BP_mbar_Avg', 'WS_Avg', 'WD_Avg', 'SlrW_Avg', 'rg001dc_ch_Tot', 'rg006dc_ch_Tot', 'rg008dc_ch_Tot', 'rg009dc_ch_Tot', 'rg004tb_ch_Tot']
shape: (8_640, 3)
┌─────────────────────┬───────────┬────────┐
│ TIMESTAMP           ┆ Air_T_Avg ┆ RH_Avg │
│ ---                 ┆ ---       ┆ ---    │
│ datetime[μs]        ┆ f64       ┆ f64    │
╞═════════════════════╪═══════════╪════════╡
│ 2024-02-28 00:00:10 ┆ 280.53    ┆ 98.6   │
│ 2024-02-28 00:00:20 ┆ 280.53    ┆ 98.58  │
│ 2024-02-28 00:00:30 ┆ 280.53    ┆ 98.54  │
│ 2024-02-28 00:00:40 ┆ 280.53    ┆ 98.5   │
│ 2024-02-28 00:00:50 ┆ 280.53    ┆ 98.44  │
│ …                   ┆ …         ┆ …      │
│ 2024-02-28 23:59:20 ┆ 283.05    ┆ 96.74  │
│ 2024-02-28 23:59:30 ┆ 283.05    ┆ 96.68  │
│ 2024-02-28 23:59:40 ┆ 283.05    ┆ 96.68  │
│ 2024-02-28 23:59:50 ┆ 283.07    ┆ 96.7   │
│ 2024-02-29 00:00:00 ┆ 283.05    ┆ 96.68  │
└─────────────────────┴───────────┴────────┘
[INFO] Correcting the 'time' variable in the NetCDF file.
<class 'netCDF4.Variable'>
float64 time(time)
    units: seconds since 1970-01-01 00:00:00
    standard_name: time
    long_name: Time (seconds since 1970-01-01 00:00:00)
    axis: T
    valid_min: 1709078410.0
    valid_max: 1709164800.0
    calendar: standard
unlimited dimensions: 
current shape = (8640,)
filling on, default _FillValue of 9.969209968386869e+36 used
Flagged 0 points where air_temperature < 245.0K as bad data (qc_flag = 2).
Found 0 points already flagged as bad data (flag=2)
QC flags successfully added to /gws/pw/j07/ncas_obs_vol2/cao/processing/ncas-temperature-rh-1/data/long-term/level1d/2024/stfc-temperature-rh-1_cao_20240228_surface-met_v1.1.nc.
Updated time units to 'seconds since 1970-01-01 00:00:00' in /gws/pw/j07/ncas_obs_vol2/cao/processing/ncas-temperature-rh-1/data/long-term/level1d/2024/stfc-temperature-rh-1_cao_20240228_surface-met_v1.1.nc
/gws/pw/j07/ncas_obs_vol2/cao/raw_data/met_cao/data/long-term/2024/202402/CR1000XSeries_Chilbolton_Rxcabinmet1_20240229.dat
Parsed column names: ['TIMESTAMP', 'RECORD', 'BattV_Avg', 'PTemp_C_Avg', 'Air_T_Avg', 'RH_Avg', 'BP_mbar_Avg', 'WS_Avg', 'WD_Avg', 'SlrW_Avg', 'rg001dc_ch_Tot', 'rg006dc_ch_Tot', 'rg008dc_ch_Tot', 'rg009dc_ch_Tot', 'rg004tb_ch_Tot']
shape: (8_640, 3)
┌─────────────────────┬───────────┬────────┐
│ TIMESTAMP           ┆ Air_T_Avg ┆ RH_Avg │
│ ---                 ┆ ---       ┆ ---    │
│ datetime[μs]        ┆ f64       ┆ f64    │
╞═════════════════════╪═══════════╪════════╡
│ 2024-02-29 00:00:10 ┆ 283.07    ┆ 96.7   │
│ 2024-02-29 00:00:20 ┆ 283.07    ┆ 96.66  │
│ 2024-02-29 00:00:30 ┆ 283.07    ┆ 96.56  │
│ 2024-02-29 00:00:40 ┆ 283.07    ┆ 96.5   │
│ 2024-02-29 00:00:50 ┆ 283.07    ┆ 96.5   │
│ …                   ┆ …         ┆ …      │
│ 2024-02-29 23:59:20 ┆ 276.71    ┆ 89.94  │
│ 2024-02-29 23:59:30 ┆ 276.71    ┆ 90.12  │
│ 2024-02-29 23:59:40 ┆ 276.73    ┆ 90.06  │
│ 2024-02-29 23:59:50 ┆ 276.77    ┆ 89.84  │
│ 2024-03-01 00:00:00 ┆ 276.79    ┆ 89.62  │
└─────────────────────┴───────────┴────────┘
[INFO] Correcting the 'time' variable in the NetCDF file.
<class 'netCDF4.Variable'>
float64 time(time)
    units: seconds since 1970-01-01 00:00:00
    standard_name: time
    long_name: Time (seconds since 1970-01-01 00:00:00)
    axis: T
    valid_min: 1709164810.0
    valid_max: 1709251200.0
    calendar: standard
unlimited dimensions: 
current shape = (8640,)
filling on, default _FillValue of 9.969209968386869e+36 used
Flagged 0 points where air_temperature < 245.0K as bad data (qc_flag = 2).
Found 0 points already flagged as bad data (flag=2)
QC flags successfully added to /gws/pw/j07/ncas_obs_vol2/cao/processing/ncas-temperature-rh-1/data/long-term/level1d/2024/stfc-temperature-rh-1_cao_20240229_surface-met_v1.1.nc.
Updated time units to 'seconds since 1970-01-01 00:00:00' in /gws/pw/j07/ncas_obs_vol2/cao/processing/ncas-temperature-rh-1/data/long-term/level1d/2024/stfc-temperature-rh-1_cao_20240229_surface-met_v1.1.nc
/gws/pw/j07/ncas_obs_vol2/cao/raw_data/met_cao/data/long-term/2024/202403/CR1000XSeries_Chilbolton_Rxcabinmet1_20240301.dat
Parsed column names: ['TIMESTAMP', 'RECORD', 'BattV_Avg', 'PTemp_C_Avg', 'Air_T_Avg', 'RH_Avg', 'BP_mbar_Avg', 'WS_Avg', 'WD_Avg', 'SlrW_Avg', 'rg001dc_ch_Tot', 'rg006dc_ch_Tot', 'rg008dc_ch_Tot', 'rg009dc_ch_Tot', 'rg004tb_ch_Tot']
shape: (8_640, 3)
┌─────────────────────┬───────────┬────────┐
│ TIMESTAMP           ┆ Air_T_Avg ┆ RH_Avg │
│ ---                 ┆ ---       ┆ ---    │
│ datetime[μs]        ┆ f64       ┆ f64    │
╞═════════════════════╪═══════════╪════════╡
│ 2024-03-01 00:00:10 ┆ 276.79    ┆ 89.54  │
│ 2024-03-01 00:00:20 ┆ 276.77    ┆ 89.5   │
│ 2024-03-01 00:00:30 ┆ 276.75    ┆ 89.46  │
│ 2024-03-01 00:00:40 ┆ 276.75    ┆ 89.4   │
│ 2024-03-01 00:00:50 ┆ 276.73    ┆ 89.44  │
│ …                   ┆ …         ┆ …      │
│ 2024-03-01 23:59:20 ┆ 276.79    ┆ 92.08  │
│ 2024-03-01 23:59:30 ┆ 276.79    ┆ 91.58  │
│ 2024-03-01 23:59:40 ┆ 276.81    ┆ 90.94  │
│ 2024-03-01 23:59:50 ┆ 276.81    ┆ 90.6   │
│ 2024-03-02 00:00:00 ┆ 276.81    ┆ 90.64  │
└─────────────────────┴───────────┴────────┘
[INFO] Correcting the 'time' variable in the NetCDF file.
<class 'netCDF4.Variable'>
float64 time(time)
    units: seconds since 1970-01-01 00:00:00
    standard_name: time
    long_name: Time (seconds since 1970-01-01 00:00:00)
    axis: T
    valid_min: 1709251210.0
    valid_max: 1709337600.0
    calendar: standard
unlimited dimensions: 
current shape = (8640,)
filling on, default _FillValue of 9.969209968386869e+36 used
Flagged 0 points where air_temperature < 245.0K as bad data (qc_flag = 2).
Found 0 points already flagged as bad data (flag=2)
QC flags successfully added to /gws/pw/j07/ncas_obs_vol2/cao/processing/ncas-temperature-rh-1/data/long-term/level1d/2024/stfc-temperature-rh-1_cao_20240301_surface-met_v1.1.nc.
Updated time units to 'seconds since 1970-01-01 00:00:00' in /gws/pw/j07/ncas_obs_vol2/cao/processing/ncas-temperature-rh-1/data/long-term/level1d/2024/stfc-temperature-rh-1_cao_20240301_surface-met_v1.1.nc
/gws/pw/j07/ncas_obs_vol2/cao/raw_data/met_cao/data/long-term/2024/202403/CR1000XSeries_Chilbolton_Rxcabinmet1_20240302.dat
Parsed column names: ['TIMESTAMP', 'RECORD', 'BattV_Avg', 'PTemp_C_Avg', 'Air_T_Avg', 'RH_Avg', 'BP_mbar_Avg', 'WS_Avg', 'WD_Avg', 'SlrW_Avg', 'rg001dc_ch_Tot', 'rg006dc_ch_Tot', 'rg008dc_ch_Tot', 'rg009dc_ch_Tot', 'rg004tb_ch_Tot']
shape: (8_640, 3)
┌─────────────────────┬───────────┬────────┐
│ TIMESTAMP           ┆ Air_T_Avg ┆ RH_Avg │
│ ---                 ┆ ---       ┆ ---    │
│ datetime[μs]        ┆ f64       ┆ f64    │
╞═════════════════════╪═══════════╪════════╡
│ 2024-03-02 00:00:10 ┆ 276.81    ┆ 91.04  │
│ 2024-03-02 00:00:20 ┆ 276.81    ┆ 91.44  │
│ 2024-03-02 00:00:30 ┆ 276.81    ┆ 91.98  │
│ 2024-03-02 00:00:40 ┆ 276.83    ┆ 92.16  │
│ 2024-03-02 00:00:50 ┆ 276.83    ┆ 91.98  │
│ …                   ┆ …         ┆ …      │
│ 2024-03-02 23:59:20 ┆ 273.73    ┆ 97.0   │
│ 2024-03-02 23:59:30 ┆ 273.73    ┆ 96.72  │
│ 2024-03-02 23:59:40 ┆ 273.75    ┆ 96.48  │
│ 2024-03-02 23:59:50 ┆ 273.73    ┆ 96.28  │
│ 2024-03-03 00:00:00 ┆ 273.71    ┆ 96.24  │
└─────────────────────┴───────────┴────────┘
[INFO] Correcting the 'time' variable in the NetCDF file.
<class 'netCDF4.Variable'>
float64 time(time)
    units: seconds since 1970-01-01 00:00:00
    standard_name: time
    long_name: Time (seconds since 1970-01-01 00:00:00)
    axis: T
    valid_min: 1709337610.0
    valid_max: 1709424000.0
    calendar: standard
unlimited dimensions: 
current shape = (8640,)
filling on, default _FillValue of 9.969209968386869e+36 used
Flagged 0 points where air_temperature < 245.0K as bad data (qc_flag = 2).
Found 0 points already flagged as bad data (flag=2)
QC flags successfully added to /gws/pw/j07/ncas_obs_vol2/cao/processing/ncas-temperature-rh-1/data/long-term/level1d/2024/stfc-temperature-rh-1_cao_20240302_surface-met_v1.1.nc.
Updated time units to 'seconds since 1970-01-01 00:00:00' in /gws/pw/j07/ncas_obs_vol2/cao/processing/ncas-temperature-rh-1/data/long-term/level1d/2024/stfc-temperature-rh-1_cao_20240302_surface-met_v1.1.nc
/gws/pw/j07/ncas_obs_vol2/cao/raw_data/met_cao/data/long-term/2024/202403/CR1000XSeries_Chilbolton_Rxcabinmet1_20240303.dat
Parsed column names: ['TIMESTAMP', 'RECORD', 'BattV_Avg', 'PTemp_C_Avg', 'Air_T_Avg', 'RH_Avg', 'BP_mbar_Avg', 'WS_Avg', 'WD_Avg', 'SlrW_Avg', 'rg001dc_ch_Tot', 'rg006dc_ch_Tot', 'rg008dc_ch_Tot', 'rg009dc_ch_Tot', 'rg004tb_ch_Tot']
shape: (8_640, 3)
┌─────────────────────┬───────────┬────────┐
│ TIMESTAMP           ┆ Air_T_Avg ┆ RH_Avg │
│ ---                 ┆ ---       ┆ ---    │
│ datetime[μs]        ┆ f64       ┆ f64    │
╞═════════════════════╪═══════════╪════════╡
│ 2024-03-03 00:00:10 ┆ 273.69    ┆ 96.34  │
│ 2024-03-03 00:00:20 ┆ 273.69    ┆ 96.5   │
│ 2024-03-03 00:00:30 ┆ 273.67    ┆ 96.7   │
│ 2024-03-03 00:00:40 ┆ 273.67    ┆ 96.8   │
│ 2024-03-03 00:00:50 ┆ 273.67    ┆ 96.92  │
│ …                   ┆ …         ┆ …      │
│ 2024-03-03 23:59:20 ┆ 273.35    ┆ 95.52  │
│ 2024-03-03 23:59:30 ┆ 273.35    ┆ 95.5   │
│ 2024-03-03 23:59:40 ┆ 273.33    ┆ 95.62  │
│ 2024-03-03 23:59:50 ┆ 273.33    ┆ 95.88  │
│ 2024-03-04 00:00:00 ┆ 273.29    ┆ 96.16  │
└─────────────────────┴───────────┴────────┘
[INFO] Correcting the 'time' variable in the NetCDF file.
<class 'netCDF4.Variable'>
float64 time(time)
    units: seconds since 1970-01-01 00:00:00
    standard_name: time
    long_name: Time (seconds since 1970-01-01 00:00:00)
    axis: T
    valid_min: 1709424010.0
    valid_max: 1709510400.0
    calendar: standard
unlimited dimensions: 
current shape = (8640,)
filling on, default _FillValue of 9.969209968386869e+36 used
Flagged 0 points where air_temperature < 245.0K as bad data (qc_flag = 2).
Found 0 points already flagged as bad data (flag=2)
QC flags successfully added to /gws/pw/j07/ncas_obs_vol2/cao/processing/ncas-temperature-rh-1/data/long-term/level1d/2024/stfc-temperature-rh-1_cao_20240303_surface-met_v1.1.nc.
Updated time units to 'seconds since 1970-01-01 00:00:00' in /gws/pw/j07/ncas_obs_vol2/cao/processing/ncas-temperature-rh-1/data/long-term/level1d/2024/stfc-temperature-rh-1_cao_20240303_surface-met_v1.1.nc
/gws/pw/j07/ncas_obs_vol2/cao/raw_data/met_cao/data/long-term/2024/202403/CR1000XSeries_Chilbolton_Rxcabinmet1_20240304.dat
Parsed column names: ['TIMESTAMP', 'RECORD', 'BattV_Avg', 'PTemp_C_Avg', 'Air_T_Avg', 'RH_Avg', 'BP_mbar_Avg', 'WS_Avg', 'WD_Avg', 'SlrW_Avg', 'rg001dc_ch_Tot', 'rg006dc_ch_Tot', 'rg008dc_ch_Tot', 'rg009dc_ch_Tot', 'rg004tb_ch_Tot']
shape: (8_640, 3)
┌─────────────────────┬───────────┬────────┐
│ TIMESTAMP           ┆ Air_T_Avg ┆ RH_Avg │
│ ---                 ┆ ---       ┆ ---    │
│ datetime[μs]        ┆ f64       ┆ f64    │
╞═════════════════════╪═══════════╪════════╡
│ 2024-03-04 00:00:10 ┆ 273.29    ┆ 96.46  │
│ 2024-03-04 00:00:20 ┆ 273.27    ┆ 96.68  │
│ 2024-03-04 00:00:30 ┆ 273.23    ┆ 96.72  │
│ 2024-03-04 00:00:40 ┆ 273.23    ┆ 96.64  │
│ 2024-03-04 00:00:50 ┆ 273.21    ┆ 96.48  │
│ …                   ┆ …         ┆ …      │
│ 2024-03-04 23:59:20 ┆ 279.31    ┆ 97.38  │
│ 2024-03-04 23:59:30 ┆ 279.31    ┆ 97.58  │
│ 2024-03-04 23:59:40 ┆ 279.31    ┆ 97.88  │
│ 2024-03-04 23:59:50 ┆ 279.31    ┆ 98.26  │
│ 2024-03-05 00:00:00 ┆ 279.33    ┆ 98.38  │
└─────────────────────┴───────────┴────────┘
[INFO] Correcting the 'time' variable in the NetCDF file.
<class 'netCDF4.Variable'>
float64 time(time)
    units: seconds since 1970-01-01 00:00:00
    standard_name: time
    long_name: Time (seconds since 1970-01-01 00:00:00)
    axis: T
    valid_min: 1709510410.0
    valid_max: 1709596800.0
    calendar: standard
unlimited dimensions: 
current shape = (8640,)
filling on, default _FillValue of 9.969209968386869e+36 used
Flagged 0 points where air_temperature < 245.0K as bad data (qc_flag = 2).
Found 0 points already flagged as bad data (flag=2)
QC flags successfully added to /gws/pw/j07/ncas_obs_vol2/cao/processing/ncas-temperature-rh-1/data/long-term/level1d/2024/stfc-temperature-rh-1_cao_20240304_surface-met_v1.1.nc.
Updated time units to 'seconds since 1970-01-01 00:00:00' in /gws/pw/j07/ncas_obs_vol2/cao/processing/ncas-temperature-rh-1/data/long-term/level1d/2024/stfc-temperature-rh-1_cao_20240304_surface-met_v1.1.nc
/gws/pw/j07/ncas_obs_vol2/cao/raw_data/met_cao/data/long-term/2024/202403/CR1000XSeries_Chilbolton_Rxcabinmet1_20240305.dat
Parsed column names: ['TIMESTAMP', 'RECORD', 'BattV_Avg', 'PTemp_C_Avg', 'Air_T_Avg', 'RH_Avg', 'BP_mbar_Avg', 'WS_Avg', 'WD_Avg', 'SlrW_Avg', 'rg001dc_ch_Tot', 'rg006dc_ch_Tot', 'rg008dc_ch_Tot', 'rg009dc_ch_Tot', 'rg004tb_ch_Tot']
shape: (8_640, 3)
┌─────────────────────┬───────────┬────────┐
│ TIMESTAMP           ┆ Air_T_Avg ┆ RH_Avg │
│ ---                 ┆ ---       ┆ ---    │
│ datetime[μs]        ┆ f64       ┆ f64    │
╞═════════════════════╪═══════════╪════════╡
│ 2024-03-05 00:00:10 ┆ 279.29    ┆ 98.38  │
│ 2024-03-05 00:00:20 ┆ 279.29    ┆ 98.24  │
│ 2024-03-05 00:00:30 ┆ 279.31    ┆ 97.78  │
│ 2024-03-05 00:00:40 ┆ 279.35    ┆ 97.3   │
│ 2024-03-05 00:00:50 ┆ 279.39    ┆ 97.18  │
│ …                   ┆ …         ┆ …      │
│ 2024-03-05 23:59:20 ┆ 275.51    ┆ 97.1   │
│ 2024-03-05 23:59:30 ┆ 275.51    ┆ 97.1   │
│ 2024-03-05 23:59:40 ┆ 275.53    ┆ 97.1   │
│ 2024-03-05 23:59:50 ┆ 275.53    ┆ 97.1   │
│ 2024-03-06 00:00:00 ┆ 275.53    ┆ 97.06  │
└─────────────────────┴───────────┴────────┘
[INFO] Correcting the 'time' variable in the NetCDF file.
<class 'netCDF4.Variable'>
float64 time(time)
    units: seconds since 1970-01-01 00:00:00
    standard_name: time
    long_name: Time (seconds since 1970-01-01 00:00:00)
    axis: T
    valid_min: 1709596810.0
    valid_max: 1709683200.0
    calendar: standard
unlimited dimensions: 
current shape = (8640,)
filling on, default _FillValue of 9.969209968386869e+36 used
Flagged 0 points where air_temperature < 245.0K as bad data (qc_flag = 2).
Found 0 points already flagged as bad data (flag=2)
QC flags successfully added to /gws/pw/j07/ncas_obs_vol2/cao/processing/ncas-temperature-rh-1/data/long-term/level1d/2024/stfc-temperature-rh-1_cao_20240305_surface-met_v1.1.nc.
Updated time units to 'seconds since 1970-01-01 00:00:00' in /gws/pw/j07/ncas_obs_vol2/cao/processing/ncas-temperature-rh-1/data/long-term/level1d/2024/stfc-temperature-rh-1_cao_20240305_surface-met_v1.1.nc
/gws/pw/j07/ncas_obs_vol2/cao/raw_data/met_cao/data/long-term/2024/202403/CR1000XSeries_Chilbolton_Rxcabinmet1_20240306.dat
Parsed column names: ['TIMESTAMP', 'RECORD', 'BattV_Avg', 'PTemp_C_Avg', 'Air_T_Avg', 'RH_Avg', 'BP_mbar_Avg', 'WS_Avg', 'WD_Avg', 'SlrW_Avg', 'rg001dc_ch_Tot', 'rg006dc_ch_Tot', 'rg008dc_ch_Tot', 'rg009dc_ch_Tot', 'rg004tb_ch_Tot']
shape: (8_640, 3)
┌─────────────────────┬───────────┬────────┐
│ TIMESTAMP           ┆ Air_T_Avg ┆ RH_Avg │
│ ---                 ┆ ---       ┆ ---    │
│ datetime[μs]        ┆ f64       ┆ f64    │
╞═════════════════════╪═══════════╪════════╡
│ 2024-03-06 00:00:10 ┆ 275.55    ┆ 96.88  │
│ 2024-03-06 00:00:20 ┆ 275.59    ┆ 96.62  │
│ 2024-03-06 00:00:30 ┆ 275.61    ┆ 96.48  │
│ 2024-03-06 00:00:40 ┆ 275.65    ┆ 96.34  │
│ 2024-03-06 00:00:50 ┆ 275.69    ┆ 96.46  │
│ …                   ┆ …         ┆ …      │
│ 2024-03-06 23:59:20 ┆ 275.45    ┆ 99.7   │
│ 2024-03-06 23:59:30 ┆ 275.37    ┆ 99.96  │
│ 2024-03-06 23:59:40 ┆ 275.35    ┆ 99.98  │
│ 2024-03-06 23:59:50 ┆ 275.35    ┆ 99.96  │
│ 2024-03-07 00:00:00 ┆ 275.33    ┆ 99.98  │
└─────────────────────┴───────────┴────────┘
[INFO] Correcting the 'time' variable in the NetCDF file.
<class 'netCDF4.Variable'>
float64 time(time)
    units: seconds since 1970-01-01 00:00:00
    standard_name: time
    long_name: Time (seconds since 1970-01-01 00:00:00)
    axis: T
    valid_min: 1709683210.0
    valid_max: 1709769600.0
    calendar: standard
unlimited dimensions: 
current shape = (8640,)
filling on, default _FillValue of 9.969209968386869e+36 used
Flagged 0 points where air_temperature < 245.0K as bad data (qc_flag = 2).
Found 0 points already flagged as bad data (flag=2)
QC flags successfully added to /gws/pw/j07/ncas_obs_vol2/cao/processing/ncas-temperature-rh-1/data/long-term/level1d/2024/stfc-temperature-rh-1_cao_20240306_surface-met_v1.1.nc.
Updated time units to 'seconds since 1970-01-01 00:00:00' in /gws/pw/j07/ncas_obs_vol2/cao/processing/ncas-temperature-rh-1/data/long-term/level1d/2024/stfc-temperature-rh-1_cao_20240306_surface-met_v1.1.nc
/gws/pw/j07/ncas_obs_vol2/cao/raw_data/met_cao/data/long-term/2024/202403/CR1000XSeries_Chilbolton_Rxcabinmet1_20240307.dat
Parsed column names: ['TIMESTAMP', 'RECORD', 'BattV_Avg', 'PTemp_C_Avg', 'Air_T_Avg', 'RH_Avg', 'BP_mbar_Avg', 'WS_Avg', 'WD_Avg', 'SlrW_Avg', 'rg001dc_ch_Tot', 'rg006dc_ch_Tot', 'rg008dc_ch_Tot', 'rg009dc_ch_Tot', 'rg004tb_ch_Tot']
shape: (8_640, 3)
┌─────────────────────┬───────────┬────────┐
│ TIMESTAMP           ┆ Air_T_Avg ┆ RH_Avg │
│ ---                 ┆ ---       ┆ ---    │
│ datetime[μs]        ┆ f64       ┆ f64    │
╞═════════════════════╪═══════════╪════════╡
│ 2024-03-07 00:00:10 ┆ 275.31    ┆ 99.96  │
│ 2024-03-07 00:00:20 ┆ 275.31    ┆ 99.96  │
│ 2024-03-07 00:00:30 ┆ 275.29    ┆ 99.94  │
│ 2024-03-07 00:00:40 ┆ 275.27    ┆ 99.96  │
│ 2024-03-07 00:00:50 ┆ 275.25    ┆ 99.96  │
│ …                   ┆ …         ┆ …      │
│ 2024-03-07 23:59:20 ┆ 277.41    ┆ 89.1   │
│ 2024-03-07 23:59:30 ┆ 277.41    ┆ 89.94  │
│ 2024-03-07 23:59:40 ┆ 277.39    ┆ 90.32  │
│ 2024-03-07 23:59:50 ┆ 277.43    ┆ 90.02  │
│ 2024-03-08 00:00:00 ┆ 277.43    ┆ 89.62  │
└─────────────────────┴───────────┴────────┘
[INFO] Correcting the 'time' variable in the NetCDF file.
<class 'netCDF4.Variable'>
float64 time(time)
    units: seconds since 1970-01-01 00:00:00
    standard_name: time
    long_name: Time (seconds since 1970-01-01 00:00:00)
    axis: T
    valid_min: 1709769610.0
    valid_max: 1709856000.0
    calendar: standard
unlimited dimensions: 
current shape = (8640,)
filling on, default _FillValue of 9.969209968386869e+36 used
Flagged 0 points where air_temperature < 245.0K as bad data (qc_flag = 2).
Found 0 points already flagged as bad data (flag=2)
QC flags successfully added to /gws/pw/j07/ncas_obs_vol2/cao/processing/ncas-temperature-rh-1/data/long-term/level1d/2024/stfc-temperature-rh-1_cao_20240307_surface-met_v1.1.nc.
Updated time units to 'seconds since 1970-01-01 00:00:00' in /gws/pw/j07/ncas_obs_vol2/cao/processing/ncas-temperature-rh-1/data/long-term/level1d/2024/stfc-temperature-rh-1_cao_20240307_surface-met_v1.1.nc
/gws/pw/j07/ncas_obs_vol2/cao/raw_data/met_cao/data/long-term/2024/202403/CR1000XSeries_Chilbolton_Rxcabinmet1_20240308.dat
Parsed column names: ['TIMESTAMP', 'RECORD', 'BattV_Avg', 'PTemp_C_Avg', 'Air_T_Avg', 'RH_Avg', 'BP_mbar_Avg', 'WS_Avg', 'WD_Avg', 'SlrW_Avg', 'rg001dc_ch_Tot', 'rg006dc_ch_Tot', 'rg008dc_ch_Tot', 'rg009dc_ch_Tot', 'rg004tb_ch_Tot']
shape: (8_640, 3)
┌─────────────────────┬───────────┬────────┐
│ TIMESTAMP           ┆ Air_T_Avg ┆ RH_Avg │
│ ---                 ┆ ---       ┆ ---    │
│ datetime[μs]        ┆ f64       ┆ f64    │
╞═════════════════════╪═══════════╪════════╡
│ 2024-03-08 00:00:10 ┆ 277.43    ┆ 89.1   │
│ 2024-03-08 00:00:20 ┆ 277.43    ┆ 88.58  │
│ 2024-03-08 00:00:30 ┆ 277.47    ┆ 88.36  │
│ 2024-03-08 00:00:40 ┆ 277.47    ┆ 88.58  │
│ 2024-03-08 00:00:50 ┆ 277.45    ┆ 89.0   │
│ …                   ┆ …         ┆ …      │
│ 2024-03-08 23:59:20 ┆ 278.03    ┆ 88.16  │
│ 2024-03-08 23:59:30 ┆ 278.01    ┆ 88.44  │
│ 2024-03-08 23:59:40 ┆ 278.01    ┆ 88.44  │
│ 2024-03-08 23:59:50 ┆ 277.99    ┆ 88.3   │
│ 2024-03-09 00:00:00 ┆ 277.99    ┆ 87.98  │
└─────────────────────┴───────────┴────────┘
[INFO] Correcting the 'time' variable in the NetCDF file.
<class 'netCDF4.Variable'>
float64 time(time)
    units: seconds since 1970-01-01 00:00:00
    standard_name: time
    long_name: Time (seconds since 1970-01-01 00:00:00)
    axis: T
    valid_min: 1709856010.0
    valid_max: 1709942400.0
    calendar: standard
unlimited dimensions: 
current shape = (8640,)
filling on, default _FillValue of 9.969209968386869e+36 used
Flagged 0 points where air_temperature < 245.0K as bad data (qc_flag = 2).
Found 0 points already flagged as bad data (flag=2)
QC flags successfully added to /gws/pw/j07/ncas_obs_vol2/cao/processing/ncas-temperature-rh-1/data/long-term/level1d/2024/stfc-temperature-rh-1_cao_20240308_surface-met_v1.1.nc.
Updated time units to 'seconds since 1970-01-01 00:00:00' in /gws/pw/j07/ncas_obs_vol2/cao/processing/ncas-temperature-rh-1/data/long-term/level1d/2024/stfc-temperature-rh-1_cao_20240308_surface-met_v1.1.nc
/gws/pw/j07/ncas_obs_vol2/cao/raw_data/met_cao/data/long-term/2024/202403/CR1000XSeries_Chilbolton_Rxcabinmet1_20240309.dat
Parsed column names: ['TIMESTAMP', 'RECORD', 'BattV_Avg', 'PTemp_C_Avg', 'Air_T_Avg', 'RH_Avg', 'BP_mbar_Avg', 'WS_Avg', 'WD_Avg', 'SlrW_Avg', 'rg001dc_ch_Tot', 'rg006dc_ch_Tot', 'rg008dc_ch_Tot', 'rg009dc_ch_Tot', 'rg004tb_ch_Tot']
shape: (8_640, 3)
┌─────────────────────┬───────────┬────────┐
│ TIMESTAMP           ┆ Air_T_Avg ┆ RH_Avg │
│ ---                 ┆ ---       ┆ ---    │
│ datetime[μs]        ┆ f64       ┆ f64    │
╞═════════════════════╪═══════════╪════════╡
│ 2024-03-09 00:00:10 ┆ 278.01    ┆ 87.64  │
│ 2024-03-09 00:00:20 ┆ 278.05    ┆ 87.32  │
│ 2024-03-09 00:00:30 ┆ 278.05    ┆ 87.4   │
│ 2024-03-09 00:00:40 ┆ 278.05    ┆ 87.58  │
│ 2024-03-09 00:00:50 ┆ 278.07    ┆ 87.88  │
│ …                   ┆ …         ┆ …      │
│ 2024-03-09 23:59:20 ┆ 280.93    ┆ 91.14  │
│ 2024-03-09 23:59:30 ┆ 280.93    ┆ 91.18  │
│ 2024-03-09 23:59:40 ┆ 280.91    ┆ 91.32  │
│ 2024-03-09 23:59:50 ┆ 280.91    ┆ 91.44  │
│ 2024-03-10 00:00:00 ┆ 280.91    ┆ 91.54  │
└─────────────────────┴───────────┴────────┘
[INFO] Correcting the 'time' variable in the NetCDF file.
<class 'netCDF4.Variable'>
float64 time(time)
    units: seconds since 1970-01-01 00:00:00
    standard_name: time
    long_name: Time (seconds since 1970-01-01 00:00:00)
    axis: T
    valid_min: 1709942410.0
    valid_max: 1710028800.0
    calendar: standard
unlimited dimensions: 
current shape = (8640,)
filling on, default _FillValue of 9.969209968386869e+36 used
Flagged 0 points where air_temperature < 245.0K as bad data (qc_flag = 2).
Found 0 points already flagged as bad data (flag=2)
QC flags successfully added to /gws/pw/j07/ncas_obs_vol2/cao/processing/ncas-temperature-rh-1/data/long-term/level1d/2024/stfc-temperature-rh-1_cao_20240309_surface-met_v1.1.nc.
Updated time units to 'seconds since 1970-01-01 00:00:00' in /gws/pw/j07/ncas_obs_vol2/cao/processing/ncas-temperature-rh-1/data/long-term/level1d/2024/stfc-temperature-rh-1_cao_20240309_surface-met_v1.1.nc
/gws/pw/j07/ncas_obs_vol2/cao/raw_data/met_cao/data/long-term/2024/202403/CR1000XSeries_Chilbolton_Rxcabinmet1_20240310.dat
Parsed column names: ['TIMESTAMP', 'RECORD', 'BattV_Avg', 'PTemp_C_Avg', 'Air_T_Avg', 'RH_Avg', 'BP_mbar_Avg', 'WS_Avg', 'WD_Avg', 'SlrW_Avg', 'rg001dc_ch_Tot', 'rg006dc_ch_Tot', 'rg008dc_ch_Tot', 'rg009dc_ch_Tot', 'rg004tb_ch_Tot']
shape: (8_640, 3)
┌─────────────────────┬───────────┬────────┐
│ TIMESTAMP           ┆ Air_T_Avg ┆ RH_Avg │
│ ---                 ┆ ---       ┆ ---    │
│ datetime[μs]        ┆ f64       ┆ f64    │
╞═════════════════════╪═══════════╪════════╡
│ 2024-03-10 00:00:10 ┆ 280.91    ┆ 91.56  │
│ 2024-03-10 00:00:20 ┆ 280.91    ┆ 91.54  │
│ 2024-03-10 00:00:30 ┆ 280.91    ┆ 91.48  │
│ 2024-03-10 00:00:40 ┆ 280.91    ┆ 91.32  │
│ 2024-03-10 00:00:50 ┆ 280.91    ┆ 91.12  │
│ …                   ┆ …         ┆ …      │
│ 2024-03-10 23:59:20 ┆ 280.17    ┆ 96.94  │
│ 2024-03-10 23:59:30 ┆ 280.17    ┆ 97.12  │
│ 2024-03-10 23:59:40 ┆ 280.15    ┆ 97.28  │
│ 2024-03-10 23:59:50 ┆ 280.15    ┆ 97.3   │
│ 2024-03-11 00:00:00 ┆ 280.15    ┆ 97.24  │
└─────────────────────┴───────────┴────────┘
[INFO] Correcting the 'time' variable in the NetCDF file.
<class 'netCDF4.Variable'>
float64 time(time)
    units: seconds since 1970-01-01 00:00:00
    standard_name: time
    long_name: Time (seconds since 1970-01-01 00:00:00)
    axis: T
    valid_min: 1710028810.0
    valid_max: 1710115200.0
    calendar: standard
unlimited dimensions: 
current shape = (8640,)
filling on, default _FillValue of 9.969209968386869e+36 used
Flagged 0 points where air_temperature < 245.0K as bad data (qc_flag = 2).
Found 0 points already flagged as bad data (flag=2)
QC flags successfully added to /gws/pw/j07/ncas_obs_vol2/cao/processing/ncas-temperature-rh-1/data/long-term/level1d/2024/stfc-temperature-rh-1_cao_20240310_surface-met_v1.1.nc.
Updated time units to 'seconds since 1970-01-01 00:00:00' in /gws/pw/j07/ncas_obs_vol2/cao/processing/ncas-temperature-rh-1/data/long-term/level1d/2024/stfc-temperature-rh-1_cao_20240310_surface-met_v1.1.nc
/gws/pw/j07/ncas_obs_vol2/cao/raw_data/met_cao/data/long-term/2024/202403/CR1000XSeries_Chilbolton_Rxcabinmet1_20240311.dat
Parsed column names: ['TIMESTAMP', 'RECORD', 'BattV_Avg', 'PTemp_C_Avg', 'Air_T_Avg', 'RH_Avg', 'BP_mbar_Avg', 'WS_Avg', 'WD_Avg', 'SlrW_Avg', 'rg001dc_ch_Tot', 'rg006dc_ch_Tot', 'rg008dc_ch_Tot', 'rg009dc_ch_Tot', 'rg004tb_ch_Tot']
shape: (8_640, 3)
┌─────────────────────┬───────────┬────────┐
│ TIMESTAMP           ┆ Air_T_Avg ┆ RH_Avg │
│ ---                 ┆ ---       ┆ ---    │
│ datetime[μs]        ┆ f64       ┆ f64    │
╞═════════════════════╪═══════════╪════════╡
│ 2024-03-11 00:00:10 ┆ 280.15    ┆ 97.08  │
│ 2024-03-11 00:00:20 ┆ 280.15    ┆ 96.94  │
│ 2024-03-11 00:00:30 ┆ 280.15    ┆ 96.8   │
│ 2024-03-11 00:00:40 ┆ 280.13    ┆ 96.72  │
│ 2024-03-11 00:00:50 ┆ 280.11    ┆ 96.74  │
│ …                   ┆ …         ┆ …      │
│ 2024-03-11 23:59:20 ┆ 279.67    ┆ 87.56  │
│ 2024-03-11 23:59:30 ┆ 279.63    ┆ 87.36  │
│ 2024-03-11 23:59:40 ┆ 279.63    ┆ 87.12  │
│ 2024-03-11 23:59:50 ┆ 279.65    ┆ 87.2   │
│ 2024-03-12 00:00:00 ┆ 279.63    ┆ 87.52  │
└─────────────────────┴───────────┴────────┘
[INFO] Correcting the 'time' variable in the NetCDF file.
<class 'netCDF4.Variable'>
float64 time(time)
    units: seconds since 1970-01-01 00:00:00
    standard_name: time
    long_name: Time (seconds since 1970-01-01 00:00:00)
    axis: T
    valid_min: 1710115210.0
    valid_max: 1710201600.0
    calendar: standard
unlimited dimensions: 
current shape = (8640,)
filling on, default _FillValue of 9.969209968386869e+36 used
Flagged 0 points where air_temperature < 245.0K as bad data (qc_flag = 2).
Found 0 points already flagged as bad data (flag=2)
QC flags successfully added to /gws/pw/j07/ncas_obs_vol2/cao/processing/ncas-temperature-rh-1/data/long-term/level1d/2024/stfc-temperature-rh-1_cao_20240311_surface-met_v1.1.nc.
Updated time units to 'seconds since 1970-01-01 00:00:00' in /gws/pw/j07/ncas_obs_vol2/cao/processing/ncas-temperature-rh-1/data/long-term/level1d/2024/stfc-temperature-rh-1_cao_20240311_surface-met_v1.1.nc
/gws/pw/j07/ncas_obs_vol2/cao/raw_data/met_cao/data/long-term/2024/202403/CR1000XSeries_Chilbolton_Rxcabinmet1_20240312.dat
Parsed column names: ['TIMESTAMP', 'RECORD', 'BattV_Avg', 'PTemp_C_Avg', 'Air_T_Avg', 'RH_Avg', 'BP_mbar_Avg', 'WS_Avg', 'WD_Avg', 'SlrW_Avg', 'rg001dc_ch_Tot', 'rg006dc_ch_Tot', 'rg008dc_ch_Tot', 'rg009dc_ch_Tot', 'rg004tb_ch_Tot']
shape: (8_640, 3)
┌─────────────────────┬───────────┬────────┐
│ TIMESTAMP           ┆ Air_T_Avg ┆ RH_Avg │
│ ---                 ┆ ---       ┆ ---    │
│ datetime[μs]        ┆ f64       ┆ f64    │
╞═════════════════════╪═══════════╪════════╡
│ 2024-03-12 00:00:10 ┆ 279.61    ┆ 87.88  │
│ 2024-03-12 00:00:20 ┆ 279.59    ┆ 88.16  │
│ 2024-03-12 00:00:30 ┆ 279.59    ┆ 88.44  │
│ 2024-03-12 00:00:40 ┆ 279.57    ┆ 88.52  │
│ 2024-03-12 00:00:50 ┆ 279.55    ┆ 88.5   │
│ …                   ┆ …         ┆ …      │
│ 2024-03-12 23:59:20 ┆ 284.23    ┆ 89.7   │
│ 2024-03-12 23:59:30 ┆ 284.23    ┆ 89.84  │
│ 2024-03-12 23:59:40 ┆ 284.23    ┆ 90.08  │
│ 2024-03-12 23:59:50 ┆ 284.21    ┆ 90.26  │
│ 2024-03-13 00:00:00 ┆ 284.23    ┆ 90.28  │
└─────────────────────┴───────────┴────────┘
[INFO] Correcting the 'time' variable in the NetCDF file.
<class 'netCDF4.Variable'>
float64 time(time)
    units: seconds since 1970-01-01 00:00:00
    standard_name: time
    long_name: Time (seconds since 1970-01-01 00:00:00)
    axis: T
    valid_min: 1710201610.0
    valid_max: 1710288000.0
    calendar: standard
unlimited dimensions: 
current shape = (8640,)
filling on, default _FillValue of 9.969209968386869e+36 used
Flagged 0 points where air_temperature < 245.0K as bad data (qc_flag = 2).
Found 0 points already flagged as bad data (flag=2)
QC flags successfully added to /gws/pw/j07/ncas_obs_vol2/cao/processing/ncas-temperature-rh-1/data/long-term/level1d/2024/stfc-temperature-rh-1_cao_20240312_surface-met_v1.1.nc.
Updated time units to 'seconds since 1970-01-01 00:00:00' in /gws/pw/j07/ncas_obs_vol2/cao/processing/ncas-temperature-rh-1/data/long-term/level1d/2024/stfc-temperature-rh-1_cao_20240312_surface-met_v1.1.nc
/gws/pw/j07/ncas_obs_vol2/cao/raw_data/met_cao/data/long-term/2024/202403/CR1000XSeries_Chilbolton_Rxcabinmet1_20240313.dat
Parsed column names: ['TIMESTAMP', 'RECORD', 'BattV_Avg', 'PTemp_C_Avg', 'Air_T_Avg', 'RH_Avg', 'BP_mbar_Avg', 'WS_Avg', 'WD_Avg', 'SlrW_Avg', 'rg001dc_ch_Tot', 'rg006dc_ch_Tot', 'rg008dc_ch_Tot', 'rg009dc_ch_Tot', 'rg004tb_ch_Tot']
shape: (8_640, 3)
┌─────────────────────┬───────────┬────────┐
│ TIMESTAMP           ┆ Air_T_Avg ┆ RH_Avg │
│ ---                 ┆ ---       ┆ ---    │
│ datetime[μs]        ┆ f64       ┆ f64    │
╞═════════════════════╪═══════════╪════════╡
│ 2024-03-13 00:00:10 ┆ 284.23    ┆ 90.22  │
│ 2024-03-13 00:00:20 ┆ 284.23    ┆ 90.0   │
│ 2024-03-13 00:00:30 ┆ 284.25    ┆ 89.62  │
│ 2024-03-13 00:00:40 ┆ 284.25    ┆ 89.12  │
│ 2024-03-13 00:00:50 ┆ 284.25    ┆ 89.08  │
│ …                   ┆ …         ┆ …      │
│ 2024-03-13 23:59:20 ┆ 283.69    ┆ 91.64  │
│ 2024-03-13 23:59:30 ┆ 283.69    ┆ 91.56  │
│ 2024-03-13 23:59:40 ┆ 283.69    ┆ 91.54  │
│ 2024-03-13 23:59:50 ┆ 283.69    ┆ 91.5   │
│ 2024-03-14 00:00:00 ┆ 283.69    ┆ 91.5   │
└─────────────────────┴───────────┴────────┘
[INFO] Correcting the 'time' variable in the NetCDF file.
<class 'netCDF4.Variable'>
float64 time(time)
    units: seconds since 1970-01-01 00:00:00
    standard_name: time
    long_name: Time (seconds since 1970-01-01 00:00:00)
    axis: T
    valid_min: 1710288010.0
    valid_max: 1710374400.0
    calendar: standard
unlimited dimensions: 
current shape = (8640,)
filling on, default _FillValue of 9.969209968386869e+36 used
Flagged 0 points where air_temperature < 245.0K as bad data (qc_flag = 2).
Found 0 points already flagged as bad data (flag=2)
QC flags successfully added to /gws/pw/j07/ncas_obs_vol2/cao/processing/ncas-temperature-rh-1/data/long-term/level1d/2024/stfc-temperature-rh-1_cao_20240313_surface-met_v1.1.nc.
Updated time units to 'seconds since 1970-01-01 00:00:00' in /gws/pw/j07/ncas_obs_vol2/cao/processing/ncas-temperature-rh-1/data/long-term/level1d/2024/stfc-temperature-rh-1_cao_20240313_surface-met_v1.1.nc
/gws/pw/j07/ncas_obs_vol2/cao/raw_data/met_cao/data/long-term/2024/202403/CR1000XSeries_Chilbolton_Rxcabinmet1_20240314.dat
Parsed column names: ['TIMESTAMP', 'RECORD', 'BattV_Avg', 'PTemp_C_Avg', 'Air_T_Avg', 'RH_Avg', 'BP_mbar_Avg', 'WS_Avg', 'WD_Avg', 'SlrW_Avg', 'rg001dc_ch_Tot', 'rg006dc_ch_Tot', 'rg008dc_ch_Tot', 'rg009dc_ch_Tot', 'rg004tb_ch_Tot']
shape: (8_640, 3)
┌─────────────────────┬───────────┬────────┐
│ TIMESTAMP           ┆ Air_T_Avg ┆ RH_Avg │
│ ---                 ┆ ---       ┆ ---    │
│ datetime[μs]        ┆ f64       ┆ f64    │
╞═════════════════════╪═══════════╪════════╡
│ 2024-03-14 00:00:10 ┆ 283.69    ┆ 91.48  │
│ 2024-03-14 00:00:20 ┆ 283.69    ┆ 91.5   │
│ 2024-03-14 00:00:30 ┆ 283.69    ┆ 91.56  │
│ 2024-03-14 00:00:40 ┆ 283.69    ┆ 91.58  │
│ 2024-03-14 00:00:50 ┆ 283.69    ┆ 91.58  │
│ …                   ┆ …         ┆ …      │
│ 2024-03-14 23:59:20 ┆ 284.65    ┆ 92.24  │
│ 2024-03-14 23:59:30 ┆ 284.63    ┆ 92.32  │
│ 2024-03-14 23:59:40 ┆ 284.65    ┆ 92.36  │
│ 2024-03-14 23:59:50 ┆ 284.65    ┆ 92.38  │
│ 2024-03-15 00:00:00 ┆ 284.67    ┆ 92.4   │
└─────────────────────┴───────────┴────────┘
[INFO] Correcting the 'time' variable in the NetCDF file.
<class 'netCDF4.Variable'>
float64 time(time)
    units: seconds since 1970-01-01 00:00:00
    standard_name: time
    long_name: Time (seconds since 1970-01-01 00:00:00)
    axis: T
    valid_min: 1710374410.0
    valid_max: 1710460800.0
    calendar: standard
unlimited dimensions: 
current shape = (8640,)
filling on, default _FillValue of 9.969209968386869e+36 used
Flagged 0 points where air_temperature < 245.0K as bad data (qc_flag = 2).
Found 0 points already flagged as bad data (flag=2)
QC flags successfully added to /gws/pw/j07/ncas_obs_vol2/cao/processing/ncas-temperature-rh-1/data/long-term/level1d/2024/stfc-temperature-rh-1_cao_20240314_surface-met_v1.1.nc.
Updated time units to 'seconds since 1970-01-01 00:00:00' in /gws/pw/j07/ncas_obs_vol2/cao/processing/ncas-temperature-rh-1/data/long-term/level1d/2024/stfc-temperature-rh-1_cao_20240314_surface-met_v1.1.nc
/gws/pw/j07/ncas_obs_vol2/cao/raw_data/met_cao/data/long-term/2024/202403/CR1000XSeries_Chilbolton_Rxcabinmet1_20240315.dat
Parsed column names: ['TIMESTAMP', 'RECORD', 'BattV_Avg', 'PTemp_C_Avg', 'Air_T_Avg', 'RH_Avg', 'BP_mbar_Avg', 'WS_Avg', 'WD_Avg', 'SlrW_Avg', 'rg001dc_ch_Tot', 'rg006dc_ch_Tot', 'rg008dc_ch_Tot', 'rg009dc_ch_Tot', 'rg004tb_ch_Tot']
shape: (8_640, 3)
┌─────────────────────┬───────────┬────────┐
│ TIMESTAMP           ┆ Air_T_Avg ┆ RH_Avg │
│ ---                 ┆ ---       ┆ ---    │
│ datetime[μs]        ┆ f64       ┆ f64    │
╞═════════════════════╪═══════════╪════════╡
│ 2024-03-15 00:00:10 ┆ 284.65    ┆ 92.4   │
│ 2024-03-15 00:00:20 ┆ 284.65    ┆ 92.42  │
│ 2024-03-15 00:00:30 ┆ 284.65    ┆ 92.48  │
│ 2024-03-15 00:00:40 ┆ 284.63    ┆ 92.48  │
│ 2024-03-15 00:00:50 ┆ 284.63    ┆ 92.46  │
│ …                   ┆ …         ┆ …      │
│ 2024-03-15 23:59:20 ┆ 278.87    ┆ 87.14  │
│ 2024-03-15 23:59:30 ┆ 278.87    ┆ 87.26  │
│ 2024-03-15 23:59:40 ┆ 278.85    ┆ 87.46  │
│ 2024-03-15 23:59:50 ┆ 278.87    ┆ 87.54  │
│ 2024-03-16 00:00:00 ┆ 278.85    ┆ 87.62  │
└─────────────────────┴───────────┴────────┘
[INFO] Correcting the 'time' variable in the NetCDF file.
<class 'netCDF4.Variable'>
float64 time(time)
    units: seconds since 1970-01-01 00:00:00
    standard_name: time
    long_name: Time (seconds since 1970-01-01 00:00:00)
    axis: T
    valid_min: 1710460810.0
    valid_max: 1710547200.0
    calendar: standard
unlimited dimensions: 
current shape = (8640,)
filling on, default _FillValue of 9.969209968386869e+36 used
Flagged 0 points where air_temperature < 245.0K as bad data (qc_flag = 2).
Found 0 points already flagged as bad data (flag=2)
QC flags successfully added to /gws/pw/j07/ncas_obs_vol2/cao/processing/ncas-temperature-rh-1/data/long-term/level1d/2024/stfc-temperature-rh-1_cao_20240315_surface-met_v1.1.nc.
Updated time units to 'seconds since 1970-01-01 00:00:00' in /gws/pw/j07/ncas_obs_vol2/cao/processing/ncas-temperature-rh-1/data/long-term/level1d/2024/stfc-temperature-rh-1_cao_20240315_surface-met_v1.1.nc
/gws/pw/j07/ncas_obs_vol2/cao/raw_data/met_cao/data/long-term/2024/202403/CR1000XSeries_Chilbolton_Rxcabinmet1_20240316.dat
Parsed column names: ['TIMESTAMP', 'RECORD', 'BattV_Avg', 'PTemp_C_Avg', 'Air_T_Avg', 'RH_Avg', 'BP_mbar_Avg', 'WS_Avg', 'WD_Avg', 'SlrW_Avg', 'rg001dc_ch_Tot', 'rg006dc_ch_Tot', 'rg008dc_ch_Tot', 'rg009dc_ch_Tot', 'rg004tb_ch_Tot']
shape: (8_640, 3)
┌─────────────────────┬───────────┬────────┐
│ TIMESTAMP           ┆ Air_T_Avg ┆ RH_Avg │
│ ---                 ┆ ---       ┆ ---    │
│ datetime[μs]        ┆ f64       ┆ f64    │
╞═════════════════════╪═══════════╪════════╡
│ 2024-03-16 00:00:10 ┆ 278.87    ┆ 87.68  │
│ 2024-03-16 00:00:20 ┆ 278.87    ┆ 87.88  │
│ 2024-03-16 00:00:30 ┆ 278.85    ┆ 87.98  │
│ 2024-03-16 00:00:40 ┆ 278.85    ┆ 87.98  │
│ 2024-03-16 00:00:50 ┆ 278.83    ┆ 88.0   │
│ …                   ┆ …         ┆ …      │
│ 2024-03-16 23:59:20 ┆ 283.65    ┆ 97.78  │
│ 2024-03-16 23:59:30 ┆ 283.65    ┆ 97.7   │
│ 2024-03-16 23:59:40 ┆ 283.65    ┆ 97.62  │
│ 2024-03-16 23:59:50 ┆ 283.65    ┆ 97.48  │
│ 2024-03-17 00:00:00 ┆ 283.65    ┆ 97.42  │
└─────────────────────┴───────────┴────────┘
[INFO] Correcting the 'time' variable in the NetCDF file.
<class 'netCDF4.Variable'>
float64 time(time)
    units: seconds since 1970-01-01 00:00:00
    standard_name: time
    long_name: Time (seconds since 1970-01-01 00:00:00)
    axis: T
    valid_min: 1710547210.0
    valid_max: 1710633600.0
    calendar: standard
unlimited dimensions: 
current shape = (8640,)
filling on, default _FillValue of 9.969209968386869e+36 used
Flagged 0 points where air_temperature < 245.0K as bad data (qc_flag = 2).
Found 0 points already flagged as bad data (flag=2)
QC flags successfully added to /gws/pw/j07/ncas_obs_vol2/cao/processing/ncas-temperature-rh-1/data/long-term/level1d/2024/stfc-temperature-rh-1_cao_20240316_surface-met_v1.1.nc.
Updated time units to 'seconds since 1970-01-01 00:00:00' in /gws/pw/j07/ncas_obs_vol2/cao/processing/ncas-temperature-rh-1/data/long-term/level1d/2024/stfc-temperature-rh-1_cao_20240316_surface-met_v1.1.nc
/gws/pw/j07/ncas_obs_vol2/cao/raw_data/met_cao/data/long-term/2024/202403/CR1000XSeries_Chilbolton_Rxcabinmet1_20240317.dat
Parsed column names: ['TIMESTAMP', 'RECORD', 'BattV_Avg', 'PTemp_C_Avg', 'Air_T_Avg', 'RH_Avg', 'BP_mbar_Avg', 'WS_Avg', 'WD_Avg', 'SlrW_Avg', 'rg001dc_ch_Tot', 'rg006dc_ch_Tot', 'rg008dc_ch_Tot', 'rg009dc_ch_Tot', 'rg004tb_ch_Tot']
shape: (8_640, 3)
┌─────────────────────┬───────────┬────────┐
│ TIMESTAMP           ┆ Air_T_Avg ┆ RH_Avg │
│ ---                 ┆ ---       ┆ ---    │
│ datetime[μs]        ┆ f64       ┆ f64    │
╞═════════════════════╪═══════════╪════════╡
│ 2024-03-17 00:00:10 ┆ 283.65    ┆ 97.46  │
│ 2024-03-17 00:00:20 ┆ 283.63    ┆ 97.5   │
│ 2024-03-17 00:00:30 ┆ 283.65    ┆ 97.54  │
│ 2024-03-17 00:00:40 ┆ 283.63    ┆ 97.62  │
│ 2024-03-17 00:00:50 ┆ 283.65    ┆ 97.7   │
│ …                   ┆ …         ┆ …      │
│ 2024-03-17 23:59:20 ┆ 282.05    ┆ 96.78  │
│ 2024-03-17 23:59:30 ┆ 282.03    ┆ 96.58  │
│ 2024-03-17 23:59:40 ┆ 282.05    ┆ 96.32  │
│ 2024-03-17 23:59:50 ┆ 282.05    ┆ 96.1   │
│ 2024-03-18 00:00:00 ┆ 282.05    ┆ 95.8   │
└─────────────────────┴───────────┴────────┘
[INFO] Correcting the 'time' variable in the NetCDF file.
<class 'netCDF4.Variable'>
float64 time(time)
    units: seconds since 1970-01-01 00:00:00
    standard_name: time
    long_name: Time (seconds since 1970-01-01 00:00:00)
    axis: T
    valid_min: 1710633610.0
    valid_max: 1710720000.0
    calendar: standard
unlimited dimensions: 
current shape = (8640,)
filling on, default _FillValue of 9.969209968386869e+36 used
Flagged 0 points where air_temperature < 245.0K as bad data (qc_flag = 2).
Found 0 points already flagged as bad data (flag=2)
QC flags successfully added to /gws/pw/j07/ncas_obs_vol2/cao/processing/ncas-temperature-rh-1/data/long-term/level1d/2024/stfc-temperature-rh-1_cao_20240317_surface-met_v1.1.nc.
Updated time units to 'seconds since 1970-01-01 00:00:00' in /gws/pw/j07/ncas_obs_vol2/cao/processing/ncas-temperature-rh-1/data/long-term/level1d/2024/stfc-temperature-rh-1_cao_20240317_surface-met_v1.1.nc
/gws/pw/j07/ncas_obs_vol2/cao/raw_data/met_cao/data/long-term/2024/202403/CR1000XSeries_Chilbolton_Rxcabinmet1_20240318.dat
Parsed column names: ['TIMESTAMP', 'RECORD', 'BattV_Avg', 'PTemp_C_Avg', 'Air_T_Avg', 'RH_Avg', 'BP_mbar_Avg', 'WS_Avg', 'WD_Avg', 'SlrW_Avg', 'rg001dc_ch_Tot', 'rg006dc_ch_Tot', 'rg008dc_ch_Tot', 'rg009dc_ch_Tot', 'rg004tb_ch_Tot']
shape: (8_640, 3)
┌─────────────────────┬───────────┬────────┐
│ TIMESTAMP           ┆ Air_T_Avg ┆ RH_Avg │
│ ---                 ┆ ---       ┆ ---    │
│ datetime[μs]        ┆ f64       ┆ f64    │
╞═════════════════════╪═══════════╪════════╡
│ 2024-03-18 00:00:10 ┆ 282.05    ┆ 95.82  │
│ 2024-03-18 00:00:20 ┆ 282.01    ┆ 95.96  │
│ 2024-03-18 00:00:30 ┆ 281.99    ┆ 96.2   │
│ 2024-03-18 00:00:40 ┆ 281.97    ┆ 96.42  │
│ 2024-03-18 00:00:50 ┆ 281.95    ┆ 96.4   │
│ …                   ┆ …         ┆ …      │
│ 2024-03-18 23:59:20 ┆ 283.45    ┆ 89.46  │
│ 2024-03-18 23:59:30 ┆ 283.45    ┆ 89.4   │
│ 2024-03-18 23:59:40 ┆ 283.45    ┆ 89.4   │
│ 2024-03-18 23:59:50 ┆ 283.45    ┆ 89.42  │
│ 2024-03-19 00:00:00 ┆ 283.45    ┆ 89.36  │
└─────────────────────┴───────────┴────────┘
[INFO] Correcting the 'time' variable in the NetCDF file.
<class 'netCDF4.Variable'>
float64 time(time)
    units: seconds since 1970-01-01 00:00:00
    standard_name: time
    long_name: Time (seconds since 1970-01-01 00:00:00)
    axis: T
    valid_min: 1710720010.0
    valid_max: 1710806400.0
    calendar: standard
unlimited dimensions: 
current shape = (8640,)
filling on, default _FillValue of 9.969209968386869e+36 used
Flagged 0 points where air_temperature < 245.0K as bad data (qc_flag = 2).
Found 0 points already flagged as bad data (flag=2)
QC flags successfully added to /gws/pw/j07/ncas_obs_vol2/cao/processing/ncas-temperature-rh-1/data/long-term/level1d/2024/stfc-temperature-rh-1_cao_20240318_surface-met_v1.1.nc.
Updated time units to 'seconds since 1970-01-01 00:00:00' in /gws/pw/j07/ncas_obs_vol2/cao/processing/ncas-temperature-rh-1/data/long-term/level1d/2024/stfc-temperature-rh-1_cao_20240318_surface-met_v1.1.nc
/gws/pw/j07/ncas_obs_vol2/cao/raw_data/met_cao/data/long-term/2024/202403/CR1000XSeries_Chilbolton_Rxcabinmet1_20240319.dat
Parsed column names: ['TIMESTAMP', 'RECORD', 'BattV_Avg', 'PTemp_C_Avg', 'Air_T_Avg', 'RH_Avg', 'BP_mbar_Avg', 'WS_Avg', 'WD_Avg', 'SlrW_Avg', 'rg001dc_ch_Tot', 'rg006dc_ch_Tot', 'rg008dc_ch_Tot', 'rg009dc_ch_Tot', 'rg004tb_ch_Tot']
shape: (8_640, 3)
┌─────────────────────┬───────────┬────────┐
│ TIMESTAMP           ┆ Air_T_Avg ┆ RH_Avg │
│ ---                 ┆ ---       ┆ ---    │
│ datetime[μs]        ┆ f64       ┆ f64    │
╞═════════════════════╪═══════════╪════════╡
│ 2024-03-19 00:00:10 ┆ 283.45    ┆ 89.34  │
│ 2024-03-19 00:00:20 ┆ 283.45    ┆ 89.46  │
│ 2024-03-19 00:00:30 ┆ 283.45    ┆ 89.6   │
│ 2024-03-19 00:00:40 ┆ 283.45    ┆ 89.72  │
│ 2024-03-19 00:00:50 ┆ 283.43    ┆ 89.98  │
│ …                   ┆ …         ┆ …      │
│ 2024-03-19 23:59:20 ┆ 283.71    ┆ 99.18  │
│ 2024-03-19 23:59:30 ┆ 283.71    ┆ 99.14  │
│ 2024-03-19 23:59:40 ┆ 283.71    ┆ 99.04  │
│ 2024-03-19 23:59:50 ┆ 283.71    ┆ 98.92  │
│ 2024-03-20 00:00:00 ┆ 283.71    ┆ 98.78  │
└─────────────────────┴───────────┴────────┘
[INFO] Correcting the 'time' variable in the NetCDF file.
<class 'netCDF4.Variable'>
float64 time(time)
    units: seconds since 1970-01-01 00:00:00
    standard_name: time
    long_name: Time (seconds since 1970-01-01 00:00:00)
    axis: T
    valid_min: 1710806410.0
    valid_max: 1710892800.0
    calendar: standard
unlimited dimensions: 
current shape = (8640,)
filling on, default _FillValue of 9.969209968386869e+36 used
Flagged 0 points where air_temperature < 245.0K as bad data (qc_flag = 2).
Found 0 points already flagged as bad data (flag=2)
QC flags successfully added to /gws/pw/j07/ncas_obs_vol2/cao/processing/ncas-temperature-rh-1/data/long-term/level1d/2024/stfc-temperature-rh-1_cao_20240319_surface-met_v1.1.nc.
Updated time units to 'seconds since 1970-01-01 00:00:00' in /gws/pw/j07/ncas_obs_vol2/cao/processing/ncas-temperature-rh-1/data/long-term/level1d/2024/stfc-temperature-rh-1_cao_20240319_surface-met_v1.1.nc
/gws/pw/j07/ncas_obs_vol2/cao/raw_data/met_cao/data/long-term/2024/202403/CR1000XSeries_Chilbolton_Rxcabinmet1_20240320.dat
Parsed column names: ['TIMESTAMP', 'RECORD', 'BattV_Avg', 'PTemp_C_Avg', 'Air_T_Avg', 'RH_Avg', 'BP_mbar_Avg', 'WS_Avg', 'WD_Avg', 'SlrW_Avg', 'rg001dc_ch_Tot', 'rg006dc_ch_Tot', 'rg008dc_ch_Tot', 'rg009dc_ch_Tot', 'rg004tb_ch_Tot']
shape: (8_640, 3)
┌─────────────────────┬───────────┬────────┐
│ TIMESTAMP           ┆ Air_T_Avg ┆ RH_Avg │
│ ---                 ┆ ---       ┆ ---    │
│ datetime[μs]        ┆ f64       ┆ f64    │
╞═════════════════════╪═══════════╪════════╡
│ 2024-03-20 00:00:10 ┆ 283.71    ┆ 98.64  │
│ 2024-03-20 00:00:20 ┆ 283.71    ┆ 98.6   │
│ 2024-03-20 00:00:30 ┆ 283.71    ┆ 98.66  │
│ 2024-03-20 00:00:40 ┆ 283.71    ┆ 98.84  │
│ 2024-03-20 00:00:50 ┆ 283.71    ┆ 98.98  │
│ …                   ┆ …         ┆ …      │
│ 2024-03-20 23:59:20 ┆ 282.37    ┆ 98.28  │
│ 2024-03-20 23:59:30 ┆ 282.39    ┆ 98.12  │
│ 2024-03-20 23:59:40 ┆ 282.39    ┆ 98.12  │
│ 2024-03-20 23:59:50 ┆ 282.41    ┆ 98.04  │
│ 2024-03-21 00:00:00 ┆ 282.41    ┆ 98.06  │
└─────────────────────┴───────────┴────────┘
[INFO] Correcting the 'time' variable in the NetCDF file.
<class 'netCDF4.Variable'>
float64 time(time)
    units: seconds since 1970-01-01 00:00:00
    standard_name: time
    long_name: Time (seconds since 1970-01-01 00:00:00)
    axis: T
    valid_min: 1710892810.0
    valid_max: 1710979200.0
    calendar: standard
unlimited dimensions: 
current shape = (8640,)
filling on, default _FillValue of 9.969209968386869e+36 used
Flagged 0 points where air_temperature < 245.0K as bad data (qc_flag = 2).
Found 0 points already flagged as bad data (flag=2)
QC flags successfully added to /gws/pw/j07/ncas_obs_vol2/cao/processing/ncas-temperature-rh-1/data/long-term/level1d/2024/stfc-temperature-rh-1_cao_20240320_surface-met_v1.1.nc.
Updated time units to 'seconds since 1970-01-01 00:00:00' in /gws/pw/j07/ncas_obs_vol2/cao/processing/ncas-temperature-rh-1/data/long-term/level1d/2024/stfc-temperature-rh-1_cao_20240320_surface-met_v1.1.nc
/gws/pw/j07/ncas_obs_vol2/cao/raw_data/met_cao/data/long-term/2024/202403/CR1000XSeries_Chilbolton_Rxcabinmet1_20240321.dat
Parsed column names: ['TIMESTAMP', 'RECORD', 'BattV_Avg', 'PTemp_C_Avg', 'Air_T_Avg', 'RH_Avg', 'BP_mbar_Avg', 'WS_Avg', 'WD_Avg', 'SlrW_Avg', 'rg001dc_ch_Tot', 'rg006dc_ch_Tot', 'rg008dc_ch_Tot', 'rg009dc_ch_Tot', 'rg004tb_ch_Tot']
shape: (8_640, 3)
┌─────────────────────┬───────────┬────────┐
│ TIMESTAMP           ┆ Air_T_Avg ┆ RH_Avg │
│ ---                 ┆ ---       ┆ ---    │
│ datetime[μs]        ┆ f64       ┆ f64    │
╞═════════════════════╪═══════════╪════════╡
│ 2024-03-21 00:00:10 ┆ 282.45    ┆ 98.12  │
│ 2024-03-21 00:00:20 ┆ 282.45    ┆ 98.5   │
│ 2024-03-21 00:00:30 ┆ 282.45    ┆ 98.78  │
│ 2024-03-21 00:00:40 ┆ 282.45    ┆ 98.68  │
│ 2024-03-21 00:00:50 ┆ 282.45    ┆ 98.6   │
│ …                   ┆ …         ┆ …      │
│ 2024-03-21 23:59:20 ┆ 282.27    ┆ 96.66  │
│ 2024-03-21 23:59:30 ┆ 282.27    ┆ 96.96  │
│ 2024-03-21 23:59:40 ┆ 282.27    ┆ 97.1   │
│ 2024-03-21 23:59:50 ┆ 282.29    ┆ 96.94  │
│ 2024-03-22 00:00:00 ┆ 282.29    ┆ 96.74  │
└─────────────────────┴───────────┴────────┘
[INFO] Correcting the 'time' variable in the NetCDF file.
<class 'netCDF4.Variable'>
float64 time(time)
    units: seconds since 1970-01-01 00:00:00
    standard_name: time
    long_name: Time (seconds since 1970-01-01 00:00:00)
    axis: T
    valid_min: 1710979210.0
    valid_max: 1711065600.0
    calendar: standard
unlimited dimensions: 
current shape = (8640,)
filling on, default _FillValue of 9.969209968386869e+36 used
Flagged 0 points where air_temperature < 245.0K as bad data (qc_flag = 2).
Found 0 points already flagged as bad data (flag=2)
QC flags successfully added to /gws/pw/j07/ncas_obs_vol2/cao/processing/ncas-temperature-rh-1/data/long-term/level1d/2024/stfc-temperature-rh-1_cao_20240321_surface-met_v1.1.nc.
Updated time units to 'seconds since 1970-01-01 00:00:00' in /gws/pw/j07/ncas_obs_vol2/cao/processing/ncas-temperature-rh-1/data/long-term/level1d/2024/stfc-temperature-rh-1_cao_20240321_surface-met_v1.1.nc
/gws/pw/j07/ncas_obs_vol2/cao/raw_data/met_cao/data/long-term/2024/202403/CR1000XSeries_Chilbolton_Rxcabinmet1_20240322.dat
Parsed column names: ['TIMESTAMP', 'RECORD', 'BattV_Avg', 'PTemp_C_Avg', 'Air_T_Avg', 'RH_Avg', 'BP_mbar_Avg', 'WS_Avg', 'WD_Avg', 'SlrW_Avg', 'rg001dc_ch_Tot', 'rg006dc_ch_Tot', 'rg008dc_ch_Tot', 'rg009dc_ch_Tot', 'rg004tb_ch_Tot']
shape: (8_640, 3)
┌─────────────────────┬───────────┬────────┐
│ TIMESTAMP           ┆ Air_T_Avg ┆ RH_Avg │
│ ---                 ┆ ---       ┆ ---    │
│ datetime[μs]        ┆ f64       ┆ f64    │
╞═════════════════════╪═══════════╪════════╡
│ 2024-03-22 00:00:10 ┆ 282.29    ┆ 96.56  │
│ 2024-03-22 00:00:20 ┆ 282.29    ┆ 96.32  │
│ 2024-03-22 00:00:30 ┆ 282.29    ┆ 96.16  │
│ 2024-03-22 00:00:40 ┆ 282.29    ┆ 96.28  │
│ 2024-03-22 00:00:50 ┆ 282.29    ┆ 96.4   │
│ …                   ┆ …         ┆ …      │
│ 2024-03-22 23:59:20 ┆ 277.99    ┆ 83.82  │
│ 2024-03-22 23:59:30 ┆ 277.97    ┆ 83.46  │
│ 2024-03-22 23:59:40 ┆ 277.95    ┆ 82.72  │
│ 2024-03-22 23:59:50 ┆ 277.95    ┆ 82.26  │
│ 2024-03-23 00:00:00 ┆ 277.95    ┆ 82.38  │
└─────────────────────┴───────────┴────────┘
[INFO] Correcting the 'time' variable in the NetCDF file.
<class 'netCDF4.Variable'>
float64 time(time)
    units: seconds since 1970-01-01 00:00:00
    standard_name: time
    long_name: Time (seconds since 1970-01-01 00:00:00)
    axis: T
    valid_min: 1711065610.0
    valid_max: 1711152000.0
    calendar: standard
unlimited dimensions: 
current shape = (8640,)
filling on, default _FillValue of 9.969209968386869e+36 used
Flagged 0 points where air_temperature < 245.0K as bad data (qc_flag = 2).
Found 0 points already flagged as bad data (flag=2)
QC flags successfully added to /gws/pw/j07/ncas_obs_vol2/cao/processing/ncas-temperature-rh-1/data/long-term/level1d/2024/stfc-temperature-rh-1_cao_20240322_surface-met_v1.1.nc.
Updated time units to 'seconds since 1970-01-01 00:00:00' in /gws/pw/j07/ncas_obs_vol2/cao/processing/ncas-temperature-rh-1/data/long-term/level1d/2024/stfc-temperature-rh-1_cao_20240322_surface-met_v1.1.nc
/gws/pw/j07/ncas_obs_vol2/cao/raw_data/met_cao/data/long-term/2024/202403/CR1000XSeries_Chilbolton_Rxcabinmet1_20240323.dat
Parsed column names: ['TIMESTAMP', 'RECORD', 'BattV_Avg', 'PTemp_C_Avg', 'Air_T_Avg', 'RH_Avg', 'BP_mbar_Avg', 'WS_Avg', 'WD_Avg', 'SlrW_Avg', 'rg001dc_ch_Tot', 'rg006dc_ch_Tot', 'rg008dc_ch_Tot', 'rg009dc_ch_Tot', 'rg004tb_ch_Tot']
shape: (8_640, 3)
┌─────────────────────┬───────────┬────────┐
│ TIMESTAMP           ┆ Air_T_Avg ┆ RH_Avg │
│ ---                 ┆ ---       ┆ ---    │
│ datetime[μs]        ┆ f64       ┆ f64    │
╞═════════════════════╪═══════════╪════════╡
│ 2024-03-23 00:00:10 ┆ 277.95    ┆ 82.72  │
│ 2024-03-23 00:00:20 ┆ 277.95    ┆ 83.12  │
│ 2024-03-23 00:00:30 ┆ 277.97    ┆ 83.72  │
│ 2024-03-23 00:00:40 ┆ 277.97    ┆ 84.0   │
│ 2024-03-23 00:00:50 ┆ 277.97    ┆ 83.9   │
│ …                   ┆ …         ┆ …      │
│ 2024-03-23 23:59:20 ┆ 277.29    ┆ 83.96  │
│ 2024-03-23 23:59:30 ┆ 277.27    ┆ 83.16  │
│ 2024-03-23 23:59:40 ┆ 277.27    ┆ 83.0   │
│ 2024-03-23 23:59:50 ┆ 277.27    ┆ 83.34  │
│ 2024-03-24 00:00:00 ┆ 277.27    ┆ 83.74  │
└─────────────────────┴───────────┴────────┘
[INFO] Correcting the 'time' variable in the NetCDF file.
<class 'netCDF4.Variable'>
float64 time(time)
    units: seconds since 1970-01-01 00:00:00
    standard_name: time
    long_name: Time (seconds since 1970-01-01 00:00:00)
    axis: T
    valid_min: 1711152010.0
    valid_max: 1711238400.0
    calendar: standard
unlimited dimensions: 
current shape = (8640,)
filling on, default _FillValue of 9.969209968386869e+36 used
Flagged 0 points where air_temperature < 245.0K as bad data (qc_flag = 2).
Found 0 points already flagged as bad data (flag=2)
QC flags successfully added to /gws/pw/j07/ncas_obs_vol2/cao/processing/ncas-temperature-rh-1/data/long-term/level1d/2024/stfc-temperature-rh-1_cao_20240323_surface-met_v1.1.nc.
Updated time units to 'seconds since 1970-01-01 00:00:00' in /gws/pw/j07/ncas_obs_vol2/cao/processing/ncas-temperature-rh-1/data/long-term/level1d/2024/stfc-temperature-rh-1_cao_20240323_surface-met_v1.1.nc
/gws/pw/j07/ncas_obs_vol2/cao/raw_data/met_cao/data/long-term/2024/202403/CR1000XSeries_Chilbolton_Rxcabinmet1_20240324.dat
Parsed column names: ['TIMESTAMP', 'RECORD', 'BattV_Avg', 'PTemp_C_Avg', 'Air_T_Avg', 'RH_Avg', 'BP_mbar_Avg', 'WS_Avg', 'WD_Avg', 'SlrW_Avg', 'rg001dc_ch_Tot', 'rg006dc_ch_Tot', 'rg008dc_ch_Tot', 'rg009dc_ch_Tot', 'rg004tb_ch_Tot']
shape: (8_640, 3)
┌─────────────────────┬───────────┬────────┐
│ TIMESTAMP           ┆ Air_T_Avg ┆ RH_Avg │
│ ---                 ┆ ---       ┆ ---    │
│ datetime[μs]        ┆ f64       ┆ f64    │
╞═════════════════════╪═══════════╪════════╡
│ 2024-03-24 00:00:10 ┆ 277.31    ┆ 84.24  │
│ 2024-03-24 00:00:20 ┆ 277.41    ┆ 84.38  │
│ 2024-03-24 00:00:30 ┆ 277.43    ┆ 84.62  │
│ 2024-03-24 00:00:40 ┆ 277.43    ┆ 84.5   │
│ 2024-03-24 00:00:50 ┆ 277.43    ┆ 84.24  │
│ …                   ┆ …         ┆ …      │
│ 2024-03-24 23:59:20 ┆ 279.15    ┆ 78.12  │
│ 2024-03-24 23:59:30 ┆ 279.15    ┆ 78.12  │
│ 2024-03-24 23:59:40 ┆ 279.15    ┆ 78.14  │
│ 2024-03-24 23:59:50 ┆ 279.15    ┆ 78.2   │
│ 2024-03-25 00:00:00 ┆ 279.15    ┆ 78.26  │
└─────────────────────┴───────────┴────────┘
[INFO] Correcting the 'time' variable in the NetCDF file.
<class 'netCDF4.Variable'>
float64 time(time)
    units: seconds since 1970-01-01 00:00:00
    standard_name: time
    long_name: Time (seconds since 1970-01-01 00:00:00)
    axis: T
    valid_min: 1711238410.0
    valid_max: 1711324800.0
    calendar: standard
unlimited dimensions: 
current shape = (8640,)
filling on, default _FillValue of 9.969209968386869e+36 used
Flagged 0 points where air_temperature < 245.0K as bad data (qc_flag = 2).
Found 0 points already flagged as bad data (flag=2)
QC flags successfully added to /gws/pw/j07/ncas_obs_vol2/cao/processing/ncas-temperature-rh-1/data/long-term/level1d/2024/stfc-temperature-rh-1_cao_20240324_surface-met_v1.1.nc.
Updated time units to 'seconds since 1970-01-01 00:00:00' in /gws/pw/j07/ncas_obs_vol2/cao/processing/ncas-temperature-rh-1/data/long-term/level1d/2024/stfc-temperature-rh-1_cao_20240324_surface-met_v1.1.nc
/gws/pw/j07/ncas_obs_vol2/cao/raw_data/met_cao/data/long-term/2024/202403/CR1000XSeries_Chilbolton_Rxcabinmet1_20240325.dat
Parsed column names: ['TIMESTAMP', 'RECORD', 'BattV_Avg', 'PTemp_C_Avg', 'Air_T_Avg', 'RH_Avg', 'BP_mbar_Avg', 'WS_Avg', 'WD_Avg', 'SlrW_Avg', 'rg001dc_ch_Tot', 'rg006dc_ch_Tot', 'rg008dc_ch_Tot', 'rg009dc_ch_Tot', 'rg004tb_ch_Tot']
shape: (8_640, 3)
┌─────────────────────┬───────────┬────────┐
│ TIMESTAMP           ┆ Air_T_Avg ┆ RH_Avg │
│ ---                 ┆ ---       ┆ ---    │
│ datetime[μs]        ┆ f64       ┆ f64    │
╞═════════════════════╪═══════════╪════════╡
│ 2024-03-25 00:00:10 ┆ 279.15    ┆ 78.36  │
│ 2024-03-25 00:00:20 ┆ 279.15    ┆ 78.48  │
│ 2024-03-25 00:00:30 ┆ 279.15    ┆ 78.6   │
│ 2024-03-25 00:00:40 ┆ 279.15    ┆ 78.68  │
│ 2024-03-25 00:00:50 ┆ 279.13    ┆ 78.64  │
│ …                   ┆ …         ┆ …      │
│ 2024-03-25 23:59:20 ┆ 281.01    ┆ 76.0   │
│ 2024-03-25 23:59:30 ┆ 281.01    ┆ 76.02  │
│ 2024-03-25 23:59:40 ┆ 281.03    ┆ 76.02  │
│ 2024-03-25 23:59:50 ┆ 281.03    ┆ 76.22  │
│ 2024-03-26 00:00:00 ┆ 281.01    ┆ 76.62  │
└─────────────────────┴───────────┴────────┘
[INFO] Correcting the 'time' variable in the NetCDF file.
<class 'netCDF4.Variable'>
float64 time(time)
    units: seconds since 1970-01-01 00:00:00
    standard_name: time
    long_name: Time (seconds since 1970-01-01 00:00:00)
    axis: T
    valid_min: 1711324810.0
    valid_max: 1711411200.0
    calendar: standard
unlimited dimensions: 
current shape = (8640,)
filling on, default _FillValue of 9.969209968386869e+36 used
Flagged 0 points where air_temperature < 245.0K as bad data (qc_flag = 2).
Found 0 points already flagged as bad data (flag=2)
QC flags successfully added to /gws/pw/j07/ncas_obs_vol2/cao/processing/ncas-temperature-rh-1/data/long-term/level1d/2024/stfc-temperature-rh-1_cao_20240325_surface-met_v1.1.nc.
Updated time units to 'seconds since 1970-01-01 00:00:00' in /gws/pw/j07/ncas_obs_vol2/cao/processing/ncas-temperature-rh-1/data/long-term/level1d/2024/stfc-temperature-rh-1_cao_20240325_surface-met_v1.1.nc
/gws/pw/j07/ncas_obs_vol2/cao/raw_data/met_cao/data/long-term/2024/202403/CR1000XSeries_Chilbolton_Rxcabinmet1_20240326.dat
Parsed column names: ['TIMESTAMP', 'RECORD', 'BattV_Avg', 'PTemp_C_Avg', 'Air_T_Avg', 'RH_Avg', 'BP_mbar_Avg', 'WS_Avg', 'WD_Avg', 'SlrW_Avg', 'rg001dc_ch_Tot', 'rg006dc_ch_Tot', 'rg008dc_ch_Tot', 'rg009dc_ch_Tot', 'rg004tb_ch_Tot']
shape: (8_640, 3)
┌─────────────────────┬───────────┬────────┐
│ TIMESTAMP           ┆ Air_T_Avg ┆ RH_Avg │
│ ---                 ┆ ---       ┆ ---    │
│ datetime[μs]        ┆ f64       ┆ f64    │
╞═════════════════════╪═══════════╪════════╡
│ 2024-03-26 00:00:10 ┆ 281.01    ┆ 76.8   │
│ 2024-03-26 00:00:20 ┆ 280.99    ┆ 76.82  │
│ 2024-03-26 00:00:30 ┆ 280.97    ┆ 76.76  │
│ 2024-03-26 00:00:40 ┆ 280.95    ┆ 76.54  │
│ 2024-03-26 00:00:50 ┆ 280.95    ┆ 76.22  │
│ …                   ┆ …         ┆ …      │
│ 2024-03-26 23:59:20 ┆ 278.99    ┆ 93.64  │
│ 2024-03-26 23:59:30 ┆ 278.99    ┆ 93.5   │
│ 2024-03-26 23:59:40 ┆ 278.99    ┆ 93.46  │
│ 2024-03-26 23:59:50 ┆ 278.99    ┆ 93.46  │
│ 2024-03-27 00:00:00 ┆ 278.99    ┆ 93.54  │
└─────────────────────┴───────────┴────────┘
[INFO] Correcting the 'time' variable in the NetCDF file.
<class 'netCDF4.Variable'>
float64 time(time)
    units: seconds since 1970-01-01 00:00:00
    standard_name: time
    long_name: Time (seconds since 1970-01-01 00:00:00)
    axis: T
    valid_min: 1711411210.0
    valid_max: 1711497600.0
    calendar: standard
unlimited dimensions: 
current shape = (8640,)
filling on, default _FillValue of 9.969209968386869e+36 used
Flagged 0 points where air_temperature < 245.0K as bad data (qc_flag = 2).
Found 0 points already flagged as bad data (flag=2)
QC flags successfully added to /gws/pw/j07/ncas_obs_vol2/cao/processing/ncas-temperature-rh-1/data/long-term/level1d/2024/stfc-temperature-rh-1_cao_20240326_surface-met_v1.1.nc.
Updated time units to 'seconds since 1970-01-01 00:00:00' in /gws/pw/j07/ncas_obs_vol2/cao/processing/ncas-temperature-rh-1/data/long-term/level1d/2024/stfc-temperature-rh-1_cao_20240326_surface-met_v1.1.nc
/gws/pw/j07/ncas_obs_vol2/cao/raw_data/met_cao/data/long-term/2024/202403/CR1000XSeries_Chilbolton_Rxcabinmet1_20240327.dat
Parsed column names: ['TIMESTAMP', 'RECORD', 'BattV_Avg', 'PTemp_C_Avg', 'Air_T_Avg', 'RH_Avg', 'BP_mbar_Avg', 'WS_Avg', 'WD_Avg', 'SlrW_Avg', 'rg001dc_ch_Tot', 'rg006dc_ch_Tot', 'rg008dc_ch_Tot', 'rg009dc_ch_Tot', 'rg004tb_ch_Tot']
shape: (8_640, 3)
┌─────────────────────┬───────────┬────────┐
│ TIMESTAMP           ┆ Air_T_Avg ┆ RH_Avg │
│ ---                 ┆ ---       ┆ ---    │
│ datetime[μs]        ┆ f64       ┆ f64    │
╞═════════════════════╪═══════════╪════════╡
│ 2024-03-27 00:00:10 ┆ 278.99    ┆ 93.68  │
│ 2024-03-27 00:00:20 ┆ 278.99    ┆ 93.72  │
│ 2024-03-27 00:00:30 ┆ 278.99    ┆ 93.78  │
│ 2024-03-27 00:00:40 ┆ 278.99    ┆ 93.78  │
│ 2024-03-27 00:00:50 ┆ 278.99    ┆ 93.74  │
│ …                   ┆ …         ┆ …      │
│ 2024-03-27 23:59:20 ┆ 280.83    ┆ 91.1   │
│ 2024-03-27 23:59:30 ┆ 280.73    ┆ 91.56  │
│ 2024-03-27 23:59:40 ┆ 280.71    ┆ 91.54  │
│ 2024-03-27 23:59:50 ┆ 280.69    ┆ 91.32  │
│ 2024-03-28 00:00:00 ┆ 280.69    ┆ 91.04  │
└─────────────────────┴───────────┴────────┘
[INFO] Correcting the 'time' variable in the NetCDF file.
<class 'netCDF4.Variable'>
float64 time(time)
    units: seconds since 1970-01-01 00:00:00
    standard_name: time
    long_name: Time (seconds since 1970-01-01 00:00:00)
    axis: T
    valid_min: 1711497610.0
    valid_max: 1711584000.0
    calendar: standard
unlimited dimensions: 
current shape = (8640,)
filling on, default _FillValue of 9.969209968386869e+36 used
Flagged 0 points where air_temperature < 245.0K as bad data (qc_flag = 2).
Found 0 points already flagged as bad data (flag=2)
QC flags successfully added to /gws/pw/j07/ncas_obs_vol2/cao/processing/ncas-temperature-rh-1/data/long-term/level1d/2024/stfc-temperature-rh-1_cao_20240327_surface-met_v1.1.nc.
Updated time units to 'seconds since 1970-01-01 00:00:00' in /gws/pw/j07/ncas_obs_vol2/cao/processing/ncas-temperature-rh-1/data/long-term/level1d/2024/stfc-temperature-rh-1_cao_20240327_surface-met_v1.1.nc
/gws/pw/j07/ncas_obs_vol2/cao/raw_data/met_cao/data/long-term/2024/202403/CR1000XSeries_Chilbolton_Rxcabinmet1_20240328.dat
Parsed column names: ['TIMESTAMP', 'RECORD', 'BattV_Avg', 'PTemp_C_Avg', 'Air_T_Avg', 'RH_Avg', 'BP_mbar_Avg', 'WS_Avg', 'WD_Avg', 'SlrW_Avg', 'rg001dc_ch_Tot', 'rg006dc_ch_Tot', 'rg008dc_ch_Tot', 'rg009dc_ch_Tot', 'rg004tb_ch_Tot']
shape: (8_640, 3)
┌─────────────────────┬───────────┬────────┐
│ TIMESTAMP           ┆ Air_T_Avg ┆ RH_Avg │
│ ---                 ┆ ---       ┆ ---    │
│ datetime[μs]        ┆ f64       ┆ f64    │
╞═════════════════════╪═══════════╪════════╡
│ 2024-03-28 00:00:10 ┆ 280.71    ┆ 90.56  │
│ 2024-03-28 00:00:20 ┆ 280.73    ┆ 90.5   │
│ 2024-03-28 00:00:30 ┆ 280.73    ┆ 90.76  │
│ 2024-03-28 00:00:40 ┆ 280.73    ┆ 91.16  │
│ 2024-03-28 00:00:50 ┆ 280.71    ┆ 91.64  │
│ …                   ┆ …         ┆ …      │
│ 2024-03-28 23:59:20 ┆ 280.33    ┆ 87.66  │
│ 2024-03-28 23:59:30 ┆ 280.33    ┆ 87.64  │
│ 2024-03-28 23:59:40 ┆ 280.33    ┆ 87.66  │
│ 2024-03-28 23:59:50 ┆ 280.35    ┆ 87.62  │
│ 2024-03-29 00:00:00 ┆ 280.35    ┆ 87.6   │
└─────────────────────┴───────────┴────────┘
[INFO] Correcting the 'time' variable in the NetCDF file.
<class 'netCDF4.Variable'>
float64 time(time)
    units: seconds since 1970-01-01 00:00:00
    standard_name: time
    long_name: Time (seconds since 1970-01-01 00:00:00)
    axis: T
    valid_min: 1711584010.0
    valid_max: 1711670400.0
    calendar: standard
unlimited dimensions: 
current shape = (8640,)
filling on, default _FillValue of 9.969209968386869e+36 used
Flagged 0 points where air_temperature < 245.0K as bad data (qc_flag = 2).
Found 0 points already flagged as bad data (flag=2)
QC flags successfully added to /gws/pw/j07/ncas_obs_vol2/cao/processing/ncas-temperature-rh-1/data/long-term/level1d/2024/stfc-temperature-rh-1_cao_20240328_surface-met_v1.1.nc.
Updated time units to 'seconds since 1970-01-01 00:00:00' in /gws/pw/j07/ncas_obs_vol2/cao/processing/ncas-temperature-rh-1/data/long-term/level1d/2024/stfc-temperature-rh-1_cao_20240328_surface-met_v1.1.nc
/gws/pw/j07/ncas_obs_vol2/cao/raw_data/met_cao/data/long-term/2024/202403/CR1000XSeries_Chilbolton_Rxcabinmet1_20240329.dat
Parsed column names: ['TIMESTAMP', 'RECORD', 'BattV_Avg', 'PTemp_C_Avg', 'Air_T_Avg', 'RH_Avg', 'BP_mbar_Avg', 'WS_Avg', 'WD_Avg', 'SlrW_Avg', 'rg001dc_ch_Tot', 'rg006dc_ch_Tot', 'rg008dc_ch_Tot', 'rg009dc_ch_Tot', 'rg004tb_ch_Tot']
shape: (8_640, 3)
┌─────────────────────┬───────────┬────────┐
│ TIMESTAMP           ┆ Air_T_Avg ┆ RH_Avg │
│ ---                 ┆ ---       ┆ ---    │
│ datetime[μs]        ┆ f64       ┆ f64    │
╞═════════════════════╪═══════════╪════════╡
│ 2024-03-29 00:00:10 ┆ 280.35    ┆ 87.6   │
│ 2024-03-29 00:00:20 ┆ 280.37    ┆ 87.48  │
│ 2024-03-29 00:00:30 ┆ 280.39    ┆ 87.34  │
│ 2024-03-29 00:00:40 ┆ 280.39    ┆ 87.22  │
│ 2024-03-29 00:00:50 ┆ 280.41    ┆ 87.08  │
│ …                   ┆ …         ┆ …      │
│ 2024-03-29 23:59:20 ┆ 279.29    ┆ 89.26  │
│ 2024-03-29 23:59:30 ┆ 279.29    ┆ 89.18  │
│ 2024-03-29 23:59:40 ┆ 279.27    ┆ 89.12  │
│ 2024-03-29 23:59:50 ┆ 279.25    ┆ 89.08  │
│ 2024-03-30 00:00:00 ┆ 279.21    ┆ 88.84  │
└─────────────────────┴───────────┴────────┘
[INFO] Correcting the 'time' variable in the NetCDF file.
<class 'netCDF4.Variable'>
float64 time(time)
    units: seconds since 1970-01-01 00:00:00
    standard_name: time
    long_name: Time (seconds since 1970-01-01 00:00:00)
    axis: T
    valid_min: 1711670410.0
    valid_max: 1711756800.0
    calendar: standard
unlimited dimensions: 
current shape = (8640,)
filling on, default _FillValue of 9.969209968386869e+36 used
Flagged 0 points where air_temperature < 245.0K as bad data (qc_flag = 2).
Found 0 points already flagged as bad data (flag=2)
QC flags successfully added to /gws/pw/j07/ncas_obs_vol2/cao/processing/ncas-temperature-rh-1/data/long-term/level1d/2024/stfc-temperature-rh-1_cao_20240329_surface-met_v1.1.nc.
Updated time units to 'seconds since 1970-01-01 00:00:00' in /gws/pw/j07/ncas_obs_vol2/cao/processing/ncas-temperature-rh-1/data/long-term/level1d/2024/stfc-temperature-rh-1_cao_20240329_surface-met_v1.1.nc
/gws/pw/j07/ncas_obs_vol2/cao/raw_data/met_cao/data/long-term/2024/202403/CR1000XSeries_Chilbolton_Rxcabinmet1_20240330.dat
Parsed column names: ['TIMESTAMP', 'RECORD', 'BattV_Avg', 'PTemp_C_Avg', 'Air_T_Avg', 'RH_Avg', 'BP_mbar_Avg', 'WS_Avg', 'WD_Avg', 'SlrW_Avg', 'rg001dc_ch_Tot', 'rg006dc_ch_Tot', 'rg008dc_ch_Tot', 'rg009dc_ch_Tot', 'rg004tb_ch_Tot']
shape: (8_640, 3)
┌─────────────────────┬───────────┬────────┐
│ TIMESTAMP           ┆ Air_T_Avg ┆ RH_Avg │
│ ---                 ┆ ---       ┆ ---    │
│ datetime[μs]        ┆ f64       ┆ f64    │
╞═════════════════════╪═══════════╪════════╡
│ 2024-03-30 00:00:10 ┆ 279.23    ┆ 88.72  │
│ 2024-03-30 00:00:20 ┆ 279.21    ┆ 88.76  │
│ 2024-03-30 00:00:30 ┆ 279.21    ┆ 88.9   │
│ 2024-03-30 00:00:40 ┆ 279.19    ┆ 89.06  │
│ 2024-03-30 00:00:50 ┆ 279.19    ┆ 89.16  │
│ …                   ┆ …         ┆ …      │
│ 2024-03-30 23:59:20 ┆ 278.59    ┆ 83.26  │
│ 2024-03-30 23:59:30 ┆ 278.59    ┆ 83.26  │
│ 2024-03-30 23:59:40 ┆ 278.59    ┆ 83.32  │
│ 2024-03-30 23:59:50 ┆ 278.61    ┆ 83.36  │
│ 2024-03-31 00:00:00 ┆ 278.61    ┆ 83.4   │
└─────────────────────┴───────────┴────────┘
[INFO] Correcting the 'time' variable in the NetCDF file.
<class 'netCDF4.Variable'>
float64 time(time)
    units: seconds since 1970-01-01 00:00:00
    standard_name: time
    long_name: Time (seconds since 1970-01-01 00:00:00)
    axis: T
    valid_min: 1711756810.0
    valid_max: 1711843200.0
    calendar: standard
unlimited dimensions: 
current shape = (8640,)
filling on, default _FillValue of 9.969209968386869e+36 used
Flagged 0 points where air_temperature < 245.0K as bad data (qc_flag = 2).
Found 0 points already flagged as bad data (flag=2)
QC flags successfully added to /gws/pw/j07/ncas_obs_vol2/cao/processing/ncas-temperature-rh-1/data/long-term/level1d/2024/stfc-temperature-rh-1_cao_20240330_surface-met_v1.1.nc.
Updated time units to 'seconds since 1970-01-01 00:00:00' in /gws/pw/j07/ncas_obs_vol2/cao/processing/ncas-temperature-rh-1/data/long-term/level1d/2024/stfc-temperature-rh-1_cao_20240330_surface-met_v1.1.nc
/gws/pw/j07/ncas_obs_vol2/cao/raw_data/met_cao/data/long-term/2024/202403/CR1000XSeries_Chilbolton_Rxcabinmet1_20240331.dat
Parsed column names: ['TIMESTAMP', 'RECORD', 'BattV_Avg', 'PTemp_C_Avg', 'Air_T_Avg', 'RH_Avg', 'BP_mbar_Avg', 'WS_Avg', 'WD_Avg', 'SlrW_Avg', 'rg001dc_ch_Tot', 'rg006dc_ch_Tot', 'rg008dc_ch_Tot', 'rg009dc_ch_Tot', 'rg004tb_ch_Tot']
shape: (8_640, 3)
┌─────────────────────┬───────────┬────────┐
│ TIMESTAMP           ┆ Air_T_Avg ┆ RH_Avg │
│ ---                 ┆ ---       ┆ ---    │
│ datetime[μs]        ┆ f64       ┆ f64    │
╞═════════════════════╪═══════════╪════════╡
│ 2024-03-31 00:00:10 ┆ 278.59    ┆ 83.5   │
│ 2024-03-31 00:00:20 ┆ 278.59    ┆ 83.54  │
│ 2024-03-31 00:00:30 ┆ 278.59    ┆ 83.54  │
│ 2024-03-31 00:00:40 ┆ 278.57    ┆ 83.58  │
│ 2024-03-31 00:00:50 ┆ 278.55    ┆ 83.58  │
│ …                   ┆ …         ┆ …      │
│ 2024-03-31 23:59:20 ┆ 280.55    ┆ 99.3   │
│ 2024-03-31 23:59:30 ┆ 280.53    ┆ 99.24  │
│ 2024-03-31 23:59:40 ┆ 280.53    ┆ 99.18  │
│ 2024-03-31 23:59:50 ┆ 280.55    ┆ 99.1   │
│ 2024-04-01 00:00:00 ┆ 280.55    ┆ 99.1   │
└─────────────────────┴───────────┴────────┘
[INFO] Correcting the 'time' variable in the NetCDF file.
<class 'netCDF4.Variable'>
float64 time(time)
    units: seconds since 1970-01-01 00:00:00
    standard_name: time
    long_name: Time (seconds since 1970-01-01 00:00:00)
    axis: T
    valid_min: 1711843210.0
    valid_max: 1711929600.0
    calendar: standard
unlimited dimensions: 
current shape = (8640,)
filling on, default _FillValue of 9.969209968386869e+36 used
Flagged 0 points where air_temperature < 245.0K as bad data (qc_flag = 2).
Found 0 points already flagged as bad data (flag=2)
QC flags successfully added to /gws/pw/j07/ncas_obs_vol2/cao/processing/ncas-temperature-rh-1/data/long-term/level1d/2024/stfc-temperature-rh-1_cao_20240331_surface-met_v1.1.nc.
Updated time units to 'seconds since 1970-01-01 00:00:00' in /gws/pw/j07/ncas_obs_vol2/cao/processing/ncas-temperature-rh-1/data/long-term/level1d/2024/stfc-temperature-rh-1_cao_20240331_surface-met_v1.1.nc
/gws/pw/j07/ncas_obs_vol2/cao/raw_data/met_cao/data/long-term/2024/202404/CR1000XSeries_Chilbolton_Rxcabinmet1_20240401.dat
Parsed column names: ['TIMESTAMP', 'RECORD', 'BattV_Avg', 'PTemp_C_Avg', 'Air_T_Avg', 'RH_Avg', 'BP_mbar_Avg', 'WS_Avg', 'WD_Avg', 'SlrW_Avg', 'rg001dc_ch_Tot', 'rg006dc_ch_Tot', 'rg008dc_ch_Tot', 'rg009dc_ch_Tot', 'rg004tb_ch_Tot']
shape: (8_640, 3)
┌─────────────────────┬───────────┬────────┐
│ TIMESTAMP           ┆ Air_T_Avg ┆ RH_Avg │
│ ---                 ┆ ---       ┆ ---    │
│ datetime[μs]        ┆ f64       ┆ f64    │
╞═════════════════════╪═══════════╪════════╡
│ 2024-04-01 00:00:10 ┆ 280.55    ┆ 99.08  │
│ 2024-04-01 00:00:20 ┆ 280.55    ┆ 99.14  │
│ 2024-04-01 00:00:30 ┆ 280.55    ┆ 99.24  │
│ 2024-04-01 00:00:40 ┆ 280.55    ┆ 99.28  │
│ 2024-04-01 00:00:50 ┆ 280.55    ┆ 99.34  │
│ …                   ┆ …         ┆ …      │
│ 2024-04-01 23:59:20 ┆ 281.55    ┆ 92.78  │
│ 2024-04-01 23:59:30 ┆ 281.55    ┆ 92.96  │
│ 2024-04-01 23:59:40 ┆ 281.59    ┆ 92.96  │
│ 2024-04-01 23:59:50 ┆ 281.59    ┆ 92.96  │
│ 2024-04-02 00:00:00 ┆ 281.61    ┆ 92.92  │
└─────────────────────┴───────────┴────────┘
[INFO] Correcting the 'time' variable in the NetCDF file.
<class 'netCDF4.Variable'>
float64 time(time)
    units: seconds since 1970-01-01 00:00:00
    standard_name: time
    long_name: Time (seconds since 1970-01-01 00:00:00)
    axis: T
    valid_min: 1711929610.0
    valid_max: 1712016000.0
    calendar: standard
unlimited dimensions: 
current shape = (8640,)
filling on, default _FillValue of 9.969209968386869e+36 used
Flagged 0 points where air_temperature < 245.0K as bad data (qc_flag = 2).
Found 0 points already flagged as bad data (flag=2)
QC flags successfully added to /gws/pw/j07/ncas_obs_vol2/cao/processing/ncas-temperature-rh-1/data/long-term/level1d/2024/stfc-temperature-rh-1_cao_20240401_surface-met_v1.1.nc.
Updated time units to 'seconds since 1970-01-01 00:00:00' in /gws/pw/j07/ncas_obs_vol2/cao/processing/ncas-temperature-rh-1/data/long-term/level1d/2024/stfc-temperature-rh-1_cao_20240401_surface-met_v1.1.nc
/gws/pw/j07/ncas_obs_vol2/cao/raw_data/met_cao/data/long-term/2024/202404/CR1000XSeries_Chilbolton_Rxcabinmet1_20240402.dat
Parsed column names: ['TIMESTAMP', 'RECORD', 'BattV_Avg', 'PTemp_C_Avg', 'Air_T_Avg', 'RH_Avg', 'BP_mbar_Avg', 'WS_Avg', 'WD_Avg', 'SlrW_Avg', 'rg001dc_ch_Tot', 'rg006dc_ch_Tot', 'rg008dc_ch_Tot', 'rg009dc_ch_Tot', 'rg004tb_ch_Tot']
shape: (8_640, 3)
┌─────────────────────┬───────────┬────────┐
│ TIMESTAMP           ┆ Air_T_Avg ┆ RH_Avg │
│ ---                 ┆ ---       ┆ ---    │
│ datetime[μs]        ┆ f64       ┆ f64    │
╞═════════════════════╪═══════════╪════════╡
│ 2024-04-02 00:00:10 ┆ 281.59    ┆ 92.9   │
│ 2024-04-02 00:00:20 ┆ 281.61    ┆ 92.78  │
│ 2024-04-02 00:00:30 ┆ 281.63    ┆ 92.66  │
│ 2024-04-02 00:00:40 ┆ 281.63    ┆ 92.64  │
│ 2024-04-02 00:00:50 ┆ 281.67    ┆ 92.58  │
│ …                   ┆ …         ┆ …      │
│ 2024-04-02 23:59:20 ┆ 283.23    ┆ 95.5   │
│ 2024-04-02 23:59:30 ┆ 283.23    ┆ 95.42  │
│ 2024-04-02 23:59:40 ┆ 283.23    ┆ 95.42  │
│ 2024-04-02 23:59:50 ┆ 283.23    ┆ 95.44  │
│ 2024-04-03 00:00:00 ┆ 283.23    ┆ 95.46  │
└─────────────────────┴───────────┴────────┘
[INFO] Correcting the 'time' variable in the NetCDF file.
<class 'netCDF4.Variable'>
float64 time(time)
    units: seconds since 1970-01-01 00:00:00
    standard_name: time
    long_name: Time (seconds since 1970-01-01 00:00:00)
    axis: T
    valid_min: 1712016010.0
    valid_max: 1712102400.0
    calendar: standard
unlimited dimensions: 
current shape = (8640,)
filling on, default _FillValue of 9.969209968386869e+36 used
Flagged 0 points where air_temperature < 245.0K as bad data (qc_flag = 2).
Found 0 points already flagged as bad data (flag=2)
QC flags successfully added to /gws/pw/j07/ncas_obs_vol2/cao/processing/ncas-temperature-rh-1/data/long-term/level1d/2024/stfc-temperature-rh-1_cao_20240402_surface-met_v1.1.nc.
Updated time units to 'seconds since 1970-01-01 00:00:00' in /gws/pw/j07/ncas_obs_vol2/cao/processing/ncas-temperature-rh-1/data/long-term/level1d/2024/stfc-temperature-rh-1_cao_20240402_surface-met_v1.1.nc
/gws/pw/j07/ncas_obs_vol2/cao/raw_data/met_cao/data/long-term/2024/202404/CR1000XSeries_Chilbolton_Rxcabinmet1_20240403.dat
Parsed column names: ['TIMESTAMP', 'RECORD', 'BattV_Avg', 'PTemp_C_Avg', 'Air_T_Avg', 'RH_Avg', 'BP_mbar_Avg', 'WS_Avg', 'WD_Avg', 'SlrW_Avg', 'rg001dc_ch_Tot', 'rg006dc_ch_Tot', 'rg008dc_ch_Tot', 'rg009dc_ch_Tot', 'rg004tb_ch_Tot']
shape: (8_640, 3)
┌─────────────────────┬───────────┬────────┐
│ TIMESTAMP           ┆ Air_T_Avg ┆ RH_Avg │
│ ---                 ┆ ---       ┆ ---    │
│ datetime[μs]        ┆ f64       ┆ f64    │
╞═════════════════════╪═══════════╪════════╡
│ 2024-04-03 00:00:10 ┆ 283.23    ┆ 95.52  │
│ 2024-04-03 00:00:20 ┆ 283.23    ┆ 95.56  │
│ 2024-04-03 00:00:30 ┆ 283.23    ┆ 95.6   │
│ 2024-04-03 00:00:40 ┆ 283.23    ┆ 95.62  │
│ 2024-04-03 00:00:50 ┆ 283.23    ┆ 95.62  │
│ …                   ┆ …         ┆ …      │
│ 2024-04-03 23:59:20 ┆ 283.77    ┆ 98.0   │
│ 2024-04-03 23:59:30 ┆ 283.77    ┆ 98.12  │
│ 2024-04-03 23:59:40 ┆ 283.77    ┆ 98.36  │
│ 2024-04-03 23:59:50 ┆ 283.77    ┆ 98.5   │
│ 2024-04-04 00:00:00 ┆ 283.77    ┆ 98.7   │
└─────────────────────┴───────────┴────────┘
[INFO] Correcting the 'time' variable in the NetCDF file.
<class 'netCDF4.Variable'>
float64 time(time)
    units: seconds since 1970-01-01 00:00:00
    standard_name: time
    long_name: Time (seconds since 1970-01-01 00:00:00)
    axis: T
    valid_min: 1712102410.0
    valid_max: 1712188800.0
    calendar: standard
unlimited dimensions: 
current shape = (8640,)
filling on, default _FillValue of 9.969209968386869e+36 used
Flagged 0 points where air_temperature < 245.0K as bad data (qc_flag = 2).
Found 0 points already flagged as bad data (flag=2)
QC flags successfully added to /gws/pw/j07/ncas_obs_vol2/cao/processing/ncas-temperature-rh-1/data/long-term/level1d/2024/stfc-temperature-rh-1_cao_20240403_surface-met_v1.1.nc.
Updated time units to 'seconds since 1970-01-01 00:00:00' in /gws/pw/j07/ncas_obs_vol2/cao/processing/ncas-temperature-rh-1/data/long-term/level1d/2024/stfc-temperature-rh-1_cao_20240403_surface-met_v1.1.nc
/gws/pw/j07/ncas_obs_vol2/cao/raw_data/met_cao/data/long-term/2024/202404/CR1000XSeries_Chilbolton_Rxcabinmet1_20240404.dat
Parsed column names: ['TIMESTAMP', 'RECORD', 'BattV_Avg', 'PTemp_C_Avg', 'Air_T_Avg', 'RH_Avg', 'BP_mbar_Avg', 'WS_Avg', 'WD_Avg', 'SlrW_Avg', 'rg001dc_ch_Tot', 'rg006dc_ch_Tot', 'rg008dc_ch_Tot', 'rg009dc_ch_Tot', 'rg004tb_ch_Tot']
shape: (8_640, 3)
┌─────────────────────┬───────────┬────────┐
│ TIMESTAMP           ┆ Air_T_Avg ┆ RH_Avg │
│ ---                 ┆ ---       ┆ ---    │
│ datetime[μs]        ┆ f64       ┆ f64    │
╞═════════════════════╪═══════════╪════════╡
│ 2024-04-04 00:00:10 ┆ 283.75    ┆ 98.88  │
│ 2024-04-04 00:00:20 ┆ 283.77    ┆ 98.86  │
│ 2024-04-04 00:00:30 ┆ 283.77    ┆ 98.78  │
│ 2024-04-04 00:00:40 ┆ 283.77    ┆ 98.62  │
│ 2024-04-04 00:00:50 ┆ 283.77    ┆ 98.5   │
│ …                   ┆ …         ┆ …      │
│ 2024-04-04 23:59:20 ┆ 285.25    ┆ 94.42  │
│ 2024-04-04 23:59:30 ┆ 285.25    ┆ 94.46  │
│ 2024-04-04 23:59:40 ┆ 285.25    ┆ 94.52  │
│ 2024-04-04 23:59:50 ┆ 285.25    ┆ 94.6   │
│ 2024-04-05 00:00:00 ┆ 285.23    ┆ 94.62  │
└─────────────────────┴───────────┴────────┘
[INFO] Correcting the 'time' variable in the NetCDF file.
<class 'netCDF4.Variable'>
float64 time(time)
    units: seconds since 1970-01-01 00:00:00
    standard_name: time
    long_name: Time (seconds since 1970-01-01 00:00:00)
    axis: T
    valid_min: 1712188810.0
    valid_max: 1712275200.0
    calendar: standard
unlimited dimensions: 
current shape = (8640,)
filling on, default _FillValue of 9.969209968386869e+36 used
Flagged 0 points where air_temperature < 245.0K as bad data (qc_flag = 2).
Found 0 points already flagged as bad data (flag=2)
QC flags successfully added to /gws/pw/j07/ncas_obs_vol2/cao/processing/ncas-temperature-rh-1/data/long-term/level1d/2024/stfc-temperature-rh-1_cao_20240404_surface-met_v1.1.nc.
Updated time units to 'seconds since 1970-01-01 00:00:00' in /gws/pw/j07/ncas_obs_vol2/cao/processing/ncas-temperature-rh-1/data/long-term/level1d/2024/stfc-temperature-rh-1_cao_20240404_surface-met_v1.1.nc
/gws/pw/j07/ncas_obs_vol2/cao/raw_data/met_cao/data/long-term/2024/202404/CR1000XSeries_Chilbolton_Rxcabinmet1_20240405.dat
Parsed column names: ['TIMESTAMP', 'RECORD', 'BattV_Avg', 'PTemp_C_Avg', 'Air_T_Avg', 'RH_Avg', 'BP_mbar_Avg', 'WS_Avg', 'WD_Avg', 'SlrW_Avg', 'rg001dc_ch_Tot', 'rg006dc_ch_Tot', 'rg008dc_ch_Tot', 'rg009dc_ch_Tot', 'rg004tb_ch_Tot']
shape: (8_640, 3)
┌─────────────────────┬───────────┬────────┐
│ TIMESTAMP           ┆ Air_T_Avg ┆ RH_Avg │
│ ---                 ┆ ---       ┆ ---    │
│ datetime[μs]        ┆ f64       ┆ f64    │
╞═════════════════════╪═══════════╪════════╡
│ 2024-04-05 00:00:10 ┆ 285.23    ┆ 94.66  │
│ 2024-04-05 00:00:20 ┆ 285.23    ┆ 94.62  │
│ 2024-04-05 00:00:30 ┆ 285.23    ┆ 94.6   │
│ 2024-04-05 00:00:40 ┆ 285.23    ┆ 94.52  │
│ 2024-04-05 00:00:50 ┆ 285.23    ┆ 94.52  │
│ …                   ┆ …         ┆ …      │
│ 2024-04-05 23:59:20 ┆ 286.83    ┆ 86.98  │
│ 2024-04-05 23:59:30 ┆ 286.83    ┆ 87.1   │
│ 2024-04-05 23:59:40 ┆ 286.83    ┆ 87.22  │
│ 2024-04-05 23:59:50 ┆ 286.81    ┆ 87.28  │
│ 2024-04-06 00:00:00 ┆ 286.81    ┆ 87.32  │
└─────────────────────┴───────────┴────────┘
[INFO] Correcting the 'time' variable in the NetCDF file.
<class 'netCDF4.Variable'>
float64 time(time)
    units: seconds since 1970-01-01 00:00:00
    standard_name: time
    long_name: Time (seconds since 1970-01-01 00:00:00)
    axis: T
    valid_min: 1712275210.0
    valid_max: 1712361600.0
    calendar: standard
unlimited dimensions: 
current shape = (8640,)
filling on, default _FillValue of 9.969209968386869e+36 used
Flagged 0 points where air_temperature < 245.0K as bad data (qc_flag = 2).
Found 0 points already flagged as bad data (flag=2)
QC flags successfully added to /gws/pw/j07/ncas_obs_vol2/cao/processing/ncas-temperature-rh-1/data/long-term/level1d/2024/stfc-temperature-rh-1_cao_20240405_surface-met_v1.1.nc.
Updated time units to 'seconds since 1970-01-01 00:00:00' in /gws/pw/j07/ncas_obs_vol2/cao/processing/ncas-temperature-rh-1/data/long-term/level1d/2024/stfc-temperature-rh-1_cao_20240405_surface-met_v1.1.nc
/gws/pw/j07/ncas_obs_vol2/cao/raw_data/met_cao/data/long-term/2024/202404/CR1000XSeries_Chilbolton_Rxcabinmet1_20240406.dat
Parsed column names: ['TIMESTAMP', 'RECORD', 'BattV_Avg', 'PTemp_C_Avg', 'Air_T_Avg', 'RH_Avg', 'BP_mbar_Avg', 'WS_Avg', 'WD_Avg', 'SlrW_Avg', 'rg001dc_ch_Tot', 'rg006dc_ch_Tot', 'rg008dc_ch_Tot', 'rg009dc_ch_Tot', 'rg004tb_ch_Tot']
shape: (8_640, 3)
┌─────────────────────┬───────────┬────────┐
│ TIMESTAMP           ┆ Air_T_Avg ┆ RH_Avg │
│ ---                 ┆ ---       ┆ ---    │
│ datetime[μs]        ┆ f64       ┆ f64    │
╞═════════════════════╪═══════════╪════════╡
│ 2024-04-06 00:00:10 ┆ 286.81    ┆ 87.28  │
│ 2024-04-06 00:00:20 ┆ 286.79    ┆ 87.22  │
│ 2024-04-06 00:00:30 ┆ 286.79    ┆ 87.22  │
│ 2024-04-06 00:00:40 ┆ 286.79    ┆ 87.26  │
│ 2024-04-06 00:00:50 ┆ 286.79    ┆ 87.26  │
│ …                   ┆ …         ┆ …      │
│ 2024-04-06 23:59:20 ┆ 284.63    ┆ 75.84  │
│ 2024-04-06 23:59:30 ┆ 284.63    ┆ 75.94  │
│ 2024-04-06 23:59:40 ┆ 284.63    ┆ 76.14  │
│ 2024-04-06 23:59:50 ┆ 284.63    ┆ 76.46  │
│ 2024-04-07 00:00:00 ┆ 284.63    ┆ 76.86  │
└─────────────────────┴───────────┴────────┘
[INFO] Correcting the 'time' variable in the NetCDF file.
<class 'netCDF4.Variable'>
float64 time(time)
    units: seconds since 1970-01-01 00:00:00
    standard_name: time
    long_name: Time (seconds since 1970-01-01 00:00:00)
    axis: T
    valid_min: 1712361610.0
    valid_max: 1712448000.0
    calendar: standard
unlimited dimensions: 
current shape = (8640,)
filling on, default _FillValue of 9.969209968386869e+36 used
Flagged 0 points where air_temperature < 245.0K as bad data (qc_flag = 2).
Found 0 points already flagged as bad data (flag=2)
QC flags successfully added to /gws/pw/j07/ncas_obs_vol2/cao/processing/ncas-temperature-rh-1/data/long-term/level1d/2024/stfc-temperature-rh-1_cao_20240406_surface-met_v1.1.nc.
Updated time units to 'seconds since 1970-01-01 00:00:00' in /gws/pw/j07/ncas_obs_vol2/cao/processing/ncas-temperature-rh-1/data/long-term/level1d/2024/stfc-temperature-rh-1_cao_20240406_surface-met_v1.1.nc
/gws/pw/j07/ncas_obs_vol2/cao/raw_data/met_cao/data/long-term/2024/202404/CR1000XSeries_Chilbolton_Rxcabinmet1_20240407.dat
Parsed column names: ['TIMESTAMP', 'RECORD', 'BattV_Avg', 'PTemp_C_Avg', 'Air_T_Avg', 'RH_Avg', 'BP_mbar_Avg', 'WS_Avg', 'WD_Avg', 'SlrW_Avg', 'rg001dc_ch_Tot', 'rg006dc_ch_Tot', 'rg008dc_ch_Tot', 'rg009dc_ch_Tot', 'rg004tb_ch_Tot']
shape: (8_640, 3)
┌─────────────────────┬───────────┬────────┐
│ TIMESTAMP           ┆ Air_T_Avg ┆ RH_Avg │
│ ---                 ┆ ---       ┆ ---    │
│ datetime[μs]        ┆ f64       ┆ f64    │
╞═════════════════════╪═══════════╪════════╡
│ 2024-04-07 00:00:10 ┆ 284.63    ┆ 76.96  │
│ 2024-04-07 00:00:20 ┆ 284.63    ┆ 76.92  │
│ 2024-04-07 00:00:30 ┆ 284.63    ┆ 76.9   │
│ 2024-04-07 00:00:40 ┆ 284.63    ┆ 76.66  │
│ 2024-04-07 00:00:50 ┆ 284.63    ┆ 76.16  │
│ …                   ┆ …         ┆ …      │
│ 2024-04-07 23:59:20 ┆ 283.05    ┆ 91.78  │
│ 2024-04-07 23:59:30 ┆ 283.05    ┆ 91.64  │
│ 2024-04-07 23:59:40 ┆ 283.03    ┆ 91.48  │
│ 2024-04-07 23:59:50 ┆ 283.03    ┆ 91.28  │
│ 2024-04-08 00:00:00 ┆ 283.03    ┆ 91.26  │
└─────────────────────┴───────────┴────────┘
[INFO] Correcting the 'time' variable in the NetCDF file.
<class 'netCDF4.Variable'>
float64 time(time)
    units: seconds since 1970-01-01 00:00:00
    standard_name: time
    long_name: Time (seconds since 1970-01-01 00:00:00)
    axis: T
    valid_min: 1712448010.0
    valid_max: 1712534400.0
    calendar: standard
unlimited dimensions: 
current shape = (8640,)
filling on, default _FillValue of 9.969209968386869e+36 used
Flagged 0 points where air_temperature < 245.0K as bad data (qc_flag = 2).
Found 0 points already flagged as bad data (flag=2)
QC flags successfully added to /gws/pw/j07/ncas_obs_vol2/cao/processing/ncas-temperature-rh-1/data/long-term/level1d/2024/stfc-temperature-rh-1_cao_20240407_surface-met_v1.1.nc.
Updated time units to 'seconds since 1970-01-01 00:00:00' in /gws/pw/j07/ncas_obs_vol2/cao/processing/ncas-temperature-rh-1/data/long-term/level1d/2024/stfc-temperature-rh-1_cao_20240407_surface-met_v1.1.nc
/gws/pw/j07/ncas_obs_vol2/cao/raw_data/met_cao/data/long-term/2024/202404/CR1000XSeries_Chilbolton_Rxcabinmet1_20240408.dat
Parsed column names: ['TIMESTAMP', 'RECORD', 'BattV_Avg', 'PTemp_C_Avg', 'Air_T_Avg', 'RH_Avg', 'BP_mbar_Avg', 'WS_Avg', 'WD_Avg', 'SlrW_Avg', 'rg001dc_ch_Tot', 'rg006dc_ch_Tot', 'rg008dc_ch_Tot', 'rg009dc_ch_Tot', 'rg004tb_ch_Tot']
shape: (8_640, 3)
┌─────────────────────┬───────────┬────────┐
│ TIMESTAMP           ┆ Air_T_Avg ┆ RH_Avg │
│ ---                 ┆ ---       ┆ ---    │
│ datetime[μs]        ┆ f64       ┆ f64    │
╞═════════════════════╪═══════════╪════════╡
│ 2024-04-08 00:00:10 ┆ 283.01    ┆ 91.42  │
│ 2024-04-08 00:00:20 ┆ 283.01    ┆ 91.6   │
│ 2024-04-08 00:00:30 ┆ 283.01    ┆ 91.76  │
│ 2024-04-08 00:00:40 ┆ 283.01    ┆ 91.88  │
│ 2024-04-08 00:00:50 ┆ 282.99    ┆ 91.96  │
│ …                   ┆ …         ┆ …      │
│ 2024-04-08 23:59:20 ┆ 281.09    ┆ 92.16  │
│ 2024-04-08 23:59:30 ┆ 281.07    ┆ 91.94  │
│ 2024-04-08 23:59:40 ┆ 281.09    ┆ 91.9   │
│ 2024-04-08 23:59:50 ┆ 281.07    ┆ 92.04  │
│ 2024-04-09 00:00:00 ┆ 281.07    ┆ 92.24  │
└─────────────────────┴───────────┴────────┘
[INFO] Correcting the 'time' variable in the NetCDF file.
<class 'netCDF4.Variable'>
float64 time(time)
    units: seconds since 1970-01-01 00:00:00
    standard_name: time
    long_name: Time (seconds since 1970-01-01 00:00:00)
    axis: T
    valid_min: 1712534410.0
    valid_max: 1712620800.0
    calendar: standard
unlimited dimensions: 
current shape = (8640,)
filling on, default _FillValue of 9.969209968386869e+36 used
Flagged 0 points where air_temperature < 245.0K as bad data (qc_flag = 2).
Found 0 points already flagged as bad data (flag=2)
QC flags successfully added to /gws/pw/j07/ncas_obs_vol2/cao/processing/ncas-temperature-rh-1/data/long-term/level1d/2024/stfc-temperature-rh-1_cao_20240408_surface-met_v1.1.nc.
Updated time units to 'seconds since 1970-01-01 00:00:00' in /gws/pw/j07/ncas_obs_vol2/cao/processing/ncas-temperature-rh-1/data/long-term/level1d/2024/stfc-temperature-rh-1_cao_20240408_surface-met_v1.1.nc
/gws/pw/j07/ncas_obs_vol2/cao/raw_data/met_cao/data/long-term/2024/202404/CR1000XSeries_Chilbolton_Rxcabinmet1_20240409.dat
Parsed column names: ['TIMESTAMP', 'RECORD', 'BattV_Avg', 'PTemp_C_Avg', 'Air_T_Avg', 'RH_Avg', 'BP_mbar_Avg', 'WS_Avg', 'WD_Avg', 'SlrW_Avg', 'rg001dc_ch_Tot', 'rg006dc_ch_Tot', 'rg008dc_ch_Tot', 'rg009dc_ch_Tot', 'rg004tb_ch_Tot']
shape: (8_640, 3)
┌─────────────────────┬───────────┬────────┐
│ TIMESTAMP           ┆ Air_T_Avg ┆ RH_Avg │
│ ---                 ┆ ---       ┆ ---    │
│ datetime[μs]        ┆ f64       ┆ f64    │
╞═════════════════════╪═══════════╪════════╡
│ 2024-04-09 00:00:10 ┆ 281.07    ┆ 92.46  │
│ 2024-04-09 00:00:20 ┆ 281.05    ┆ 92.66  │
│ 2024-04-09 00:00:30 ┆ 281.05    ┆ 92.96  │
│ 2024-04-09 00:00:40 ┆ 281.05    ┆ 93.16  │
│ 2024-04-09 00:00:50 ┆ 281.05    ┆ 93.16  │
│ …                   ┆ …         ┆ …      │
│ 2024-04-09 23:59:20 ┆ 278.67    ┆ 89.1   │
│ 2024-04-09 23:59:30 ┆ 278.65    ┆ 89.5   │
│ 2024-04-09 23:59:40 ┆ 278.73    ┆ 89.36  │
│ 2024-04-09 23:59:50 ┆ 278.77    ┆ 89.46  │
│ 2024-04-10 00:00:00 ┆ 278.77    ┆ 89.66  │
└─────────────────────┴───────────┴────────┘
[INFO] Correcting the 'time' variable in the NetCDF file.
<class 'netCDF4.Variable'>
float64 time(time)
    units: seconds since 1970-01-01 00:00:00
    standard_name: time
    long_name: Time (seconds since 1970-01-01 00:00:00)
    axis: T
    valid_min: 1712620810.0
    valid_max: 1712707200.0
    calendar: standard
unlimited dimensions: 
current shape = (8640,)
filling on, default _FillValue of 9.969209968386869e+36 used
Flagged 0 points where air_temperature < 245.0K as bad data (qc_flag = 2).
Found 0 points already flagged as bad data (flag=2)
QC flags successfully added to /gws/pw/j07/ncas_obs_vol2/cao/processing/ncas-temperature-rh-1/data/long-term/level1d/2024/stfc-temperature-rh-1_cao_20240409_surface-met_v1.1.nc.
Updated time units to 'seconds since 1970-01-01 00:00:00' in /gws/pw/j07/ncas_obs_vol2/cao/processing/ncas-temperature-rh-1/data/long-term/level1d/2024/stfc-temperature-rh-1_cao_20240409_surface-met_v1.1.nc
/gws/pw/j07/ncas_obs_vol2/cao/raw_data/met_cao/data/long-term/2024/202404/CR1000XSeries_Chilbolton_Rxcabinmet1_20240410.dat
Parsed column names: ['TIMESTAMP', 'RECORD', 'BattV_Avg', 'PTemp_C_Avg', 'Air_T_Avg', 'RH_Avg', 'BP_mbar_Avg', 'WS_Avg', 'WD_Avg', 'SlrW_Avg', 'rg001dc_ch_Tot', 'rg006dc_ch_Tot', 'rg008dc_ch_Tot', 'rg009dc_ch_Tot', 'rg004tb_ch_Tot']
shape: (8_640, 3)
┌─────────────────────┬───────────┬────────┐
│ TIMESTAMP           ┆ Air_T_Avg ┆ RH_Avg │
│ ---                 ┆ ---       ┆ ---    │
│ datetime[μs]        ┆ f64       ┆ f64    │
╞═════════════════════╪═══════════╪════════╡
│ 2024-04-10 00:00:10 ┆ 278.77    ┆ 89.72  │
│ 2024-04-10 00:00:20 ┆ 278.77    ┆ 89.68  │
│ 2024-04-10 00:00:30 ┆ 278.75    ┆ 89.64  │
│ 2024-04-10 00:00:40 ┆ 278.75    ┆ 89.44  │
│ 2024-04-10 00:00:50 ┆ 278.73    ┆ 89.08  │
│ …                   ┆ …         ┆ …      │
│ 2024-04-10 23:59:20 ┆ 285.05    ┆ 96.84  │
│ 2024-04-10 23:59:30 ┆ 285.05    ┆ 96.98  │
│ 2024-04-10 23:59:40 ┆ 285.05    ┆ 97.18  │
│ 2024-04-10 23:59:50 ┆ 285.05    ┆ 97.3   │
│ 2024-04-11 00:00:00 ┆ 285.05    ┆ 97.18  │
└─────────────────────┴───────────┴────────┘
[INFO] Correcting the 'time' variable in the NetCDF file.
<class 'netCDF4.Variable'>
float64 time(time)
    units: seconds since 1970-01-01 00:00:00
    standard_name: time
    long_name: Time (seconds since 1970-01-01 00:00:00)
    axis: T
    valid_min: 1712707210.0
    valid_max: 1712793600.0
    calendar: standard
unlimited dimensions: 
current shape = (8640,)
filling on, default _FillValue of 9.969209968386869e+36 used
Flagged 0 points where air_temperature < 245.0K as bad data (qc_flag = 2).
Found 0 points already flagged as bad data (flag=2)
QC flags successfully added to /gws/pw/j07/ncas_obs_vol2/cao/processing/ncas-temperature-rh-1/data/long-term/level1d/2024/stfc-temperature-rh-1_cao_20240410_surface-met_v1.1.nc.
Updated time units to 'seconds since 1970-01-01 00:00:00' in /gws/pw/j07/ncas_obs_vol2/cao/processing/ncas-temperature-rh-1/data/long-term/level1d/2024/stfc-temperature-rh-1_cao_20240410_surface-met_v1.1.nc
/gws/pw/j07/ncas_obs_vol2/cao/raw_data/met_cao/data/long-term/2024/202404/CR1000XSeries_Chilbolton_Rxcabinmet1_20240411.dat
Parsed column names: ['TIMESTAMP', 'RECORD', 'BattV_Avg', 'PTemp_C_Avg', 'Air_T_Avg', 'RH_Avg', 'BP_mbar_Avg', 'WS_Avg', 'WD_Avg', 'SlrW_Avg', 'rg001dc_ch_Tot', 'rg006dc_ch_Tot', 'rg008dc_ch_Tot', 'rg009dc_ch_Tot', 'rg004tb_ch_Tot']
shape: (8_640, 3)
┌─────────────────────┬───────────┬────────┐
│ TIMESTAMP           ┆ Air_T_Avg ┆ RH_Avg │
│ ---                 ┆ ---       ┆ ---    │
│ datetime[μs]        ┆ f64       ┆ f64    │
╞═════════════════════╪═══════════╪════════╡
│ 2024-04-11 00:00:10 ┆ 285.05    ┆ 97.1   │
│ 2024-04-11 00:00:20 ┆ 285.05    ┆ 97.04  │
│ 2024-04-11 00:00:30 ┆ 285.05    ┆ 96.9   │
│ 2024-04-11 00:00:40 ┆ 285.05    ┆ 96.76  │
│ 2024-04-11 00:00:50 ┆ 285.03    ┆ 96.78  │
│ …                   ┆ …         ┆ …      │
│ 2024-04-11 23:59:20 ┆ 283.59    ┆ 94.08  │
│ 2024-04-11 23:59:30 ┆ 283.59    ┆ 93.98  │
│ 2024-04-11 23:59:40 ┆ 283.59    ┆ 93.82  │
│ 2024-04-11 23:59:50 ┆ 283.59    ┆ 93.84  │
│ 2024-04-12 00:00:00 ┆ 283.59    ┆ 93.96  │
└─────────────────────┴───────────┴────────┘
[INFO] Correcting the 'time' variable in the NetCDF file.
<class 'netCDF4.Variable'>
float64 time(time)
    units: seconds since 1970-01-01 00:00:00
    standard_name: time
    long_name: Time (seconds since 1970-01-01 00:00:00)
    axis: T
    valid_min: 1712793610.0
    valid_max: 1712880000.0
    calendar: standard
unlimited dimensions: 
current shape = (8640,)
filling on, default _FillValue of 9.969209968386869e+36 used
Flagged 0 points where air_temperature < 245.0K as bad data (qc_flag = 2).
Found 0 points already flagged as bad data (flag=2)
QC flags successfully added to /gws/pw/j07/ncas_obs_vol2/cao/processing/ncas-temperature-rh-1/data/long-term/level1d/2024/stfc-temperature-rh-1_cao_20240411_surface-met_v1.1.nc.
Updated time units to 'seconds since 1970-01-01 00:00:00' in /gws/pw/j07/ncas_obs_vol2/cao/processing/ncas-temperature-rh-1/data/long-term/level1d/2024/stfc-temperature-rh-1_cao_20240411_surface-met_v1.1.nc
/gws/pw/j07/ncas_obs_vol2/cao/raw_data/met_cao/data/long-term/2024/202404/CR1000XSeries_Chilbolton_Rxcabinmet1_20240412.dat
Parsed column names: ['TIMESTAMP', 'RECORD', 'BattV_Avg', 'PTemp_C_Avg', 'Air_T_Avg', 'RH_Avg', 'BP_mbar_Avg', 'WS_Avg', 'WD_Avg', 'SlrW_Avg', 'rg001dc_ch_Tot', 'rg006dc_ch_Tot', 'rg008dc_ch_Tot', 'rg009dc_ch_Tot', 'rg004tb_ch_Tot']
shape: (8_640, 3)
┌─────────────────────┬───────────┬────────┐
│ TIMESTAMP           ┆ Air_T_Avg ┆ RH_Avg │
│ ---                 ┆ ---       ┆ ---    │
│ datetime[μs]        ┆ f64       ┆ f64    │
╞═════════════════════╪═══════════╪════════╡
│ 2024-04-12 00:00:10 ┆ 283.59    ┆ 94.04  │
│ 2024-04-12 00:00:20 ┆ 283.59    ┆ 94.14  │
│ 2024-04-12 00:00:30 ┆ 283.61    ┆ 94.28  │
│ 2024-04-12 00:00:40 ┆ 283.61    ┆ 94.4   │
│ 2024-04-12 00:00:50 ┆ 283.61    ┆ 94.4   │
│ …                   ┆ …         ┆ …      │
│ 2024-04-12 23:59:20 ┆ 284.67    ┆ 94.94  │
│ 2024-04-12 23:59:30 ┆ 284.67    ┆ 94.86  │
│ 2024-04-12 23:59:40 ┆ 284.67    ┆ 94.78  │
│ 2024-04-12 23:59:50 ┆ 284.67    ┆ 94.66  │
│ 2024-04-13 00:00:00 ┆ 284.69    ┆ 94.48  │
└─────────────────────┴───────────┴────────┘
[INFO] Correcting the 'time' variable in the NetCDF file.
<class 'netCDF4.Variable'>
float64 time(time)
    units: seconds since 1970-01-01 00:00:00
    standard_name: time
    long_name: Time (seconds since 1970-01-01 00:00:00)
    axis: T
    valid_min: 1712880010.0
    valid_max: 1712966400.0
    calendar: standard
unlimited dimensions: 
current shape = (8640,)
filling on, default _FillValue of 9.969209968386869e+36 used
Flagged 0 points where air_temperature < 245.0K as bad data (qc_flag = 2).
Found 0 points already flagged as bad data (flag=2)
QC flags successfully added to /gws/pw/j07/ncas_obs_vol2/cao/processing/ncas-temperature-rh-1/data/long-term/level1d/2024/stfc-temperature-rh-1_cao_20240412_surface-met_v1.1.nc.
Updated time units to 'seconds since 1970-01-01 00:00:00' in /gws/pw/j07/ncas_obs_vol2/cao/processing/ncas-temperature-rh-1/data/long-term/level1d/2024/stfc-temperature-rh-1_cao_20240412_surface-met_v1.1.nc
/gws/pw/j07/ncas_obs_vol2/cao/raw_data/met_cao/data/long-term/2024/202404/CR1000XSeries_Chilbolton_Rxcabinmet1_20240413.dat
Parsed column names: ['TIMESTAMP', 'RECORD', 'BattV_Avg', 'PTemp_C_Avg', 'Air_T_Avg', 'RH_Avg', 'BP_mbar_Avg', 'WS_Avg', 'WD_Avg', 'SlrW_Avg', 'rg001dc_ch_Tot', 'rg006dc_ch_Tot', 'rg008dc_ch_Tot', 'rg009dc_ch_Tot', 'rg004tb_ch_Tot']
shape: (8_640, 3)
┌─────────────────────┬───────────┬────────┐
│ TIMESTAMP           ┆ Air_T_Avg ┆ RH_Avg │
│ ---                 ┆ ---       ┆ ---    │
│ datetime[μs]        ┆ f64       ┆ f64    │
╞═════════════════════╪═══════════╪════════╡
│ 2024-04-13 00:00:10 ┆ 284.71    ┆ 94.5   │
│ 2024-04-13 00:00:20 ┆ 284.71    ┆ 94.52  │
│ 2024-04-13 00:00:30 ┆ 284.69    ┆ 94.64  │
│ 2024-04-13 00:00:40 ┆ 284.69    ┆ 94.76  │
│ 2024-04-13 00:00:50 ┆ 284.69    ┆ 94.88  │
│ …                   ┆ …         ┆ …      │
│ 2024-04-13 23:59:20 ┆ 281.99    ┆ 88.02  │
│ 2024-04-13 23:59:30 ┆ 281.99    ┆ 88.08  │
│ 2024-04-13 23:59:40 ┆ 282.01    ┆ 88.02  │
│ 2024-04-13 23:59:50 ┆ 282.01    ┆ 87.92  │
│ 2024-04-14 00:00:00 ┆ 282.01    ┆ 87.9   │
└─────────────────────┴───────────┴────────┘
[INFO] Correcting the 'time' variable in the NetCDF file.
<class 'netCDF4.Variable'>
float64 time(time)
    units: seconds since 1970-01-01 00:00:00
    standard_name: time
    long_name: Time (seconds since 1970-01-01 00:00:00)
    axis: T
    valid_min: 1712966410.0
    valid_max: 1713052800.0
    calendar: standard
unlimited dimensions: 
current shape = (8640,)
filling on, default _FillValue of 9.969209968386869e+36 used
Flagged 0 points where air_temperature < 245.0K as bad data (qc_flag = 2).
Found 0 points already flagged as bad data (flag=2)
QC flags successfully added to /gws/pw/j07/ncas_obs_vol2/cao/processing/ncas-temperature-rh-1/data/long-term/level1d/2024/stfc-temperature-rh-1_cao_20240413_surface-met_v1.1.nc.
Updated time units to 'seconds since 1970-01-01 00:00:00' in /gws/pw/j07/ncas_obs_vol2/cao/processing/ncas-temperature-rh-1/data/long-term/level1d/2024/stfc-temperature-rh-1_cao_20240413_surface-met_v1.1.nc
/gws/pw/j07/ncas_obs_vol2/cao/raw_data/met_cao/data/long-term/2024/202404/CR1000XSeries_Chilbolton_Rxcabinmet1_20240414.dat
Parsed column names: ['TIMESTAMP', 'RECORD', 'BattV_Avg', 'PTemp_C_Avg', 'Air_T_Avg', 'RH_Avg', 'BP_mbar_Avg', 'WS_Avg', 'WD_Avg', 'SlrW_Avg', 'rg001dc_ch_Tot', 'rg006dc_ch_Tot', 'rg008dc_ch_Tot', 'rg009dc_ch_Tot', 'rg004tb_ch_Tot']
shape: (8_640, 3)
┌─────────────────────┬───────────┬────────┐
│ TIMESTAMP           ┆ Air_T_Avg ┆ RH_Avg │
│ ---                 ┆ ---       ┆ ---    │
│ datetime[μs]        ┆ f64       ┆ f64    │
╞═════════════════════╪═══════════╪════════╡
│ 2024-04-14 00:00:10 ┆ 282.01    ┆ 87.9   │
│ 2024-04-14 00:00:20 ┆ 282.01    ┆ 87.9   │
│ 2024-04-14 00:00:30 ┆ 281.99    ┆ 87.88  │
│ 2024-04-14 00:00:40 ┆ 281.99    ┆ 87.82  │
│ 2024-04-14 00:00:50 ┆ 281.99    ┆ 87.82  │
│ …                   ┆ …         ┆ …      │
│ 2024-04-14 23:59:20 ┆ 279.13    ┆ 86.66  │
│ 2024-04-14 23:59:30 ┆ 279.13    ┆ 86.68  │
│ 2024-04-14 23:59:40 ┆ 279.11    ┆ 86.56  │
│ 2024-04-14 23:59:50 ┆ 279.11    ┆ 86.56  │
│ 2024-04-15 00:00:00 ┆ 279.09    ┆ 86.64  │
└─────────────────────┴───────────┴────────┘
[INFO] Correcting the 'time' variable in the NetCDF file.
<class 'netCDF4.Variable'>
float64 time(time)
    units: seconds since 1970-01-01 00:00:00
    standard_name: time
    long_name: Time (seconds since 1970-01-01 00:00:00)
    axis: T
    valid_min: 1713052810.0
    valid_max: 1713139200.0
    calendar: standard
unlimited dimensions: 
current shape = (8640,)
filling on, default _FillValue of 9.969209968386869e+36 used
Flagged 0 points where air_temperature < 245.0K as bad data (qc_flag = 2).
Found 0 points already flagged as bad data (flag=2)
QC flags successfully added to /gws/pw/j07/ncas_obs_vol2/cao/processing/ncas-temperature-rh-1/data/long-term/level1d/2024/stfc-temperature-rh-1_cao_20240414_surface-met_v1.1.nc.
Updated time units to 'seconds since 1970-01-01 00:00:00' in /gws/pw/j07/ncas_obs_vol2/cao/processing/ncas-temperature-rh-1/data/long-term/level1d/2024/stfc-temperature-rh-1_cao_20240414_surface-met_v1.1.nc
/gws/pw/j07/ncas_obs_vol2/cao/raw_data/met_cao/data/long-term/2024/202404/CR1000XSeries_Chilbolton_Rxcabinmet1_20240415.dat
Parsed column names: ['TIMESTAMP', 'RECORD', 'BattV_Avg', 'PTemp_C_Avg', 'Air_T_Avg', 'RH_Avg', 'BP_mbar_Avg', 'WS_Avg', 'WD_Avg', 'SlrW_Avg', 'rg001dc_ch_Tot', 'rg006dc_ch_Tot', 'rg008dc_ch_Tot', 'rg009dc_ch_Tot', 'rg004tb_ch_Tot']
shape: (8_640, 3)
┌─────────────────────┬───────────┬────────┐
│ TIMESTAMP           ┆ Air_T_Avg ┆ RH_Avg │
│ ---                 ┆ ---       ┆ ---    │
│ datetime[μs]        ┆ f64       ┆ f64    │
╞═════════════════════╪═══════════╪════════╡
│ 2024-04-15 00:00:10 ┆ 279.09    ┆ 86.62  │
│ 2024-04-15 00:00:20 ┆ 279.11    ┆ 86.66  │
│ 2024-04-15 00:00:30 ┆ 279.11    ┆ 86.72  │
│ 2024-04-15 00:00:40 ┆ 279.11    ┆ 86.8   │
│ 2024-04-15 00:00:50 ┆ 279.11    ┆ 87.06  │
│ …                   ┆ …         ┆ …      │
│ 2024-04-15 23:59:20 ┆ 280.27    ┆ 73.18  │
│ 2024-04-15 23:59:30 ┆ 280.23    ┆ 72.96  │
│ 2024-04-15 23:59:40 ┆ 280.23    ┆ 72.3   │
│ 2024-04-15 23:59:50 ┆ 280.23    ┆ 71.44  │
│ 2024-04-16 00:00:00 ┆ 280.25    ┆ 71.2   │
└─────────────────────┴───────────┴────────┘
[INFO] Correcting the 'time' variable in the NetCDF file.
<class 'netCDF4.Variable'>
float64 time(time)
    units: seconds since 1970-01-01 00:00:00
    standard_name: time
    long_name: Time (seconds since 1970-01-01 00:00:00)
    axis: T
    valid_min: 1713139210.0
    valid_max: 1713225600.0
    calendar: standard
unlimited dimensions: 
current shape = (8640,)
filling on, default _FillValue of 9.969209968386869e+36 used
Flagged 0 points where air_temperature < 245.0K as bad data (qc_flag = 2).
Found 0 points already flagged as bad data (flag=2)
QC flags successfully added to /gws/pw/j07/ncas_obs_vol2/cao/processing/ncas-temperature-rh-1/data/long-term/level1d/2024/stfc-temperature-rh-1_cao_20240415_surface-met_v1.1.nc.
Updated time units to 'seconds since 1970-01-01 00:00:00' in /gws/pw/j07/ncas_obs_vol2/cao/processing/ncas-temperature-rh-1/data/long-term/level1d/2024/stfc-temperature-rh-1_cao_20240415_surface-met_v1.1.nc
/gws/pw/j07/ncas_obs_vol2/cao/raw_data/met_cao/data/long-term/2024/202404/CR1000XSeries_Chilbolton_Rxcabinmet1_20240416.dat
Parsed column names: ['TIMESTAMP', 'RECORD', 'BattV_Avg', 'PTemp_C_Avg', 'Air_T_Avg', 'RH_Avg', 'BP_mbar_Avg', 'WS_Avg', 'WD_Avg', 'SlrW_Avg', 'rg001dc_ch_Tot', 'rg006dc_ch_Tot', 'rg008dc_ch_Tot', 'rg009dc_ch_Tot', 'rg004tb_ch_Tot']
shape: (8_640, 3)
┌─────────────────────┬───────────┬────────┐
│ TIMESTAMP           ┆ Air_T_Avg ┆ RH_Avg │
│ ---                 ┆ ---       ┆ ---    │
│ datetime[μs]        ┆ f64       ┆ f64    │
╞═════════════════════╪═══════════╪════════╡
│ 2024-04-16 00:00:10 ┆ 280.25    ┆ 71.4   │
│ 2024-04-16 00:00:20 ┆ 280.25    ┆ 71.82  │
│ 2024-04-16 00:00:30 ┆ 280.23    ┆ 72.42  │
│ 2024-04-16 00:00:40 ┆ 280.25    ┆ 72.94  │
│ 2024-04-16 00:00:50 ┆ 280.27    ┆ 72.84  │
│ …                   ┆ …         ┆ …      │
│ 2024-04-16 23:59:20 ┆ 275.99    ┆ 90.46  │
│ 2024-04-16 23:59:30 ┆ 275.95    ┆ 90.64  │
│ 2024-04-16 23:59:40 ┆ 275.93    ┆ 90.72  │
│ 2024-04-16 23:59:50 ┆ 275.89    ┆ 90.7   │
│ 2024-04-17 00:00:00 ┆ 275.85    ┆ 90.44  │
└─────────────────────┴───────────┴────────┘
[INFO] Correcting the 'time' variable in the NetCDF file.
<class 'netCDF4.Variable'>
float64 time(time)
    units: seconds since 1970-01-01 00:00:00
    standard_name: time
    long_name: Time (seconds since 1970-01-01 00:00:00)
    axis: T
    valid_min: 1713225610.0
    valid_max: 1713312000.0
    calendar: standard
unlimited dimensions: 
current shape = (8640,)
filling on, default _FillValue of 9.969209968386869e+36 used
Flagged 0 points where air_temperature < 245.0K as bad data (qc_flag = 2).
Found 0 points already flagged as bad data (flag=2)
QC flags successfully added to /gws/pw/j07/ncas_obs_vol2/cao/processing/ncas-temperature-rh-1/data/long-term/level1d/2024/stfc-temperature-rh-1_cao_20240416_surface-met_v1.1.nc.
Updated time units to 'seconds since 1970-01-01 00:00:00' in /gws/pw/j07/ncas_obs_vol2/cao/processing/ncas-temperature-rh-1/data/long-term/level1d/2024/stfc-temperature-rh-1_cao_20240416_surface-met_v1.1.nc
/gws/pw/j07/ncas_obs_vol2/cao/raw_data/met_cao/data/long-term/2024/202404/CR1000XSeries_Chilbolton_Rxcabinmet1_20240417.dat
Parsed column names: ['TIMESTAMP', 'RECORD', 'BattV_Avg', 'PTemp_C_Avg', 'Air_T_Avg', 'RH_Avg', 'BP_mbar_Avg', 'WS_Avg', 'WD_Avg', 'SlrW_Avg', 'rg001dc_ch_Tot', 'rg006dc_ch_Tot', 'rg008dc_ch_Tot', 'rg009dc_ch_Tot', 'rg004tb_ch_Tot']
shape: (8_640, 3)
┌─────────────────────┬───────────┬────────┐
│ TIMESTAMP           ┆ Air_T_Avg ┆ RH_Avg │
│ ---                 ┆ ---       ┆ ---    │
│ datetime[μs]        ┆ f64       ┆ f64    │
╞═════════════════════╪═══════════╪════════╡
│ 2024-04-17 00:00:10 ┆ 275.83    ┆ 90.28  │
│ 2024-04-17 00:00:20 ┆ 275.79    ┆ 90.26  │
│ 2024-04-17 00:00:30 ┆ 275.79    ┆ 90.3   │
│ 2024-04-17 00:00:40 ┆ 275.77    ┆ 90.44  │
│ 2024-04-17 00:00:50 ┆ 275.77    ┆ 90.52  │
│ …                   ┆ …         ┆ …      │
│ 2024-04-17 23:59:20 ┆ 279.07    ┆ 71.66  │
│ 2024-04-17 23:59:30 ┆ 279.07    ┆ 71.88  │
│ 2024-04-17 23:59:40 ┆ 279.03    ┆ 72.1   │
│ 2024-04-17 23:59:50 ┆ 279.03    ┆ 72.3   │
│ 2024-04-18 00:00:00 ┆ 279.01    ┆ 72.4   │
└─────────────────────┴───────────┴────────┘
[INFO] Correcting the 'time' variable in the NetCDF file.
<class 'netCDF4.Variable'>
float64 time(time)
    units: seconds since 1970-01-01 00:00:00
    standard_name: time
    long_name: Time (seconds since 1970-01-01 00:00:00)
    axis: T
    valid_min: 1713312010.0
    valid_max: 1713398400.0
    calendar: standard
unlimited dimensions: 
current shape = (8640,)
filling on, default _FillValue of 9.969209968386869e+36 used
Flagged 0 points where air_temperature < 245.0K as bad data (qc_flag = 2).
Found 0 points already flagged as bad data (flag=2)
QC flags successfully added to /gws/pw/j07/ncas_obs_vol2/cao/processing/ncas-temperature-rh-1/data/long-term/level1d/2024/stfc-temperature-rh-1_cao_20240417_surface-met_v1.1.nc.
Updated time units to 'seconds since 1970-01-01 00:00:00' in /gws/pw/j07/ncas_obs_vol2/cao/processing/ncas-temperature-rh-1/data/long-term/level1d/2024/stfc-temperature-rh-1_cao_20240417_surface-met_v1.1.nc
/gws/pw/j07/ncas_obs_vol2/cao/raw_data/met_cao/data/long-term/2024/202404/CR1000XSeries_Chilbolton_Rxcabinmet1_20240418.dat
Parsed column names: ['TIMESTAMP', 'RECORD', 'BattV_Avg', 'PTemp_C_Avg', 'Air_T_Avg', 'RH_Avg', 'BP_mbar_Avg', 'WS_Avg', 'WD_Avg', 'SlrW_Avg', 'rg001dc_ch_Tot', 'rg006dc_ch_Tot', 'rg008dc_ch_Tot', 'rg009dc_ch_Tot', 'rg004tb_ch_Tot']
shape: (8_640, 3)
┌─────────────────────┬───────────┬────────┐
│ TIMESTAMP           ┆ Air_T_Avg ┆ RH_Avg │
│ ---                 ┆ ---       ┆ ---    │
│ datetime[μs]        ┆ f64       ┆ f64    │
╞═════════════════════╪═══════════╪════════╡
│ 2024-04-18 00:00:10 ┆ 279.01    ┆ 72.32  │
│ 2024-04-18 00:00:20 ┆ 279.01    ┆ 72.02  │
│ 2024-04-18 00:00:30 ┆ 279.03    ┆ 71.66  │
│ 2024-04-18 00:00:40 ┆ 279.03    ┆ 71.46  │
│ 2024-04-18 00:00:50 ┆ 279.07    ┆ 71.28  │
│ …                   ┆ …         ┆ …      │
│ 2024-04-18 23:59:20 ┆ 281.79    ┆ 85.8   │
│ 2024-04-18 23:59:30 ┆ 281.79    ┆ 85.76  │
│ 2024-04-18 23:59:40 ┆ 281.79    ┆ 85.82  │
│ 2024-04-18 23:59:50 ┆ 281.79    ┆ 85.92  │
│ 2024-04-19 00:00:00 ┆ 281.79    ┆ 86.0   │
└─────────────────────┴───────────┴────────┘
[INFO] Correcting the 'time' variable in the NetCDF file.
<class 'netCDF4.Variable'>
float64 time(time)
    units: seconds since 1970-01-01 00:00:00
    standard_name: time
    long_name: Time (seconds since 1970-01-01 00:00:00)
    axis: T
    valid_min: 1713398410.0
    valid_max: 1713484800.0
    calendar: standard
unlimited dimensions: 
current shape = (8640,)
filling on, default _FillValue of 9.969209968386869e+36 used
Flagged 0 points where air_temperature < 245.0K as bad data (qc_flag = 2).
Found 0 points already flagged as bad data (flag=2)
QC flags successfully added to /gws/pw/j07/ncas_obs_vol2/cao/processing/ncas-temperature-rh-1/data/long-term/level1d/2024/stfc-temperature-rh-1_cao_20240418_surface-met_v1.1.nc.
Updated time units to 'seconds since 1970-01-01 00:00:00' in /gws/pw/j07/ncas_obs_vol2/cao/processing/ncas-temperature-rh-1/data/long-term/level1d/2024/stfc-temperature-rh-1_cao_20240418_surface-met_v1.1.nc
/gws/pw/j07/ncas_obs_vol2/cao/raw_data/met_cao/data/long-term/2024/202404/CR1000XSeries_Chilbolton_Rxcabinmet1_20240419.dat
Parsed column names: ['TIMESTAMP', 'RECORD', 'BattV_Avg', 'PTemp_C_Avg', 'Air_T_Avg', 'RH_Avg', 'BP_mbar_Avg', 'WS_Avg', 'WD_Avg', 'SlrW_Avg', 'rg001dc_ch_Tot', 'rg006dc_ch_Tot', 'rg008dc_ch_Tot', 'rg009dc_ch_Tot', 'rg004tb_ch_Tot']
shape: (8_640, 3)
┌─────────────────────┬───────────┬────────┐
│ TIMESTAMP           ┆ Air_T_Avg ┆ RH_Avg │
│ ---                 ┆ ---       ┆ ---    │
│ datetime[μs]        ┆ f64       ┆ f64    │
╞═════════════════════╪═══════════╪════════╡
│ 2024-04-19 00:00:10 ┆ 281.79    ┆ 86.14  │
│ 2024-04-19 00:00:20 ┆ 281.77    ┆ 86.26  │
│ 2024-04-19 00:00:30 ┆ 281.79    ┆ 86.4   │
│ 2024-04-19 00:00:40 ┆ 281.77    ┆ 86.48  │
│ 2024-04-19 00:00:50 ┆ 281.77    ┆ 86.5   │
│ …                   ┆ …         ┆ …      │
│ 2024-04-19 23:59:20 ┆ 281.01    ┆ 71.18  │
│ 2024-04-19 23:59:30 ┆ 281.01    ┆ 71.1   │
│ 2024-04-19 23:59:40 ┆ 281.03    ┆ 70.92  │
│ 2024-04-19 23:59:50 ┆ 281.03    ┆ 70.82  │
│ 2024-04-20 00:00:00 ┆ 281.03    ┆ 70.88  │
└─────────────────────┴───────────┴────────┘
[INFO] Correcting the 'time' variable in the NetCDF file.
<class 'netCDF4.Variable'>
float64 time(time)
    units: seconds since 1970-01-01 00:00:00
    standard_name: time
    long_name: Time (seconds since 1970-01-01 00:00:00)
    axis: T
    valid_min: 1713484810.0
    valid_max: 1713571200.0
    calendar: standard
unlimited dimensions: 
current shape = (8640,)
filling on, default _FillValue of 9.969209968386869e+36 used
Flagged 0 points where air_temperature < 245.0K as bad data (qc_flag = 2).
Found 0 points already flagged as bad data (flag=2)
QC flags successfully added to /gws/pw/j07/ncas_obs_vol2/cao/processing/ncas-temperature-rh-1/data/long-term/level1d/2024/stfc-temperature-rh-1_cao_20240419_surface-met_v1.1.nc.
Updated time units to 'seconds since 1970-01-01 00:00:00' in /gws/pw/j07/ncas_obs_vol2/cao/processing/ncas-temperature-rh-1/data/long-term/level1d/2024/stfc-temperature-rh-1_cao_20240419_surface-met_v1.1.nc
/gws/pw/j07/ncas_obs_vol2/cao/raw_data/met_cao/data/long-term/2024/202404/CR1000XSeries_Chilbolton_Rxcabinmet1_20240420.dat
Parsed column names: ['TIMESTAMP', 'RECORD', 'BattV_Avg', 'PTemp_C_Avg', 'Air_T_Avg', 'RH_Avg', 'BP_mbar_Avg', 'WS_Avg', 'WD_Avg', 'SlrW_Avg', 'rg001dc_ch_Tot', 'rg006dc_ch_Tot', 'rg008dc_ch_Tot', 'rg009dc_ch_Tot', 'rg004tb_ch_Tot']
shape: (8_640, 3)
┌─────────────────────┬───────────┬────────┐
│ TIMESTAMP           ┆ Air_T_Avg ┆ RH_Avg │
│ ---                 ┆ ---       ┆ ---    │
│ datetime[μs]        ┆ f64       ┆ f64    │
╞═════════════════════╪═══════════╪════════╡
│ 2024-04-20 00:00:10 ┆ 281.01    ┆ 70.94  │
│ 2024-04-20 00:00:20 ┆ 280.99    ┆ 71.0   │
│ 2024-04-20 00:00:30 ┆ 280.99    ┆ 70.54  │
│ 2024-04-20 00:00:40 ┆ 280.99    ┆ 70.26  │
│ 2024-04-20 00:00:50 ┆ 280.99    ┆ 70.16  │
│ …                   ┆ …         ┆ …      │
│ 2024-04-20 23:59:20 ┆ 276.83    ┆ 83.86  │
│ 2024-04-20 23:59:30 ┆ 276.85    ┆ 83.18  │
│ 2024-04-20 23:59:40 ┆ 276.87    ┆ 82.68  │
│ 2024-04-20 23:59:50 ┆ 276.91    ┆ 82.78  │
│ 2024-04-21 00:00:00 ┆ 276.93    ┆ 82.98  │
└─────────────────────┴───────────┴────────┘
[INFO] Correcting the 'time' variable in the NetCDF file.
<class 'netCDF4.Variable'>
float64 time(time)
    units: seconds since 1970-01-01 00:00:00
    standard_name: time
    long_name: Time (seconds since 1970-01-01 00:00:00)
    axis: T
    valid_min: 1713571210.0
    valid_max: 1713657600.0
    calendar: standard
unlimited dimensions: 
current shape = (8640,)
filling on, default _FillValue of 9.969209968386869e+36 used
Flagged 0 points where air_temperature < 245.0K as bad data (qc_flag = 2).
Found 0 points already flagged as bad data (flag=2)
QC flags successfully added to /gws/pw/j07/ncas_obs_vol2/cao/processing/ncas-temperature-rh-1/data/long-term/level1d/2024/stfc-temperature-rh-1_cao_20240420_surface-met_v1.1.nc.
Updated time units to 'seconds since 1970-01-01 00:00:00' in /gws/pw/j07/ncas_obs_vol2/cao/processing/ncas-temperature-rh-1/data/long-term/level1d/2024/stfc-temperature-rh-1_cao_20240420_surface-met_v1.1.nc
/gws/pw/j07/ncas_obs_vol2/cao/raw_data/met_cao/data/long-term/2024/202404/CR1000XSeries_Chilbolton_Rxcabinmet1_20240421.dat
Parsed column names: ['TIMESTAMP', 'RECORD', 'BattV_Avg', 'PTemp_C_Avg', 'Air_T_Avg', 'RH_Avg', 'BP_mbar_Avg', 'WS_Avg', 'WD_Avg', 'SlrW_Avg', 'rg001dc_ch_Tot', 'rg006dc_ch_Tot', 'rg008dc_ch_Tot', 'rg009dc_ch_Tot', 'rg004tb_ch_Tot']
shape: (8_640, 3)
┌─────────────────────┬───────────┬────────┐
│ TIMESTAMP           ┆ Air_T_Avg ┆ RH_Avg │
│ ---                 ┆ ---       ┆ ---    │
│ datetime[μs]        ┆ f64       ┆ f64    │
╞═════════════════════╪═══════════╪════════╡
│ 2024-04-21 00:00:10 ┆ 276.93    ┆ 83.6   │
│ 2024-04-21 00:00:20 ┆ 276.95    ┆ 84.34  │
│ 2024-04-21 00:00:30 ┆ 276.97    ┆ 84.62  │
│ 2024-04-21 00:00:40 ┆ 276.97    ┆ 84.32  │
│ 2024-04-21 00:00:50 ┆ 276.97    ┆ 83.98  │
│ …                   ┆ …         ┆ …      │
│ 2024-04-21 23:59:20 ┆ 276.23    ┆ 74.68  │
│ 2024-04-21 23:59:30 ┆ 276.21    ┆ 74.88  │
│ 2024-04-21 23:59:40 ┆ 276.21    ┆ 74.98  │
│ 2024-04-21 23:59:50 ┆ 276.21    ┆ 75.24  │
│ 2024-04-22 00:00:00 ┆ 276.17    ┆ 75.68  │
└─────────────────────┴───────────┴────────┘
[INFO] Correcting the 'time' variable in the NetCDF file.
<class 'netCDF4.Variable'>
float64 time(time)
    units: seconds since 1970-01-01 00:00:00
    standard_name: time
    long_name: Time (seconds since 1970-01-01 00:00:00)
    axis: T
    valid_min: 1713657610.0
    valid_max: 1713744000.0
    calendar: standard
unlimited dimensions: 
current shape = (8640,)
filling on, default _FillValue of 9.969209968386869e+36 used
Flagged 0 points where air_temperature < 245.0K as bad data (qc_flag = 2).
Found 0 points already flagged as bad data (flag=2)
QC flags successfully added to /gws/pw/j07/ncas_obs_vol2/cao/processing/ncas-temperature-rh-1/data/long-term/level1d/2024/stfc-temperature-rh-1_cao_20240421_surface-met_v1.1.nc.
Updated time units to 'seconds since 1970-01-01 00:00:00' in /gws/pw/j07/ncas_obs_vol2/cao/processing/ncas-temperature-rh-1/data/long-term/level1d/2024/stfc-temperature-rh-1_cao_20240421_surface-met_v1.1.nc
/gws/pw/j07/ncas_obs_vol2/cao/raw_data/met_cao/data/long-term/2024/202404/CR1000XSeries_Chilbolton_Rxcabinmet1_20240422.dat
Parsed column names: ['TIMESTAMP', 'RECORD', 'BattV_Avg', 'PTemp_C_Avg', 'Air_T_Avg', 'RH_Avg', 'BP_mbar_Avg', 'WS_Avg', 'WD_Avg', 'SlrW_Avg', 'rg001dc_ch_Tot', 'rg006dc_ch_Tot', 'rg008dc_ch_Tot', 'rg009dc_ch_Tot', 'rg004tb_ch_Tot']
shape: (8_640, 3)
┌─────────────────────┬───────────┬────────┐
│ TIMESTAMP           ┆ Air_T_Avg ┆ RH_Avg │
│ ---                 ┆ ---       ┆ ---    │
│ datetime[μs]        ┆ f64       ┆ f64    │
╞═════════════════════╪═══════════╪════════╡
│ 2024-04-22 00:00:10 ┆ 276.15    ┆ 75.72  │
│ 2024-04-22 00:00:20 ┆ 276.15    ┆ 75.62  │
│ 2024-04-22 00:00:30 ┆ 276.15    ┆ 75.22  │
│ 2024-04-22 00:00:40 ┆ 276.15    ┆ 74.94  │
│ 2024-04-22 00:00:50 ┆ 276.13    ┆ 74.94  │
│ …                   ┆ …         ┆ …      │
│ 2024-04-22 23:59:20 ┆ 279.29    ┆ 92.62  │
│ 2024-04-22 23:59:30 ┆ 279.29    ┆ 92.58  │
│ 2024-04-22 23:59:40 ┆ 279.29    ┆ 92.48  │
│ 2024-04-22 23:59:50 ┆ 279.27    ┆ 92.32  │
│ 2024-04-23 00:00:00 ┆ 279.27    ┆ 92.12  │
└─────────────────────┴───────────┴────────┘
[INFO] Correcting the 'time' variable in the NetCDF file.
<class 'netCDF4.Variable'>
float64 time(time)
    units: seconds since 1970-01-01 00:00:00
    standard_name: time
    long_name: Time (seconds since 1970-01-01 00:00:00)
    axis: T
    valid_min: 1713744010.0
    valid_max: 1713830400.0
    calendar: standard
unlimited dimensions: 
current shape = (8640,)
filling on, default _FillValue of 9.969209968386869e+36 used
Flagged 0 points where air_temperature < 245.0K as bad data (qc_flag = 2).
Found 0 points already flagged as bad data (flag=2)
QC flags successfully added to /gws/pw/j07/ncas_obs_vol2/cao/processing/ncas-temperature-rh-1/data/long-term/level1d/2024/stfc-temperature-rh-1_cao_20240422_surface-met_v1.1.nc.
Updated time units to 'seconds since 1970-01-01 00:00:00' in /gws/pw/j07/ncas_obs_vol2/cao/processing/ncas-temperature-rh-1/data/long-term/level1d/2024/stfc-temperature-rh-1_cao_20240422_surface-met_v1.1.nc
/gws/pw/j07/ncas_obs_vol2/cao/raw_data/met_cao/data/long-term/2024/202404/CR1000XSeries_Chilbolton_Rxcabinmet1_20240423.dat
Parsed column names: ['TIMESTAMP', 'RECORD', 'BattV_Avg', 'PTemp_C_Avg', 'Air_T_Avg', 'RH_Avg', 'BP_mbar_Avg', 'WS_Avg', 'WD_Avg', 'SlrW_Avg', 'rg001dc_ch_Tot', 'rg006dc_ch_Tot', 'rg008dc_ch_Tot', 'rg009dc_ch_Tot', 'rg004tb_ch_Tot']
shape: (8_640, 3)
┌─────────────────────┬───────────┬────────┐
│ TIMESTAMP           ┆ Air_T_Avg ┆ RH_Avg │
│ ---                 ┆ ---       ┆ ---    │
│ datetime[μs]        ┆ f64       ┆ f64    │
╞═════════════════════╪═══════════╪════════╡
│ 2024-04-23 00:00:10 ┆ 279.27    ┆ 92.04  │
│ 2024-04-23 00:00:20 ┆ 279.25    ┆ 92.08  │
│ 2024-04-23 00:00:30 ┆ 279.25    ┆ 92.12  │
│ 2024-04-23 00:00:40 ┆ 279.25    ┆ 92.16  │
│ 2024-04-23 00:00:50 ┆ 279.25    ┆ 92.26  │
│ …                   ┆ …         ┆ …      │
│ 2024-04-23 23:59:20 ┆ 278.43    ┆ 78.62  │
│ 2024-04-23 23:59:30 ┆ 278.41    ┆ 78.68  │
│ 2024-04-23 23:59:40 ┆ 278.41    ┆ 78.82  │
│ 2024-04-23 23:59:50 ┆ 278.33    ┆ 79.1   │
│ 2024-04-24 00:00:00 ┆ 278.29    ┆ 79.16  │
└─────────────────────┴───────────┴────────┘
[INFO] Correcting the 'time' variable in the NetCDF file.
<class 'netCDF4.Variable'>
float64 time(time)
    units: seconds since 1970-01-01 00:00:00
    standard_name: time
    long_name: Time (seconds since 1970-01-01 00:00:00)
    axis: T
    valid_min: 1713830410.0
    valid_max: 1713916800.0
    calendar: standard
unlimited dimensions: 
current shape = (8640,)
filling on, default _FillValue of 9.969209968386869e+36 used
Flagged 0 points where air_temperature < 245.0K as bad data (qc_flag = 2).
Found 0 points already flagged as bad data (flag=2)
QC flags successfully added to /gws/pw/j07/ncas_obs_vol2/cao/processing/ncas-temperature-rh-1/data/long-term/level1d/2024/stfc-temperature-rh-1_cao_20240423_surface-met_v1.1.nc.
Updated time units to 'seconds since 1970-01-01 00:00:00' in /gws/pw/j07/ncas_obs_vol2/cao/processing/ncas-temperature-rh-1/data/long-term/level1d/2024/stfc-temperature-rh-1_cao_20240423_surface-met_v1.1.nc
/gws/pw/j07/ncas_obs_vol2/cao/raw_data/met_cao/data/long-term/2024/202404/CR1000XSeries_Chilbolton_Rxcabinmet1_20240424.dat
Parsed column names: ['TIMESTAMP', 'RECORD', 'BattV_Avg', 'PTemp_C_Avg', 'Air_T_Avg', 'RH_Avg', 'BP_mbar_Avg', 'WS_Avg', 'WD_Avg', 'SlrW_Avg', 'rg001dc_ch_Tot', 'rg006dc_ch_Tot', 'rg008dc_ch_Tot', 'rg009dc_ch_Tot', 'rg004tb_ch_Tot']
shape: (8_640, 3)
┌─────────────────────┬───────────┬────────┐
│ TIMESTAMP           ┆ Air_T_Avg ┆ RH_Avg │
│ ---                 ┆ ---       ┆ ---    │
│ datetime[μs]        ┆ f64       ┆ f64    │
╞═════════════════════╪═══════════╪════════╡
│ 2024-04-24 00:00:10 ┆ 278.27    ┆ 79.1   │
│ 2024-04-24 00:00:20 ┆ 278.25    ┆ 78.9   │
│ 2024-04-24 00:00:30 ┆ 278.19    ┆ 78.8   │
│ 2024-04-24 00:00:40 ┆ 278.15    ┆ 78.94  │
│ 2024-04-24 00:00:50 ┆ 278.13    ┆ 79.02  │
│ …                   ┆ …         ┆ …      │
│ 2024-04-24 23:59:20 ┆ 275.67    ┆ 84.0   │
│ 2024-04-24 23:59:30 ┆ 275.67    ┆ 83.86  │
│ 2024-04-24 23:59:40 ┆ 275.67    ┆ 83.72  │
│ 2024-04-24 23:59:50 ┆ 275.67    ┆ 83.62  │
│ 2024-04-25 00:00:00 ┆ 275.67    ┆ 83.72  │
└─────────────────────┴───────────┴────────┘
[INFO] Correcting the 'time' variable in the NetCDF file.
<class 'netCDF4.Variable'>
float64 time(time)
    units: seconds since 1970-01-01 00:00:00
    standard_name: time
    long_name: Time (seconds since 1970-01-01 00:00:00)
    axis: T
    valid_min: 1713916810.0
    valid_max: 1714003200.0
    calendar: standard
unlimited dimensions: 
current shape = (8640,)
filling on, default _FillValue of 9.969209968386869e+36 used
Flagged 0 points where air_temperature < 245.0K as bad data (qc_flag = 2).
Found 0 points already flagged as bad data (flag=2)
QC flags successfully added to /gws/pw/j07/ncas_obs_vol2/cao/processing/ncas-temperature-rh-1/data/long-term/level1d/2024/stfc-temperature-rh-1_cao_20240424_surface-met_v1.1.nc.
Updated time units to 'seconds since 1970-01-01 00:00:00' in /gws/pw/j07/ncas_obs_vol2/cao/processing/ncas-temperature-rh-1/data/long-term/level1d/2024/stfc-temperature-rh-1_cao_20240424_surface-met_v1.1.nc
/gws/pw/j07/ncas_obs_vol2/cao/raw_data/met_cao/data/long-term/2024/202404/CR1000XSeries_Chilbolton_Rxcabinmet1_20240425.dat
Parsed column names: ['TIMESTAMP', 'RECORD', 'BattV_Avg', 'PTemp_C_Avg', 'Air_T_Avg', 'RH_Avg', 'BP_mbar_Avg', 'WS_Avg', 'WD_Avg', 'SlrW_Avg', 'rg001dc_ch_Tot', 'rg006dc_ch_Tot', 'rg008dc_ch_Tot', 'rg009dc_ch_Tot', 'rg004tb_ch_Tot']
shape: (8_640, 3)
┌─────────────────────┬───────────┬────────┐
│ TIMESTAMP           ┆ Air_T_Avg ┆ RH_Avg │
│ ---                 ┆ ---       ┆ ---    │
│ datetime[μs]        ┆ f64       ┆ f64    │
╞═════════════════════╪═══════════╪════════╡
│ 2024-04-25 00:00:10 ┆ 275.65    ┆ 83.86  │
│ 2024-04-25 00:00:20 ┆ 275.65    ┆ 84.06  │
│ 2024-04-25 00:00:30 ┆ 275.67    ┆ 84.28  │
│ 2024-04-25 00:00:40 ┆ 275.67    ┆ 84.38  │
│ 2024-04-25 00:00:50 ┆ 275.67    ┆ 84.36  │
│ …                   ┆ …         ┆ …      │
│ 2024-04-25 23:59:20 ┆ 279.45    ┆ 96.56  │
│ 2024-04-25 23:59:30 ┆ 279.45    ┆ 96.44  │
│ 2024-04-25 23:59:40 ┆ 279.45    ┆ 96.24  │
│ 2024-04-25 23:59:50 ┆ 279.45    ┆ 96.1   │
│ 2024-04-26 00:00:00 ┆ 279.45    ┆ 96.14  │
└─────────────────────┴───────────┴────────┘
[INFO] Correcting the 'time' variable in the NetCDF file.
<class 'netCDF4.Variable'>
float64 time(time)
    units: seconds since 1970-01-01 00:00:00
    standard_name: time
    long_name: Time (seconds since 1970-01-01 00:00:00)
    axis: T
    valid_min: 1714003210.0
    valid_max: 1714089600.0
    calendar: standard
unlimited dimensions: 
current shape = (8640,)
filling on, default _FillValue of 9.969209968386869e+36 used
Flagged 0 points where air_temperature < 245.0K as bad data (qc_flag = 2).
Found 0 points already flagged as bad data (flag=2)
QC flags successfully added to /gws/pw/j07/ncas_obs_vol2/cao/processing/ncas-temperature-rh-1/data/long-term/level1d/2024/stfc-temperature-rh-1_cao_20240425_surface-met_v1.1.nc.
Updated time units to 'seconds since 1970-01-01 00:00:00' in /gws/pw/j07/ncas_obs_vol2/cao/processing/ncas-temperature-rh-1/data/long-term/level1d/2024/stfc-temperature-rh-1_cao_20240425_surface-met_v1.1.nc
/gws/pw/j07/ncas_obs_vol2/cao/raw_data/met_cao/data/long-term/2024/202404/CR1000XSeries_Chilbolton_Rxcabinmet1_20240426.dat
Parsed column names: ['TIMESTAMP', 'RECORD', 'BattV_Avg', 'PTemp_C_Avg', 'Air_T_Avg', 'RH_Avg', 'BP_mbar_Avg', 'WS_Avg', 'WD_Avg', 'SlrW_Avg', 'rg001dc_ch_Tot', 'rg006dc_ch_Tot', 'rg008dc_ch_Tot', 'rg009dc_ch_Tot', 'rg004tb_ch_Tot']
shape: (8_640, 3)
┌─────────────────────┬───────────┬────────┐
│ TIMESTAMP           ┆ Air_T_Avg ┆ RH_Avg │
│ ---                 ┆ ---       ┆ ---    │
│ datetime[μs]        ┆ f64       ┆ f64    │
╞═════════════════════╪═══════════╪════════╡
│ 2024-04-26 00:00:10 ┆ 279.45    ┆ 96.2   │
│ 2024-04-26 00:00:20 ┆ 279.45    ┆ 96.3   │
│ 2024-04-26 00:00:30 ┆ 279.45    ┆ 96.46  │
│ 2024-04-26 00:00:40 ┆ 279.47    ┆ 96.54  │
│ 2024-04-26 00:00:50 ┆ 279.45    ┆ 96.62  │
│ …                   ┆ …         ┆ …      │
│ 2024-04-26 23:59:20 ┆ 279.17    ┆ 88.96  │
│ 2024-04-26 23:59:30 ┆ 279.17    ┆ 89.2   │
│ 2024-04-26 23:59:40 ┆ 279.17    ┆ 89.06  │
│ 2024-04-26 23:59:50 ┆ 279.17    ┆ 88.82  │
│ 2024-04-27 00:00:00 ┆ 279.17    ┆ 88.6   │
└─────────────────────┴───────────┴────────┘
[INFO] Correcting the 'time' variable in the NetCDF file.
<class 'netCDF4.Variable'>
float64 time(time)
    units: seconds since 1970-01-01 00:00:00
    standard_name: time
    long_name: Time (seconds since 1970-01-01 00:00:00)
    axis: T
    valid_min: 1714089610.0
    valid_max: 1714176000.0
    calendar: standard
unlimited dimensions: 
current shape = (8640,)
filling on, default _FillValue of 9.969209968386869e+36 used
Flagged 0 points where air_temperature < 245.0K as bad data (qc_flag = 2).
Found 0 points already flagged as bad data (flag=2)
QC flags successfully added to /gws/pw/j07/ncas_obs_vol2/cao/processing/ncas-temperature-rh-1/data/long-term/level1d/2024/stfc-temperature-rh-1_cao_20240426_surface-met_v1.1.nc.
Updated time units to 'seconds since 1970-01-01 00:00:00' in /gws/pw/j07/ncas_obs_vol2/cao/processing/ncas-temperature-rh-1/data/long-term/level1d/2024/stfc-temperature-rh-1_cao_20240426_surface-met_v1.1.nc
/gws/pw/j07/ncas_obs_vol2/cao/raw_data/met_cao/data/long-term/2024/202404/CR1000XSeries_Chilbolton_Rxcabinmet1_20240427.dat
Parsed column names: ['TIMESTAMP', 'RECORD', 'BattV_Avg', 'PTemp_C_Avg', 'Air_T_Avg', 'RH_Avg', 'BP_mbar_Avg', 'WS_Avg', 'WD_Avg', 'SlrW_Avg', 'rg001dc_ch_Tot', 'rg006dc_ch_Tot', 'rg008dc_ch_Tot', 'rg009dc_ch_Tot', 'rg004tb_ch_Tot']
shape: (8_640, 3)
┌─────────────────────┬───────────┬────────┐
│ TIMESTAMP           ┆ Air_T_Avg ┆ RH_Avg │
│ ---                 ┆ ---       ┆ ---    │
│ datetime[μs]        ┆ f64       ┆ f64    │
╞═════════════════════╪═══════════╪════════╡
│ 2024-04-27 00:00:10 ┆ 279.17    ┆ 88.36  │
│ 2024-04-27 00:00:20 ┆ 279.17    ┆ 88.2   │
│ 2024-04-27 00:00:30 ┆ 279.17    ┆ 88.26  │
│ 2024-04-27 00:00:40 ┆ 279.17    ┆ 88.5   │
│ 2024-04-27 00:00:50 ┆ 279.17    ┆ 88.7   │
│ …                   ┆ …         ┆ …      │
│ 2024-04-27 23:59:20 ┆ 279.83    ┆ 97.16  │
│ 2024-04-27 23:59:30 ┆ 279.83    ┆ 96.94  │
│ 2024-04-27 23:59:40 ┆ 279.83    ┆ 96.72  │
│ 2024-04-27 23:59:50 ┆ 279.85    ┆ 96.36  │
│ 2024-04-28 00:00:00 ┆ 279.85    ┆ 96.18  │
└─────────────────────┴───────────┴────────┘
[INFO] Correcting the 'time' variable in the NetCDF file.
<class 'netCDF4.Variable'>
float64 time(time)
    units: seconds since 1970-01-01 00:00:00
    standard_name: time
    long_name: Time (seconds since 1970-01-01 00:00:00)
    axis: T
    valid_min: 1714176010.0
    valid_max: 1714262400.0
    calendar: standard
unlimited dimensions: 
current shape = (8640,)
filling on, default _FillValue of 9.969209968386869e+36 used
Flagged 0 points where air_temperature < 245.0K as bad data (qc_flag = 2).
Found 0 points already flagged as bad data (flag=2)
QC flags successfully added to /gws/pw/j07/ncas_obs_vol2/cao/processing/ncas-temperature-rh-1/data/long-term/level1d/2024/stfc-temperature-rh-1_cao_20240427_surface-met_v1.1.nc.
Updated time units to 'seconds since 1970-01-01 00:00:00' in /gws/pw/j07/ncas_obs_vol2/cao/processing/ncas-temperature-rh-1/data/long-term/level1d/2024/stfc-temperature-rh-1_cao_20240427_surface-met_v1.1.nc
/gws/pw/j07/ncas_obs_vol2/cao/raw_data/met_cao/data/long-term/2024/202404/CR1000XSeries_Chilbolton_Rxcabinmet1_20240428.dat
Parsed column names: ['TIMESTAMP', 'RECORD', 'BattV_Avg', 'PTemp_C_Avg', 'Air_T_Avg', 'RH_Avg', 'BP_mbar_Avg', 'WS_Avg', 'WD_Avg', 'SlrW_Avg', 'rg001dc_ch_Tot', 'rg006dc_ch_Tot', 'rg008dc_ch_Tot', 'rg009dc_ch_Tot', 'rg004tb_ch_Tot']
shape: (8_640, 3)
┌─────────────────────┬───────────┬────────┐
│ TIMESTAMP           ┆ Air_T_Avg ┆ RH_Avg │
│ ---                 ┆ ---       ┆ ---    │
│ datetime[μs]        ┆ f64       ┆ f64    │
╞═════════════════════╪═══════════╪════════╡
│ 2024-04-28 00:00:10 ┆ 279.85    ┆ 96.16  │
│ 2024-04-28 00:00:20 ┆ 279.85    ┆ 96.28  │
│ 2024-04-28 00:00:30 ┆ 279.85    ┆ 96.56  │
│ 2024-04-28 00:00:40 ┆ 279.85    ┆ 96.96  │
│ 2024-04-28 00:00:50 ┆ 279.85    ┆ 97.36  │
│ …                   ┆ …         ┆ …      │
│ 2024-04-28 23:59:20 ┆ 278.79    ┆ 95.94  │
│ 2024-04-28 23:59:30 ┆ 278.79    ┆ 95.62  │
│ 2024-04-28 23:59:40 ┆ 278.79    ┆ 95.2   │
│ 2024-04-28 23:59:50 ┆ 278.79    ┆ 94.66  │
│ 2024-04-29 00:00:00 ┆ 278.81    ┆ 94.16  │
└─────────────────────┴───────────┴────────┘
[INFO] Correcting the 'time' variable in the NetCDF file.
<class 'netCDF4.Variable'>
float64 time(time)
    units: seconds since 1970-01-01 00:00:00
    standard_name: time
    long_name: Time (seconds since 1970-01-01 00:00:00)
    axis: T
    valid_min: 1714262410.0
    valid_max: 1714348800.0
    calendar: standard
unlimited dimensions: 
current shape = (8640,)
filling on, default _FillValue of 9.969209968386869e+36 used
Flagged 0 points where air_temperature < 245.0K as bad data (qc_flag = 2).
Found 0 points already flagged as bad data (flag=2)
QC flags successfully added to /gws/pw/j07/ncas_obs_vol2/cao/processing/ncas-temperature-rh-1/data/long-term/level1d/2024/stfc-temperature-rh-1_cao_20240428_surface-met_v1.1.nc.
Updated time units to 'seconds since 1970-01-01 00:00:00' in /gws/pw/j07/ncas_obs_vol2/cao/processing/ncas-temperature-rh-1/data/long-term/level1d/2024/stfc-temperature-rh-1_cao_20240428_surface-met_v1.1.nc
/gws/pw/j07/ncas_obs_vol2/cao/raw_data/met_cao/data/long-term/2024/202404/CR1000XSeries_Chilbolton_Rxcabinmet1_20240429.dat
Parsed column names: ['TIMESTAMP', 'RECORD', 'BattV_Avg', 'PTemp_C_Avg', 'Air_T_Avg', 'RH_Avg', 'BP_mbar_Avg', 'WS_Avg', 'WD_Avg', 'SlrW_Avg', 'rg001dc_ch_Tot', 'rg006dc_ch_Tot', 'rg008dc_ch_Tot', 'rg009dc_ch_Tot', 'rg004tb_ch_Tot']
shape: (8_640, 3)
┌─────────────────────┬───────────┬────────┐
│ TIMESTAMP           ┆ Air_T_Avg ┆ RH_Avg │
│ ---                 ┆ ---       ┆ ---    │
│ datetime[μs]        ┆ f64       ┆ f64    │
╞═════════════════════╪═══════════╪════════╡
│ 2024-04-29 00:00:10 ┆ 278.83    ┆ 94.22  │
│ 2024-04-29 00:00:20 ┆ 278.83    ┆ 94.46  │
│ 2024-04-29 00:00:30 ┆ 278.81    ┆ 94.82  │
│ 2024-04-29 00:00:40 ┆ 278.81    ┆ 95.46  │
│ 2024-04-29 00:00:50 ┆ 278.81    ┆ 95.96  │
│ …                   ┆ …         ┆ …      │
│ 2024-04-29 23:59:20 ┆ 282.21    ┆ 84.04  │
│ 2024-04-29 23:59:30 ┆ 282.19    ┆ 83.34  │
│ 2024-04-29 23:59:40 ┆ 282.17    ┆ 83.0   │
│ 2024-04-29 23:59:50 ┆ 282.17    ┆ 83.0   │
│ 2024-04-30 00:00:00 ┆ 282.19    ┆ 83.28  │
└─────────────────────┴───────────┴────────┘
[INFO] Correcting the 'time' variable in the NetCDF file.
<class 'netCDF4.Variable'>
float64 time(time)
    units: seconds since 1970-01-01 00:00:00
    standard_name: time
    long_name: Time (seconds since 1970-01-01 00:00:00)
    axis: T
    valid_min: 1714348810.0
    valid_max: 1714435200.0
    calendar: standard
unlimited dimensions: 
current shape = (8640,)
filling on, default _FillValue of 9.969209968386869e+36 used
Flagged 0 points where air_temperature < 245.0K as bad data (qc_flag = 2).
Found 0 points already flagged as bad data (flag=2)
QC flags successfully added to /gws/pw/j07/ncas_obs_vol2/cao/processing/ncas-temperature-rh-1/data/long-term/level1d/2024/stfc-temperature-rh-1_cao_20240429_surface-met_v1.1.nc.
Updated time units to 'seconds since 1970-01-01 00:00:00' in /gws/pw/j07/ncas_obs_vol2/cao/processing/ncas-temperature-rh-1/data/long-term/level1d/2024/stfc-temperature-rh-1_cao_20240429_surface-met_v1.1.nc
/gws/pw/j07/ncas_obs_vol2/cao/raw_data/met_cao/data/long-term/2024/202404/CR1000XSeries_Chilbolton_Rxcabinmet1_20240430.dat
Parsed column names: ['TIMESTAMP', 'RECORD', 'BattV_Avg', 'PTemp_C_Avg', 'Air_T_Avg', 'RH_Avg', 'BP_mbar_Avg', 'WS_Avg', 'WD_Avg', 'SlrW_Avg', 'rg001dc_ch_Tot', 'rg006dc_ch_Tot', 'rg008dc_ch_Tot', 'rg009dc_ch_Tot', 'rg004tb_ch_Tot']
shape: (8_640, 3)
┌─────────────────────┬───────────┬────────┐
│ TIMESTAMP           ┆ Air_T_Avg ┆ RH_Avg │
│ ---                 ┆ ---       ┆ ---    │
│ datetime[μs]        ┆ f64       ┆ f64    │
╞═════════════════════╪═══════════╪════════╡
│ 2024-04-30 00:00:10 ┆ 282.19    ┆ 83.64  │
│ 2024-04-30 00:00:20 ┆ 282.19    ┆ 84.28  │
│ 2024-04-30 00:00:30 ┆ 282.19    ┆ 84.8   │
│ 2024-04-30 00:00:40 ┆ 282.19    ┆ 84.78  │
│ 2024-04-30 00:00:50 ┆ 282.17    ┆ 84.56  │
│ …                   ┆ …         ┆ …      │
│ 2024-04-30 23:59:20 ┆ 282.55    ┆ 88.26  │
│ 2024-04-30 23:59:30 ┆ 282.55    ┆ 88.34  │
│ 2024-04-30 23:59:40 ┆ 282.53    ┆ 88.42  │
│ 2024-04-30 23:59:50 ┆ 282.53    ┆ 88.48  │
│ 2024-05-01 00:00:00 ┆ 282.53    ┆ 88.48  │
└─────────────────────┴───────────┴────────┘
[INFO] Correcting the 'time' variable in the NetCDF file.
<class 'netCDF4.Variable'>
float64 time(time)
    units: seconds since 1970-01-01 00:00:00
    standard_name: time
    long_name: Time (seconds since 1970-01-01 00:00:00)
    axis: T
    valid_min: 1714435210.0
    valid_max: 1714521600.0
    calendar: standard
unlimited dimensions: 
current shape = (8640,)
filling on, default _FillValue of 9.969209968386869e+36 used
Flagged 0 points where air_temperature < 245.0K as bad data (qc_flag = 2).
Found 0 points already flagged as bad data (flag=2)
QC flags successfully added to /gws/pw/j07/ncas_obs_vol2/cao/processing/ncas-temperature-rh-1/data/long-term/level1d/2024/stfc-temperature-rh-1_cao_20240430_surface-met_v1.1.nc.
Updated time units to 'seconds since 1970-01-01 00:00:00' in /gws/pw/j07/ncas_obs_vol2/cao/processing/ncas-temperature-rh-1/data/long-term/level1d/2024/stfc-temperature-rh-1_cao_20240430_surface-met_v1.1.nc
/gws/pw/j07/ncas_obs_vol2/cao/raw_data/met_cao/data/long-term/2024/202405/CR1000XSeries_Chilbolton_Rxcabinmet1_20240501.dat
Parsed column names: ['TIMESTAMP', 'RECORD', 'BattV_Avg', 'PTemp_C_Avg', 'Air_T_Avg', 'RH_Avg', 'BP_mbar_Avg', 'WS_Avg', 'WD_Avg', 'SlrW_Avg', 'rg001dc_ch_Tot', 'rg006dc_ch_Tot', 'rg008dc_ch_Tot', 'rg009dc_ch_Tot', 'rg004tb_ch_Tot']
shape: (8_640, 3)
┌─────────────────────┬───────────┬────────┐
│ TIMESTAMP           ┆ Air_T_Avg ┆ RH_Avg │
│ ---                 ┆ ---       ┆ ---    │
│ datetime[μs]        ┆ f64       ┆ f64    │
╞═════════════════════╪═══════════╪════════╡
│ 2024-05-01 00:00:10 ┆ 282.55    ┆ 88.4   │
│ 2024-05-01 00:00:20 ┆ 282.55    ┆ 88.26  │
│ 2024-05-01 00:00:30 ┆ 282.55    ┆ 88.2   │
│ 2024-05-01 00:00:40 ┆ 282.57    ┆ 88.16  │
│ 2024-05-01 00:00:50 ┆ 282.57    ┆ 88.18  │
│ …                   ┆ …         ┆ …      │
│ 2024-05-01 23:59:20 ┆ 284.97    ┆ 96.92  │
│ 2024-05-01 23:59:30 ┆ 285.01    ┆ 96.8   │
│ 2024-05-01 23:59:40 ┆ 284.99    ┆ 96.86  │
│ 2024-05-01 23:59:50 ┆ 284.99    ┆ 97.0   │
│ 2024-05-02 00:00:00 ┆ 284.97    ┆ 97.18  │
└─────────────────────┴───────────┴────────┘
[INFO] Correcting the 'time' variable in the NetCDF file.
<class 'netCDF4.Variable'>
float64 time(time)
    units: seconds since 1970-01-01 00:00:00
    standard_name: time
    long_name: Time (seconds since 1970-01-01 00:00:00)
    axis: T
    valid_min: 1714521610.0
    valid_max: 1714608000.0
    calendar: standard
unlimited dimensions: 
current shape = (8640,)
filling on, default _FillValue of 9.969209968386869e+36 used
Flagged 0 points where air_temperature < 245.0K as bad data (qc_flag = 2).
Found 0 points already flagged as bad data (flag=2)
QC flags successfully added to /gws/pw/j07/ncas_obs_vol2/cao/processing/ncas-temperature-rh-1/data/long-term/level1d/2024/stfc-temperature-rh-1_cao_20240501_surface-met_v1.1.nc.
Updated time units to 'seconds since 1970-01-01 00:00:00' in /gws/pw/j07/ncas_obs_vol2/cao/processing/ncas-temperature-rh-1/data/long-term/level1d/2024/stfc-temperature-rh-1_cao_20240501_surface-met_v1.1.nc
/gws/pw/j07/ncas_obs_vol2/cao/raw_data/met_cao/data/long-term/2024/202405/CR1000XSeries_Chilbolton_Rxcabinmet1_20240502.dat
Parsed column names: ['TIMESTAMP', 'RECORD', 'BattV_Avg', 'PTemp_C_Avg', 'Air_T_Avg', 'RH_Avg', 'BP_mbar_Avg', 'WS_Avg', 'WD_Avg', 'SlrW_Avg', 'rg001dc_ch_Tot', 'rg006dc_ch_Tot', 'rg008dc_ch_Tot', 'rg009dc_ch_Tot', 'rg004tb_ch_Tot']
shape: (8_640, 3)
┌─────────────────────┬───────────┬────────┐
│ TIMESTAMP           ┆ Air_T_Avg ┆ RH_Avg │
│ ---                 ┆ ---       ┆ ---    │
│ datetime[μs]        ┆ f64       ┆ f64    │
╞═════════════════════╪═══════════╪════════╡
│ 2024-05-02 00:00:10 ┆ 284.99    ┆ 97.36  │
│ 2024-05-02 00:00:20 ┆ 284.97    ┆ 97.4   │
│ 2024-05-02 00:00:30 ┆ 284.97    ┆ 97.36  │
│ 2024-05-02 00:00:40 ┆ 284.97    ┆ 97.28  │
│ 2024-05-02 00:00:50 ┆ 284.95    ┆ 97.2   │
│ …                   ┆ …         ┆ …      │
│ 2024-05-02 23:59:20 ┆ 282.11    ┆ 86.16  │
│ 2024-05-02 23:59:30 ┆ 282.09    ┆ 86.12  │
│ 2024-05-02 23:59:40 ┆ 282.09    ┆ 85.84  │
│ 2024-05-02 23:59:50 ┆ 282.09    ┆ 85.6   │
│ 2024-05-03 00:00:00 ┆ 282.09    ┆ 85.16  │
└─────────────────────┴───────────┴────────┘
[INFO] Correcting the 'time' variable in the NetCDF file.
<class 'netCDF4.Variable'>
float64 time(time)
    units: seconds since 1970-01-01 00:00:00
    standard_name: time
    long_name: Time (seconds since 1970-01-01 00:00:00)
    axis: T
    valid_min: 1714608010.0
    valid_max: 1714694400.0
    calendar: standard
unlimited dimensions: 
current shape = (8640,)
filling on, default _FillValue of 9.969209968386869e+36 used
Flagged 0 points where air_temperature < 245.0K as bad data (qc_flag = 2).
Found 0 points already flagged as bad data (flag=2)
QC flags successfully added to /gws/pw/j07/ncas_obs_vol2/cao/processing/ncas-temperature-rh-1/data/long-term/level1d/2024/stfc-temperature-rh-1_cao_20240502_surface-met_v1.1.nc.
Updated time units to 'seconds since 1970-01-01 00:00:00' in /gws/pw/j07/ncas_obs_vol2/cao/processing/ncas-temperature-rh-1/data/long-term/level1d/2024/stfc-temperature-rh-1_cao_20240502_surface-met_v1.1.nc
/gws/pw/j07/ncas_obs_vol2/cao/raw_data/met_cao/data/long-term/2024/202405/CR1000XSeries_Chilbolton_Rxcabinmet1_20240503.dat
Parsed column names: ['TIMESTAMP', 'RECORD', 'BattV_Avg', 'PTemp_C_Avg', 'Air_T_Avg', 'RH_Avg', 'BP_mbar_Avg', 'WS_Avg', 'WD_Avg', 'SlrW_Avg', 'rg001dc_ch_Tot', 'rg006dc_ch_Tot', 'rg008dc_ch_Tot', 'rg009dc_ch_Tot', 'rg004tb_ch_Tot']
shape: (8_640, 3)
┌─────────────────────┬───────────┬────────┐
│ TIMESTAMP           ┆ Air_T_Avg ┆ RH_Avg │
│ ---                 ┆ ---       ┆ ---    │
│ datetime[μs]        ┆ f64       ┆ f64    │
╞═════════════════════╪═══════════╪════════╡
│ 2024-05-03 00:00:10 ┆ 282.09    ┆ 84.98  │
│ 2024-05-03 00:00:20 ┆ 282.09    ┆ 84.94  │
│ 2024-05-03 00:00:30 ┆ 282.09    ┆ 85.0   │
│ 2024-05-03 00:00:40 ┆ 282.11    ┆ 85.2   │
│ 2024-05-03 00:00:50 ┆ 282.11    ┆ 85.58  │
│ …                   ┆ …         ┆ …      │
│ 2024-05-03 23:59:20 ┆ 281.53    ┆ 96.58  │
│ 2024-05-03 23:59:30 ┆ 281.55    ┆ 97.44  │
│ 2024-05-03 23:59:40 ┆ 281.53    ┆ 97.84  │
│ 2024-05-03 23:59:50 ┆ 281.53    ┆ 97.74  │
│ 2024-05-04 00:00:00 ┆ 281.51    ┆ 97.42  │
└─────────────────────┴───────────┴────────┘
[INFO] Correcting the 'time' variable in the NetCDF file.
<class 'netCDF4.Variable'>
float64 time(time)
    units: seconds since 1970-01-01 00:00:00
    standard_name: time
    long_name: Time (seconds since 1970-01-01 00:00:00)
    axis: T
    valid_min: 1714694410.0
    valid_max: 1714780800.0
    calendar: standard
unlimited dimensions: 
current shape = (8640,)
filling on, default _FillValue of 9.969209968386869e+36 used
Flagged 0 points where air_temperature < 245.0K as bad data (qc_flag = 2).
Found 0 points already flagged as bad data (flag=2)
QC flags successfully added to /gws/pw/j07/ncas_obs_vol2/cao/processing/ncas-temperature-rh-1/data/long-term/level1d/2024/stfc-temperature-rh-1_cao_20240503_surface-met_v1.1.nc.
Updated time units to 'seconds since 1970-01-01 00:00:00' in /gws/pw/j07/ncas_obs_vol2/cao/processing/ncas-temperature-rh-1/data/long-term/level1d/2024/stfc-temperature-rh-1_cao_20240503_surface-met_v1.1.nc
/gws/pw/j07/ncas_obs_vol2/cao/raw_data/met_cao/data/long-term/2024/202405/CR1000XSeries_Chilbolton_Rxcabinmet1_20240504.dat
Parsed column names: ['TIMESTAMP', 'RECORD', 'BattV_Avg', 'PTemp_C_Avg', 'Air_T_Avg', 'RH_Avg', 'BP_mbar_Avg', 'WS_Avg', 'WD_Avg', 'SlrW_Avg', 'rg001dc_ch_Tot', 'rg006dc_ch_Tot', 'rg008dc_ch_Tot', 'rg009dc_ch_Tot', 'rg004tb_ch_Tot']
shape: (8_640, 3)
┌─────────────────────┬───────────┬────────┐
│ TIMESTAMP           ┆ Air_T_Avg ┆ RH_Avg │
│ ---                 ┆ ---       ┆ ---    │
│ datetime[μs]        ┆ f64       ┆ f64    │
╞═════════════════════╪═══════════╪════════╡
│ 2024-05-04 00:00:10 ┆ 281.49    ┆ 96.78  │
│ 2024-05-04 00:00:20 ┆ 281.47    ┆ 95.96  │
│ 2024-05-04 00:00:30 ┆ 281.47    ┆ 95.76  │
│ 2024-05-04 00:00:40 ┆ 281.47    ┆ 96.02  │
│ 2024-05-04 00:00:50 ┆ 281.47    ┆ 96.3   │
│ …                   ┆ …         ┆ …      │
│ 2024-05-04 23:59:20 ┆ 280.01    ┆ 94.2   │
│ 2024-05-04 23:59:30 ┆ 280.03    ┆ 94.3   │
│ 2024-05-04 23:59:40 ┆ 280.07    ┆ 94.56  │
│ 2024-05-04 23:59:50 ┆ 280.11    ┆ 94.96  │
│ 2024-05-05 00:00:00 ┆ 280.11    ┆ 95.26  │
└─────────────────────┴───────────┴────────┘
[INFO] Correcting the 'time' variable in the NetCDF file.
<class 'netCDF4.Variable'>
float64 time(time)
    units: seconds since 1970-01-01 00:00:00
    standard_name: time
    long_name: Time (seconds since 1970-01-01 00:00:00)
    axis: T
    valid_min: 1714780810.0
    valid_max: 1714867200.0
    calendar: standard
unlimited dimensions: 
current shape = (8640,)
filling on, default _FillValue of 9.969209968386869e+36 used
Flagged 0 points where air_temperature < 245.0K as bad data (qc_flag = 2).
Found 0 points already flagged as bad data (flag=2)
QC flags successfully added to /gws/pw/j07/ncas_obs_vol2/cao/processing/ncas-temperature-rh-1/data/long-term/level1d/2024/stfc-temperature-rh-1_cao_20240504_surface-met_v1.1.nc.
Updated time units to 'seconds since 1970-01-01 00:00:00' in /gws/pw/j07/ncas_obs_vol2/cao/processing/ncas-temperature-rh-1/data/long-term/level1d/2024/stfc-temperature-rh-1_cao_20240504_surface-met_v1.1.nc
/gws/pw/j07/ncas_obs_vol2/cao/raw_data/met_cao/data/long-term/2024/202405/CR1000XSeries_Chilbolton_Rxcabinmet1_20240505.dat
Parsed column names: ['TIMESTAMP', 'RECORD', 'BattV_Avg', 'PTemp_C_Avg', 'Air_T_Avg', 'RH_Avg', 'BP_mbar_Avg', 'WS_Avg', 'WD_Avg', 'SlrW_Avg', 'rg001dc_ch_Tot', 'rg006dc_ch_Tot', 'rg008dc_ch_Tot', 'rg009dc_ch_Tot', 'rg004tb_ch_Tot']
shape: (8_640, 3)
┌─────────────────────┬───────────┬────────┐
│ TIMESTAMP           ┆ Air_T_Avg ┆ RH_Avg │
│ ---                 ┆ ---       ┆ ---    │
│ datetime[μs]        ┆ f64       ┆ f64    │
╞═════════════════════╪═══════════╪════════╡
│ 2024-05-05 00:00:10 ┆ 280.13    ┆ 95.38  │
│ 2024-05-05 00:00:20 ┆ 280.11    ┆ 95.34  │
│ 2024-05-05 00:00:30 ┆ 280.09    ┆ 95.3   │
│ 2024-05-05 00:00:40 ┆ 280.09    ┆ 95.08  │
│ 2024-05-05 00:00:50 ┆ 280.09    ┆ 94.7   │
│ …                   ┆ …         ┆ …      │
│ 2024-05-05 23:59:20 ┆ 283.05    ┆ 97.94  │
│ 2024-05-05 23:59:30 ┆ 283.05    ┆ 97.76  │
│ 2024-05-05 23:59:40 ┆ 283.05    ┆ 97.6   │
│ 2024-05-05 23:59:50 ┆ 283.03    ┆ 97.38  │
│ 2024-05-06 00:00:00 ┆ 283.03    ┆ 97.34  │
└─────────────────────┴───────────┴────────┘
[INFO] Correcting the 'time' variable in the NetCDF file.
<class 'netCDF4.Variable'>
float64 time(time)
    units: seconds since 1970-01-01 00:00:00
    standard_name: time
    long_name: Time (seconds since 1970-01-01 00:00:00)
    axis: T
    valid_min: 1714867210.0
    valid_max: 1714953600.0
    calendar: standard
unlimited dimensions: 
current shape = (8640,)
filling on, default _FillValue of 9.969209968386869e+36 used
Flagged 0 points where air_temperature < 245.0K as bad data (qc_flag = 2).
Found 0 points already flagged as bad data (flag=2)
QC flags successfully added to /gws/pw/j07/ncas_obs_vol2/cao/processing/ncas-temperature-rh-1/data/long-term/level1d/2024/stfc-temperature-rh-1_cao_20240505_surface-met_v1.1.nc.
Updated time units to 'seconds since 1970-01-01 00:00:00' in /gws/pw/j07/ncas_obs_vol2/cao/processing/ncas-temperature-rh-1/data/long-term/level1d/2024/stfc-temperature-rh-1_cao_20240505_surface-met_v1.1.nc
/gws/pw/j07/ncas_obs_vol2/cao/raw_data/met_cao/data/long-term/2024/202405/CR1000XSeries_Chilbolton_Rxcabinmet1_20240506.dat
Parsed column names: ['TIMESTAMP', 'RECORD', 'BattV_Avg', 'PTemp_C_Avg', 'Air_T_Avg', 'RH_Avg', 'BP_mbar_Avg', 'WS_Avg', 'WD_Avg', 'SlrW_Avg', 'rg001dc_ch_Tot', 'rg006dc_ch_Tot', 'rg008dc_ch_Tot', 'rg009dc_ch_Tot', 'rg004tb_ch_Tot']
shape: (8_640, 3)
┌─────────────────────┬───────────┬────────┐
│ TIMESTAMP           ┆ Air_T_Avg ┆ RH_Avg │
│ ---                 ┆ ---       ┆ ---    │
│ datetime[μs]        ┆ f64       ┆ f64    │
╞═════════════════════╪═══════════╪════════╡
│ 2024-05-06 00:00:10 ┆ 283.03    ┆ 97.34  │
│ 2024-05-06 00:00:20 ┆ 283.03    ┆ 97.44  │
│ 2024-05-06 00:00:30 ┆ 283.03    ┆ 97.48  │
│ 2024-05-06 00:00:40 ┆ 283.01    ┆ 97.52  │
│ 2024-05-06 00:00:50 ┆ 283.01    ┆ 97.56  │
│ …                   ┆ …         ┆ …      │
│ 2024-05-06 23:59:20 ┆ 284.87    ┆ 92.86  │
│ 2024-05-06 23:59:30 ┆ 284.87    ┆ 92.78  │
│ 2024-05-06 23:59:40 ┆ 284.81    ┆ 92.68  │
│ 2024-05-06 23:59:50 ┆ 284.77    ┆ 92.52  │
│ 2024-05-07 00:00:00 ┆ 284.77    ┆ 92.52  │
└─────────────────────┴───────────┴────────┘
[INFO] Correcting the 'time' variable in the NetCDF file.
<class 'netCDF4.Variable'>
float64 time(time)
    units: seconds since 1970-01-01 00:00:00
    standard_name: time
    long_name: Time (seconds since 1970-01-01 00:00:00)
    axis: T
    valid_min: 1714953610.0
    valid_max: 1715040000.0
    calendar: standard
unlimited dimensions: 
current shape = (8640,)
filling on, default _FillValue of 9.969209968386869e+36 used
Flagged 0 points where air_temperature < 245.0K as bad data (qc_flag = 2).
Found 0 points already flagged as bad data (flag=2)
Applied previous day's purge timing: 13:29 - 13:37
QC flags successfully added to /gws/pw/j07/ncas_obs_vol2/cao/processing/ncas-temperature-rh-1/data/long-term/level1d/2024/stfc-temperature-rh-1_cao_20240506_surface-met_v1.1.nc.
Updated time units to 'seconds since 1970-01-01 00:00:00' in /gws/pw/j07/ncas_obs_vol2/cao/processing/ncas-temperature-rh-1/data/long-term/level1d/2024/stfc-temperature-rh-1_cao_20240506_surface-met_v1.1.nc
/gws/pw/j07/ncas_obs_vol2/cao/raw_data/met_cao/data/long-term/2024/202405/CR1000XSeries_Chilbolton_Rxcabinmet1_20240507.dat
Parsed column names: ['TIMESTAMP', 'RECORD', 'BattV_Avg', 'PTemp_C_Avg', 'Air_T_Avg', 'RH_Avg', 'BP_mbar_Avg', 'WS_Avg', 'WD_Avg', 'SlrW_Avg', 'rg001dc_ch_Tot', 'rg006dc_ch_Tot', 'rg008dc_ch_Tot', 'rg009dc_ch_Tot', 'rg004tb_ch_Tot']
shape: (8_640, 3)
┌─────────────────────┬───────────┬────────┐
│ TIMESTAMP           ┆ Air_T_Avg ┆ RH_Avg │
│ ---                 ┆ ---       ┆ ---    │
│ datetime[μs]        ┆ f64       ┆ f64    │
╞═════════════════════╪═══════════╪════════╡
│ 2024-05-07 00:00:10 ┆ 284.77    ┆ 92.68  │
│ 2024-05-07 00:00:20 ┆ 284.77    ┆ 92.72  │
│ 2024-05-07 00:00:30 ┆ 284.77    ┆ 92.84  │
│ 2024-05-07 00:00:40 ┆ 284.77    ┆ 92.98  │
│ 2024-05-07 00:00:50 ┆ 284.77    ┆ 93.14  │
│ …                   ┆ …         ┆ …      │
│ 2024-05-07 23:59:20 ┆ 283.91    ┆ 93.36  │
│ 2024-05-07 23:59:30 ┆ 283.93    ┆ 93.32  │
│ 2024-05-07 23:59:40 ┆ 283.93    ┆ 93.36  │
│ 2024-05-07 23:59:50 ┆ 283.93    ┆ 93.46  │
│ 2024-05-08 00:00:00 ┆ 283.93    ┆ 93.54  │
└─────────────────────┴───────────┴────────┘
[INFO] Correcting the 'time' variable in the NetCDF file.
<class 'netCDF4.Variable'>
float64 time(time)
    units: seconds since 1970-01-01 00:00:00
    standard_name: time
    long_name: Time (seconds since 1970-01-01 00:00:00)
    axis: T
    valid_min: 1715040010.0
    valid_max: 1715126400.0
    calendar: standard
unlimited dimensions: 
current shape = (8640,)
filling on, default _FillValue of 9.969209968386869e+36 used
Flagged 0 points where air_temperature < 245.0K as bad data (qc_flag = 2).
Found 0 points already flagged as bad data (flag=2)
QC flags successfully added to /gws/pw/j07/ncas_obs_vol2/cao/processing/ncas-temperature-rh-1/data/long-term/level1d/2024/stfc-temperature-rh-1_cao_20240507_surface-met_v1.1.nc.
Updated time units to 'seconds since 1970-01-01 00:00:00' in /gws/pw/j07/ncas_obs_vol2/cao/processing/ncas-temperature-rh-1/data/long-term/level1d/2024/stfc-temperature-rh-1_cao_20240507_surface-met_v1.1.nc
/gws/pw/j07/ncas_obs_vol2/cao/raw_data/met_cao/data/long-term/2024/202405/CR1000XSeries_Chilbolton_Rxcabinmet1_20240508.dat
Parsed column names: ['TIMESTAMP', 'RECORD', 'BattV_Avg', 'PTemp_C_Avg', 'Air_T_Avg', 'RH_Avg', 'BP_mbar_Avg', 'WS_Avg', 'WD_Avg', 'SlrW_Avg', 'rg001dc_ch_Tot', 'rg006dc_ch_Tot', 'rg008dc_ch_Tot', 'rg009dc_ch_Tot', 'rg004tb_ch_Tot']
shape: (8_640, 3)
┌─────────────────────┬───────────┬────────┐
│ TIMESTAMP           ┆ Air_T_Avg ┆ RH_Avg │
│ ---                 ┆ ---       ┆ ---    │
│ datetime[μs]        ┆ f64       ┆ f64    │
╞═════════════════════╪═══════════╪════════╡
│ 2024-05-08 00:00:10 ┆ 283.93    ┆ 93.68  │
│ 2024-05-08 00:00:20 ┆ 283.95    ┆ 93.86  │
│ 2024-05-08 00:00:30 ┆ 283.93    ┆ 93.9   │
│ 2024-05-08 00:00:40 ┆ 283.93    ┆ 93.8   │
│ 2024-05-08 00:00:50 ┆ 283.93    ┆ 93.66  │
│ …                   ┆ …         ┆ …      │
│ 2024-05-08 23:59:20 ┆ 282.59    ┆ 93.86  │
│ 2024-05-08 23:59:30 ┆ 282.59    ┆ 94.12  │
│ 2024-05-08 23:59:40 ┆ 282.57    ┆ 94.46  │
│ 2024-05-08 23:59:50 ┆ 282.57    ┆ 94.72  │
│ 2024-05-09 00:00:00 ┆ 282.57    ┆ 94.82  │
└─────────────────────┴───────────┴────────┘
[INFO] Correcting the 'time' variable in the NetCDF file.
<class 'netCDF4.Variable'>
float64 time(time)
    units: seconds since 1970-01-01 00:00:00
    standard_name: time
    long_name: Time (seconds since 1970-01-01 00:00:00)
    axis: T
    valid_min: 1715126410.0
    valid_max: 1715212800.0
    calendar: standard
unlimited dimensions: 
current shape = (8640,)
filling on, default _FillValue of 9.969209968386869e+36 used
Flagged 0 points where air_temperature < 245.0K as bad data (qc_flag = 2).
Found 0 points already flagged as bad data (flag=2)
QC flags successfully added to /gws/pw/j07/ncas_obs_vol2/cao/processing/ncas-temperature-rh-1/data/long-term/level1d/2024/stfc-temperature-rh-1_cao_20240508_surface-met_v1.1.nc.
Updated time units to 'seconds since 1970-01-01 00:00:00' in /gws/pw/j07/ncas_obs_vol2/cao/processing/ncas-temperature-rh-1/data/long-term/level1d/2024/stfc-temperature-rh-1_cao_20240508_surface-met_v1.1.nc
/gws/pw/j07/ncas_obs_vol2/cao/raw_data/met_cao/data/long-term/2024/202405/CR1000XSeries_Chilbolton_Rxcabinmet1_20240509.dat
Parsed column names: ['TIMESTAMP', 'RECORD', 'BattV_Avg', 'PTemp_C_Avg', 'Air_T_Avg', 'RH_Avg', 'BP_mbar_Avg', 'WS_Avg', 'WD_Avg', 'SlrW_Avg', 'rg001dc_ch_Tot', 'rg006dc_ch_Tot', 'rg008dc_ch_Tot', 'rg009dc_ch_Tot', 'rg004tb_ch_Tot']
shape: (8_640, 3)
┌─────────────────────┬───────────┬────────┐
│ TIMESTAMP           ┆ Air_T_Avg ┆ RH_Avg │
│ ---                 ┆ ---       ┆ ---    │
│ datetime[μs]        ┆ f64       ┆ f64    │
╞═════════════════════╪═══════════╪════════╡
│ 2024-05-09 00:00:10 ┆ 282.57    ┆ 94.8   │
│ 2024-05-09 00:00:20 ┆ 282.55    ┆ 94.78  │
│ 2024-05-09 00:00:30 ┆ 282.55    ┆ 94.66  │
│ 2024-05-09 00:00:40 ┆ 282.53    ┆ 94.6   │
│ 2024-05-09 00:00:50 ┆ 282.51    ┆ 94.64  │
│ …                   ┆ …         ┆ …      │
│ 2024-05-09 23:59:20 ┆ 284.31    ┆ 92.58  │
│ 2024-05-09 23:59:30 ┆ 284.29    ┆ 92.74  │
│ 2024-05-09 23:59:40 ┆ 284.27    ┆ 92.92  │
│ 2024-05-09 23:59:50 ┆ 284.27    ┆ 93.04  │
│ 2024-05-10 00:00:00 ┆ 284.25    ┆ 93.02  │
└─────────────────────┴───────────┴────────┘
[INFO] Correcting the 'time' variable in the NetCDF file.
<class 'netCDF4.Variable'>
float64 time(time)
    units: seconds since 1970-01-01 00:00:00
    standard_name: time
    long_name: Time (seconds since 1970-01-01 00:00:00)
    axis: T
    valid_min: 1715212810.0
    valid_max: 1715299200.0
    calendar: standard
unlimited dimensions: 
current shape = (8640,)
filling on, default _FillValue of 9.969209968386869e+36 used
Flagged 0 points where air_temperature < 245.0K as bad data (qc_flag = 2).
Found 0 points already flagged as bad data (flag=2)
QC flags successfully added to /gws/pw/j07/ncas_obs_vol2/cao/processing/ncas-temperature-rh-1/data/long-term/level1d/2024/stfc-temperature-rh-1_cao_20240509_surface-met_v1.1.nc.
Updated time units to 'seconds since 1970-01-01 00:00:00' in /gws/pw/j07/ncas_obs_vol2/cao/processing/ncas-temperature-rh-1/data/long-term/level1d/2024/stfc-temperature-rh-1_cao_20240509_surface-met_v1.1.nc
/gws/pw/j07/ncas_obs_vol2/cao/raw_data/met_cao/data/long-term/2024/202405/CR1000XSeries_Chilbolton_Rxcabinmet1_20240510.dat
Parsed column names: ['TIMESTAMP', 'RECORD', 'BattV_Avg', 'PTemp_C_Avg', 'Air_T_Avg', 'RH_Avg', 'BP_mbar_Avg', 'WS_Avg', 'WD_Avg', 'SlrW_Avg', 'rg001dc_ch_Tot', 'rg006dc_ch_Tot', 'rg008dc_ch_Tot', 'rg009dc_ch_Tot', 'rg004tb_ch_Tot']
shape: (8_640, 3)
┌─────────────────────┬───────────┬────────┐
│ TIMESTAMP           ┆ Air_T_Avg ┆ RH_Avg │
│ ---                 ┆ ---       ┆ ---    │
│ datetime[μs]        ┆ f64       ┆ f64    │
╞═════════════════════╪═══════════╪════════╡
│ 2024-05-10 00:00:10 ┆ 284.25    ┆ 92.98  │
│ 2024-05-10 00:00:20 ┆ 284.23    ┆ 92.92  │
│ 2024-05-10 00:00:30 ┆ 284.23    ┆ 92.66  │
│ 2024-05-10 00:00:40 ┆ 284.25    ┆ 92.54  │
│ 2024-05-10 00:00:50 ┆ 284.25    ┆ 92.62  │
│ …                   ┆ …         ┆ …      │
│ 2024-05-10 23:59:20 ┆ 284.59    ┆ 95.24  │
│ 2024-05-10 23:59:30 ┆ 284.57    ┆ 95.2   │
│ 2024-05-10 23:59:40 ┆ 284.57    ┆ 95.24  │
│ 2024-05-10 23:59:50 ┆ 284.59    ┆ 95.24  │
│ 2024-05-11 00:00:00 ┆ 284.61    ┆ 95.2   │
└─────────────────────┴───────────┴────────┘
[INFO] Correcting the 'time' variable in the NetCDF file.
<class 'netCDF4.Variable'>
float64 time(time)
    units: seconds since 1970-01-01 00:00:00
    standard_name: time
    long_name: Time (seconds since 1970-01-01 00:00:00)
    axis: T
    valid_min: 1715299210.0
    valid_max: 1715385600.0
    calendar: standard
unlimited dimensions: 
current shape = (8640,)
filling on, default _FillValue of 9.969209968386869e+36 used
Flagged 0 points where air_temperature < 245.0K as bad data (qc_flag = 2).
Found 0 points already flagged as bad data (flag=2)
QC flags successfully added to /gws/pw/j07/ncas_obs_vol2/cao/processing/ncas-temperature-rh-1/data/long-term/level1d/2024/stfc-temperature-rh-1_cao_20240510_surface-met_v1.1.nc.
Updated time units to 'seconds since 1970-01-01 00:00:00' in /gws/pw/j07/ncas_obs_vol2/cao/processing/ncas-temperature-rh-1/data/long-term/level1d/2024/stfc-temperature-rh-1_cao_20240510_surface-met_v1.1.nc
/gws/pw/j07/ncas_obs_vol2/cao/raw_data/met_cao/data/long-term/2024/202405/CR1000XSeries_Chilbolton_Rxcabinmet1_20240511.dat
Parsed column names: ['TIMESTAMP', 'RECORD', 'BattV_Avg', 'PTemp_C_Avg', 'Air_T_Avg', 'RH_Avg', 'BP_mbar_Avg', 'WS_Avg', 'WD_Avg', 'SlrW_Avg', 'rg001dc_ch_Tot', 'rg006dc_ch_Tot', 'rg008dc_ch_Tot', 'rg009dc_ch_Tot', 'rg004tb_ch_Tot']
shape: (8_640, 3)
┌─────────────────────┬───────────┬────────┐
│ TIMESTAMP           ┆ Air_T_Avg ┆ RH_Avg │
│ ---                 ┆ ---       ┆ ---    │
│ datetime[μs]        ┆ f64       ┆ f64    │
╞═════════════════════╪═══════════╪════════╡
│ 2024-05-11 00:00:10 ┆ 284.63    ┆ 95.28  │
│ 2024-05-11 00:00:20 ┆ 284.65    ┆ 95.5   │
│ 2024-05-11 00:00:30 ┆ 284.65    ┆ 95.68  │
│ 2024-05-11 00:00:40 ┆ 284.65    ┆ 95.64  │
│ 2024-05-11 00:00:50 ┆ 284.65    ┆ 95.58  │
│ …                   ┆ …         ┆ …      │
│ 2024-05-11 23:59:20 ┆ 285.45    ┆ 88.96  │
│ 2024-05-11 23:59:30 ┆ 285.47    ┆ 88.88  │
│ 2024-05-11 23:59:40 ┆ 285.47    ┆ 88.86  │
│ 2024-05-11 23:59:50 ┆ 285.47    ┆ 88.82  │
│ 2024-05-12 00:00:00 ┆ 285.47    ┆ 88.84  │
└─────────────────────┴───────────┴────────┘
[INFO] Correcting the 'time' variable in the NetCDF file.
<class 'netCDF4.Variable'>
float64 time(time)
    units: seconds since 1970-01-01 00:00:00
    standard_name: time
    long_name: Time (seconds since 1970-01-01 00:00:00)
    axis: T
    valid_min: 1715385610.0
    valid_max: 1715472000.0
    calendar: standard
unlimited dimensions: 
current shape = (8640,)
filling on, default _FillValue of 9.969209968386869e+36 used
Flagged 0 points where air_temperature < 245.0K as bad data (qc_flag = 2).
Found 0 points already flagged as bad data (flag=2)
QC flags successfully added to /gws/pw/j07/ncas_obs_vol2/cao/processing/ncas-temperature-rh-1/data/long-term/level1d/2024/stfc-temperature-rh-1_cao_20240511_surface-met_v1.1.nc.
Updated time units to 'seconds since 1970-01-01 00:00:00' in /gws/pw/j07/ncas_obs_vol2/cao/processing/ncas-temperature-rh-1/data/long-term/level1d/2024/stfc-temperature-rh-1_cao_20240511_surface-met_v1.1.nc
/gws/pw/j07/ncas_obs_vol2/cao/raw_data/met_cao/data/long-term/2024/202405/CR1000XSeries_Chilbolton_Rxcabinmet1_20240512.dat
Parsed column names: ['TIMESTAMP', 'RECORD', 'BattV_Avg', 'PTemp_C_Avg', 'Air_T_Avg', 'RH_Avg', 'BP_mbar_Avg', 'WS_Avg', 'WD_Avg', 'SlrW_Avg', 'rg001dc_ch_Tot', 'rg006dc_ch_Tot', 'rg008dc_ch_Tot', 'rg009dc_ch_Tot', 'rg004tb_ch_Tot']
shape: (8_640, 3)
┌─────────────────────┬───────────┬────────┐
│ TIMESTAMP           ┆ Air_T_Avg ┆ RH_Avg │
│ ---                 ┆ ---       ┆ ---    │
│ datetime[μs]        ┆ f64       ┆ f64    │
╞═════════════════════╪═══════════╪════════╡
│ 2024-05-12 00:00:10 ┆ 285.45    ┆ 88.9   │
│ 2024-05-12 00:00:20 ┆ 285.45    ┆ 88.82  │
│ 2024-05-12 00:00:30 ┆ 285.45    ┆ 88.72  │
│ 2024-05-12 00:00:40 ┆ 285.43    ┆ 88.72  │
│ 2024-05-12 00:00:50 ┆ 285.43    ┆ 88.7   │
│ …                   ┆ …         ┆ …      │
│ 2024-05-12 23:59:20 ┆ 285.27    ┆ 91.8   │
│ 2024-05-12 23:59:30 ┆ 285.27    ┆ 91.66  │
│ 2024-05-12 23:59:40 ┆ 285.27    ┆ 91.6   │
│ 2024-05-12 23:59:50 ┆ 285.29    ┆ 91.62  │
│ 2024-05-13 00:00:00 ┆ 285.29    ┆ 91.76  │
└─────────────────────┴───────────┴────────┘
[INFO] Correcting the 'time' variable in the NetCDF file.
<class 'netCDF4.Variable'>
float64 time(time)
    units: seconds since 1970-01-01 00:00:00
    standard_name: time
    long_name: Time (seconds since 1970-01-01 00:00:00)
    axis: T
    valid_min: 1715472010.0
    valid_max: 1715558400.0
    calendar: standard
unlimited dimensions: 
current shape = (8640,)
filling on, default _FillValue of 9.969209968386869e+36 used
Flagged 0 points where air_temperature < 245.0K as bad data (qc_flag = 2).
Found 0 points already flagged as bad data (flag=2)
QC flags successfully added to /gws/pw/j07/ncas_obs_vol2/cao/processing/ncas-temperature-rh-1/data/long-term/level1d/2024/stfc-temperature-rh-1_cao_20240512_surface-met_v1.1.nc.
Updated time units to 'seconds since 1970-01-01 00:00:00' in /gws/pw/j07/ncas_obs_vol2/cao/processing/ncas-temperature-rh-1/data/long-term/level1d/2024/stfc-temperature-rh-1_cao_20240512_surface-met_v1.1.nc
/gws/pw/j07/ncas_obs_vol2/cao/raw_data/met_cao/data/long-term/2024/202405/CR1000XSeries_Chilbolton_Rxcabinmet1_20240513.dat
Parsed column names: ['TIMESTAMP', 'RECORD', 'BattV_Avg', 'PTemp_C_Avg', 'Air_T_Avg', 'RH_Avg', 'BP_mbar_Avg', 'WS_Avg', 'WD_Avg', 'SlrW_Avg', 'rg001dc_ch_Tot', 'rg006dc_ch_Tot', 'rg008dc_ch_Tot', 'rg009dc_ch_Tot', 'rg004tb_ch_Tot']
shape: (8_640, 3)
┌─────────────────────┬───────────┬────────┐
│ TIMESTAMP           ┆ Air_T_Avg ┆ RH_Avg │
│ ---                 ┆ ---       ┆ ---    │
│ datetime[μs]        ┆ f64       ┆ f64    │
╞═════════════════════╪═══════════╪════════╡
│ 2024-05-13 00:00:10 ┆ 285.29    ┆ 91.82  │
│ 2024-05-13 00:00:20 ┆ 285.29    ┆ 91.92  │
│ 2024-05-13 00:00:30 ┆ 285.29    ┆ 92.04  │
│ 2024-05-13 00:00:40 ┆ 285.27    ┆ 92.02  │
│ 2024-05-13 00:00:50 ┆ 285.25    ┆ 91.8   │
│ …                   ┆ …         ┆ …      │
│ 2024-05-13 23:59:20 ┆ 286.79    ┆ 97.1   │
│ 2024-05-13 23:59:30 ┆ 286.81    ┆ 97.02  │
│ 2024-05-13 23:59:40 ┆ 286.81    ┆ 97.12  │
│ 2024-05-13 23:59:50 ┆ 286.81    ┆ 97.24  │
│ 2024-05-14 00:00:00 ┆ 286.79    ┆ 97.46  │
└─────────────────────┴───────────┴────────┘
[INFO] Correcting the 'time' variable in the NetCDF file.
<class 'netCDF4.Variable'>
float64 time(time)
    units: seconds since 1970-01-01 00:00:00
    standard_name: time
    long_name: Time (seconds since 1970-01-01 00:00:00)
    axis: T
    valid_min: 1715558410.0
    valid_max: 1715644800.0
    calendar: standard
unlimited dimensions: 
current shape = (8640,)
filling on, default _FillValue of 9.969209968386869e+36 used
Flagged 0 points where air_temperature < 245.0K as bad data (qc_flag = 2).
Found 0 points already flagged as bad data (flag=2)
QC flags successfully added to /gws/pw/j07/ncas_obs_vol2/cao/processing/ncas-temperature-rh-1/data/long-term/level1d/2024/stfc-temperature-rh-1_cao_20240513_surface-met_v1.1.nc.
Updated time units to 'seconds since 1970-01-01 00:00:00' in /gws/pw/j07/ncas_obs_vol2/cao/processing/ncas-temperature-rh-1/data/long-term/level1d/2024/stfc-temperature-rh-1_cao_20240513_surface-met_v1.1.nc
/gws/pw/j07/ncas_obs_vol2/cao/raw_data/met_cao/data/long-term/2024/202405/CR1000XSeries_Chilbolton_Rxcabinmet1_20240514.dat
Parsed column names: ['TIMESTAMP', 'RECORD', 'BattV_Avg', 'PTemp_C_Avg', 'Air_T_Avg', 'RH_Avg', 'BP_mbar_Avg', 'WS_Avg', 'WD_Avg', 'SlrW_Avg', 'rg001dc_ch_Tot', 'rg006dc_ch_Tot', 'rg008dc_ch_Tot', 'rg009dc_ch_Tot', 'rg004tb_ch_Tot']
shape: (8_640, 3)
┌─────────────────────┬───────────┬────────┐
│ TIMESTAMP           ┆ Air_T_Avg ┆ RH_Avg │
│ ---                 ┆ ---       ┆ ---    │
│ datetime[μs]        ┆ f64       ┆ f64    │
╞═════════════════════╪═══════════╪════════╡
│ 2024-05-14 00:00:10 ┆ 286.79    ┆ 97.54  │
│ 2024-05-14 00:00:20 ┆ 286.77    ┆ 97.4   │
│ 2024-05-14 00:00:30 ┆ 286.79    ┆ 97.32  │
│ 2024-05-14 00:00:40 ┆ 286.77    ┆ 97.28  │
│ 2024-05-14 00:00:50 ┆ 286.75    ┆ 97.0   │
│ …                   ┆ …         ┆ …      │
│ 2024-05-14 23:59:20 ┆ 286.07    ┆ 92.26  │
│ 2024-05-14 23:59:30 ┆ 286.07    ┆ 92.32  │
│ 2024-05-14 23:59:40 ┆ 286.07    ┆ 92.34  │
│ 2024-05-14 23:59:50 ┆ 286.07    ┆ 92.34  │
│ 2024-05-15 00:00:00 ┆ 286.07    ┆ 92.34  │
└─────────────────────┴───────────┴────────┘
[INFO] Correcting the 'time' variable in the NetCDF file.
<class 'netCDF4.Variable'>
float64 time(time)
    units: seconds since 1970-01-01 00:00:00
    standard_name: time
    long_name: Time (seconds since 1970-01-01 00:00:00)
    axis: T
    valid_min: 1715644810.0
    valid_max: 1715731200.0
    calendar: standard
unlimited dimensions: 
current shape = (8640,)
filling on, default _FillValue of 9.969209968386869e+36 used
Flagged 0 points where air_temperature < 245.0K as bad data (qc_flag = 2).
Found 0 points already flagged as bad data (flag=2)
QC flags successfully added to /gws/pw/j07/ncas_obs_vol2/cao/processing/ncas-temperature-rh-1/data/long-term/level1d/2024/stfc-temperature-rh-1_cao_20240514_surface-met_v1.1.nc.
Updated time units to 'seconds since 1970-01-01 00:00:00' in /gws/pw/j07/ncas_obs_vol2/cao/processing/ncas-temperature-rh-1/data/long-term/level1d/2024/stfc-temperature-rh-1_cao_20240514_surface-met_v1.1.nc
/gws/pw/j07/ncas_obs_vol2/cao/raw_data/met_cao/data/long-term/2024/202405/CR1000XSeries_Chilbolton_Rxcabinmet1_20240515.dat
Parsed column names: ['TIMESTAMP', 'RECORD', 'BattV_Avg', 'PTemp_C_Avg', 'Air_T_Avg', 'RH_Avg', 'BP_mbar_Avg', 'WS_Avg', 'WD_Avg', 'SlrW_Avg', 'rg001dc_ch_Tot', 'rg006dc_ch_Tot', 'rg008dc_ch_Tot', 'rg009dc_ch_Tot', 'rg004tb_ch_Tot']
shape: (8_640, 3)
┌─────────────────────┬───────────┬────────┐
│ TIMESTAMP           ┆ Air_T_Avg ┆ RH_Avg │
│ ---                 ┆ ---       ┆ ---    │
│ datetime[μs]        ┆ f64       ┆ f64    │
╞═════════════════════╪═══════════╪════════╡
│ 2024-05-15 00:00:10 ┆ 286.07    ┆ 92.3   │
│ 2024-05-15 00:00:20 ┆ 286.07    ┆ 92.28  │
│ 2024-05-15 00:00:30 ┆ 286.07    ┆ 92.24  │
│ 2024-05-15 00:00:40 ┆ 286.05    ┆ 92.18  │
│ 2024-05-15 00:00:50 ┆ 286.05    ┆ 92.16  │
│ …                   ┆ …         ┆ …      │
│ 2024-05-15 23:59:20 ┆ 282.03    ┆ 94.0   │
│ 2024-05-15 23:59:30 ┆ 282.05    ┆ 94.18  │
│ 2024-05-15 23:59:40 ┆ 282.05    ┆ 94.2   │
│ 2024-05-15 23:59:50 ┆ 282.07    ┆ 94.1   │
│ 2024-05-16 00:00:00 ┆ 282.05    ┆ 94.04  │
└─────────────────────┴───────────┴────────┘
[INFO] Correcting the 'time' variable in the NetCDF file.
<class 'netCDF4.Variable'>
float64 time(time)
    units: seconds since 1970-01-01 00:00:00
    standard_name: time
    long_name: Time (seconds since 1970-01-01 00:00:00)
    axis: T
    valid_min: 1715731210.0
    valid_max: 1715817600.0
    calendar: standard
unlimited dimensions: 
current shape = (8640,)
filling on, default _FillValue of 9.969209968386869e+36 used
Flagged 0 points where air_temperature < 245.0K as bad data (qc_flag = 2).
Found 0 points already flagged as bad data (flag=2)
QC flags successfully added to /gws/pw/j07/ncas_obs_vol2/cao/processing/ncas-temperature-rh-1/data/long-term/level1d/2024/stfc-temperature-rh-1_cao_20240515_surface-met_v1.1.nc.
Updated time units to 'seconds since 1970-01-01 00:00:00' in /gws/pw/j07/ncas_obs_vol2/cao/processing/ncas-temperature-rh-1/data/long-term/level1d/2024/stfc-temperature-rh-1_cao_20240515_surface-met_v1.1.nc
/gws/pw/j07/ncas_obs_vol2/cao/raw_data/met_cao/data/long-term/2024/202405/CR1000XSeries_Chilbolton_Rxcabinmet1_20240516.dat
Parsed column names: ['TIMESTAMP', 'RECORD', 'BattV_Avg', 'PTemp_C_Avg', 'Air_T_Avg', 'RH_Avg', 'BP_mbar_Avg', 'WS_Avg', 'WD_Avg', 'SlrW_Avg', 'rg001dc_ch_Tot', 'rg006dc_ch_Tot', 'rg008dc_ch_Tot', 'rg009dc_ch_Tot', 'rg004tb_ch_Tot']
shape: (8_640, 3)
┌─────────────────────┬───────────┬────────┐
│ TIMESTAMP           ┆ Air_T_Avg ┆ RH_Avg │
│ ---                 ┆ ---       ┆ ---    │
│ datetime[μs]        ┆ f64       ┆ f64    │
╞═════════════════════╪═══════════╪════════╡
│ 2024-05-16 00:00:10 ┆ 282.05    ┆ 93.9   │
│ 2024-05-16 00:00:20 ┆ 282.03    ┆ 93.66  │
│ 2024-05-16 00:00:30 ┆ 282.03    ┆ 93.56  │
│ 2024-05-16 00:00:40 ┆ 282.05    ┆ 93.62  │
│ 2024-05-16 00:00:50 ┆ 282.05    ┆ 93.78  │
│ …                   ┆ …         ┆ …      │
│ 2024-05-16 23:59:20 ┆ 283.63    ┆ 97.48  │
│ 2024-05-16 23:59:30 ┆ 283.65    ┆ 97.36  │
│ 2024-05-16 23:59:40 ┆ 283.65    ┆ 97.18  │
│ 2024-05-16 23:59:50 ┆ 283.69    ┆ 97.06  │
│ 2024-05-17 00:00:00 ┆ 283.71    ┆ 96.94  │
└─────────────────────┴───────────┴────────┘
[INFO] Correcting the 'time' variable in the NetCDF file.
<class 'netCDF4.Variable'>
float64 time(time)
    units: seconds since 1970-01-01 00:00:00
    standard_name: time
    long_name: Time (seconds since 1970-01-01 00:00:00)
    axis: T
    valid_min: 1715817610.0
    valid_max: 1715904000.0
    calendar: standard
unlimited dimensions: 
current shape = (8640,)
filling on, default _FillValue of 9.969209968386869e+36 used
Flagged 0 points where air_temperature < 245.0K as bad data (qc_flag = 2).
Found 0 points already flagged as bad data (flag=2)
QC flags successfully added to /gws/pw/j07/ncas_obs_vol2/cao/processing/ncas-temperature-rh-1/data/long-term/level1d/2024/stfc-temperature-rh-1_cao_20240516_surface-met_v1.1.nc.
Updated time units to 'seconds since 1970-01-01 00:00:00' in /gws/pw/j07/ncas_obs_vol2/cao/processing/ncas-temperature-rh-1/data/long-term/level1d/2024/stfc-temperature-rh-1_cao_20240516_surface-met_v1.1.nc
/gws/pw/j07/ncas_obs_vol2/cao/raw_data/met_cao/data/long-term/2024/202405/CR1000XSeries_Chilbolton_Rxcabinmet1_20240517.dat
Parsed column names: ['TIMESTAMP', 'RECORD', 'BattV_Avg', 'PTemp_C_Avg', 'Air_T_Avg', 'RH_Avg', 'BP_mbar_Avg', 'WS_Avg', 'WD_Avg', 'SlrW_Avg', 'rg001dc_ch_Tot', 'rg006dc_ch_Tot', 'rg008dc_ch_Tot', 'rg009dc_ch_Tot', 'rg004tb_ch_Tot']
shape: (8_640, 3)
┌─────────────────────┬───────────┬────────┐
│ TIMESTAMP           ┆ Air_T_Avg ┆ RH_Avg │
│ ---                 ┆ ---       ┆ ---    │
│ datetime[μs]        ┆ f64       ┆ f64    │
╞═════════════════════╪═══════════╪════════╡
│ 2024-05-17 00:00:10 ┆ 283.73    ┆ 97.04  │
│ 2024-05-17 00:00:20 ┆ 283.73    ┆ 97.22  │
│ 2024-05-17 00:00:30 ┆ 283.75    ┆ 97.42  │
│ 2024-05-17 00:00:40 ┆ 283.79    ┆ 97.58  │
│ 2024-05-17 00:00:50 ┆ 283.81    ┆ 97.48  │
│ …                   ┆ …         ┆ …      │
│ 2024-05-17 23:59:20 ┆ 285.49    ┆ 90.28  │
│ 2024-05-17 23:59:30 ┆ 285.51    ┆ 90.22  │
│ 2024-05-17 23:59:40 ┆ 285.51    ┆ 90.14  │
│ 2024-05-17 23:59:50 ┆ 285.51    ┆ 90.1   │
│ 2024-05-18 00:00:00 ┆ 285.51    ┆ 90.24  │
└─────────────────────┴───────────┴────────┘
[INFO] Correcting the 'time' variable in the NetCDF file.
<class 'netCDF4.Variable'>
float64 time(time)
    units: seconds since 1970-01-01 00:00:00
    standard_name: time
    long_name: Time (seconds since 1970-01-01 00:00:00)
    axis: T
    valid_min: 1715904010.0
    valid_max: 1715990400.0
    calendar: standard
unlimited dimensions: 
current shape = (8640,)
filling on, default _FillValue of 9.969209968386869e+36 used
Flagged 0 points where air_temperature < 245.0K as bad data (qc_flag = 2).
Found 0 points already flagged as bad data (flag=2)
QC flags successfully added to /gws/pw/j07/ncas_obs_vol2/cao/processing/ncas-temperature-rh-1/data/long-term/level1d/2024/stfc-temperature-rh-1_cao_20240517_surface-met_v1.1.nc.
Updated time units to 'seconds since 1970-01-01 00:00:00' in /gws/pw/j07/ncas_obs_vol2/cao/processing/ncas-temperature-rh-1/data/long-term/level1d/2024/stfc-temperature-rh-1_cao_20240517_surface-met_v1.1.nc
/gws/pw/j07/ncas_obs_vol2/cao/raw_data/met_cao/data/long-term/2024/202405/CR1000XSeries_Chilbolton_Rxcabinmet1_20240518.dat
Parsed column names: ['TIMESTAMP', 'RECORD', 'BattV_Avg', 'PTemp_C_Avg', 'Air_T_Avg', 'RH_Avg', 'BP_mbar_Avg', 'WS_Avg', 'WD_Avg', 'SlrW_Avg', 'rg001dc_ch_Tot', 'rg006dc_ch_Tot', 'rg008dc_ch_Tot', 'rg009dc_ch_Tot', 'rg004tb_ch_Tot']
shape: (8_640, 3)
┌─────────────────────┬───────────┬────────┐
│ TIMESTAMP           ┆ Air_T_Avg ┆ RH_Avg │
│ ---                 ┆ ---       ┆ ---    │
│ datetime[μs]        ┆ f64       ┆ f64    │
╞═════════════════════╪═══════════╪════════╡
│ 2024-05-18 00:00:10 ┆ 285.51    ┆ 90.24  │
│ 2024-05-18 00:00:20 ┆ 285.51    ┆ 90.4   │
│ 2024-05-18 00:00:30 ┆ 285.51    ┆ 90.36  │
│ 2024-05-18 00:00:40 ┆ 285.51    ┆ 90.3   │
│ 2024-05-18 00:00:50 ┆ 285.51    ┆ 90.22  │
│ …                   ┆ …         ┆ …      │
│ 2024-05-18 23:59:20 ┆ 286.33    ┆ 93.12  │
│ 2024-05-18 23:59:30 ┆ 286.33    ┆ 93.06  │
│ 2024-05-18 23:59:40 ┆ 286.35    ┆ 92.98  │
│ 2024-05-18 23:59:50 ┆ 286.35    ┆ 92.88  │
│ 2024-05-19 00:00:00 ┆ 286.35    ┆ 92.76  │
└─────────────────────┴───────────┴────────┘
[INFO] Correcting the 'time' variable in the NetCDF file.
<class 'netCDF4.Variable'>
float64 time(time)
    units: seconds since 1970-01-01 00:00:00
    standard_name: time
    long_name: Time (seconds since 1970-01-01 00:00:00)
    axis: T
    valid_min: 1715990410.0
    valid_max: 1716076800.0
    calendar: standard
unlimited dimensions: 
current shape = (8640,)
filling on, default _FillValue of 9.969209968386869e+36 used
Flagged 0 points where air_temperature < 245.0K as bad data (qc_flag = 2).
Found 0 points already flagged as bad data (flag=2)
QC flags successfully added to /gws/pw/j07/ncas_obs_vol2/cao/processing/ncas-temperature-rh-1/data/long-term/level1d/2024/stfc-temperature-rh-1_cao_20240518_surface-met_v1.1.nc.
Updated time units to 'seconds since 1970-01-01 00:00:00' in /gws/pw/j07/ncas_obs_vol2/cao/processing/ncas-temperature-rh-1/data/long-term/level1d/2024/stfc-temperature-rh-1_cao_20240518_surface-met_v1.1.nc
/gws/pw/j07/ncas_obs_vol2/cao/raw_data/met_cao/data/long-term/2024/202405/CR1000XSeries_Chilbolton_Rxcabinmet1_20240519.dat
Parsed column names: ['TIMESTAMP', 'RECORD', 'BattV_Avg', 'PTemp_C_Avg', 'Air_T_Avg', 'RH_Avg', 'BP_mbar_Avg', 'WS_Avg', 'WD_Avg', 'SlrW_Avg', 'rg001dc_ch_Tot', 'rg006dc_ch_Tot', 'rg008dc_ch_Tot', 'rg009dc_ch_Tot', 'rg004tb_ch_Tot']
shape: (8_640, 3)
┌─────────────────────┬───────────┬────────┐
│ TIMESTAMP           ┆ Air_T_Avg ┆ RH_Avg │
│ ---                 ┆ ---       ┆ ---    │
│ datetime[μs]        ┆ f64       ┆ f64    │
╞═════════════════════╪═══════════╪════════╡
│ 2024-05-19 00:00:10 ┆ 286.37    ┆ 92.7   │
│ 2024-05-19 00:00:20 ┆ 286.35    ┆ 92.66  │
│ 2024-05-19 00:00:30 ┆ 286.33    ┆ 92.68  │
│ 2024-05-19 00:00:40 ┆ 286.33    ┆ 92.74  │
│ 2024-05-19 00:00:50 ┆ 286.33    ┆ 92.74  │
│ …                   ┆ …         ┆ …      │
│ 2024-05-19 23:59:20 ┆ 285.63    ┆ 81.82  │
│ 2024-05-19 23:59:30 ┆ 285.63    ┆ 81.9   │
│ 2024-05-19 23:59:40 ┆ 285.63    ┆ 82.0   │
│ 2024-05-19 23:59:50 ┆ 285.63    ┆ 82.04  │
│ 2024-05-20 00:00:00 ┆ 285.67    ┆ 81.92  │
└─────────────────────┴───────────┴────────┘
[INFO] Correcting the 'time' variable in the NetCDF file.
<class 'netCDF4.Variable'>
float64 time(time)
    units: seconds since 1970-01-01 00:00:00
    standard_name: time
    long_name: Time (seconds since 1970-01-01 00:00:00)
    axis: T
    valid_min: 1716076810.0
    valid_max: 1716163200.0
    calendar: standard
unlimited dimensions: 
current shape = (8640,)
filling on, default _FillValue of 9.969209968386869e+36 used
Flagged 0 points where air_temperature < 245.0K as bad data (qc_flag = 2).
Found 0 points already flagged as bad data (flag=2)
QC flags successfully added to /gws/pw/j07/ncas_obs_vol2/cao/processing/ncas-temperature-rh-1/data/long-term/level1d/2024/stfc-temperature-rh-1_cao_20240519_surface-met_v1.1.nc.
Updated time units to 'seconds since 1970-01-01 00:00:00' in /gws/pw/j07/ncas_obs_vol2/cao/processing/ncas-temperature-rh-1/data/long-term/level1d/2024/stfc-temperature-rh-1_cao_20240519_surface-met_v1.1.nc
/gws/pw/j07/ncas_obs_vol2/cao/raw_data/met_cao/data/long-term/2024/202405/CR1000XSeries_Chilbolton_Rxcabinmet1_20240520.dat
Parsed column names: ['TIMESTAMP', 'RECORD', 'BattV_Avg', 'PTemp_C_Avg', 'Air_T_Avg', 'RH_Avg', 'BP_mbar_Avg', 'WS_Avg', 'WD_Avg', 'SlrW_Avg', 'rg001dc_ch_Tot', 'rg006dc_ch_Tot', 'rg008dc_ch_Tot', 'rg009dc_ch_Tot', 'rg004tb_ch_Tot']
shape: (8_640, 3)
┌─────────────────────┬───────────┬────────┐
│ TIMESTAMP           ┆ Air_T_Avg ┆ RH_Avg │
│ ---                 ┆ ---       ┆ ---    │
│ datetime[μs]        ┆ f64       ┆ f64    │
╞═════════════════════╪═══════════╪════════╡
│ 2024-05-20 00:00:10 ┆ 285.67    ┆ 81.92  │
│ 2024-05-20 00:00:20 ┆ 285.69    ┆ 81.94  │
│ 2024-05-20 00:00:30 ┆ 285.69    ┆ 81.88  │
│ 2024-05-20 00:00:40 ┆ 285.71    ┆ 81.88  │
│ 2024-05-20 00:00:50 ┆ 285.69    ┆ 81.86  │
│ …                   ┆ …         ┆ …      │
│ 2024-05-20 23:59:20 ┆ 284.75    ┆ 90.82  │
│ 2024-05-20 23:59:30 ┆ 284.75    ┆ 90.64  │
│ 2024-05-20 23:59:40 ┆ 284.77    ┆ 90.52  │
│ 2024-05-20 23:59:50 ┆ 284.77    ┆ 90.4   │
│ 2024-05-21 00:00:00 ┆ 284.79    ┆ 90.14  │
└─────────────────────┴───────────┴────────┘
[INFO] Correcting the 'time' variable in the NetCDF file.
<class 'netCDF4.Variable'>
float64 time(time)
    units: seconds since 1970-01-01 00:00:00
    standard_name: time
    long_name: Time (seconds since 1970-01-01 00:00:00)
    axis: T
    valid_min: 1716163210.0
    valid_max: 1716249600.0
    calendar: standard
unlimited dimensions: 
current shape = (8640,)
filling on, default _FillValue of 9.969209968386869e+36 used
Flagged 0 points where air_temperature < 245.0K as bad data (qc_flag = 2).
Found 0 points already flagged as bad data (flag=2)
QC flags successfully added to /gws/pw/j07/ncas_obs_vol2/cao/processing/ncas-temperature-rh-1/data/long-term/level1d/2024/stfc-temperature-rh-1_cao_20240520_surface-met_v1.1.nc.
Updated time units to 'seconds since 1970-01-01 00:00:00' in /gws/pw/j07/ncas_obs_vol2/cao/processing/ncas-temperature-rh-1/data/long-term/level1d/2024/stfc-temperature-rh-1_cao_20240520_surface-met_v1.1.nc
/gws/pw/j07/ncas_obs_vol2/cao/raw_data/met_cao/data/long-term/2024/202405/CR1000XSeries_Chilbolton_Rxcabinmet1_20240521.dat
Parsed column names: ['TIMESTAMP', 'RECORD', 'BattV_Avg', 'PTemp_C_Avg', 'Air_T_Avg', 'RH_Avg', 'BP_mbar_Avg', 'WS_Avg', 'WD_Avg', 'SlrW_Avg', 'rg001dc_ch_Tot', 'rg006dc_ch_Tot', 'rg008dc_ch_Tot', 'rg009dc_ch_Tot', 'rg004tb_ch_Tot']
shape: (8_640, 3)
┌─────────────────────┬───────────┬────────┐
│ TIMESTAMP           ┆ Air_T_Avg ┆ RH_Avg │
│ ---                 ┆ ---       ┆ ---    │
│ datetime[μs]        ┆ f64       ┆ f64    │
╞═════════════════════╪═══════════╪════════╡
│ 2024-05-21 00:00:10 ┆ 284.79    ┆ 89.9   │
│ 2024-05-21 00:00:20 ┆ 284.79    ┆ 89.9   │
│ 2024-05-21 00:00:30 ┆ 284.81    ┆ 89.94  │
│ 2024-05-21 00:00:40 ┆ 284.81    ┆ 89.96  │
│ 2024-05-21 00:00:50 ┆ 284.83    ┆ 90.14  │
│ …                   ┆ …         ┆ …      │
│ 2024-05-21 23:59:20 ┆ 285.61    ┆ 99.18  │
│ 2024-05-21 23:59:30 ┆ 285.61    ┆ 99.18  │
│ 2024-05-21 23:59:40 ┆ 285.61    ┆ 99.16  │
│ 2024-05-21 23:59:50 ┆ 285.59    ┆ 99.12  │
│ 2024-05-22 00:00:00 ┆ 285.61    ┆ 99.04  │
└─────────────────────┴───────────┴────────┘
[INFO] Correcting the 'time' variable in the NetCDF file.
<class 'netCDF4.Variable'>
float64 time(time)
    units: seconds since 1970-01-01 00:00:00
    standard_name: time
    long_name: Time (seconds since 1970-01-01 00:00:00)
    axis: T
    valid_min: 1716249610.0
    valid_max: 1716336000.0
    calendar: standard
unlimited dimensions: 
current shape = (8640,)
filling on, default _FillValue of 9.969209968386869e+36 used
Flagged 0 points where air_temperature < 245.0K as bad data (qc_flag = 2).
Found 0 points already flagged as bad data (flag=2)
QC flags successfully added to /gws/pw/j07/ncas_obs_vol2/cao/processing/ncas-temperature-rh-1/data/long-term/level1d/2024/stfc-temperature-rh-1_cao_20240521_surface-met_v1.1.nc.
Updated time units to 'seconds since 1970-01-01 00:00:00' in /gws/pw/j07/ncas_obs_vol2/cao/processing/ncas-temperature-rh-1/data/long-term/level1d/2024/stfc-temperature-rh-1_cao_20240521_surface-met_v1.1.nc
/gws/pw/j07/ncas_obs_vol2/cao/raw_data/met_cao/data/long-term/2024/202405/CR1000XSeries_Chilbolton_Rxcabinmet1_20240522.dat
Parsed column names: ['TIMESTAMP', 'RECORD', 'BattV_Avg', 'PTemp_C_Avg', 'Air_T_Avg', 'RH_Avg', 'BP_mbar_Avg', 'WS_Avg', 'WD_Avg', 'SlrW_Avg', 'rg001dc_ch_Tot', 'rg006dc_ch_Tot', 'rg008dc_ch_Tot', 'rg009dc_ch_Tot', 'rg004tb_ch_Tot']
shape: (8_640, 3)
┌─────────────────────┬───────────┬────────┐
│ TIMESTAMP           ┆ Air_T_Avg ┆ RH_Avg │
│ ---                 ┆ ---       ┆ ---    │
│ datetime[μs]        ┆ f64       ┆ f64    │
╞═════════════════════╪═══════════╪════════╡
│ 2024-05-22 00:00:10 ┆ 285.61    ┆ 98.96  │
│ 2024-05-22 00:00:20 ┆ 285.61    ┆ 99.0   │
│ 2024-05-22 00:00:30 ┆ 285.61    ┆ 99.06  │
│ 2024-05-22 00:00:40 ┆ 285.61    ┆ 99.14  │
│ 2024-05-22 00:00:50 ┆ 285.61    ┆ 99.18  │
│ …                   ┆ …         ┆ …      │
│ 2024-05-22 23:59:20 ┆ 284.31    ┆ 95.34  │
│ 2024-05-22 23:59:30 ┆ 284.33    ┆ 95.28  │
│ 2024-05-22 23:59:40 ┆ 284.31    ┆ 95.32  │
│ 2024-05-22 23:59:50 ┆ 284.33    ┆ 95.42  │
│ 2024-05-23 00:00:00 ┆ 284.33    ┆ 95.5   │
└─────────────────────┴───────────┴────────┘
[INFO] Correcting the 'time' variable in the NetCDF file.
<class 'netCDF4.Variable'>
float64 time(time)
    units: seconds since 1970-01-01 00:00:00
    standard_name: time
    long_name: Time (seconds since 1970-01-01 00:00:00)
    axis: T
    valid_min: 1716336010.0
    valid_max: 1716422400.0
    calendar: standard
unlimited dimensions: 
current shape = (8640,)
filling on, default _FillValue of 9.969209968386869e+36 used
Flagged 0 points where air_temperature < 245.0K as bad data (qc_flag = 2).
Found 0 points already flagged as bad data (flag=2)
QC flags successfully added to /gws/pw/j07/ncas_obs_vol2/cao/processing/ncas-temperature-rh-1/data/long-term/level1d/2024/stfc-temperature-rh-1_cao_20240522_surface-met_v1.1.nc.
Updated time units to 'seconds since 1970-01-01 00:00:00' in /gws/pw/j07/ncas_obs_vol2/cao/processing/ncas-temperature-rh-1/data/long-term/level1d/2024/stfc-temperature-rh-1_cao_20240522_surface-met_v1.1.nc
/gws/pw/j07/ncas_obs_vol2/cao/raw_data/met_cao/data/long-term/2024/202405/CR1000XSeries_Chilbolton_Rxcabinmet1_20240523.dat
Parsed column names: ['TIMESTAMP', 'RECORD', 'BattV_Avg', 'PTemp_C_Avg', 'Air_T_Avg', 'RH_Avg', 'BP_mbar_Avg', 'WS_Avg', 'WD_Avg', 'SlrW_Avg', 'rg001dc_ch_Tot', 'rg006dc_ch_Tot', 'rg008dc_ch_Tot', 'rg009dc_ch_Tot', 'rg004tb_ch_Tot']
shape: (8_640, 3)
┌─────────────────────┬───────────┬────────┐
│ TIMESTAMP           ┆ Air_T_Avg ┆ RH_Avg │
│ ---                 ┆ ---       ┆ ---    │
│ datetime[μs]        ┆ f64       ┆ f64    │
╞═════════════════════╪═══════════╪════════╡
│ 2024-05-23 00:00:10 ┆ 284.33    ┆ 95.58  │
│ 2024-05-23 00:00:20 ┆ 284.35    ┆ 95.62  │
│ 2024-05-23 00:00:30 ┆ 284.33    ┆ 95.62  │
│ 2024-05-23 00:00:40 ┆ 284.35    ┆ 95.54  │
│ 2024-05-23 00:00:50 ┆ 284.35    ┆ 95.44  │
│ …                   ┆ …         ┆ …      │
│ 2024-05-23 23:59:20 ┆ 283.15    ┆ 90.18  │
│ 2024-05-23 23:59:30 ┆ 283.15    ┆ 90.16  │
│ 2024-05-23 23:59:40 ┆ 283.15    ┆ 90.12  │
│ 2024-05-23 23:59:50 ┆ 283.15    ┆ 90.1   │
│ 2024-05-24 00:00:00 ┆ 283.15    ┆ 90.04  │
└─────────────────────┴───────────┴────────┘
[INFO] Correcting the 'time' variable in the NetCDF file.
<class 'netCDF4.Variable'>
float64 time(time)
    units: seconds since 1970-01-01 00:00:00
    standard_name: time
    long_name: Time (seconds since 1970-01-01 00:00:00)
    axis: T
    valid_min: 1716422410.0
    valid_max: 1716508800.0
    calendar: standard
unlimited dimensions: 
current shape = (8640,)
filling on, default _FillValue of 9.969209968386869e+36 used
Flagged 0 points where air_temperature < 245.0K as bad data (qc_flag = 2).
Found 0 points already flagged as bad data (flag=2)
QC flags successfully added to /gws/pw/j07/ncas_obs_vol2/cao/processing/ncas-temperature-rh-1/data/long-term/level1d/2024/stfc-temperature-rh-1_cao_20240523_surface-met_v1.1.nc.
Updated time units to 'seconds since 1970-01-01 00:00:00' in /gws/pw/j07/ncas_obs_vol2/cao/processing/ncas-temperature-rh-1/data/long-term/level1d/2024/stfc-temperature-rh-1_cao_20240523_surface-met_v1.1.nc
/gws/pw/j07/ncas_obs_vol2/cao/raw_data/met_cao/data/long-term/2024/202405/CR1000XSeries_Chilbolton_Rxcabinmet1_20240524.dat
Parsed column names: ['TIMESTAMP', 'RECORD', 'BattV_Avg', 'PTemp_C_Avg', 'Air_T_Avg', 'RH_Avg', 'BP_mbar_Avg', 'WS_Avg', 'WD_Avg', 'SlrW_Avg', 'rg001dc_ch_Tot', 'rg006dc_ch_Tot', 'rg008dc_ch_Tot', 'rg009dc_ch_Tot', 'rg004tb_ch_Tot']
shape: (8_640, 3)
┌─────────────────────┬───────────┬────────┐
│ TIMESTAMP           ┆ Air_T_Avg ┆ RH_Avg │
│ ---                 ┆ ---       ┆ ---    │
│ datetime[μs]        ┆ f64       ┆ f64    │
╞═════════════════════╪═══════════╪════════╡
│ 2024-05-24 00:00:10 ┆ 283.15    ┆ 90.04  │
│ 2024-05-24 00:00:20 ┆ 283.15    ┆ 90.0   │
│ 2024-05-24 00:00:30 ┆ 283.15    ┆ 90.06  │
│ 2024-05-24 00:00:40 ┆ 283.15    ┆ 90.12  │
│ 2024-05-24 00:00:50 ┆ 283.15    ┆ 90.14  │
│ …                   ┆ …         ┆ …      │
│ 2024-05-24 23:59:20 ┆ 282.11    ┆ 90.76  │
│ 2024-05-24 23:59:30 ┆ 282.09    ┆ 90.86  │
│ 2024-05-24 23:59:40 ┆ 282.09    ┆ 90.88  │
│ 2024-05-24 23:59:50 ┆ 282.09    ┆ 90.94  │
│ 2024-05-25 00:00:00 ┆ 282.09    ┆ 91.02  │
└─────────────────────┴───────────┴────────┘
[INFO] Correcting the 'time' variable in the NetCDF file.
<class 'netCDF4.Variable'>
float64 time(time)
    units: seconds since 1970-01-01 00:00:00
    standard_name: time
    long_name: Time (seconds since 1970-01-01 00:00:00)
    axis: T
    valid_min: 1716508810.0
    valid_max: 1716595200.0
    calendar: standard
unlimited dimensions: 
current shape = (8640,)
filling on, default _FillValue of 9.969209968386869e+36 used
Flagged 0 points where air_temperature < 245.0K as bad data (qc_flag = 2).
Found 0 points already flagged as bad data (flag=2)
QC flags successfully added to /gws/pw/j07/ncas_obs_vol2/cao/processing/ncas-temperature-rh-1/data/long-term/level1d/2024/stfc-temperature-rh-1_cao_20240524_surface-met_v1.1.nc.
Updated time units to 'seconds since 1970-01-01 00:00:00' in /gws/pw/j07/ncas_obs_vol2/cao/processing/ncas-temperature-rh-1/data/long-term/level1d/2024/stfc-temperature-rh-1_cao_20240524_surface-met_v1.1.nc
/gws/pw/j07/ncas_obs_vol2/cao/raw_data/met_cao/data/long-term/2024/202405/CR1000XSeries_Chilbolton_Rxcabinmet1_20240525.dat
Parsed column names: ['TIMESTAMP', 'RECORD', 'BattV_Avg', 'PTemp_C_Avg', 'Air_T_Avg', 'RH_Avg', 'BP_mbar_Avg', 'WS_Avg', 'WD_Avg', 'SlrW_Avg', 'rg001dc_ch_Tot', 'rg006dc_ch_Tot', 'rg008dc_ch_Tot', 'rg009dc_ch_Tot', 'rg004tb_ch_Tot']
shape: (8_640, 3)
┌─────────────────────┬───────────┬────────┐
│ TIMESTAMP           ┆ Air_T_Avg ┆ RH_Avg │
│ ---                 ┆ ---       ┆ ---    │
│ datetime[μs]        ┆ f64       ┆ f64    │
╞═════════════════════╪═══════════╪════════╡
│ 2024-05-25 00:00:10 ┆ 282.09    ┆ 90.94  │
│ 2024-05-25 00:00:20 ┆ 282.11    ┆ 90.62  │
│ 2024-05-25 00:00:30 ┆ 282.13    ┆ 90.48  │
│ 2024-05-25 00:00:40 ┆ 282.13    ┆ 90.5   │
│ 2024-05-25 00:00:50 ┆ 282.11    ┆ 90.6   │
│ …                   ┆ …         ┆ …      │
│ 2024-05-25 23:59:20 ┆ 284.83    ┆ 95.74  │
│ 2024-05-25 23:59:30 ┆ 284.85    ┆ 95.78  │
│ 2024-05-25 23:59:40 ┆ 284.85    ┆ 95.86  │
│ 2024-05-25 23:59:50 ┆ 284.85    ┆ 95.94  │
│ 2024-05-26 00:00:00 ┆ 284.85    ┆ 96.16  │
└─────────────────────┴───────────┴────────┘
[INFO] Correcting the 'time' variable in the NetCDF file.
<class 'netCDF4.Variable'>
float64 time(time)
    units: seconds since 1970-01-01 00:00:00
    standard_name: time
    long_name: Time (seconds since 1970-01-01 00:00:00)
    axis: T
    valid_min: 1716595210.0
    valid_max: 1716681600.0
    calendar: standard
unlimited dimensions: 
current shape = (8640,)
filling on, default _FillValue of 9.969209968386869e+36 used
Flagged 0 points where air_temperature < 245.0K as bad data (qc_flag = 2).
Found 0 points already flagged as bad data (flag=2)
QC flags successfully added to /gws/pw/j07/ncas_obs_vol2/cao/processing/ncas-temperature-rh-1/data/long-term/level1d/2024/stfc-temperature-rh-1_cao_20240525_surface-met_v1.1.nc.
Updated time units to 'seconds since 1970-01-01 00:00:00' in /gws/pw/j07/ncas_obs_vol2/cao/processing/ncas-temperature-rh-1/data/long-term/level1d/2024/stfc-temperature-rh-1_cao_20240525_surface-met_v1.1.nc
/gws/pw/j07/ncas_obs_vol2/cao/raw_data/met_cao/data/long-term/2024/202405/CR1000XSeries_Chilbolton_Rxcabinmet1_20240526.dat
Parsed column names: ['TIMESTAMP', 'RECORD', 'BattV_Avg', 'PTemp_C_Avg', 'Air_T_Avg', 'RH_Avg', 'BP_mbar_Avg', 'WS_Avg', 'WD_Avg', 'SlrW_Avg', 'rg001dc_ch_Tot', 'rg006dc_ch_Tot', 'rg008dc_ch_Tot', 'rg009dc_ch_Tot', 'rg004tb_ch_Tot']
shape: (8_640, 3)
┌─────────────────────┬───────────┬────────┐
│ TIMESTAMP           ┆ Air_T_Avg ┆ RH_Avg │
│ ---                 ┆ ---       ┆ ---    │
│ datetime[μs]        ┆ f64       ┆ f64    │
╞═════════════════════╪═══════════╪════════╡
│ 2024-05-26 00:00:10 ┆ 284.87    ┆ 96.22  │
│ 2024-05-26 00:00:20 ┆ 284.87    ┆ 96.22  │
│ 2024-05-26 00:00:30 ┆ 284.87    ┆ 96.22  │
│ 2024-05-26 00:00:40 ┆ 284.87    ┆ 96.2   │
│ 2024-05-26 00:00:50 ┆ 284.89    ┆ 96.06  │
│ …                   ┆ …         ┆ …      │
│ 2024-05-26 23:59:20 ┆ 283.73    ┆ 94.98  │
│ 2024-05-26 23:59:30 ┆ 283.75    ┆ 94.86  │
│ 2024-05-26 23:59:40 ┆ 283.75    ┆ 94.86  │
│ 2024-05-26 23:59:50 ┆ 283.75    ┆ 95.02  │
│ 2024-05-27 00:00:00 ┆ 283.73    ┆ 95.24  │
└─────────────────────┴───────────┴────────┘
[INFO] Correcting the 'time' variable in the NetCDF file.
<class 'netCDF4.Variable'>
float64 time(time)
    units: seconds since 1970-01-01 00:00:00
    standard_name: time
    long_name: Time (seconds since 1970-01-01 00:00:00)
    axis: T
    valid_min: 1716681610.0
    valid_max: 1716768000.0
    calendar: standard
unlimited dimensions: 
current shape = (8640,)
filling on, default _FillValue of 9.969209968386869e+36 used
Flagged 0 points where air_temperature < 245.0K as bad data (qc_flag = 2).
Found 0 points already flagged as bad data (flag=2)
QC flags successfully added to /gws/pw/j07/ncas_obs_vol2/cao/processing/ncas-temperature-rh-1/data/long-term/level1d/2024/stfc-temperature-rh-1_cao_20240526_surface-met_v1.1.nc.
Updated time units to 'seconds since 1970-01-01 00:00:00' in /gws/pw/j07/ncas_obs_vol2/cao/processing/ncas-temperature-rh-1/data/long-term/level1d/2024/stfc-temperature-rh-1_cao_20240526_surface-met_v1.1.nc
/gws/pw/j07/ncas_obs_vol2/cao/raw_data/met_cao/data/long-term/2024/202405/CR1000XSeries_Chilbolton_Rxcabinmet1_20240527.dat
Parsed column names: ['TIMESTAMP', 'RECORD', 'BattV_Avg', 'PTemp_C_Avg', 'Air_T_Avg', 'RH_Avg', 'BP_mbar_Avg', 'WS_Avg', 'WD_Avg', 'SlrW_Avg', 'rg001dc_ch_Tot', 'rg006dc_ch_Tot', 'rg008dc_ch_Tot', 'rg009dc_ch_Tot', 'rg004tb_ch_Tot']
shape: (8_640, 3)
┌─────────────────────┬───────────┬────────┐
│ TIMESTAMP           ┆ Air_T_Avg ┆ RH_Avg │
│ ---                 ┆ ---       ┆ ---    │
│ datetime[μs]        ┆ f64       ┆ f64    │
╞═════════════════════╪═══════════╪════════╡
│ 2024-05-27 00:00:10 ┆ 283.73    ┆ 95.3   │
│ 2024-05-27 00:00:20 ┆ 283.73    ┆ 95.32  │
│ 2024-05-27 00:00:30 ┆ 283.73    ┆ 95.28  │
│ 2024-05-27 00:00:40 ┆ 283.73    ┆ 95.16  │
│ 2024-05-27 00:00:50 ┆ 283.73    ┆ 94.98  │
│ …                   ┆ …         ┆ …      │
│ 2024-05-27 23:59:20 ┆ 284.47    ┆ 95.0   │
│ 2024-05-27 23:59:30 ┆ 284.47    ┆ 95.0   │
│ 2024-05-27 23:59:40 ┆ 284.47    ┆ 95.06  │
│ 2024-05-27 23:59:50 ┆ 284.49    ┆ 95.16  │
│ 2024-05-28 00:00:00 ┆ 284.47    ┆ 95.3   │
└─────────────────────┴───────────┴────────┘
[INFO] Correcting the 'time' variable in the NetCDF file.
<class 'netCDF4.Variable'>
float64 time(time)
    units: seconds since 1970-01-01 00:00:00
    standard_name: time
    long_name: Time (seconds since 1970-01-01 00:00:00)
    axis: T
    valid_min: 1716768010.0
    valid_max: 1716854400.0
    calendar: standard
unlimited dimensions: 
current shape = (8640,)
filling on, default _FillValue of 9.969209968386869e+36 used
Flagged 0 points where air_temperature < 245.0K as bad data (qc_flag = 2).
Found 0 points already flagged as bad data (flag=2)
QC flags successfully added to /gws/pw/j07/ncas_obs_vol2/cao/processing/ncas-temperature-rh-1/data/long-term/level1d/2024/stfc-temperature-rh-1_cao_20240527_surface-met_v1.1.nc.
Updated time units to 'seconds since 1970-01-01 00:00:00' in /gws/pw/j07/ncas_obs_vol2/cao/processing/ncas-temperature-rh-1/data/long-term/level1d/2024/stfc-temperature-rh-1_cao_20240527_surface-met_v1.1.nc
/gws/pw/j07/ncas_obs_vol2/cao/raw_data/met_cao/data/long-term/2024/202405/CR1000XSeries_Chilbolton_Rxcabinmet1_20240528.dat
Parsed column names: ['TIMESTAMP', 'RECORD', 'BattV_Avg', 'PTemp_C_Avg', 'Air_T_Avg', 'RH_Avg', 'BP_mbar_Avg', 'WS_Avg', 'WD_Avg', 'SlrW_Avg', 'rg001dc_ch_Tot', 'rg006dc_ch_Tot', 'rg008dc_ch_Tot', 'rg009dc_ch_Tot', 'rg004tb_ch_Tot']
shape: (8_640, 3)
┌─────────────────────┬───────────┬────────┐
│ TIMESTAMP           ┆ Air_T_Avg ┆ RH_Avg │
│ ---                 ┆ ---       ┆ ---    │
│ datetime[μs]        ┆ f64       ┆ f64    │
╞═════════════════════╪═══════════╪════════╡
│ 2024-05-28 00:00:10 ┆ 284.49    ┆ 95.48  │
│ 2024-05-28 00:00:20 ┆ 284.47    ┆ 95.48  │
│ 2024-05-28 00:00:30 ┆ 284.49    ┆ 95.44  │
│ 2024-05-28 00:00:40 ┆ 284.49    ┆ 95.4   │
│ 2024-05-28 00:00:50 ┆ 284.47    ┆ 95.32  │
│ …                   ┆ …         ┆ …      │
│ 2024-05-28 23:59:20 ┆ 286.07    ┆ 93.76  │
│ 2024-05-28 23:59:30 ┆ 286.05    ┆ 93.8   │
│ 2024-05-28 23:59:40 ┆ 286.07    ┆ 93.8   │
│ 2024-05-28 23:59:50 ┆ 286.07    ┆ 93.78  │
│ 2024-05-29 00:00:00 ┆ 286.07    ┆ 93.66  │
└─────────────────────┴───────────┴────────┘
[INFO] Correcting the 'time' variable in the NetCDF file.
<class 'netCDF4.Variable'>
float64 time(time)
    units: seconds since 1970-01-01 00:00:00
    standard_name: time
    long_name: Time (seconds since 1970-01-01 00:00:00)
    axis: T
    valid_min: 1716854410.0
    valid_max: 1716940800.0
    calendar: standard
unlimited dimensions: 
current shape = (8640,)
filling on, default _FillValue of 9.969209968386869e+36 used
Flagged 0 points where air_temperature < 245.0K as bad data (qc_flag = 2).
Found 0 points already flagged as bad data (flag=2)
QC flags successfully added to /gws/pw/j07/ncas_obs_vol2/cao/processing/ncas-temperature-rh-1/data/long-term/level1d/2024/stfc-temperature-rh-1_cao_20240528_surface-met_v1.1.nc.
Updated time units to 'seconds since 1970-01-01 00:00:00' in /gws/pw/j07/ncas_obs_vol2/cao/processing/ncas-temperature-rh-1/data/long-term/level1d/2024/stfc-temperature-rh-1_cao_20240528_surface-met_v1.1.nc
/gws/pw/j07/ncas_obs_vol2/cao/raw_data/met_cao/data/long-term/2024/202405/CR1000XSeries_Chilbolton_Rxcabinmet1_20240529.dat
Parsed column names: ['TIMESTAMP', 'RECORD', 'BattV_Avg', 'PTemp_C_Avg', 'Air_T_Avg', 'RH_Avg', 'BP_mbar_Avg', 'WS_Avg', 'WD_Avg', 'SlrW_Avg', 'rg001dc_ch_Tot', 'rg006dc_ch_Tot', 'rg008dc_ch_Tot', 'rg009dc_ch_Tot', 'rg004tb_ch_Tot']
shape: (8_640, 3)
┌─────────────────────┬───────────┬────────┐
│ TIMESTAMP           ┆ Air_T_Avg ┆ RH_Avg │
│ ---                 ┆ ---       ┆ ---    │
│ datetime[μs]        ┆ f64       ┆ f64    │
╞═════════════════════╪═══════════╪════════╡
│ 2024-05-29 00:00:10 ┆ 286.07    ┆ 93.54  │
│ 2024-05-29 00:00:20 ┆ 286.07    ┆ 93.44  │
│ 2024-05-29 00:00:30 ┆ 286.07    ┆ 93.4   │
│ 2024-05-29 00:00:40 ┆ 286.07    ┆ 93.4   │
│ 2024-05-29 00:00:50 ┆ 286.07    ┆ 93.36  │
│ …                   ┆ …         ┆ …      │
│ 2024-05-29 23:59:20 ┆ 283.35    ┆ 95.9   │
│ 2024-05-29 23:59:30 ┆ 283.37    ┆ 96.16  │
│ 2024-05-29 23:59:40 ┆ 283.37    ┆ 96.36  │
│ 2024-05-29 23:59:50 ┆ 283.39    ┆ 97.02  │
│ 2024-05-30 00:00:00 ┆ 283.37    ┆ 97.36  │
└─────────────────────┴───────────┴────────┘
[INFO] Correcting the 'time' variable in the NetCDF file.
<class 'netCDF4.Variable'>
float64 time(time)
    units: seconds since 1970-01-01 00:00:00
    standard_name: time
    long_name: Time (seconds since 1970-01-01 00:00:00)
    axis: T
    valid_min: 1716940810.0
    valid_max: 1717027200.0
    calendar: standard
unlimited dimensions: 
current shape = (8640,)
filling on, default _FillValue of 9.969209968386869e+36 used
Flagged 0 points where air_temperature < 245.0K as bad data (qc_flag = 2).
Found 0 points already flagged as bad data (flag=2)
QC flags successfully added to /gws/pw/j07/ncas_obs_vol2/cao/processing/ncas-temperature-rh-1/data/long-term/level1d/2024/stfc-temperature-rh-1_cao_20240529_surface-met_v1.1.nc.
Updated time units to 'seconds since 1970-01-01 00:00:00' in /gws/pw/j07/ncas_obs_vol2/cao/processing/ncas-temperature-rh-1/data/long-term/level1d/2024/stfc-temperature-rh-1_cao_20240529_surface-met_v1.1.nc
/gws/pw/j07/ncas_obs_vol2/cao/raw_data/met_cao/data/long-term/2024/202405/CR1000XSeries_Chilbolton_Rxcabinmet1_20240530.dat
Parsed column names: ['TIMESTAMP', 'RECORD', 'BattV_Avg', 'PTemp_C_Avg', 'Air_T_Avg', 'RH_Avg', 'BP_mbar_Avg', 'WS_Avg', 'WD_Avg', 'SlrW_Avg', 'rg001dc_ch_Tot', 'rg006dc_ch_Tot', 'rg008dc_ch_Tot', 'rg009dc_ch_Tot', 'rg004tb_ch_Tot']
shape: (8_640, 3)
┌─────────────────────┬───────────┬────────┐
│ TIMESTAMP           ┆ Air_T_Avg ┆ RH_Avg │
│ ---                 ┆ ---       ┆ ---    │
│ datetime[μs]        ┆ f64       ┆ f64    │
╞═════════════════════╪═══════════╪════════╡
│ 2024-05-30 00:00:10 ┆ 283.39    ┆ 97.14  │
│ 2024-05-30 00:00:20 ┆ 283.37    ┆ 96.9   │
│ 2024-05-30 00:00:30 ┆ 283.35    ┆ 96.7   │
│ 2024-05-30 00:00:40 ┆ 283.33    ┆ 96.18  │
│ 2024-05-30 00:00:50 ┆ 283.41    ┆ 95.46  │
│ …                   ┆ …         ┆ …      │
│ 2024-05-30 23:59:20 ┆ 285.67    ┆ 79.48  │
│ 2024-05-30 23:59:30 ┆ 285.65    ┆ 79.54  │
│ 2024-05-30 23:59:40 ┆ 285.65    ┆ 79.48  │
│ 2024-05-30 23:59:50 ┆ 285.65    ┆ 79.34  │
│ 2024-05-31 00:00:00 ┆ 285.67    ┆ 79.18  │
└─────────────────────┴───────────┴────────┘
[INFO] Correcting the 'time' variable in the NetCDF file.
<class 'netCDF4.Variable'>
float64 time(time)
    units: seconds since 1970-01-01 00:00:00
    standard_name: time
    long_name: Time (seconds since 1970-01-01 00:00:00)
    axis: T
    valid_min: 1717027210.0
    valid_max: 1717113600.0
    calendar: standard
unlimited dimensions: 
current shape = (8640,)
filling on, default _FillValue of 9.969209968386869e+36 used
Flagged 0 points where air_temperature < 245.0K as bad data (qc_flag = 2).
Found 0 points already flagged as bad data (flag=2)
QC flags successfully added to /gws/pw/j07/ncas_obs_vol2/cao/processing/ncas-temperature-rh-1/data/long-term/level1d/2024/stfc-temperature-rh-1_cao_20240530_surface-met_v1.1.nc.
Updated time units to 'seconds since 1970-01-01 00:00:00' in /gws/pw/j07/ncas_obs_vol2/cao/processing/ncas-temperature-rh-1/data/long-term/level1d/2024/stfc-temperature-rh-1_cao_20240530_surface-met_v1.1.nc
/gws/pw/j07/ncas_obs_vol2/cao/raw_data/met_cao/data/long-term/2024/202405/CR1000XSeries_Chilbolton_Rxcabinmet1_20240531.dat
Parsed column names: ['TIMESTAMP', 'RECORD', 'BattV_Avg', 'PTemp_C_Avg', 'Air_T_Avg', 'RH_Avg', 'BP_mbar_Avg', 'WS_Avg', 'WD_Avg', 'SlrW_Avg', 'rg001dc_ch_Tot', 'rg006dc_ch_Tot', 'rg008dc_ch_Tot', 'rg009dc_ch_Tot', 'rg004tb_ch_Tot']
shape: (8_640, 3)
┌─────────────────────┬───────────┬────────┐
│ TIMESTAMP           ┆ Air_T_Avg ┆ RH_Avg │
│ ---                 ┆ ---       ┆ ---    │
│ datetime[μs]        ┆ f64       ┆ f64    │
╞═════════════════════╪═══════════╪════════╡
│ 2024-05-31 00:00:10 ┆ 285.67    ┆ 79.16  │
│ 2024-05-31 00:00:20 ┆ 285.67    ┆ 79.08  │
│ 2024-05-31 00:00:30 ┆ 285.67    ┆ 78.98  │
│ 2024-05-31 00:00:40 ┆ 285.67    ┆ 78.88  │
│ 2024-05-31 00:00:50 ┆ 285.67    ┆ 78.92  │
│ …                   ┆ …         ┆ …      │
│ 2024-05-31 23:59:20 ┆ 283.03    ┆ 84.4   │
│ 2024-05-31 23:59:30 ┆ 283.03    ┆ 84.8   │
│ 2024-05-31 23:59:40 ┆ 283.03    ┆ 84.96  │
│ 2024-05-31 23:59:50 ┆ 283.01    ┆ 84.92  │
│ 2024-06-01 00:00:00 ┆ 283.01    ┆ 84.74  │
└─────────────────────┴───────────┴────────┘
[INFO] Correcting the 'time' variable in the NetCDF file.
<class 'netCDF4.Variable'>
float64 time(time)
    units: seconds since 1970-01-01 00:00:00
    standard_name: time
    long_name: Time (seconds since 1970-01-01 00:00:00)
    axis: T
    valid_min: 1717113610.0
    valid_max: 1717200000.0
    calendar: standard
unlimited dimensions: 
current shape = (8640,)
filling on, default _FillValue of 9.969209968386869e+36 used
Flagged 0 points where air_temperature < 245.0K as bad data (qc_flag = 2).
Found 0 points already flagged as bad data (flag=2)
QC flags successfully added to /gws/pw/j07/ncas_obs_vol2/cao/processing/ncas-temperature-rh-1/data/long-term/level1d/2024/stfc-temperature-rh-1_cao_20240531_surface-met_v1.1.nc.
Updated time units to 'seconds since 1970-01-01 00:00:00' in /gws/pw/j07/ncas_obs_vol2/cao/processing/ncas-temperature-rh-1/data/long-term/level1d/2024/stfc-temperature-rh-1_cao_20240531_surface-met_v1.1.nc
/gws/pw/j07/ncas_obs_vol2/cao/raw_data/met_cao/data/long-term/2024/202406/CR1000XSeries_Chilbolton_Rxcabinmet1_20240601.dat
Parsed column names: ['TIMESTAMP', 'RECORD', 'BattV_Avg', 'PTemp_C_Avg', 'Air_T_Avg', 'RH_Avg', 'BP_mbar_Avg', 'WS_Avg', 'WD_Avg', 'SlrW_Avg', 'rg001dc_ch_Tot', 'rg006dc_ch_Tot', 'rg008dc_ch_Tot', 'rg009dc_ch_Tot', 'rg004tb_ch_Tot']
shape: (8_640, 3)
┌─────────────────────┬───────────┬────────┐
│ TIMESTAMP           ┆ Air_T_Avg ┆ RH_Avg │
│ ---                 ┆ ---       ┆ ---    │
│ datetime[μs]        ┆ f64       ┆ f64    │
╞═════════════════════╪═══════════╪════════╡
│ 2024-06-01 00:00:10 ┆ 283.01    ┆ 84.4   │
│ 2024-06-01 00:00:20 ┆ 283.01    ┆ 83.88  │
│ 2024-06-01 00:00:30 ┆ 283.01    ┆ 83.68  │
│ 2024-06-01 00:00:40 ┆ 283.01    ┆ 83.78  │
│ 2024-06-01 00:00:50 ┆ 283.05    ┆ 83.82  │
│ …                   ┆ …         ┆ …      │
│ 2024-06-01 23:59:20 ┆ 282.39    ┆ 87.36  │
│ 2024-06-01 23:59:30 ┆ 282.39    ┆ 87.08  │
│ 2024-06-01 23:59:40 ┆ 282.37    ┆ 87.02  │
│ 2024-06-01 23:59:50 ┆ 282.37    ┆ 87.08  │
│ 2024-06-02 00:00:00 ┆ 282.37    ┆ 87.3   │
└─────────────────────┴───────────┴────────┘
[INFO] Correcting the 'time' variable in the NetCDF file.
<class 'netCDF4.Variable'>
float64 time(time)
    units: seconds since 1970-01-01 00:00:00
    standard_name: time
    long_name: Time (seconds since 1970-01-01 00:00:00)
    axis: T
    valid_min: 1717200010.0
    valid_max: 1717286400.0
    calendar: standard
unlimited dimensions: 
current shape = (8640,)
filling on, default _FillValue of 9.969209968386869e+36 used
Flagged 0 points where air_temperature < 245.0K as bad data (qc_flag = 2).
Found 0 points already flagged as bad data (flag=2)
QC flags successfully added to /gws/pw/j07/ncas_obs_vol2/cao/processing/ncas-temperature-rh-1/data/long-term/level1d/2024/stfc-temperature-rh-1_cao_20240601_surface-met_v1.1.nc.
Updated time units to 'seconds since 1970-01-01 00:00:00' in /gws/pw/j07/ncas_obs_vol2/cao/processing/ncas-temperature-rh-1/data/long-term/level1d/2024/stfc-temperature-rh-1_cao_20240601_surface-met_v1.1.nc
/gws/pw/j07/ncas_obs_vol2/cao/raw_data/met_cao/data/long-term/2024/202406/CR1000XSeries_Chilbolton_Rxcabinmet1_20240602.dat
Parsed column names: ['TIMESTAMP', 'RECORD', 'BattV_Avg', 'PTemp_C_Avg', 'Air_T_Avg', 'RH_Avg', 'BP_mbar_Avg', 'WS_Avg', 'WD_Avg', 'SlrW_Avg', 'rg001dc_ch_Tot', 'rg006dc_ch_Tot', 'rg008dc_ch_Tot', 'rg009dc_ch_Tot', 'rg004tb_ch_Tot']
shape: (8_640, 3)
┌─────────────────────┬───────────┬────────┐
│ TIMESTAMP           ┆ Air_T_Avg ┆ RH_Avg │
│ ---                 ┆ ---       ┆ ---    │
│ datetime[μs]        ┆ f64       ┆ f64    │
╞═════════════════════╪═══════════╪════════╡
│ 2024-06-02 00:00:10 ┆ 282.35    ┆ 87.44  │
│ 2024-06-02 00:00:20 ┆ 282.37    ┆ 87.42  │
│ 2024-06-02 00:00:30 ┆ 282.35    ┆ 87.7   │
│ 2024-06-02 00:00:40 ┆ 282.33    ┆ 87.88  │
│ 2024-06-02 00:00:50 ┆ 282.33    ┆ 87.94  │
│ …                   ┆ …         ┆ …      │
│ 2024-06-02 23:59:20 ┆ 286.79    ┆ 77.82  │
│ 2024-06-02 23:59:30 ┆ 286.73    ┆ 77.88  │
│ 2024-06-02 23:59:40 ┆ 286.69    ┆ 77.9   │
│ 2024-06-02 23:59:50 ┆ 286.69    ┆ 77.92  │
│ 2024-06-03 00:00:00 ┆ 286.69    ┆ 78.04  │
└─────────────────────┴───────────┴────────┘
[INFO] Correcting the 'time' variable in the NetCDF file.
<class 'netCDF4.Variable'>
float64 time(time)
    units: seconds since 1970-01-01 00:00:00
    standard_name: time
    long_name: Time (seconds since 1970-01-01 00:00:00)
    axis: T
    valid_min: 1717286410.0
    valid_max: 1717372800.0
    calendar: standard
unlimited dimensions: 
current shape = (8640,)
filling on, default _FillValue of 9.969209968386869e+36 used
Flagged 0 points where air_temperature < 245.0K as bad data (qc_flag = 2).
Found 0 points already flagged as bad data (flag=2)
QC flags successfully added to /gws/pw/j07/ncas_obs_vol2/cao/processing/ncas-temperature-rh-1/data/long-term/level1d/2024/stfc-temperature-rh-1_cao_20240602_surface-met_v1.1.nc.
Updated time units to 'seconds since 1970-01-01 00:00:00' in /gws/pw/j07/ncas_obs_vol2/cao/processing/ncas-temperature-rh-1/data/long-term/level1d/2024/stfc-temperature-rh-1_cao_20240602_surface-met_v1.1.nc
/gws/pw/j07/ncas_obs_vol2/cao/raw_data/met_cao/data/long-term/2024/202406/CR1000XSeries_Chilbolton_Rxcabinmet1_20240603.dat
Parsed column names: ['TIMESTAMP', 'RECORD', 'BattV_Avg', 'PTemp_C_Avg', 'Air_T_Avg', 'RH_Avg', 'BP_mbar_Avg', 'WS_Avg', 'WD_Avg', 'SlrW_Avg', 'rg001dc_ch_Tot', 'rg006dc_ch_Tot', 'rg008dc_ch_Tot', 'rg009dc_ch_Tot', 'rg004tb_ch_Tot']
shape: (8_640, 3)
┌─────────────────────┬───────────┬────────┐
│ TIMESTAMP           ┆ Air_T_Avg ┆ RH_Avg │
│ ---                 ┆ ---       ┆ ---    │
│ datetime[μs]        ┆ f64       ┆ f64    │
╞═════════════════════╪═══════════╪════════╡
│ 2024-06-03 00:00:10 ┆ 286.67    ┆ 78.14  │
│ 2024-06-03 00:00:20 ┆ 286.69    ┆ 78.1   │
│ 2024-06-03 00:00:30 ┆ 286.67    ┆ 78.34  │
│ 2024-06-03 00:00:40 ┆ 286.65    ┆ 78.46  │
│ 2024-06-03 00:00:50 ┆ 286.75    ┆ 78.14  │
│ …                   ┆ …         ┆ …      │
│ 2024-06-03 23:59:20 ┆ 286.99    ┆ 94.42  │
│ 2024-06-03 23:59:30 ┆ 286.99    ┆ 94.48  │
│ 2024-06-03 23:59:40 ┆ 286.99    ┆ 94.56  │
│ 2024-06-03 23:59:50 ┆ 286.99    ┆ 94.66  │
│ 2024-06-04 00:00:00 ┆ 286.97    ┆ 94.7   │
└─────────────────────┴───────────┴────────┘
[INFO] Correcting the 'time' variable in the NetCDF file.
<class 'netCDF4.Variable'>
float64 time(time)
    units: seconds since 1970-01-01 00:00:00
    standard_name: time
    long_name: Time (seconds since 1970-01-01 00:00:00)
    axis: T
    valid_min: 1717372810.0
    valid_max: 1717459200.0
    calendar: standard
unlimited dimensions: 
current shape = (8640,)
filling on, default _FillValue of 9.969209968386869e+36 used
Flagged 0 points where air_temperature < 245.0K as bad data (qc_flag = 2).
Found 0 points already flagged as bad data (flag=2)
QC flags successfully added to /gws/pw/j07/ncas_obs_vol2/cao/processing/ncas-temperature-rh-1/data/long-term/level1d/2024/stfc-temperature-rh-1_cao_20240603_surface-met_v1.1.nc.
Updated time units to 'seconds since 1970-01-01 00:00:00' in /gws/pw/j07/ncas_obs_vol2/cao/processing/ncas-temperature-rh-1/data/long-term/level1d/2024/stfc-temperature-rh-1_cao_20240603_surface-met_v1.1.nc
/gws/pw/j07/ncas_obs_vol2/cao/raw_data/met_cao/data/long-term/2024/202406/CR1000XSeries_Chilbolton_Rxcabinmet1_20240604.dat
Parsed column names: ['TIMESTAMP', 'RECORD', 'BattV_Avg', 'PTemp_C_Avg', 'Air_T_Avg', 'RH_Avg', 'BP_mbar_Avg', 'WS_Avg', 'WD_Avg', 'SlrW_Avg', 'rg001dc_ch_Tot', 'rg006dc_ch_Tot', 'rg008dc_ch_Tot', 'rg009dc_ch_Tot', 'rg004tb_ch_Tot']
shape: (8_640, 3)
┌─────────────────────┬───────────┬────────┐
│ TIMESTAMP           ┆ Air_T_Avg ┆ RH_Avg │
│ ---                 ┆ ---       ┆ ---    │
│ datetime[μs]        ┆ f64       ┆ f64    │
╞═════════════════════╪═══════════╪════════╡
│ 2024-06-04 00:00:10 ┆ 286.97    ┆ 94.68  │
│ 2024-06-04 00:00:20 ┆ 286.97    ┆ 94.66  │
│ 2024-06-04 00:00:30 ┆ 286.97    ┆ 94.58  │
│ 2024-06-04 00:00:40 ┆ 286.95    ┆ 94.46  │
│ 2024-06-04 00:00:50 ┆ 286.95    ┆ 94.36  │
│ …                   ┆ …         ┆ …      │
│ 2024-06-04 23:59:20 ┆ 283.37    ┆ 97.74  │
│ 2024-06-04 23:59:30 ┆ 283.37    ┆ 97.82  │
│ 2024-06-04 23:59:40 ┆ 283.39    ┆ 97.9   │
│ 2024-06-04 23:59:50 ┆ 283.37    ┆ 97.98  │
│ 2024-06-05 00:00:00 ┆ 283.39    ┆ 98.02  │
└─────────────────────┴───────────┴────────┘
[INFO] Correcting the 'time' variable in the NetCDF file.
<class 'netCDF4.Variable'>
float64 time(time)
    units: seconds since 1970-01-01 00:00:00
    standard_name: time
    long_name: Time (seconds since 1970-01-01 00:00:00)
    axis: T
    valid_min: 1717459210.0
    valid_max: 1717545600.0
    calendar: standard
unlimited dimensions: 
current shape = (8640,)
filling on, default _FillValue of 9.969209968386869e+36 used
Flagged 0 points where air_temperature < 245.0K as bad data (qc_flag = 2).
Found 0 points already flagged as bad data (flag=2)
QC flags successfully added to /gws/pw/j07/ncas_obs_vol2/cao/processing/ncas-temperature-rh-1/data/long-term/level1d/2024/stfc-temperature-rh-1_cao_20240604_surface-met_v1.1.nc.
Updated time units to 'seconds since 1970-01-01 00:00:00' in /gws/pw/j07/ncas_obs_vol2/cao/processing/ncas-temperature-rh-1/data/long-term/level1d/2024/stfc-temperature-rh-1_cao_20240604_surface-met_v1.1.nc
/gws/pw/j07/ncas_obs_vol2/cao/raw_data/met_cao/data/long-term/2024/202406/CR1000XSeries_Chilbolton_Rxcabinmet1_20240605.dat
Parsed column names: ['TIMESTAMP', 'RECORD', 'BattV_Avg', 'PTemp_C_Avg', 'Air_T_Avg', 'RH_Avg', 'BP_mbar_Avg', 'WS_Avg', 'WD_Avg', 'SlrW_Avg', 'rg001dc_ch_Tot', 'rg006dc_ch_Tot', 'rg008dc_ch_Tot', 'rg009dc_ch_Tot', 'rg004tb_ch_Tot']
shape: (8_640, 3)
┌─────────────────────┬───────────┬────────┐
│ TIMESTAMP           ┆ Air_T_Avg ┆ RH_Avg │
│ ---                 ┆ ---       ┆ ---    │
│ datetime[μs]        ┆ f64       ┆ f64    │
╞═════════════════════╪═══════════╪════════╡
│ 2024-06-05 00:00:10 ┆ 283.37    ┆ 98.0   │
│ 2024-06-05 00:00:20 ┆ 283.37    ┆ 97.96  │
│ 2024-06-05 00:00:30 ┆ 283.39    ┆ 97.88  │
│ 2024-06-05 00:00:40 ┆ 283.39    ┆ 97.78  │
│ 2024-06-05 00:00:50 ┆ 283.39    ┆ 97.74  │
│ …                   ┆ …         ┆ …      │
│ 2024-06-05 23:59:20 ┆ 280.47    ┆ 87.44  │
│ 2024-06-05 23:59:30 ┆ 280.49    ┆ 87.14  │
│ 2024-06-05 23:59:40 ┆ 280.51    ┆ 86.86  │
│ 2024-06-05 23:59:50 ┆ 280.51    ┆ 86.74  │
│ 2024-06-06 00:00:00 ┆ 280.53    ┆ 86.64  │
└─────────────────────┴───────────┴────────┘
[INFO] Correcting the 'time' variable in the NetCDF file.
<class 'netCDF4.Variable'>
float64 time(time)
    units: seconds since 1970-01-01 00:00:00
    standard_name: time
    long_name: Time (seconds since 1970-01-01 00:00:00)
    axis: T
    valid_min: 1717545610.0
    valid_max: 1717632000.0
    calendar: standard
unlimited dimensions: 
current shape = (8640,)
filling on, default _FillValue of 9.969209968386869e+36 used
Flagged 0 points where air_temperature < 245.0K as bad data (qc_flag = 2).
Found 0 points already flagged as bad data (flag=2)
QC flags successfully added to /gws/pw/j07/ncas_obs_vol2/cao/processing/ncas-temperature-rh-1/data/long-term/level1d/2024/stfc-temperature-rh-1_cao_20240605_surface-met_v1.1.nc.
Updated time units to 'seconds since 1970-01-01 00:00:00' in /gws/pw/j07/ncas_obs_vol2/cao/processing/ncas-temperature-rh-1/data/long-term/level1d/2024/stfc-temperature-rh-1_cao_20240605_surface-met_v1.1.nc
Warning: Input file not found: /gws/pw/j07/ncas_obs_vol2/cao/raw_data/met_cao/data/long-term/2024/202406/CR1000XSeries_Chilbolton_Rxcabinmet1_20240606.dat
Warning: Input file not found: /gws/pw/j07/ncas_obs_vol2/cao/raw_data/met_cao/data/long-term/2024/202406/CR1000XSeries_Chilbolton_Rxcabinmet1_20240607.dat
Warning: Input file not found: /gws/pw/j07/ncas_obs_vol2/cao/raw_data/met_cao/data/long-term/2024/202406/CR1000XSeries_Chilbolton_Rxcabinmet1_20240608.dat
Warning: Input file not found: /gws/pw/j07/ncas_obs_vol2/cao/raw_data/met_cao/data/long-term/2024/202406/CR1000XSeries_Chilbolton_Rxcabinmet1_20240609.dat
/gws/pw/j07/ncas_obs_vol2/cao/raw_data/met_cao/data/long-term/2024/202406/CR1000XSeries_Chilbolton_Rxcabinmet1_20240610.dat
Parsed column names: ['TIMESTAMP', 'RECORD', 'BattV_Avg', 'PTemp_C_Avg', 'Air_T_Avg', 'RH_Avg', 'BP_mbar_Avg', 'WS_Avg', 'WD_Avg', 'SlrW_Avg', 'rg001dc_ch_Tot', 'rg006dc_ch_Tot', 'rg008dc_ch_Tot', 'rg009dc_ch_Tot', 'rg004tb_ch_Tot']
shape: (8_640, 3)
┌─────────────────────┬───────────┬────────┐
│ TIMESTAMP           ┆ Air_T_Avg ┆ RH_Avg │
│ ---                 ┆ ---       ┆ ---    │
│ datetime[μs]        ┆ f64       ┆ f64    │
╞═════════════════════╪═══════════╪════════╡
│ 2024-06-10 00:00:10 ┆ 284.97    ┆ 82.96  │
│ 2024-06-10 00:00:20 ┆ 284.97    ┆ 83.04  │
│ 2024-06-10 00:00:30 ┆ 284.97    ┆ 83.12  │
│ 2024-06-10 00:00:40 ┆ 284.95    ┆ 83.12  │
│ 2024-06-10 00:00:50 ┆ 284.95    ┆ 83.08  │
│ …                   ┆ …         ┆ …      │
│ 2024-06-10 23:59:20 ┆ 281.49    ┆ 74.9   │
│ 2024-06-10 23:59:30 ┆ 281.49    ┆ 75.24  │
│ 2024-06-10 23:59:40 ┆ 281.47    ┆ 75.42  │
│ 2024-06-10 23:59:50 ┆ 281.45    ┆ 75.36  │
│ 2024-06-11 00:00:00 ┆ 281.45    ┆ 75.24  │
└─────────────────────┴───────────┴────────┘
[INFO] Correcting the 'time' variable in the NetCDF file.
<class 'netCDF4.Variable'>
float64 time(time)
    units: seconds since 1970-01-01 00:00:00
    standard_name: time
    long_name: Time (seconds since 1970-01-01 00:00:00)
    axis: T
    valid_min: 1717977610.0
    valid_max: 1718064000.0
    calendar: standard
unlimited dimensions: 
current shape = (8640,)
filling on, default _FillValue of 9.969209968386869e+36 used
Flagged 0 points where air_temperature < 245.0K as bad data (qc_flag = 2).
Found 0 points already flagged as bad data (flag=2)
QC flags successfully added to /gws/pw/j07/ncas_obs_vol2/cao/processing/ncas-temperature-rh-1/data/long-term/level1d/2024/stfc-temperature-rh-1_cao_20240610_surface-met_v1.1.nc.
Updated time units to 'seconds since 1970-01-01 00:00:00' in /gws/pw/j07/ncas_obs_vol2/cao/processing/ncas-temperature-rh-1/data/long-term/level1d/2024/stfc-temperature-rh-1_cao_20240610_surface-met_v1.1.nc
/gws/pw/j07/ncas_obs_vol2/cao/raw_data/met_cao/data/long-term/2024/202406/CR1000XSeries_Chilbolton_Rxcabinmet1_20240611.dat
Parsed column names: ['TIMESTAMP', 'RECORD', 'BattV_Avg', 'PTemp_C_Avg', 'Air_T_Avg', 'RH_Avg', 'BP_mbar_Avg', 'WS_Avg', 'WD_Avg', 'SlrW_Avg', 'rg001dc_ch_Tot', 'rg006dc_ch_Tot', 'rg008dc_ch_Tot', 'rg009dc_ch_Tot', 'rg004tb_ch_Tot']
shape: (8_640, 3)
┌─────────────────────┬───────────┬────────┐
│ TIMESTAMP           ┆ Air_T_Avg ┆ RH_Avg │
│ ---                 ┆ ---       ┆ ---    │
│ datetime[μs]        ┆ f64       ┆ f64    │
╞═════════════════════╪═══════════╪════════╡
│ 2024-06-11 00:00:10 ┆ 281.43    ┆ 75.12  │
│ 2024-06-11 00:00:20 ┆ 281.49    ┆ 74.42  │
│ 2024-06-11 00:00:30 ┆ 281.53    ┆ 74.12  │
│ 2024-06-11 00:00:40 ┆ 281.53    ┆ 74.28  │
│ 2024-06-11 00:00:50 ┆ 281.47    ┆ 74.64  │
│ …                   ┆ …         ┆ …      │
│ 2024-06-11 23:59:20 ┆ 281.35    ┆ 85.74  │
│ 2024-06-11 23:59:30 ┆ 281.35    ┆ 85.98  │
│ 2024-06-11 23:59:40 ┆ 281.33    ┆ 86.26  │
│ 2024-06-11 23:59:50 ┆ 281.31    ┆ 86.3   │
│ 2024-06-12 00:00:00 ┆ 281.29    ┆ 86.3   │
└─────────────────────┴───────────┴────────┘
[INFO] Correcting the 'time' variable in the NetCDF file.
<class 'netCDF4.Variable'>
float64 time(time)
    units: seconds since 1970-01-01 00:00:00
    standard_name: time
    long_name: Time (seconds since 1970-01-01 00:00:00)
    axis: T
    valid_min: 1718064010.0
    valid_max: 1718150400.0
    calendar: standard
unlimited dimensions: 
current shape = (8640,)
filling on, default _FillValue of 9.969209968386869e+36 used
Flagged 0 points where air_temperature < 245.0K as bad data (qc_flag = 2).
Found 0 points already flagged as bad data (flag=2)
QC flags successfully added to /gws/pw/j07/ncas_obs_vol2/cao/processing/ncas-temperature-rh-1/data/long-term/level1d/2024/stfc-temperature-rh-1_cao_20240611_surface-met_v1.1.nc.
Updated time units to 'seconds since 1970-01-01 00:00:00' in /gws/pw/j07/ncas_obs_vol2/cao/processing/ncas-temperature-rh-1/data/long-term/level1d/2024/stfc-temperature-rh-1_cao_20240611_surface-met_v1.1.nc
/gws/pw/j07/ncas_obs_vol2/cao/raw_data/met_cao/data/long-term/2024/202406/CR1000XSeries_Chilbolton_Rxcabinmet1_20240612.dat
Parsed column names: ['TIMESTAMP', 'RECORD', 'BattV_Avg', 'PTemp_C_Avg', 'Air_T_Avg', 'RH_Avg', 'BP_mbar_Avg', 'WS_Avg', 'WD_Avg', 'SlrW_Avg', 'rg001dc_ch_Tot', 'rg006dc_ch_Tot', 'rg008dc_ch_Tot', 'rg009dc_ch_Tot', 'rg004tb_ch_Tot']
shape: (8_640, 3)
┌─────────────────────┬───────────┬────────┐
│ TIMESTAMP           ┆ Air_T_Avg ┆ RH_Avg │
│ ---                 ┆ ---       ┆ ---    │
│ datetime[μs]        ┆ f64       ┆ f64    │
╞═════════════════════╪═══════════╪════════╡
│ 2024-06-12 00:00:10 ┆ 281.27    ┆ 86.2   │
│ 2024-06-12 00:00:20 ┆ 281.27    ┆ 85.86  │
│ 2024-06-12 00:00:30 ┆ 281.29    ┆ 85.66  │
│ 2024-06-12 00:00:40 ┆ 281.33    ┆ 85.6   │
│ 2024-06-12 00:00:50 ┆ 281.33    ┆ 85.76  │
│ …                   ┆ …         ┆ …      │
│ 2024-06-12 23:59:20 ┆ 279.37    ┆ 95.82  │
│ 2024-06-12 23:59:30 ┆ 279.35    ┆ 95.88  │
│ 2024-06-12 23:59:40 ┆ 279.33    ┆ 95.72  │
│ 2024-06-12 23:59:50 ┆ 279.31    ┆ 95.64  │
│ 2024-06-13 00:00:00 ┆ 279.29    ┆ 95.32  │
└─────────────────────┴───────────┴────────┘
[INFO] Correcting the 'time' variable in the NetCDF file.
<class 'netCDF4.Variable'>
float64 time(time)
    units: seconds since 1970-01-01 00:00:00
    standard_name: time
    long_name: Time (seconds since 1970-01-01 00:00:00)
    axis: T
    valid_min: 1718150410.0
    valid_max: 1718236800.0
    calendar: standard
unlimited dimensions: 
current shape = (8640,)
filling on, default _FillValue of 9.969209968386869e+36 used
Flagged 0 points where air_temperature < 245.0K as bad data (qc_flag = 2).
Found 0 points already flagged as bad data (flag=2)
QC flags successfully added to /gws/pw/j07/ncas_obs_vol2/cao/processing/ncas-temperature-rh-1/data/long-term/level1d/2024/stfc-temperature-rh-1_cao_20240612_surface-met_v1.1.nc.
Updated time units to 'seconds since 1970-01-01 00:00:00' in /gws/pw/j07/ncas_obs_vol2/cao/processing/ncas-temperature-rh-1/data/long-term/level1d/2024/stfc-temperature-rh-1_cao_20240612_surface-met_v1.1.nc
/gws/pw/j07/ncas_obs_vol2/cao/raw_data/met_cao/data/long-term/2024/202406/CR1000XSeries_Chilbolton_Rxcabinmet1_20240613.dat
Parsed column names: ['TIMESTAMP', 'RECORD', 'BattV_Avg', 'PTemp_C_Avg', 'Air_T_Avg', 'RH_Avg', 'BP_mbar_Avg', 'WS_Avg', 'WD_Avg', 'SlrW_Avg', 'rg001dc_ch_Tot', 'rg006dc_ch_Tot', 'rg008dc_ch_Tot', 'rg009dc_ch_Tot', 'rg004tb_ch_Tot']
shape: (8_640, 3)
┌─────────────────────┬───────────┬────────┐
│ TIMESTAMP           ┆ Air_T_Avg ┆ RH_Avg │
│ ---                 ┆ ---       ┆ ---    │
│ datetime[μs]        ┆ f64       ┆ f64    │
╞═════════════════════╪═══════════╪════════╡
│ 2024-06-13 00:00:10 ┆ 279.29    ┆ 94.88  │
│ 2024-06-13 00:00:20 ┆ 279.29    ┆ 94.68  │
│ 2024-06-13 00:00:30 ┆ 279.33    ┆ 94.54  │
│ 2024-06-13 00:00:40 ┆ 279.41    ┆ 94.4   │
│ 2024-06-13 00:00:50 ┆ 279.45    ┆ 94.66  │
│ …                   ┆ …         ┆ …      │
│ 2024-06-13 23:59:20 ┆ 286.01    ┆ 97.84  │
│ 2024-06-13 23:59:30 ┆ 285.99    ┆ 98.02  │
│ 2024-06-13 23:59:40 ┆ 286.01    ┆ 98.18  │
│ 2024-06-13 23:59:50 ┆ 285.99    ┆ 98.5   │
│ 2024-06-14 00:00:00 ┆ 286.01    ┆ 98.72  │
└─────────────────────┴───────────┴────────┘
[INFO] Correcting the 'time' variable in the NetCDF file.
<class 'netCDF4.Variable'>
float64 time(time)
    units: seconds since 1970-01-01 00:00:00
    standard_name: time
    long_name: Time (seconds since 1970-01-01 00:00:00)
    axis: T
    valid_min: 1718236810.0
    valid_max: 1718323200.0
    calendar: standard
unlimited dimensions: 
current shape = (8640,)
filling on, default _FillValue of 9.969209968386869e+36 used
Flagged 0 points where air_temperature < 245.0K as bad data (qc_flag = 2).
Found 0 points already flagged as bad data (flag=2)
QC flags successfully added to /gws/pw/j07/ncas_obs_vol2/cao/processing/ncas-temperature-rh-1/data/long-term/level1d/2024/stfc-temperature-rh-1_cao_20240613_surface-met_v1.1.nc.
Updated time units to 'seconds since 1970-01-01 00:00:00' in /gws/pw/j07/ncas_obs_vol2/cao/processing/ncas-temperature-rh-1/data/long-term/level1d/2024/stfc-temperature-rh-1_cao_20240613_surface-met_v1.1.nc
/gws/pw/j07/ncas_obs_vol2/cao/raw_data/met_cao/data/long-term/2024/202406/CR1000XSeries_Chilbolton_Rxcabinmet1_20240614.dat
Parsed column names: ['TIMESTAMP', 'RECORD', 'BattV_Avg', 'PTemp_C_Avg', 'Air_T_Avg', 'RH_Avg', 'BP_mbar_Avg', 'WS_Avg', 'WD_Avg', 'SlrW_Avg', 'rg001dc_ch_Tot', 'rg006dc_ch_Tot', 'rg008dc_ch_Tot', 'rg009dc_ch_Tot', 'rg004tb_ch_Tot']
shape: (8_640, 3)
┌─────────────────────┬───────────┬────────┐
│ TIMESTAMP           ┆ Air_T_Avg ┆ RH_Avg │
│ ---                 ┆ ---       ┆ ---    │
│ datetime[μs]        ┆ f64       ┆ f64    │
╞═════════════════════╪═══════════╪════════╡
│ 2024-06-14 00:00:10 ┆ 285.99    ┆ 98.72  │
│ 2024-06-14 00:00:20 ┆ 285.99    ┆ 98.6   │
│ 2024-06-14 00:00:30 ┆ 285.99    ┆ 98.48  │
│ 2024-06-14 00:00:40 ┆ 285.99    ┆ 98.34  │
│ 2024-06-14 00:00:50 ┆ 285.99    ┆ 98.44  │
│ …                   ┆ …         ┆ …      │
│ 2024-06-14 23:59:20 ┆ 282.83    ┆ 92.12  │
│ 2024-06-14 23:59:30 ┆ 282.83    ┆ 92.28  │
│ 2024-06-14 23:59:40 ┆ 282.83    ┆ 92.22  │
│ 2024-06-14 23:59:50 ┆ 282.83    ┆ 91.96  │
│ 2024-06-15 00:00:00 ┆ 282.85    ┆ 91.74  │
└─────────────────────┴───────────┴────────┘
[INFO] Correcting the 'time' variable in the NetCDF file.
<class 'netCDF4.Variable'>
float64 time(time)
    units: seconds since 1970-01-01 00:00:00
    standard_name: time
    long_name: Time (seconds since 1970-01-01 00:00:00)
    axis: T
    valid_min: 1718323210.0
    valid_max: 1718409600.0
    calendar: standard
unlimited dimensions: 
current shape = (8640,)
filling on, default _FillValue of 9.969209968386869e+36 used
Flagged 0 points where air_temperature < 245.0K as bad data (qc_flag = 2).
Found 0 points already flagged as bad data (flag=2)
QC flags successfully added to /gws/pw/j07/ncas_obs_vol2/cao/processing/ncas-temperature-rh-1/data/long-term/level1d/2024/stfc-temperature-rh-1_cao_20240614_surface-met_v1.1.nc.
Updated time units to 'seconds since 1970-01-01 00:00:00' in /gws/pw/j07/ncas_obs_vol2/cao/processing/ncas-temperature-rh-1/data/long-term/level1d/2024/stfc-temperature-rh-1_cao_20240614_surface-met_v1.1.nc
/gws/pw/j07/ncas_obs_vol2/cao/raw_data/met_cao/data/long-term/2024/202406/CR1000XSeries_Chilbolton_Rxcabinmet1_20240615.dat
Parsed column names: ['TIMESTAMP', 'RECORD', 'BattV_Avg', 'PTemp_C_Avg', 'Air_T_Avg', 'RH_Avg', 'BP_mbar_Avg', 'WS_Avg', 'WD_Avg', 'SlrW_Avg', 'rg001dc_ch_Tot', 'rg006dc_ch_Tot', 'rg008dc_ch_Tot', 'rg009dc_ch_Tot', 'rg004tb_ch_Tot']
shape: (8_640, 3)
┌─────────────────────┬───────────┬────────┐
│ TIMESTAMP           ┆ Air_T_Avg ┆ RH_Avg │
│ ---                 ┆ ---       ┆ ---    │
│ datetime[μs]        ┆ f64       ┆ f64    │
╞═════════════════════╪═══════════╪════════╡
│ 2024-06-15 00:00:10 ┆ 282.85    ┆ 91.44  │
│ 2024-06-15 00:00:20 ┆ 282.87    ┆ 91.14  │
│ 2024-06-15 00:00:30 ┆ 282.87    ┆ 90.94  │
│ 2024-06-15 00:00:40 ┆ 282.87    ┆ 91.0   │
│ 2024-06-15 00:00:50 ┆ 282.87    ┆ 91.1   │
│ …                   ┆ …         ┆ …      │
│ 2024-06-15 23:59:20 ┆ 284.07    ┆ 96.26  │
│ 2024-06-15 23:59:30 ┆ 284.07    ┆ 96.2   │
│ 2024-06-15 23:59:40 ┆ 284.05    ┆ 95.98  │
│ 2024-06-15 23:59:50 ┆ 284.05    ┆ 95.74  │
│ 2024-06-16 00:00:00 ┆ 284.05    ┆ 95.4   │
└─────────────────────┴───────────┴────────┘
[INFO] Correcting the 'time' variable in the NetCDF file.
<class 'netCDF4.Variable'>
float64 time(time)
    units: seconds since 1970-01-01 00:00:00
    standard_name: time
    long_name: Time (seconds since 1970-01-01 00:00:00)
    axis: T
    valid_min: 1718409610.0
    valid_max: 1718496000.0
    calendar: standard
unlimited dimensions: 
current shape = (8640,)
filling on, default _FillValue of 9.969209968386869e+36 used
Flagged 0 points where air_temperature < 245.0K as bad data (qc_flag = 2).
Found 0 points already flagged as bad data (flag=2)
QC flags successfully added to /gws/pw/j07/ncas_obs_vol2/cao/processing/ncas-temperature-rh-1/data/long-term/level1d/2024/stfc-temperature-rh-1_cao_20240615_surface-met_v1.1.nc.
Updated time units to 'seconds since 1970-01-01 00:00:00' in /gws/pw/j07/ncas_obs_vol2/cao/processing/ncas-temperature-rh-1/data/long-term/level1d/2024/stfc-temperature-rh-1_cao_20240615_surface-met_v1.1.nc
/gws/pw/j07/ncas_obs_vol2/cao/raw_data/met_cao/data/long-term/2024/202406/CR1000XSeries_Chilbolton_Rxcabinmet1_20240616.dat
Parsed column names: ['TIMESTAMP', 'RECORD', 'BattV_Avg', 'PTemp_C_Avg', 'Air_T_Avg', 'RH_Avg', 'BP_mbar_Avg', 'WS_Avg', 'WD_Avg', 'SlrW_Avg', 'rg001dc_ch_Tot', 'rg006dc_ch_Tot', 'rg008dc_ch_Tot', 'rg009dc_ch_Tot', 'rg004tb_ch_Tot']
shape: (8_640, 3)
┌─────────────────────┬───────────┬────────┐
│ TIMESTAMP           ┆ Air_T_Avg ┆ RH_Avg │
│ ---                 ┆ ---       ┆ ---    │
│ datetime[μs]        ┆ f64       ┆ f64    │
╞═════════════════════╪═══════════╪════════╡
│ 2024-06-16 00:00:10 ┆ 284.03    ┆ 95.1   │
│ 2024-06-16 00:00:20 ┆ 284.03    ┆ 95.2   │
│ 2024-06-16 00:00:30 ┆ 284.01    ┆ 95.52  │
│ 2024-06-16 00:00:40 ┆ 284.01    ┆ 95.74  │
│ 2024-06-16 00:00:50 ┆ 284.01    ┆ 95.92  │
│ …                   ┆ …         ┆ …      │
│ 2024-06-16 23:59:20 ┆ 283.29    ┆ 97.14  │
│ 2024-06-16 23:59:30 ┆ 283.29    ┆ 97.14  │
│ 2024-06-16 23:59:40 ┆ 283.29    ┆ 97.1   │
│ 2024-06-16 23:59:50 ┆ 283.27    ┆ 97.04  │
│ 2024-06-17 00:00:00 ┆ 283.27    ┆ 97.0   │
└─────────────────────┴───────────┴────────┘
[INFO] Correcting the 'time' variable in the NetCDF file.
<class 'netCDF4.Variable'>
float64 time(time)
    units: seconds since 1970-01-01 00:00:00
    standard_name: time
    long_name: Time (seconds since 1970-01-01 00:00:00)
    axis: T
    valid_min: 1718496010.0
    valid_max: 1718582400.0
    calendar: standard
unlimited dimensions: 
current shape = (8640,)
filling on, default _FillValue of 9.969209968386869e+36 used
Flagged 0 points where air_temperature < 245.0K as bad data (qc_flag = 2).
Found 0 points already flagged as bad data (flag=2)
QC flags successfully added to /gws/pw/j07/ncas_obs_vol2/cao/processing/ncas-temperature-rh-1/data/long-term/level1d/2024/stfc-temperature-rh-1_cao_20240616_surface-met_v1.1.nc.
Updated time units to 'seconds since 1970-01-01 00:00:00' in /gws/pw/j07/ncas_obs_vol2/cao/processing/ncas-temperature-rh-1/data/long-term/level1d/2024/stfc-temperature-rh-1_cao_20240616_surface-met_v1.1.nc
/gws/pw/j07/ncas_obs_vol2/cao/raw_data/met_cao/data/long-term/2024/202406/CR1000XSeries_Chilbolton_Rxcabinmet1_20240617.dat
Parsed column names: ['TIMESTAMP', 'RECORD', 'BattV_Avg', 'PTemp_C_Avg', 'Air_T_Avg', 'RH_Avg', 'BP_mbar_Avg', 'WS_Avg', 'WD_Avg', 'SlrW_Avg', 'rg001dc_ch_Tot', 'rg006dc_ch_Tot', 'rg008dc_ch_Tot', 'rg009dc_ch_Tot', 'rg004tb_ch_Tot']
shape: (8_640, 3)
┌─────────────────────┬───────────┬────────┐
│ TIMESTAMP           ┆ Air_T_Avg ┆ RH_Avg │
│ ---                 ┆ ---       ┆ ---    │
│ datetime[μs]        ┆ f64       ┆ f64    │
╞═════════════════════╪═══════════╪════════╡
│ 2024-06-17 00:00:10 ┆ 283.27    ┆ 96.88  │
│ 2024-06-17 00:00:20 ┆ 283.25    ┆ 96.88  │
│ 2024-06-17 00:00:30 ┆ 283.25    ┆ 96.78  │
│ 2024-06-17 00:00:40 ┆ 283.25    ┆ 96.76  │
│ 2024-06-17 00:00:50 ┆ 283.23    ┆ 96.84  │
│ …                   ┆ …         ┆ …      │
│ 2024-06-17 23:59:20 ┆ 283.93    ┆ 88.52  │
│ 2024-06-17 23:59:30 ┆ 283.91    ┆ 88.64  │
│ 2024-06-17 23:59:40 ┆ 283.89    ┆ 88.74  │
│ 2024-06-17 23:59:50 ┆ 283.87    ┆ 88.9   │
│ 2024-06-18 00:00:00 ┆ 283.87    ┆ 89.06  │
└─────────────────────┴───────────┴────────┘
[INFO] Correcting the 'time' variable in the NetCDF file.
<class 'netCDF4.Variable'>
float64 time(time)
    units: seconds since 1970-01-01 00:00:00
    standard_name: time
    long_name: Time (seconds since 1970-01-01 00:00:00)
    axis: T
    valid_min: 1718582410.0
    valid_max: 1718668800.0
    calendar: standard
unlimited dimensions: 
current shape = (8640,)
filling on, default _FillValue of 9.969209968386869e+36 used
Flagged 0 points where air_temperature < 245.0K as bad data (qc_flag = 2).
Found 0 points already flagged as bad data (flag=2)
QC flags successfully added to /gws/pw/j07/ncas_obs_vol2/cao/processing/ncas-temperature-rh-1/data/long-term/level1d/2024/stfc-temperature-rh-1_cao_20240617_surface-met_v1.1.nc.
Updated time units to 'seconds since 1970-01-01 00:00:00' in /gws/pw/j07/ncas_obs_vol2/cao/processing/ncas-temperature-rh-1/data/long-term/level1d/2024/stfc-temperature-rh-1_cao_20240617_surface-met_v1.1.nc
/gws/pw/j07/ncas_obs_vol2/cao/raw_data/met_cao/data/long-term/2024/202406/CR1000XSeries_Chilbolton_Rxcabinmet1_20240618.dat
Parsed column names: ['TIMESTAMP', 'RECORD', 'BattV_Avg', 'PTemp_C_Avg', 'Air_T_Avg', 'RH_Avg', 'BP_mbar_Avg', 'WS_Avg', 'WD_Avg', 'SlrW_Avg', 'rg001dc_ch_Tot', 'rg006dc_ch_Tot', 'rg008dc_ch_Tot', 'rg009dc_ch_Tot', 'rg004tb_ch_Tot']
shape: (8_640, 3)
┌─────────────────────┬───────────┬────────┐
│ TIMESTAMP           ┆ Air_T_Avg ┆ RH_Avg │
│ ---                 ┆ ---       ┆ ---    │
│ datetime[μs]        ┆ f64       ┆ f64    │
╞═════════════════════╪═══════════╪════════╡
│ 2024-06-18 00:00:10 ┆ 283.83    ┆ 89.32  │
│ 2024-06-18 00:00:20 ┆ 283.83    ┆ 89.5   │
│ 2024-06-18 00:00:30 ┆ 283.81    ┆ 89.66  │
│ 2024-06-18 00:00:40 ┆ 283.79    ┆ 89.7   │
│ 2024-06-18 00:00:50 ┆ 283.77    ┆ 89.66  │
│ …                   ┆ …         ┆ …      │
│ 2024-06-18 23:59:20 ┆ 284.41    ┆ 88.2   │
│ 2024-06-18 23:59:30 ┆ 284.39    ┆ 88.4   │
│ 2024-06-18 23:59:40 ┆ 284.35    ┆ 88.68  │
│ 2024-06-18 23:59:50 ┆ 284.33    ┆ 88.94  │
│ 2024-06-19 00:00:00 ┆ 284.31    ┆ 88.96  │
└─────────────────────┴───────────┴────────┘
[INFO] Correcting the 'time' variable in the NetCDF file.
<class 'netCDF4.Variable'>
float64 time(time)
    units: seconds since 1970-01-01 00:00:00
    standard_name: time
    long_name: Time (seconds since 1970-01-01 00:00:00)
    axis: T
    valid_min: 1718668810.0
    valid_max: 1718755200.0
    calendar: standard
unlimited dimensions: 
current shape = (8640,)
filling on, default _FillValue of 9.969209968386869e+36 used
Flagged 0 points where air_temperature < 245.0K as bad data (qc_flag = 2).
Found 0 points already flagged as bad data (flag=2)
QC flags successfully added to /gws/pw/j07/ncas_obs_vol2/cao/processing/ncas-temperature-rh-1/data/long-term/level1d/2024/stfc-temperature-rh-1_cao_20240618_surface-met_v1.1.nc.
Updated time units to 'seconds since 1970-01-01 00:00:00' in /gws/pw/j07/ncas_obs_vol2/cao/processing/ncas-temperature-rh-1/data/long-term/level1d/2024/stfc-temperature-rh-1_cao_20240618_surface-met_v1.1.nc
/gws/pw/j07/ncas_obs_vol2/cao/raw_data/met_cao/data/long-term/2024/202406/CR1000XSeries_Chilbolton_Rxcabinmet1_20240619.dat
Parsed column names: ['TIMESTAMP', 'RECORD', 'BattV_Avg', 'PTemp_C_Avg', 'Air_T_Avg', 'RH_Avg', 'BP_mbar_Avg', 'WS_Avg', 'WD_Avg', 'SlrW_Avg', 'rg001dc_ch_Tot', 'rg006dc_ch_Tot', 'rg008dc_ch_Tot', 'rg009dc_ch_Tot', 'rg004tb_ch_Tot']
shape: (8_640, 3)
┌─────────────────────┬───────────┬────────┐
│ TIMESTAMP           ┆ Air_T_Avg ┆ RH_Avg │
│ ---                 ┆ ---       ┆ ---    │
│ datetime[μs]        ┆ f64       ┆ f64    │
╞═════════════════════╪═══════════╪════════╡
│ 2024-06-19 00:00:10 ┆ 284.33    ┆ 88.88  │
│ 2024-06-19 00:00:20 ┆ 284.29    ┆ 88.92  │
│ 2024-06-19 00:00:30 ┆ 284.25    ┆ 88.98  │
│ 2024-06-19 00:00:40 ┆ 284.23    ┆ 88.86  │
│ 2024-06-19 00:00:50 ┆ 284.21    ┆ 88.54  │
│ …                   ┆ …         ┆ …      │
│ 2024-06-19 23:59:20 ┆ 283.33    ┆ 89.9   │
│ 2024-06-19 23:59:30 ┆ 283.35    ┆ 89.98  │
│ 2024-06-19 23:59:40 ┆ 283.33    ┆ 90.24  │
│ 2024-06-19 23:59:50 ┆ 283.33    ┆ 90.56  │
│ 2024-06-20 00:00:00 ┆ 283.31    ┆ 91.02  │
└─────────────────────┴───────────┴────────┘
[INFO] Correcting the 'time' variable in the NetCDF file.
<class 'netCDF4.Variable'>
float64 time(time)
    units: seconds since 1970-01-01 00:00:00
    standard_name: time
    long_name: Time (seconds since 1970-01-01 00:00:00)
    axis: T
    valid_min: 1718755210.0
    valid_max: 1718841600.0
    calendar: standard
unlimited dimensions: 
current shape = (8640,)
filling on, default _FillValue of 9.969209968386869e+36 used
Flagged 0 points where air_temperature < 245.0K as bad data (qc_flag = 2).
Found 0 points already flagged as bad data (flag=2)
QC flags successfully added to /gws/pw/j07/ncas_obs_vol2/cao/processing/ncas-temperature-rh-1/data/long-term/level1d/2024/stfc-temperature-rh-1_cao_20240619_surface-met_v1.1.nc.
Updated time units to 'seconds since 1970-01-01 00:00:00' in /gws/pw/j07/ncas_obs_vol2/cao/processing/ncas-temperature-rh-1/data/long-term/level1d/2024/stfc-temperature-rh-1_cao_20240619_surface-met_v1.1.nc
/gws/pw/j07/ncas_obs_vol2/cao/raw_data/met_cao/data/long-term/2024/202406/CR1000XSeries_Chilbolton_Rxcabinmet1_20240620.dat
Parsed column names: ['TIMESTAMP', 'RECORD', 'BattV_Avg', 'PTemp_C_Avg', 'Air_T_Avg', 'RH_Avg', 'BP_mbar_Avg', 'WS_Avg', 'WD_Avg', 'SlrW_Avg', 'rg001dc_ch_Tot', 'rg006dc_ch_Tot', 'rg008dc_ch_Tot', 'rg009dc_ch_Tot', 'rg004tb_ch_Tot']
shape: (8_640, 3)
┌─────────────────────┬───────────┬────────┐
│ TIMESTAMP           ┆ Air_T_Avg ┆ RH_Avg │
│ ---                 ┆ ---       ┆ ---    │
│ datetime[μs]        ┆ f64       ┆ f64    │
╞═════════════════════╪═══════════╪════════╡
│ 2024-06-20 00:00:10 ┆ 283.31    ┆ 91.54  │
│ 2024-06-20 00:00:20 ┆ 283.29    ┆ 91.64  │
│ 2024-06-20 00:00:30 ┆ 283.29    ┆ 91.4   │
│ 2024-06-20 00:00:40 ┆ 283.29    ┆ 91.12  │
│ 2024-06-20 00:00:50 ┆ 283.29    ┆ 90.56  │
│ …                   ┆ …         ┆ …      │
│ 2024-06-20 23:59:20 ┆ 285.13    ┆ 89.24  │
│ 2024-06-20 23:59:30 ┆ 285.13    ┆ 89.08  │
│ 2024-06-20 23:59:40 ┆ 285.15    ┆ 88.94  │
│ 2024-06-20 23:59:50 ┆ 285.13    ┆ 88.8   │
│ 2024-06-21 00:00:00 ┆ 285.13    ┆ 88.52  │
└─────────────────────┴───────────┴────────┘
[INFO] Correcting the 'time' variable in the NetCDF file.
<class 'netCDF4.Variable'>
float64 time(time)
    units: seconds since 1970-01-01 00:00:00
    standard_name: time
    long_name: Time (seconds since 1970-01-01 00:00:00)
    axis: T
    valid_min: 1718841610.0
    valid_max: 1718928000.0
    calendar: standard
unlimited dimensions: 
current shape = (8640,)
filling on, default _FillValue of 9.969209968386869e+36 used
Flagged 0 points where air_temperature < 245.0K as bad data (qc_flag = 2).
Found 0 points already flagged as bad data (flag=2)
QC flags successfully added to /gws/pw/j07/ncas_obs_vol2/cao/processing/ncas-temperature-rh-1/data/long-term/level1d/2024/stfc-temperature-rh-1_cao_20240620_surface-met_v1.1.nc.
Updated time units to 'seconds since 1970-01-01 00:00:00' in /gws/pw/j07/ncas_obs_vol2/cao/processing/ncas-temperature-rh-1/data/long-term/level1d/2024/stfc-temperature-rh-1_cao_20240620_surface-met_v1.1.nc
/gws/pw/j07/ncas_obs_vol2/cao/raw_data/met_cao/data/long-term/2024/202406/CR1000XSeries_Chilbolton_Rxcabinmet1_20240621.dat
Parsed column names: ['TIMESTAMP', 'RECORD', 'BattV_Avg', 'PTemp_C_Avg', 'Air_T_Avg', 'RH_Avg', 'BP_mbar_Avg', 'WS_Avg', 'WD_Avg', 'SlrW_Avg', 'rg001dc_ch_Tot', 'rg006dc_ch_Tot', 'rg008dc_ch_Tot', 'rg009dc_ch_Tot', 'rg004tb_ch_Tot']
shape: (8_640, 3)
┌─────────────────────┬───────────┬────────┐
│ TIMESTAMP           ┆ Air_T_Avg ┆ RH_Avg │
│ ---                 ┆ ---       ┆ ---    │
│ datetime[μs]        ┆ f64       ┆ f64    │
╞═════════════════════╪═══════════╪════════╡
│ 2024-06-21 00:00:10 ┆ 285.11    ┆ 88.34  │
│ 2024-06-21 00:00:20 ┆ 285.11    ┆ 88.28  │
│ 2024-06-21 00:00:30 ┆ 285.09    ┆ 88.38  │
│ 2024-06-21 00:00:40 ┆ 285.03    ┆ 88.7   │
│ 2024-06-21 00:00:50 ┆ 284.95    ┆ 89.0   │
│ …                   ┆ …         ┆ …      │
│ 2024-06-21 23:59:20 ┆ 286.39    ┆ 97.56  │
│ 2024-06-21 23:59:30 ┆ 286.39    ┆ 97.14  │
│ 2024-06-21 23:59:40 ┆ 286.39    ┆ 97.02  │
│ 2024-06-21 23:59:50 ┆ 286.39    ┆ 97.28  │
│ 2024-06-22 00:00:00 ┆ 286.41    ┆ 97.48  │
└─────────────────────┴───────────┴────────┘
[INFO] Correcting the 'time' variable in the NetCDF file.
<class 'netCDF4.Variable'>
float64 time(time)
    units: seconds since 1970-01-01 00:00:00
    standard_name: time
    long_name: Time (seconds since 1970-01-01 00:00:00)
    axis: T
    valid_min: 1718928010.0
    valid_max: 1719014400.0
    calendar: standard
unlimited dimensions: 
current shape = (8640,)
filling on, default _FillValue of 9.969209968386869e+36 used
Flagged 0 points where air_temperature < 245.0K as bad data (qc_flag = 2).
Found 0 points already flagged as bad data (flag=2)
QC flags successfully added to /gws/pw/j07/ncas_obs_vol2/cao/processing/ncas-temperature-rh-1/data/long-term/level1d/2024/stfc-temperature-rh-1_cao_20240621_surface-met_v1.1.nc.
Updated time units to 'seconds since 1970-01-01 00:00:00' in /gws/pw/j07/ncas_obs_vol2/cao/processing/ncas-temperature-rh-1/data/long-term/level1d/2024/stfc-temperature-rh-1_cao_20240621_surface-met_v1.1.nc
/gws/pw/j07/ncas_obs_vol2/cao/raw_data/met_cao/data/long-term/2024/202406/CR1000XSeries_Chilbolton_Rxcabinmet1_20240622.dat
Parsed column names: ['TIMESTAMP', 'RECORD', 'BattV_Avg', 'PTemp_C_Avg', 'Air_T_Avg', 'RH_Avg', 'BP_mbar_Avg', 'WS_Avg', 'WD_Avg', 'SlrW_Avg', 'rg001dc_ch_Tot', 'rg006dc_ch_Tot', 'rg008dc_ch_Tot', 'rg009dc_ch_Tot', 'rg004tb_ch_Tot']
shape: (8_640, 3)
┌─────────────────────┬───────────┬────────┐
│ TIMESTAMP           ┆ Air_T_Avg ┆ RH_Avg │
│ ---                 ┆ ---       ┆ ---    │
│ datetime[μs]        ┆ f64       ┆ f64    │
╞═════════════════════╪═══════════╪════════╡
│ 2024-06-22 00:00:10 ┆ 286.41    ┆ 97.8   │
│ 2024-06-22 00:00:20 ┆ 286.41    ┆ 98.06  │
│ 2024-06-22 00:00:30 ┆ 286.41    ┆ 98.16  │
│ 2024-06-22 00:00:40 ┆ 286.41    ┆ 98.0   │
│ 2024-06-22 00:00:50 ┆ 286.39    ┆ 97.84  │
│ …                   ┆ …         ┆ …      │
│ 2024-06-22 23:59:20 ┆ 283.81    ┆ 89.06  │
│ 2024-06-22 23:59:30 ┆ 283.81    ┆ 89.74  │
│ 2024-06-22 23:59:40 ┆ 283.81    ┆ 90.1   │
│ 2024-06-22 23:59:50 ┆ 283.81    ┆ 90.0   │
│ 2024-06-23 00:00:00 ┆ 283.83    ┆ 89.66  │
└─────────────────────┴───────────┴────────┘
[INFO] Correcting the 'time' variable in the NetCDF file.
<class 'netCDF4.Variable'>
float64 time(time)
    units: seconds since 1970-01-01 00:00:00
    standard_name: time
    long_name: Time (seconds since 1970-01-01 00:00:00)
    axis: T
    valid_min: 1719014410.0
    valid_max: 1719100800.0
    calendar: standard
unlimited dimensions: 
current shape = (8640,)
filling on, default _FillValue of 9.969209968386869e+36 used
Flagged 0 points where air_temperature < 245.0K as bad data (qc_flag = 2).
Found 0 points already flagged as bad data (flag=2)
QC flags successfully added to /gws/pw/j07/ncas_obs_vol2/cao/processing/ncas-temperature-rh-1/data/long-term/level1d/2024/stfc-temperature-rh-1_cao_20240622_surface-met_v1.1.nc.
Updated time units to 'seconds since 1970-01-01 00:00:00' in /gws/pw/j07/ncas_obs_vol2/cao/processing/ncas-temperature-rh-1/data/long-term/level1d/2024/stfc-temperature-rh-1_cao_20240622_surface-met_v1.1.nc
/gws/pw/j07/ncas_obs_vol2/cao/raw_data/met_cao/data/long-term/2024/202406/CR1000XSeries_Chilbolton_Rxcabinmet1_20240623.dat
Parsed column names: ['TIMESTAMP', 'RECORD', 'BattV_Avg', 'PTemp_C_Avg', 'Air_T_Avg', 'RH_Avg', 'BP_mbar_Avg', 'WS_Avg', 'WD_Avg', 'SlrW_Avg', 'rg001dc_ch_Tot', 'rg006dc_ch_Tot', 'rg008dc_ch_Tot', 'rg009dc_ch_Tot', 'rg004tb_ch_Tot']
shape: (6_930, 3)
┌─────────────────────┬───────────┬────────┐
│ TIMESTAMP           ┆ Air_T_Avg ┆ RH_Avg │
│ ---                 ┆ ---       ┆ ---    │
│ datetime[μs]        ┆ f64       ┆ f64    │
╞═════════════════════╪═══════════╪════════╡
│ 2024-06-23 00:00:10 ┆ 283.85    ┆ 89.26  │
│ 2024-06-23 00:00:20 ┆ 283.91    ┆ 88.48  │
│ 2024-06-23 00:00:30 ┆ 283.95    ┆ 88.16  │
│ 2024-06-23 00:00:40 ┆ 283.97    ┆ 88.32  │
│ 2024-06-23 00:00:50 ┆ 283.99    ┆ 88.54  │
│ …                   ┆ …         ┆ …      │
│ 2024-06-23 19:14:20 ┆ 292.51    ┆ 78.16  │
│ 2024-06-23 19:14:30 ┆ 292.49    ┆ 78.28  │
│ 2024-06-23 19:14:40 ┆ 292.49    ┆ 78.48  │
│ 2024-06-23 19:14:50 ┆ 292.49    ┆ 78.62  │
│ 2024-06-23 19:15:00 ┆ 292.49    ┆ 78.68  │
└─────────────────────┴───────────┴────────┘
[INFO] Correcting the 'time' variable in the NetCDF file.
<class 'netCDF4.Variable'>
float64 time(time)
    units: seconds since 1970-01-01 00:00:00
    standard_name: time
    long_name: Time (seconds since 1970-01-01 00:00:00)
    axis: T
    valid_min: 1719100810.0
    valid_max: 1719170100.0
    calendar: standard
unlimited dimensions: 
current shape = (6930,)
filling on, default _FillValue of 9.969209968386869e+36 used
Flagged 0 points where air_temperature < 245.0K as bad data (qc_flag = 2).
Found 0 points already flagged as bad data (flag=2)
QC flags successfully added to /gws/pw/j07/ncas_obs_vol2/cao/processing/ncas-temperature-rh-1/data/long-term/level1d/2024/stfc-temperature-rh-1_cao_20240623_surface-met_v1.1.nc.
Updated time units to 'seconds since 1970-01-01 00:00:00' in /gws/pw/j07/ncas_obs_vol2/cao/processing/ncas-temperature-rh-1/data/long-term/level1d/2024/stfc-temperature-rh-1_cao_20240623_surface-met_v1.1.nc
/gws/pw/j07/ncas_obs_vol2/cao/raw_data/met_cao/data/long-term/2024/202406/CR1000XSeries_Chilbolton_Rxcabinmet1_20240624.dat
/gws/pw/j07/ncas_obs_vol2/cao/raw_data/met_cao/data/long-term/2024/202406/CR1000XSeries_Chilbolton_Rxcabinmet1_20240625.dat
Parsed column names: ['TIMESTAMP', 'RECORD', 'BattV_Avg', 'PTemp_C_Avg', 'Air_T_Avg', 'RH_Avg', 'BP_mbar_Avg', 'WS_Avg', 'WD_Avg', 'SlrW_Avg', 'rg001dc_ch_Tot', 'rg006dc_ch_Tot', 'rg008dc_ch_Tot', 'rg009dc_ch_Tot', 'rg004tb_ch_Tot']
shape: (6_660, 3)
┌─────────────────────┬───────────┬────────┐
│ TIMESTAMP           ┆ Air_T_Avg ┆ RH_Avg │
│ ---                 ┆ ---       ┆ ---    │
│ datetime[μs]        ┆ f64       ┆ f64    │
╞═════════════════════╪═══════════╪════════╡
│ 2024-06-25 00:00:10 ┆ 288.11    ┆ 91.62  │
│ 2024-06-25 00:00:20 ┆ 288.13    ┆ 91.8   │
│ 2024-06-25 00:00:30 ┆ 288.19    ┆ 92.14  │
│ 2024-06-25 00:00:40 ┆ 288.19    ┆ 92.32  │
│ 2024-06-25 00:00:50 ┆ 288.21    ┆ 92.34  │
│ …                   ┆ …         ┆ …      │
│ 2024-06-25 18:29:20 ┆ 298.81    ┆ 50.94  │
│ 2024-06-25 18:29:30 ┆ 298.81    ┆ 51.0   │
│ 2024-06-25 18:29:40 ┆ 298.81    ┆ 51.04  │
│ 2024-06-25 18:29:50 ┆ 298.79    ┆ 51.4   │
│ 2024-06-25 18:30:00 ┆ 298.79    ┆ 51.78  │
└─────────────────────┴───────────┴────────┘
[INFO] Correcting the 'time' variable in the NetCDF file.
<class 'netCDF4.Variable'>
float64 time(time)
    units: seconds since 1970-01-01 00:00:00
    standard_name: time
    long_name: Time (seconds since 1970-01-01 00:00:00)
    axis: T
    valid_min: 1719273610.0
    valid_max: 1719340200.0
    calendar: standard
unlimited dimensions: 
current shape = (6660,)
filling on, default _FillValue of 9.969209968386869e+36 used
Flagged 0 points where air_temperature < 245.0K as bad data (qc_flag = 2).
Found 0 points already flagged as bad data (flag=2)
QC flags successfully added to /gws/pw/j07/ncas_obs_vol2/cao/processing/ncas-temperature-rh-1/data/long-term/level1d/2024/stfc-temperature-rh-1_cao_20240625_surface-met_v1.1.nc.
Updated time units to 'seconds since 1970-01-01 00:00:00' in /gws/pw/j07/ncas_obs_vol2/cao/processing/ncas-temperature-rh-1/data/long-term/level1d/2024/stfc-temperature-rh-1_cao_20240625_surface-met_v1.1.nc
/gws/pw/j07/ncas_obs_vol2/cao/raw_data/met_cao/data/long-term/2024/202406/CR1000XSeries_Chilbolton_Rxcabinmet1_20240626.dat
Parsed column names: ['TIMESTAMP', 'RECORD', 'BattV_Avg', 'PTemp_C_Avg', 'Air_T_Avg', 'RH_Avg', 'BP_mbar_Avg', 'WS_Avg', 'WD_Avg', 'SlrW_Avg', 'rg001dc_ch_Tot', 'rg006dc_ch_Tot', 'rg008dc_ch_Tot', 'rg009dc_ch_Tot', 'rg004tb_ch_Tot']
shape: (8_640, 3)
┌─────────────────────┬───────────┬────────┐
│ TIMESTAMP           ┆ Air_T_Avg ┆ RH_Avg │
│ ---                 ┆ ---       ┆ ---    │
│ datetime[μs]        ┆ f64       ┆ f64    │
╞═════════════════════╪═══════════╪════════╡
│ 2024-06-26 00:00:10 ┆ 290.31    ┆ 83.8   │
│ 2024-06-26 00:00:20 ┆ 290.29    ┆ 83.7   │
│ 2024-06-26 00:00:30 ┆ 290.27    ┆ 83.72  │
│ 2024-06-26 00:00:40 ┆ 290.27    ┆ 83.84  │
│ 2024-06-26 00:00:50 ┆ 290.25    ┆ 84.02  │
│ …                   ┆ …         ┆ …      │
│ 2024-06-26 23:59:20 ┆ 288.19    ┆ 92.02  │
│ 2024-06-26 23:59:30 ┆ 288.19    ┆ 91.9   │
│ 2024-06-26 23:59:40 ┆ 288.21    ┆ 91.8   │
│ 2024-06-26 23:59:50 ┆ 288.21    ┆ 91.78  │
│ 2024-06-27 00:00:00 ┆ 288.19    ┆ 91.78  │
└─────────────────────┴───────────┴────────┘
[INFO] Correcting the 'time' variable in the NetCDF file.
<class 'netCDF4.Variable'>
float64 time(time)
    units: seconds since 1970-01-01 00:00:00
    standard_name: time
    long_name: Time (seconds since 1970-01-01 00:00:00)
    axis: T
    valid_min: 1719360010.0
    valid_max: 1719446400.0
    calendar: standard
unlimited dimensions: 
current shape = (8640,)
filling on, default _FillValue of 9.969209968386869e+36 used
Flagged 0 points where air_temperature < 245.0K as bad data (qc_flag = 2).
Found 0 points already flagged as bad data (flag=2)
QC flags successfully added to /gws/pw/j07/ncas_obs_vol2/cao/processing/ncas-temperature-rh-1/data/long-term/level1d/2024/stfc-temperature-rh-1_cao_20240626_surface-met_v1.1.nc.
Updated time units to 'seconds since 1970-01-01 00:00:00' in /gws/pw/j07/ncas_obs_vol2/cao/processing/ncas-temperature-rh-1/data/long-term/level1d/2024/stfc-temperature-rh-1_cao_20240626_surface-met_v1.1.nc
/gws/pw/j07/ncas_obs_vol2/cao/raw_data/met_cao/data/long-term/2024/202406/CR1000XSeries_Chilbolton_Rxcabinmet1_20240627.dat
Parsed column names: ['TIMESTAMP', 'RECORD', 'BattV_Avg', 'PTemp_C_Avg', 'Air_T_Avg', 'RH_Avg', 'BP_mbar_Avg', 'WS_Avg', 'WD_Avg', 'SlrW_Avg', 'rg001dc_ch_Tot', 'rg006dc_ch_Tot', 'rg008dc_ch_Tot', 'rg009dc_ch_Tot', 'rg004tb_ch_Tot']
shape: (8_640, 3)
┌─────────────────────┬───────────┬────────┐
│ TIMESTAMP           ┆ Air_T_Avg ┆ RH_Avg │
│ ---                 ┆ ---       ┆ ---    │
│ datetime[μs]        ┆ f64       ┆ f64    │
╞═════════════════════╪═══════════╪════════╡
│ 2024-06-27 00:00:10 ┆ 288.19    ┆ 91.8   │
│ 2024-06-27 00:00:20 ┆ 288.17    ┆ 91.94  │
│ 2024-06-27 00:00:30 ┆ 288.17    ┆ 92.14  │
│ 2024-06-27 00:00:40 ┆ 288.15    ┆ 92.22  │
│ 2024-06-27 00:00:50 ┆ 288.17    ┆ 92.16  │
│ …                   ┆ …         ┆ …      │
│ 2024-06-27 23:59:20 ┆ 285.25    ┆ 75.68  │
│ 2024-06-27 23:59:30 ┆ 285.27    ┆ 75.78  │
│ 2024-06-27 23:59:40 ┆ 285.31    ┆ 75.48  │
│ 2024-06-27 23:59:50 ┆ 285.33    ┆ 75.26  │
│ 2024-06-28 00:00:00 ┆ 285.31    ┆ 75.26  │
└─────────────────────┴───────────┴────────┘
[INFO] Correcting the 'time' variable in the NetCDF file.
<class 'netCDF4.Variable'>
float64 time(time)
    units: seconds since 1970-01-01 00:00:00
    standard_name: time
    long_name: Time (seconds since 1970-01-01 00:00:00)
    axis: T
    valid_min: 1719446410.0
    valid_max: 1719532800.0
    calendar: standard
unlimited dimensions: 
current shape = (8640,)
filling on, default _FillValue of 9.969209968386869e+36 used
Flagged 0 points where air_temperature < 245.0K as bad data (qc_flag = 2).
Found 0 points already flagged as bad data (flag=2)
QC flags successfully added to /gws/pw/j07/ncas_obs_vol2/cao/processing/ncas-temperature-rh-1/data/long-term/level1d/2024/stfc-temperature-rh-1_cao_20240627_surface-met_v1.1.nc.
Updated time units to 'seconds since 1970-01-01 00:00:00' in /gws/pw/j07/ncas_obs_vol2/cao/processing/ncas-temperature-rh-1/data/long-term/level1d/2024/stfc-temperature-rh-1_cao_20240627_surface-met_v1.1.nc
/gws/pw/j07/ncas_obs_vol2/cao/raw_data/met_cao/data/long-term/2024/202406/CR1000XSeries_Chilbolton_Rxcabinmet1_20240628.dat
Parsed column names: ['TIMESTAMP', 'RECORD', 'BattV_Avg', 'PTemp_C_Avg', 'Air_T_Avg', 'RH_Avg', 'BP_mbar_Avg', 'WS_Avg', 'WD_Avg', 'SlrW_Avg', 'rg001dc_ch_Tot', 'rg006dc_ch_Tot', 'rg008dc_ch_Tot', 'rg009dc_ch_Tot', 'rg004tb_ch_Tot']
shape: (6_300, 3)
┌─────────────────────┬───────────┬────────┐
│ TIMESTAMP           ┆ Air_T_Avg ┆ RH_Avg │
│ ---                 ┆ ---       ┆ ---    │
│ datetime[μs]        ┆ f64       ┆ f64    │
╞═════════════════════╪═══════════╪════════╡
│ 2024-06-28 00:00:10 ┆ 285.31    ┆ 75.24  │
│ 2024-06-28 00:00:20 ┆ 285.31    ┆ 74.86  │
│ 2024-06-28 00:00:30 ┆ 285.31    ┆ 74.68  │
│ 2024-06-28 00:00:40 ┆ 285.31    ┆ 74.82  │
│ 2024-06-28 00:00:50 ┆ 285.29    ┆ 75.24  │
│ …                   ┆ …         ┆ …      │
│ 2024-06-28 17:29:20 ┆ 291.19    ┆ 55.84  │
│ 2024-06-28 17:29:30 ┆ 291.25    ┆ 56.14  │
│ 2024-06-28 17:29:40 ┆ 291.29    ┆ 56.14  │
│ 2024-06-28 17:29:50 ┆ 291.31    ┆ 56.26  │
│ 2024-06-28 17:30:00 ┆ 291.35    ┆ 56.42  │
└─────────────────────┴───────────┴────────┘
[INFO] Correcting the 'time' variable in the NetCDF file.
<class 'netCDF4.Variable'>
float64 time(time)
    units: seconds since 1970-01-01 00:00:00
    standard_name: time
    long_name: Time (seconds since 1970-01-01 00:00:00)
    axis: T
    valid_min: 1719532810.0
    valid_max: 1719595800.0
    calendar: standard
unlimited dimensions: 
current shape = (6300,)
filling on, default _FillValue of 9.969209968386869e+36 used
Flagged 0 points where air_temperature < 245.0K as bad data (qc_flag = 2).
Found 0 points already flagged as bad data (flag=2)
QC flags successfully added to /gws/pw/j07/ncas_obs_vol2/cao/processing/ncas-temperature-rh-1/data/long-term/level1d/2024/stfc-temperature-rh-1_cao_20240628_surface-met_v1.1.nc.
Updated time units to 'seconds since 1970-01-01 00:00:00' in /gws/pw/j07/ncas_obs_vol2/cao/processing/ncas-temperature-rh-1/data/long-term/level1d/2024/stfc-temperature-rh-1_cao_20240628_surface-met_v1.1.nc
/gws/pw/j07/ncas_obs_vol2/cao/raw_data/met_cao/data/long-term/2024/202406/CR1000XSeries_Chilbolton_Rxcabinmet1_20240629.dat
/gws/pw/j07/ncas_obs_vol2/cao/raw_data/met_cao/data/long-term/2024/202406/CR1000XSeries_Chilbolton_Rxcabinmet1_20240630.dat
/gws/pw/j07/ncas_obs_vol2/cao/raw_data/met_cao/data/long-term/2024/202407/CR1000XSeries_Chilbolton_Rxcabinmet1_20240701.dat
Parsed column names: ['TIMESTAMP', 'RECORD', 'BattV_Avg', 'PTemp_C_Avg', 'Air_T_Avg', 'RH_Avg', 'BP_mbar_Avg', 'WS_Avg', 'WD_Avg', 'SlrW_Avg', 'rg001dc_ch_Tot', 'rg006dc_ch_Tot', 'rg008dc_ch_Tot', 'rg009dc_ch_Tot', 'rg004tb_ch_Tot']
shape: (6_390, 3)
┌─────────────────────┬───────────┬────────┐
│ TIMESTAMP           ┆ Air_T_Avg ┆ RH_Avg │
│ ---                 ┆ ---       ┆ ---    │
│ datetime[μs]        ┆ f64       ┆ f64    │
╞═════════════════════╪═══════════╪════════╡
│ 2024-07-01 00:00:10 ┆ 286.21    ┆ 81.46  │
│ 2024-07-01 00:00:20 ┆ 286.21    ┆ 81.8   │
│ 2024-07-01 00:00:30 ┆ 286.21    ┆ 81.9   │
│ 2024-07-01 00:00:40 ┆ 286.21    ┆ 82.06  │
│ 2024-07-01 00:00:50 ┆ 286.21    ┆ 82.14  │
│ …                   ┆ …         ┆ …      │
│ 2024-07-01 17:44:20 ┆ 291.23    ┆ 61.32  │
│ 2024-07-01 17:44:30 ┆ 291.23    ┆ 61.08  │
│ 2024-07-01 17:44:40 ┆ 291.23    ┆ 61.04  │
│ 2024-07-01 17:44:50 ┆ 291.23    ┆ 61.24  │
│ 2024-07-01 17:45:00 ┆ 291.23    ┆ 61.04  │
└─────────────────────┴───────────┴────────┘
[INFO] Correcting the 'time' variable in the NetCDF file.
<class 'netCDF4.Variable'>
float64 time(time)
    units: seconds since 1970-01-01 00:00:00
    standard_name: time
    long_name: Time (seconds since 1970-01-01 00:00:00)
    axis: T
    valid_min: 1719792010.0
    valid_max: 1719855900.0
    calendar: standard
unlimited dimensions: 
current shape = (6390,)
filling on, default _FillValue of 9.969209968386869e+36 used
Flagged 0 points where air_temperature < 245.0K as bad data (qc_flag = 2).
Found 0 points already flagged as bad data (flag=2)
QC flags successfully added to /gws/pw/j07/ncas_obs_vol2/cao/processing/ncas-temperature-rh-1/data/long-term/level1d/2024/stfc-temperature-rh-1_cao_20240701_surface-met_v1.1.nc.
Updated time units to 'seconds since 1970-01-01 00:00:00' in /gws/pw/j07/ncas_obs_vol2/cao/processing/ncas-temperature-rh-1/data/long-term/level1d/2024/stfc-temperature-rh-1_cao_20240701_surface-met_v1.1.nc
/gws/pw/j07/ncas_obs_vol2/cao/raw_data/met_cao/data/long-term/2024/202407/CR1000XSeries_Chilbolton_Rxcabinmet1_20240702.dat
Parsed column names: ['TIMESTAMP', 'RECORD', 'BattV_Avg', 'PTemp_C_Avg', 'Air_T_Avg', 'RH_Avg', 'BP_mbar_Avg', 'WS_Avg', 'WD_Avg', 'SlrW_Avg', 'rg001dc_ch_Tot', 'rg006dc_ch_Tot', 'rg008dc_ch_Tot', 'rg009dc_ch_Tot', 'rg004tb_ch_Tot']
shape: (8_640, 3)
┌─────────────────────┬───────────┬────────┐
│ TIMESTAMP           ┆ Air_T_Avg ┆ RH_Avg │
│ ---                 ┆ ---       ┆ ---    │
│ datetime[μs]        ┆ f64       ┆ f64    │
╞═════════════════════╪═══════════╪════════╡
│ 2024-07-02 00:00:10 ┆ 287.49    ┆ 91.32  │
│ 2024-07-02 00:00:20 ┆ 287.49    ┆ 91.44  │
│ 2024-07-02 00:00:30 ┆ 287.49    ┆ 91.48  │
│ 2024-07-02 00:00:40 ┆ 287.49    ┆ 91.4   │
│ 2024-07-02 00:00:50 ┆ 287.49    ┆ 91.3   │
│ …                   ┆ …         ┆ …      │
│ 2024-07-02 23:59:20 ┆ 285.55    ┆ 91.66  │
│ 2024-07-02 23:59:30 ┆ 285.55    ┆ 91.74  │
│ 2024-07-02 23:59:40 ┆ 285.53    ┆ 91.7   │
│ 2024-07-02 23:59:50 ┆ 285.57    ┆ 91.6   │
│ 2024-07-03 00:00:00 ┆ 285.59    ┆ 91.52  │
└─────────────────────┴───────────┴────────┘
[INFO] Correcting the 'time' variable in the NetCDF file.
<class 'netCDF4.Variable'>
float64 time(time)
    units: seconds since 1970-01-01 00:00:00
    standard_name: time
    long_name: Time (seconds since 1970-01-01 00:00:00)
    axis: T
    valid_min: 1719878410.0
    valid_max: 1719964800.0
    calendar: standard
unlimited dimensions: 
current shape = (8640,)
filling on, default _FillValue of 9.969209968386869e+36 used
Flagged 0 points where air_temperature < 245.0K as bad data (qc_flag = 2).
Found 0 points already flagged as bad data (flag=2)
QC flags successfully added to /gws/pw/j07/ncas_obs_vol2/cao/processing/ncas-temperature-rh-1/data/long-term/level1d/2024/stfc-temperature-rh-1_cao_20240702_surface-met_v1.1.nc.
Updated time units to 'seconds since 1970-01-01 00:00:00' in /gws/pw/j07/ncas_obs_vol2/cao/processing/ncas-temperature-rh-1/data/long-term/level1d/2024/stfc-temperature-rh-1_cao_20240702_surface-met_v1.1.nc
/gws/pw/j07/ncas_obs_vol2/cao/raw_data/met_cao/data/long-term/2024/202407/CR1000XSeries_Chilbolton_Rxcabinmet1_20240703.dat
Parsed column names: ['TIMESTAMP', 'RECORD', 'BattV_Avg', 'PTemp_C_Avg', 'Air_T_Avg', 'RH_Avg', 'BP_mbar_Avg', 'WS_Avg', 'WD_Avg', 'SlrW_Avg', 'rg001dc_ch_Tot', 'rg006dc_ch_Tot', 'rg008dc_ch_Tot', 'rg009dc_ch_Tot', 'rg004tb_ch_Tot']
shape: (8_640, 3)
┌─────────────────────┬───────────┬────────┐
│ TIMESTAMP           ┆ Air_T_Avg ┆ RH_Avg │
│ ---                 ┆ ---       ┆ ---    │
│ datetime[μs]        ┆ f64       ┆ f64    │
╞═════════════════════╪═══════════╪════════╡
│ 2024-07-03 00:00:10 ┆ 285.59    ┆ 91.54  │
│ 2024-07-03 00:00:20 ┆ 285.61    ┆ 91.66  │
│ 2024-07-03 00:00:30 ┆ 285.59    ┆ 91.76  │
│ 2024-07-03 00:00:40 ┆ 285.57    ┆ 91.8   │
│ 2024-07-03 00:00:50 ┆ 285.55    ┆ 91.86  │
│ …                   ┆ …         ┆ …      │
│ 2024-07-03 23:59:20 ┆ 285.63    ┆ 93.98  │
│ 2024-07-03 23:59:30 ┆ 285.63    ┆ 93.82  │
│ 2024-07-03 23:59:40 ┆ 285.63    ┆ 93.68  │
│ 2024-07-03 23:59:50 ┆ 285.63    ┆ 93.32  │
│ 2024-07-04 00:00:00 ┆ 285.63    ┆ 93.02  │
└─────────────────────┴───────────┴────────┘
[INFO] Correcting the 'time' variable in the NetCDF file.
<class 'netCDF4.Variable'>
float64 time(time)
    units: seconds since 1970-01-01 00:00:00
    standard_name: time
    long_name: Time (seconds since 1970-01-01 00:00:00)
    axis: T
    valid_min: 1719964810.0
    valid_max: 1720051200.0
    calendar: standard
unlimited dimensions: 
current shape = (8640,)
filling on, default _FillValue of 9.969209968386869e+36 used
Flagged 0 points where air_temperature < 245.0K as bad data (qc_flag = 2).
Found 0 points already flagged as bad data (flag=2)
QC flags successfully added to /gws/pw/j07/ncas_obs_vol2/cao/processing/ncas-temperature-rh-1/data/long-term/level1d/2024/stfc-temperature-rh-1_cao_20240703_surface-met_v1.1.nc.
Updated time units to 'seconds since 1970-01-01 00:00:00' in /gws/pw/j07/ncas_obs_vol2/cao/processing/ncas-temperature-rh-1/data/long-term/level1d/2024/stfc-temperature-rh-1_cao_20240703_surface-met_v1.1.nc
/gws/pw/j07/ncas_obs_vol2/cao/raw_data/met_cao/data/long-term/2024/202407/CR1000XSeries_Chilbolton_Rxcabinmet1_20240704.dat
Parsed column names: ['TIMESTAMP', 'RECORD', 'BattV_Avg', 'PTemp_C_Avg', 'Air_T_Avg', 'RH_Avg', 'BP_mbar_Avg', 'WS_Avg', 'WD_Avg', 'SlrW_Avg', 'rg001dc_ch_Tot', 'rg006dc_ch_Tot', 'rg008dc_ch_Tot', 'rg009dc_ch_Tot', 'rg004tb_ch_Tot']
shape: (8_640, 3)
┌─────────────────────┬───────────┬────────┐
│ TIMESTAMP           ┆ Air_T_Avg ┆ RH_Avg │
│ ---                 ┆ ---       ┆ ---    │
│ datetime[μs]        ┆ f64       ┆ f64    │
╞═════════════════════╪═══════════╪════════╡
│ 2024-07-04 00:00:10 ┆ 285.63    ┆ 92.88  │
│ 2024-07-04 00:00:20 ┆ 285.67    ┆ 93.06  │
│ 2024-07-04 00:00:30 ┆ 285.67    ┆ 93.24  │
│ 2024-07-04 00:00:40 ┆ 285.65    ┆ 93.52  │
│ 2024-07-04 00:00:50 ┆ 285.63    ┆ 93.78  │
│ …                   ┆ …         ┆ …      │
│ 2024-07-04 23:59:20 ┆ 285.47    ┆ 79.46  │
│ 2024-07-04 23:59:30 ┆ 285.49    ┆ 79.42  │
│ 2024-07-04 23:59:40 ┆ 285.49    ┆ 79.36  │
│ 2024-07-04 23:59:50 ┆ 285.47    ┆ 79.34  │
│ 2024-07-05 00:00:00 ┆ 285.49    ┆ 79.38  │
└─────────────────────┴───────────┴────────┘
[INFO] Correcting the 'time' variable in the NetCDF file.
<class 'netCDF4.Variable'>
float64 time(time)
    units: seconds since 1970-01-01 00:00:00
    standard_name: time
    long_name: Time (seconds since 1970-01-01 00:00:00)
    axis: T
    valid_min: 1720051210.0
    valid_max: 1720137600.0
    calendar: standard
unlimited dimensions: 
current shape = (8640,)
filling on, default _FillValue of 9.969209968386869e+36 used
Flagged 0 points where air_temperature < 245.0K as bad data (qc_flag = 2).
Found 0 points already flagged as bad data (flag=2)
QC flags successfully added to /gws/pw/j07/ncas_obs_vol2/cao/processing/ncas-temperature-rh-1/data/long-term/level1d/2024/stfc-temperature-rh-1_cao_20240704_surface-met_v1.1.nc.
Updated time units to 'seconds since 1970-01-01 00:00:00' in /gws/pw/j07/ncas_obs_vol2/cao/processing/ncas-temperature-rh-1/data/long-term/level1d/2024/stfc-temperature-rh-1_cao_20240704_surface-met_v1.1.nc
/gws/pw/j07/ncas_obs_vol2/cao/raw_data/met_cao/data/long-term/2024/202407/CR1000XSeries_Chilbolton_Rxcabinmet1_20240705.dat
Parsed column names: ['TIMESTAMP', 'RECORD', 'BattV_Avg', 'PTemp_C_Avg', 'Air_T_Avg', 'RH_Avg', 'BP_mbar_Avg', 'WS_Avg', 'WD_Avg', 'SlrW_Avg', 'rg001dc_ch_Tot', 'rg006dc_ch_Tot', 'rg008dc_ch_Tot', 'rg009dc_ch_Tot', 'rg004tb_ch_Tot']
shape: (8_640, 3)
┌─────────────────────┬───────────┬────────┐
│ TIMESTAMP           ┆ Air_T_Avg ┆ RH_Avg │
│ ---                 ┆ ---       ┆ ---    │
│ datetime[μs]        ┆ f64       ┆ f64    │
╞═════════════════════╪═══════════╪════════╡
│ 2024-07-05 00:00:10 ┆ 285.49    ┆ 79.46  │
│ 2024-07-05 00:00:20 ┆ 285.49    ┆ 79.48  │
│ 2024-07-05 00:00:30 ┆ 285.47    ┆ 79.34  │
│ 2024-07-05 00:00:40 ┆ 285.47    ┆ 79.38  │
│ 2024-07-05 00:00:50 ┆ 285.47    ┆ 79.56  │
│ …                   ┆ …         ┆ …      │
│ 2024-07-05 23:59:20 ┆ 285.85    ┆ 100.0  │
│ 2024-07-05 23:59:30 ┆ 285.85    ┆ 100.0  │
│ 2024-07-05 23:59:40 ┆ 285.85    ┆ 99.98  │
│ 2024-07-05 23:59:50 ┆ 285.85    ┆ 99.98  │
│ 2024-07-06 00:00:00 ┆ 285.85    ┆ 99.98  │
└─────────────────────┴───────────┴────────┘
[INFO] Correcting the 'time' variable in the NetCDF file.
<class 'netCDF4.Variable'>
float64 time(time)
    units: seconds since 1970-01-01 00:00:00
    standard_name: time
    long_name: Time (seconds since 1970-01-01 00:00:00)
    axis: T
    valid_min: 1720137610.0
    valid_max: 1720224000.0
    calendar: standard
unlimited dimensions: 
current shape = (8640,)
filling on, default _FillValue of 9.969209968386869e+36 used
Flagged 0 points where air_temperature < 245.0K as bad data (qc_flag = 2).
Found 0 points already flagged as bad data (flag=2)
QC flags successfully added to /gws/pw/j07/ncas_obs_vol2/cao/processing/ncas-temperature-rh-1/data/long-term/level1d/2024/stfc-temperature-rh-1_cao_20240705_surface-met_v1.1.nc.
Updated time units to 'seconds since 1970-01-01 00:00:00' in /gws/pw/j07/ncas_obs_vol2/cao/processing/ncas-temperature-rh-1/data/long-term/level1d/2024/stfc-temperature-rh-1_cao_20240705_surface-met_v1.1.nc
/gws/pw/j07/ncas_obs_vol2/cao/raw_data/met_cao/data/long-term/2024/202407/CR1000XSeries_Chilbolton_Rxcabinmet1_20240706.dat
Parsed column names: ['TIMESTAMP', 'RECORD', 'BattV_Avg', 'PTemp_C_Avg', 'Air_T_Avg', 'RH_Avg', 'BP_mbar_Avg', 'WS_Avg', 'WD_Avg', 'SlrW_Avg', 'rg001dc_ch_Tot', 'rg006dc_ch_Tot', 'rg008dc_ch_Tot', 'rg009dc_ch_Tot', 'rg004tb_ch_Tot']
shape: (8_640, 3)
┌─────────────────────┬───────────┬────────┐
│ TIMESTAMP           ┆ Air_T_Avg ┆ RH_Avg │
│ ---                 ┆ ---       ┆ ---    │
│ datetime[μs]        ┆ f64       ┆ f64    │
╞═════════════════════╪═══════════╪════════╡
│ 2024-07-06 00:00:10 ┆ 285.85    ┆ 100.0  │
│ 2024-07-06 00:00:20 ┆ 285.85    ┆ 100.0  │
│ 2024-07-06 00:00:30 ┆ 285.85    ┆ 100.0  │
│ 2024-07-06 00:00:40 ┆ 285.87    ┆ 100.0  │
│ 2024-07-06 00:00:50 ┆ 285.87    ┆ 100.0  │
│ …                   ┆ …         ┆ …      │
│ 2024-07-06 23:59:20 ┆ 283.39    ┆ 92.0   │
│ 2024-07-06 23:59:30 ┆ 283.39    ┆ 92.12  │
│ 2024-07-06 23:59:40 ┆ 283.39    ┆ 92.02  │
│ 2024-07-06 23:59:50 ┆ 283.39    ┆ 91.9   │
│ 2024-07-07 00:00:00 ┆ 283.39    ┆ 91.68  │
└─────────────────────┴───────────┴────────┘
[INFO] Correcting the 'time' variable in the NetCDF file.
<class 'netCDF4.Variable'>
float64 time(time)
    units: seconds since 1970-01-01 00:00:00
    standard_name: time
    long_name: Time (seconds since 1970-01-01 00:00:00)
    axis: T
    valid_min: 1720224010.0
    valid_max: 1720310400.0
    calendar: standard
unlimited dimensions: 
current shape = (8640,)
filling on, default _FillValue of 9.969209968386869e+36 used
Flagged 0 points where air_temperature < 245.0K as bad data (qc_flag = 2).
Found 0 points already flagged as bad data (flag=2)
QC flags successfully added to /gws/pw/j07/ncas_obs_vol2/cao/processing/ncas-temperature-rh-1/data/long-term/level1d/2024/stfc-temperature-rh-1_cao_20240706_surface-met_v1.1.nc.
Updated time units to 'seconds since 1970-01-01 00:00:00' in /gws/pw/j07/ncas_obs_vol2/cao/processing/ncas-temperature-rh-1/data/long-term/level1d/2024/stfc-temperature-rh-1_cao_20240706_surface-met_v1.1.nc
/gws/pw/j07/ncas_obs_vol2/cao/raw_data/met_cao/data/long-term/2024/202407/CR1000XSeries_Chilbolton_Rxcabinmet1_20240707.dat
Parsed column names: ['TIMESTAMP', 'RECORD', 'BattV_Avg', 'PTemp_C_Avg', 'Air_T_Avg', 'RH_Avg', 'BP_mbar_Avg', 'WS_Avg', 'WD_Avg', 'SlrW_Avg', 'rg001dc_ch_Tot', 'rg006dc_ch_Tot', 'rg008dc_ch_Tot', 'rg009dc_ch_Tot', 'rg004tb_ch_Tot']
shape: (8_640, 3)
┌─────────────────────┬───────────┬────────┐
│ TIMESTAMP           ┆ Air_T_Avg ┆ RH_Avg │
│ ---                 ┆ ---       ┆ ---    │
│ datetime[μs]        ┆ f64       ┆ f64    │
╞═════════════════════╪═══════════╪════════╡
│ 2024-07-07 00:00:10 ┆ 283.41    ┆ 91.34  │
│ 2024-07-07 00:00:20 ┆ 283.41    ┆ 91.14  │
│ 2024-07-07 00:00:30 ┆ 283.41    ┆ 91.24  │
│ 2024-07-07 00:00:40 ┆ 283.41    ┆ 91.38  │
│ 2024-07-07 00:00:50 ┆ 283.39    ┆ 91.6   │
│ …                   ┆ …         ┆ …      │
│ 2024-07-07 23:59:20 ┆ 284.17    ┆ 95.82  │
│ 2024-07-07 23:59:30 ┆ 284.17    ┆ 96.1   │
│ 2024-07-07 23:59:40 ┆ 284.15    ┆ 96.36  │
│ 2024-07-07 23:59:50 ┆ 284.15    ┆ 96.72  │
│ 2024-07-08 00:00:00 ┆ 284.17    ┆ 97.18  │
└─────────────────────┴───────────┴────────┘
[INFO] Correcting the 'time' variable in the NetCDF file.
<class 'netCDF4.Variable'>
float64 time(time)
    units: seconds since 1970-01-01 00:00:00
    standard_name: time
    long_name: Time (seconds since 1970-01-01 00:00:00)
    axis: T
    valid_min: 1720310410.0
    valid_max: 1720396800.0
    calendar: standard
unlimited dimensions: 
current shape = (8640,)
filling on, default _FillValue of 9.969209968386869e+36 used
Flagged 0 points where air_temperature < 245.0K as bad data (qc_flag = 2).
Found 0 points already flagged as bad data (flag=2)
QC flags successfully added to /gws/pw/j07/ncas_obs_vol2/cao/processing/ncas-temperature-rh-1/data/long-term/level1d/2024/stfc-temperature-rh-1_cao_20240707_surface-met_v1.1.nc.
Updated time units to 'seconds since 1970-01-01 00:00:00' in /gws/pw/j07/ncas_obs_vol2/cao/processing/ncas-temperature-rh-1/data/long-term/level1d/2024/stfc-temperature-rh-1_cao_20240707_surface-met_v1.1.nc
/gws/pw/j07/ncas_obs_vol2/cao/raw_data/met_cao/data/long-term/2024/202407/CR1000XSeries_Chilbolton_Rxcabinmet1_20240708.dat
Parsed column names: ['TIMESTAMP', 'RECORD', 'BattV_Avg', 'PTemp_C_Avg', 'Air_T_Avg', 'RH_Avg', 'BP_mbar_Avg', 'WS_Avg', 'WD_Avg', 'SlrW_Avg', 'rg001dc_ch_Tot', 'rg006dc_ch_Tot', 'rg008dc_ch_Tot', 'rg009dc_ch_Tot', 'rg004tb_ch_Tot']
shape: (8_640, 3)
┌─────────────────────┬───────────┬────────┐
│ TIMESTAMP           ┆ Air_T_Avg ┆ RH_Avg │
│ ---                 ┆ ---       ┆ ---    │
│ datetime[μs]        ┆ f64       ┆ f64    │
╞═════════════════════╪═══════════╪════════╡
│ 2024-07-08 00:00:10 ┆ 284.17    ┆ 97.3   │
│ 2024-07-08 00:00:20 ┆ 284.19    ┆ 97.28  │
│ 2024-07-08 00:00:30 ┆ 284.19    ┆ 97.16  │
│ 2024-07-08 00:00:40 ┆ 284.19    ┆ 96.94  │
│ 2024-07-08 00:00:50 ┆ 284.19    ┆ 96.68  │
│ …                   ┆ …         ┆ …      │
│ 2024-07-08 23:59:20 ┆ 287.37    ┆ 96.14  │
│ 2024-07-08 23:59:30 ┆ 287.37    ┆ 96.14  │
│ 2024-07-08 23:59:40 ┆ 287.37    ┆ 96.22  │
│ 2024-07-08 23:59:50 ┆ 287.39    ┆ 96.22  │
│ 2024-07-09 00:00:00 ┆ 287.39    ┆ 96.22  │
└─────────────────────┴───────────┴────────┘
[INFO] Correcting the 'time' variable in the NetCDF file.
<class 'netCDF4.Variable'>
float64 time(time)
    units: seconds since 1970-01-01 00:00:00
    standard_name: time
    long_name: Time (seconds since 1970-01-01 00:00:00)
    axis: T
    valid_min: 1720396810.0
    valid_max: 1720483200.0
    calendar: standard
unlimited dimensions: 
current shape = (8640,)
filling on, default _FillValue of 9.969209968386869e+36 used
Flagged 0 points where air_temperature < 245.0K as bad data (qc_flag = 2).
Found 0 points already flagged as bad data (flag=2)
QC flags successfully added to /gws/pw/j07/ncas_obs_vol2/cao/processing/ncas-temperature-rh-1/data/long-term/level1d/2024/stfc-temperature-rh-1_cao_20240708_surface-met_v1.1.nc.
Updated time units to 'seconds since 1970-01-01 00:00:00' in /gws/pw/j07/ncas_obs_vol2/cao/processing/ncas-temperature-rh-1/data/long-term/level1d/2024/stfc-temperature-rh-1_cao_20240708_surface-met_v1.1.nc
/gws/pw/j07/ncas_obs_vol2/cao/raw_data/met_cao/data/long-term/2024/202407/CR1000XSeries_Chilbolton_Rxcabinmet1_20240709.dat
Parsed column names: ['TIMESTAMP', 'RECORD', 'BattV_Avg', 'PTemp_C_Avg', 'Air_T_Avg', 'RH_Avg', 'BP_mbar_Avg', 'WS_Avg', 'WD_Avg', 'SlrW_Avg', 'rg001dc_ch_Tot', 'rg006dc_ch_Tot', 'rg008dc_ch_Tot', 'rg009dc_ch_Tot', 'rg004tb_ch_Tot']
shape: (8_640, 3)
┌─────────────────────┬───────────┬────────┐
│ TIMESTAMP           ┆ Air_T_Avg ┆ RH_Avg │
│ ---                 ┆ ---       ┆ ---    │
│ datetime[μs]        ┆ f64       ┆ f64    │
╞═════════════════════╪═══════════╪════════╡
│ 2024-07-09 00:00:10 ┆ 287.37    ┆ 96.24  │
│ 2024-07-09 00:00:20 ┆ 287.39    ┆ 96.26  │
│ 2024-07-09 00:00:30 ┆ 287.39    ┆ 96.24  │
│ 2024-07-09 00:00:40 ┆ 287.39    ┆ 96.24  │
│ 2024-07-09 00:00:50 ┆ 287.39    ┆ 96.3   │
│ …                   ┆ …         ┆ …      │
│ 2024-07-09 23:59:20 ┆ 288.19    ┆ 95.66  │
│ 2024-07-09 23:59:30 ┆ 288.19    ┆ 95.72  │
│ 2024-07-09 23:59:40 ┆ 288.19    ┆ 95.82  │
│ 2024-07-09 23:59:50 ┆ 288.19    ┆ 95.84  │
│ 2024-07-10 00:00:00 ┆ 288.19    ┆ 95.78  │
└─────────────────────┴───────────┴────────┘
[INFO] Correcting the 'time' variable in the NetCDF file.
<class 'netCDF4.Variable'>
float64 time(time)
    units: seconds since 1970-01-01 00:00:00
    standard_name: time
    long_name: Time (seconds since 1970-01-01 00:00:00)
    axis: T
    valid_min: 1720483210.0
    valid_max: 1720569600.0
    calendar: standard
unlimited dimensions: 
current shape = (8640,)
filling on, default _FillValue of 9.969209968386869e+36 used
Flagged 0 points where air_temperature < 245.0K as bad data (qc_flag = 2).
Found 0 points already flagged as bad data (flag=2)
QC flags successfully added to /gws/pw/j07/ncas_obs_vol2/cao/processing/ncas-temperature-rh-1/data/long-term/level1d/2024/stfc-temperature-rh-1_cao_20240709_surface-met_v1.1.nc.
Updated time units to 'seconds since 1970-01-01 00:00:00' in /gws/pw/j07/ncas_obs_vol2/cao/processing/ncas-temperature-rh-1/data/long-term/level1d/2024/stfc-temperature-rh-1_cao_20240709_surface-met_v1.1.nc
/gws/pw/j07/ncas_obs_vol2/cao/raw_data/met_cao/data/long-term/2024/202407/CR1000XSeries_Chilbolton_Rxcabinmet1_20240710.dat
Parsed column names: ['TIMESTAMP', 'RECORD', 'BattV_Avg', 'PTemp_C_Avg', 'Air_T_Avg', 'RH_Avg', 'BP_mbar_Avg', 'WS_Avg', 'WD_Avg', 'SlrW_Avg', 'rg001dc_ch_Tot', 'rg006dc_ch_Tot', 'rg008dc_ch_Tot', 'rg009dc_ch_Tot', 'rg004tb_ch_Tot']
shape: (8_640, 3)
┌─────────────────────┬───────────┬────────┐
│ TIMESTAMP           ┆ Air_T_Avg ┆ RH_Avg │
│ ---                 ┆ ---       ┆ ---    │
│ datetime[μs]        ┆ f64       ┆ f64    │
╞═════════════════════╪═══════════╪════════╡
│ 2024-07-10 00:00:10 ┆ 288.19    ┆ 95.58  │
│ 2024-07-10 00:00:20 ┆ 288.21    ┆ 95.38  │
│ 2024-07-10 00:00:30 ┆ 288.21    ┆ 95.34  │
│ 2024-07-10 00:00:40 ┆ 288.21    ┆ 95.46  │
│ 2024-07-10 00:00:50 ┆ 288.21    ┆ 95.6   │
│ …                   ┆ …         ┆ …      │
│ 2024-07-10 23:59:20 ┆ 285.35    ┆ 91.08  │
│ 2024-07-10 23:59:30 ┆ 285.35    ┆ 91.14  │
│ 2024-07-10 23:59:40 ┆ 285.35    ┆ 91.18  │
│ 2024-07-10 23:59:50 ┆ 285.33    ┆ 91.26  │
│ 2024-07-11 00:00:00 ┆ 285.31    ┆ 91.32  │
└─────────────────────┴───────────┴────────┘
[INFO] Correcting the 'time' variable in the NetCDF file.
<class 'netCDF4.Variable'>
float64 time(time)
    units: seconds since 1970-01-01 00:00:00
    standard_name: time
    long_name: Time (seconds since 1970-01-01 00:00:00)
    axis: T
    valid_min: 1720569610.0
    valid_max: 1720656000.0
    calendar: standard
unlimited dimensions: 
current shape = (8640,)
filling on, default _FillValue of 9.969209968386869e+36 used
Flagged 0 points where air_temperature < 245.0K as bad data (qc_flag = 2).
Found 0 points already flagged as bad data (flag=2)
QC flags successfully added to /gws/pw/j07/ncas_obs_vol2/cao/processing/ncas-temperature-rh-1/data/long-term/level1d/2024/stfc-temperature-rh-1_cao_20240710_surface-met_v1.1.nc.
Updated time units to 'seconds since 1970-01-01 00:00:00' in /gws/pw/j07/ncas_obs_vol2/cao/processing/ncas-temperature-rh-1/data/long-term/level1d/2024/stfc-temperature-rh-1_cao_20240710_surface-met_v1.1.nc
/gws/pw/j07/ncas_obs_vol2/cao/raw_data/met_cao/data/long-term/2024/202407/CR1000XSeries_Chilbolton_Rxcabinmet1_20240711.dat
Parsed column names: ['TIMESTAMP', 'RECORD', 'BattV_Avg', 'PTemp_C_Avg', 'Air_T_Avg', 'RH_Avg', 'BP_mbar_Avg', 'WS_Avg', 'WD_Avg', 'SlrW_Avg', 'rg001dc_ch_Tot', 'rg006dc_ch_Tot', 'rg008dc_ch_Tot', 'rg009dc_ch_Tot', 'rg004tb_ch_Tot']
shape: (8_640, 3)
┌─────────────────────┬───────────┬────────┐
│ TIMESTAMP           ┆ Air_T_Avg ┆ RH_Avg │
│ ---                 ┆ ---       ┆ ---    │
│ datetime[μs]        ┆ f64       ┆ f64    │
╞═════════════════════╪═══════════╪════════╡
│ 2024-07-11 00:00:10 ┆ 285.31    ┆ 91.38  │
│ 2024-07-11 00:00:20 ┆ 285.31    ┆ 91.28  │
│ 2024-07-11 00:00:30 ┆ 285.31    ┆ 91.26  │
│ 2024-07-11 00:00:40 ┆ 285.31    ┆ 91.2   │
│ 2024-07-11 00:00:50 ┆ 285.29    ┆ 91.16  │
│ …                   ┆ …         ┆ …      │
│ 2024-07-11 23:59:20 ┆ 286.93    ┆ 92.22  │
│ 2024-07-11 23:59:30 ┆ 286.95    ┆ 91.94  │
│ 2024-07-11 23:59:40 ┆ 286.95    ┆ 91.68  │
│ 2024-07-11 23:59:50 ┆ 286.97    ┆ 91.36  │
│ 2024-07-12 00:00:00 ┆ 286.97    ┆ 91.42  │
└─────────────────────┴───────────┴────────┘
[INFO] Correcting the 'time' variable in the NetCDF file.
<class 'netCDF4.Variable'>
float64 time(time)
    units: seconds since 1970-01-01 00:00:00
    standard_name: time
    long_name: Time (seconds since 1970-01-01 00:00:00)
    axis: T
    valid_min: 1720656010.0
    valid_max: 1720742400.0
    calendar: standard
unlimited dimensions: 
current shape = (8640,)
filling on, default _FillValue of 9.969209968386869e+36 used
Flagged 0 points where air_temperature < 245.0K as bad data (qc_flag = 2).
Found 0 points already flagged as bad data (flag=2)
QC flags successfully added to /gws/pw/j07/ncas_obs_vol2/cao/processing/ncas-temperature-rh-1/data/long-term/level1d/2024/stfc-temperature-rh-1_cao_20240711_surface-met_v1.1.nc.
Updated time units to 'seconds since 1970-01-01 00:00:00' in /gws/pw/j07/ncas_obs_vol2/cao/processing/ncas-temperature-rh-1/data/long-term/level1d/2024/stfc-temperature-rh-1_cao_20240711_surface-met_v1.1.nc
/gws/pw/j07/ncas_obs_vol2/cao/raw_data/met_cao/data/long-term/2024/202407/CR1000XSeries_Chilbolton_Rxcabinmet1_20240712.dat
Parsed column names: ['TIMESTAMP', 'RECORD', 'BattV_Avg', 'PTemp_C_Avg', 'Air_T_Avg', 'RH_Avg', 'BP_mbar_Avg', 'WS_Avg', 'WD_Avg', 'SlrW_Avg', 'rg001dc_ch_Tot', 'rg006dc_ch_Tot', 'rg008dc_ch_Tot', 'rg009dc_ch_Tot', 'rg004tb_ch_Tot']
shape: (8_640, 3)
┌─────────────────────┬───────────┬────────┐
│ TIMESTAMP           ┆ Air_T_Avg ┆ RH_Avg │
│ ---                 ┆ ---       ┆ ---    │
│ datetime[μs]        ┆ f64       ┆ f64    │
╞═════════════════════╪═══════════╪════════╡
│ 2024-07-12 00:00:10 ┆ 286.97    ┆ 91.54  │
│ 2024-07-12 00:00:20 ┆ 286.97    ┆ 91.54  │
│ 2024-07-12 00:00:30 ┆ 286.97    ┆ 91.62  │
│ 2024-07-12 00:00:40 ┆ 286.97    ┆ 91.9   │
│ 2024-07-12 00:00:50 ┆ 286.97    ┆ 92.14  │
│ …                   ┆ …         ┆ …      │
│ 2024-07-12 23:59:20 ┆ 284.15    ┆ 89.84  │
│ 2024-07-12 23:59:30 ┆ 284.11    ┆ 89.7   │
│ 2024-07-12 23:59:40 ┆ 284.11    ┆ 89.5   │
│ 2024-07-12 23:59:50 ┆ 284.09    ┆ 89.2   │
│ 2024-07-13 00:00:00 ┆ 284.07    ┆ 88.7   │
└─────────────────────┴───────────┴────────┘
[INFO] Correcting the 'time' variable in the NetCDF file.
<class 'netCDF4.Variable'>
float64 time(time)
    units: seconds since 1970-01-01 00:00:00
    standard_name: time
    long_name: Time (seconds since 1970-01-01 00:00:00)
    axis: T
    valid_min: 1720742410.0
    valid_max: 1720828800.0
    calendar: standard
unlimited dimensions: 
current shape = (8640,)
filling on, default _FillValue of 9.969209968386869e+36 used
Flagged 0 points where air_temperature < 245.0K as bad data (qc_flag = 2).
Found 0 points already flagged as bad data (flag=2)
QC flags successfully added to /gws/pw/j07/ncas_obs_vol2/cao/processing/ncas-temperature-rh-1/data/long-term/level1d/2024/stfc-temperature-rh-1_cao_20240712_surface-met_v1.1.nc.
Updated time units to 'seconds since 1970-01-01 00:00:00' in /gws/pw/j07/ncas_obs_vol2/cao/processing/ncas-temperature-rh-1/data/long-term/level1d/2024/stfc-temperature-rh-1_cao_20240712_surface-met_v1.1.nc
/gws/pw/j07/ncas_obs_vol2/cao/raw_data/met_cao/data/long-term/2024/202407/CR1000XSeries_Chilbolton_Rxcabinmet1_20240713.dat
Parsed column names: ['TIMESTAMP', 'RECORD', 'BattV_Avg', 'PTemp_C_Avg', 'Air_T_Avg', 'RH_Avg', 'BP_mbar_Avg', 'WS_Avg', 'WD_Avg', 'SlrW_Avg', 'rg001dc_ch_Tot', 'rg006dc_ch_Tot', 'rg008dc_ch_Tot', 'rg009dc_ch_Tot', 'rg004tb_ch_Tot']
shape: (8_640, 3)
┌─────────────────────┬───────────┬────────┐
│ TIMESTAMP           ┆ Air_T_Avg ┆ RH_Avg │
│ ---                 ┆ ---       ┆ ---    │
│ datetime[μs]        ┆ f64       ┆ f64    │
╞═════════════════════╪═══════════╪════════╡
│ 2024-07-13 00:00:10 ┆ 284.07    ┆ 88.6   │
│ 2024-07-13 00:00:20 ┆ 284.07    ┆ 88.84  │
│ 2024-07-13 00:00:30 ┆ 284.09    ┆ 89.04  │
│ 2024-07-13 00:00:40 ┆ 284.09    ┆ 89.3   │
│ 2024-07-13 00:00:50 ┆ 284.11    ┆ 89.72  │
│ …                   ┆ …         ┆ …      │
│ 2024-07-13 23:59:20 ┆ 284.35    ┆ 98.66  │
│ 2024-07-13 23:59:30 ┆ 284.35    ┆ 98.56  │
│ 2024-07-13 23:59:40 ┆ 284.35    ┆ 98.46  │
│ 2024-07-13 23:59:50 ┆ 284.37    ┆ 98.44  │
│ 2024-07-14 00:00:00 ┆ 284.37    ┆ 98.48  │
└─────────────────────┴───────────┴────────┘
[INFO] Correcting the 'time' variable in the NetCDF file.
<class 'netCDF4.Variable'>
float64 time(time)
    units: seconds since 1970-01-01 00:00:00
    standard_name: time
    long_name: Time (seconds since 1970-01-01 00:00:00)
    axis: T
    valid_min: 1720828810.0
    valid_max: 1720915200.0
    calendar: standard
unlimited dimensions: 
current shape = (8640,)
filling on, default _FillValue of 9.969209968386869e+36 used
Flagged 0 points where air_temperature < 245.0K as bad data (qc_flag = 2).
Found 0 points already flagged as bad data (flag=2)
QC flags successfully added to /gws/pw/j07/ncas_obs_vol2/cao/processing/ncas-temperature-rh-1/data/long-term/level1d/2024/stfc-temperature-rh-1_cao_20240713_surface-met_v1.1.nc.
Updated time units to 'seconds since 1970-01-01 00:00:00' in /gws/pw/j07/ncas_obs_vol2/cao/processing/ncas-temperature-rh-1/data/long-term/level1d/2024/stfc-temperature-rh-1_cao_20240713_surface-met_v1.1.nc
/gws/pw/j07/ncas_obs_vol2/cao/raw_data/met_cao/data/long-term/2024/202407/CR1000XSeries_Chilbolton_Rxcabinmet1_20240714.dat
Parsed column names: ['TIMESTAMP', 'RECORD', 'BattV_Avg', 'PTemp_C_Avg', 'Air_T_Avg', 'RH_Avg', 'BP_mbar_Avg', 'WS_Avg', 'WD_Avg', 'SlrW_Avg', 'rg001dc_ch_Tot', 'rg006dc_ch_Tot', 'rg008dc_ch_Tot', 'rg009dc_ch_Tot', 'rg004tb_ch_Tot']
shape: (8_640, 3)
┌─────────────────────┬───────────┬────────┐
│ TIMESTAMP           ┆ Air_T_Avg ┆ RH_Avg │
│ ---                 ┆ ---       ┆ ---    │
│ datetime[μs]        ┆ f64       ┆ f64    │
╞═════════════════════╪═══════════╪════════╡
│ 2024-07-14 00:00:10 ┆ 284.39    ┆ 98.5   │
│ 2024-07-14 00:00:20 ┆ 284.39    ┆ 98.56  │
│ 2024-07-14 00:00:30 ┆ 284.43    ┆ 98.64  │
│ 2024-07-14 00:00:40 ┆ 284.41    ┆ 98.76  │
│ 2024-07-14 00:00:50 ┆ 284.43    ┆ 98.96  │
│ …                   ┆ …         ┆ …      │
│ 2024-07-14 23:59:20 ┆ 284.41    ┆ 97.3   │
│ 2024-07-14 23:59:30 ┆ 284.41    ┆ 97.16  │
│ 2024-07-14 23:59:40 ┆ 284.41    ┆ 97.08  │
│ 2024-07-14 23:59:50 ┆ 284.41    ┆ 97.04  │
│ 2024-07-15 00:00:00 ┆ 284.37    ┆ 97.08  │
└─────────────────────┴───────────┴────────┘
[INFO] Correcting the 'time' variable in the NetCDF file.
<class 'netCDF4.Variable'>
float64 time(time)
    units: seconds since 1970-01-01 00:00:00
    standard_name: time
    long_name: Time (seconds since 1970-01-01 00:00:00)
    axis: T
    valid_min: 1720915210.0
    valid_max: 1721001600.0
    calendar: standard
unlimited dimensions: 
current shape = (8640,)
filling on, default _FillValue of 9.969209968386869e+36 used
Flagged 0 points where air_temperature < 245.0K as bad data (qc_flag = 2).
Found 0 points already flagged as bad data (flag=2)
QC flags successfully added to /gws/pw/j07/ncas_obs_vol2/cao/processing/ncas-temperature-rh-1/data/long-term/level1d/2024/stfc-temperature-rh-1_cao_20240714_surface-met_v1.1.nc.
Updated time units to 'seconds since 1970-01-01 00:00:00' in /gws/pw/j07/ncas_obs_vol2/cao/processing/ncas-temperature-rh-1/data/long-term/level1d/2024/stfc-temperature-rh-1_cao_20240714_surface-met_v1.1.nc
/gws/pw/j07/ncas_obs_vol2/cao/raw_data/met_cao/data/long-term/2024/202407/CR1000XSeries_Chilbolton_Rxcabinmet1_20240715.dat
Parsed column names: ['TIMESTAMP', 'RECORD', 'BattV_Avg', 'PTemp_C_Avg', 'Air_T_Avg', 'RH_Avg', 'BP_mbar_Avg', 'WS_Avg', 'WD_Avg', 'SlrW_Avg', 'rg001dc_ch_Tot', 'rg006dc_ch_Tot', 'rg008dc_ch_Tot', 'rg009dc_ch_Tot', 'rg004tb_ch_Tot']
shape: (8_640, 3)
┌─────────────────────┬───────────┬────────┐
│ TIMESTAMP           ┆ Air_T_Avg ┆ RH_Avg │
│ ---                 ┆ ---       ┆ ---    │
│ datetime[μs]        ┆ f64       ┆ f64    │
╞═════════════════════╪═══════════╪════════╡
│ 2024-07-15 00:00:10 ┆ 284.35    ┆ 97.28  │
│ 2024-07-15 00:00:20 ┆ 284.31    ┆ 97.44  │
│ 2024-07-15 00:00:30 ┆ 284.31    ┆ 97.54  │
│ 2024-07-15 00:00:40 ┆ 284.31    ┆ 97.54  │
│ 2024-07-15 00:00:50 ┆ 284.31    ┆ 97.52  │
│ …                   ┆ …         ┆ …      │
│ 2024-07-15 23:59:20 ┆ 286.93    ┆ 98.28  │
│ 2024-07-15 23:59:30 ┆ 286.93    ┆ 98.58  │
│ 2024-07-15 23:59:40 ┆ 286.93    ┆ 98.7   │
│ 2024-07-15 23:59:50 ┆ 286.93    ┆ 98.56  │
│ 2024-07-16 00:00:00 ┆ 286.93    ┆ 98.36  │
└─────────────────────┴───────────┴────────┘
[INFO] Correcting the 'time' variable in the NetCDF file.
<class 'netCDF4.Variable'>
float64 time(time)
    units: seconds since 1970-01-01 00:00:00
    standard_name: time
    long_name: Time (seconds since 1970-01-01 00:00:00)
    axis: T
    valid_min: 1721001610.0
    valid_max: 1721088000.0
    calendar: standard
unlimited dimensions: 
current shape = (8640,)
filling on, default _FillValue of 9.969209968386869e+36 used
Flagged 0 points where air_temperature < 245.0K as bad data (qc_flag = 2).
Found 0 points already flagged as bad data (flag=2)
QC flags successfully added to /gws/pw/j07/ncas_obs_vol2/cao/processing/ncas-temperature-rh-1/data/long-term/level1d/2024/stfc-temperature-rh-1_cao_20240715_surface-met_v1.1.nc.
Updated time units to 'seconds since 1970-01-01 00:00:00' in /gws/pw/j07/ncas_obs_vol2/cao/processing/ncas-temperature-rh-1/data/long-term/level1d/2024/stfc-temperature-rh-1_cao_20240715_surface-met_v1.1.nc
/gws/pw/j07/ncas_obs_vol2/cao/raw_data/met_cao/data/long-term/2024/202407/CR1000XSeries_Chilbolton_Rxcabinmet1_20240716.dat
Parsed column names: ['TIMESTAMP', 'RECORD', 'BattV_Avg', 'PTemp_C_Avg', 'Air_T_Avg', 'RH_Avg', 'BP_mbar_Avg', 'WS_Avg', 'WD_Avg', 'SlrW_Avg', 'rg001dc_ch_Tot', 'rg006dc_ch_Tot', 'rg008dc_ch_Tot', 'rg009dc_ch_Tot', 'rg004tb_ch_Tot']
shape: (8_640, 3)
┌─────────────────────┬───────────┬────────┐
│ TIMESTAMP           ┆ Air_T_Avg ┆ RH_Avg │
│ ---                 ┆ ---       ┆ ---    │
│ datetime[μs]        ┆ f64       ┆ f64    │
╞═════════════════════╪═══════════╪════════╡
│ 2024-07-16 00:00:10 ┆ 286.91    ┆ 98.02  │
│ 2024-07-16 00:00:20 ┆ 286.91    ┆ 98.0   │
│ 2024-07-16 00:00:30 ┆ 286.91    ┆ 98.04  │
│ 2024-07-16 00:00:40 ┆ 286.93    ┆ 98.0   │
│ 2024-07-16 00:00:50 ┆ 286.93    ┆ 98.04  │
│ …                   ┆ …         ┆ …      │
│ 2024-07-16 23:59:20 ┆ 286.99    ┆ 97.68  │
│ 2024-07-16 23:59:30 ┆ 287.01    ┆ 97.64  │
│ 2024-07-16 23:59:40 ┆ 286.99    ┆ 97.6   │
│ 2024-07-16 23:59:50 ┆ 286.99    ┆ 97.58  │
│ 2024-07-17 00:00:00 ┆ 286.99    ┆ 97.56  │
└─────────────────────┴───────────┴────────┘
[INFO] Correcting the 'time' variable in the NetCDF file.
<class 'netCDF4.Variable'>
float64 time(time)
    units: seconds since 1970-01-01 00:00:00
    standard_name: time
    long_name: Time (seconds since 1970-01-01 00:00:00)
    axis: T
    valid_min: 1721088010.0
    valid_max: 1721174400.0
    calendar: standard
unlimited dimensions: 
current shape = (8640,)
filling on, default _FillValue of 9.969209968386869e+36 used
Flagged 0 points where air_temperature < 245.0K as bad data (qc_flag = 2).
Found 0 points already flagged as bad data (flag=2)
QC flags successfully added to /gws/pw/j07/ncas_obs_vol2/cao/processing/ncas-temperature-rh-1/data/long-term/level1d/2024/stfc-temperature-rh-1_cao_20240716_surface-met_v1.1.nc.
Updated time units to 'seconds since 1970-01-01 00:00:00' in /gws/pw/j07/ncas_obs_vol2/cao/processing/ncas-temperature-rh-1/data/long-term/level1d/2024/stfc-temperature-rh-1_cao_20240716_surface-met_v1.1.nc
/gws/pw/j07/ncas_obs_vol2/cao/raw_data/met_cao/data/long-term/2024/202407/CR1000XSeries_Chilbolton_Rxcabinmet1_20240717.dat
Parsed column names: ['TIMESTAMP', 'RECORD', 'BattV_Avg', 'PTemp_C_Avg', 'Air_T_Avg', 'RH_Avg', 'BP_mbar_Avg', 'WS_Avg', 'WD_Avg', 'SlrW_Avg', 'rg001dc_ch_Tot', 'rg006dc_ch_Tot', 'rg008dc_ch_Tot', 'rg009dc_ch_Tot', 'rg004tb_ch_Tot']
shape: (8_640, 3)
┌─────────────────────┬───────────┬────────┐
│ TIMESTAMP           ┆ Air_T_Avg ┆ RH_Avg │
│ ---                 ┆ ---       ┆ ---    │
│ datetime[μs]        ┆ f64       ┆ f64    │
╞═════════════════════╪═══════════╪════════╡
│ 2024-07-17 00:00:10 ┆ 286.99    ┆ 97.56  │
│ 2024-07-17 00:00:20 ┆ 286.99    ┆ 97.52  │
│ 2024-07-17 00:00:30 ┆ 286.99    ┆ 97.48  │
│ 2024-07-17 00:00:40 ┆ 286.99    ┆ 97.5   │
│ 2024-07-17 00:00:50 ┆ 286.99    ┆ 97.56  │
│ …                   ┆ …         ┆ …      │
│ 2024-07-17 23:59:20 ┆ 285.79    ┆ 90.38  │
│ 2024-07-17 23:59:30 ┆ 285.77    ┆ 90.44  │
│ 2024-07-17 23:59:40 ┆ 285.75    ┆ 90.36  │
│ 2024-07-17 23:59:50 ┆ 285.73    ┆ 90.3   │
│ 2024-07-18 00:00:00 ┆ 285.71    ┆ 90.28  │
└─────────────────────┴───────────┴────────┘
[INFO] Correcting the 'time' variable in the NetCDF file.
<class 'netCDF4.Variable'>
float64 time(time)
    units: seconds since 1970-01-01 00:00:00
    standard_name: time
    long_name: Time (seconds since 1970-01-01 00:00:00)
    axis: T
    valid_min: 1721174410.0
    valid_max: 1721260800.0
    calendar: standard
unlimited dimensions: 
current shape = (8640,)
filling on, default _FillValue of 9.969209968386869e+36 used
Flagged 0 points where air_temperature < 245.0K as bad data (qc_flag = 2).
Found 0 points already flagged as bad data (flag=2)
QC flags successfully added to /gws/pw/j07/ncas_obs_vol2/cao/processing/ncas-temperature-rh-1/data/long-term/level1d/2024/stfc-temperature-rh-1_cao_20240717_surface-met_v1.1.nc.
Updated time units to 'seconds since 1970-01-01 00:00:00' in /gws/pw/j07/ncas_obs_vol2/cao/processing/ncas-temperature-rh-1/data/long-term/level1d/2024/stfc-temperature-rh-1_cao_20240717_surface-met_v1.1.nc
/gws/pw/j07/ncas_obs_vol2/cao/raw_data/met_cao/data/long-term/2024/202407/CR1000XSeries_Chilbolton_Rxcabinmet1_20240718.dat
Parsed column names: ['TIMESTAMP', 'RECORD', 'BattV_Avg', 'PTemp_C_Avg', 'Air_T_Avg', 'RH_Avg', 'BP_mbar_Avg', 'WS_Avg', 'WD_Avg', 'SlrW_Avg', 'rg001dc_ch_Tot', 'rg006dc_ch_Tot', 'rg008dc_ch_Tot', 'rg009dc_ch_Tot', 'rg004tb_ch_Tot']
shape: (8_640, 3)
┌─────────────────────┬───────────┬────────┐
│ TIMESTAMP           ┆ Air_T_Avg ┆ RH_Avg │
│ ---                 ┆ ---       ┆ ---    │
│ datetime[μs]        ┆ f64       ┆ f64    │
╞═════════════════════╪═══════════╪════════╡
│ 2024-07-18 00:00:10 ┆ 285.71    ┆ 90.28  │
│ 2024-07-18 00:00:20 ┆ 285.69    ┆ 90.22  │
│ 2024-07-18 00:00:30 ┆ 285.67    ┆ 90.22  │
│ 2024-07-18 00:00:40 ┆ 285.67    ┆ 90.26  │
│ 2024-07-18 00:00:50 ┆ 285.67    ┆ 90.34  │
│ …                   ┆ …         ┆ …      │
│ 2024-07-18 23:59:20 ┆ 288.99    ┆ 87.04  │
│ 2024-07-18 23:59:30 ┆ 288.97    ┆ 87.1   │
│ 2024-07-18 23:59:40 ┆ 288.97    ┆ 87.1   │
│ 2024-07-18 23:59:50 ┆ 288.95    ┆ 87.06  │
│ 2024-07-19 00:00:00 ┆ 288.93    ┆ 87.18  │
└─────────────────────┴───────────┴────────┘
[INFO] Correcting the 'time' variable in the NetCDF file.
<class 'netCDF4.Variable'>
float64 time(time)
    units: seconds since 1970-01-01 00:00:00
    standard_name: time
    long_name: Time (seconds since 1970-01-01 00:00:00)
    axis: T
    valid_min: 1721260810.0
    valid_max: 1721347200.0
    calendar: standard
unlimited dimensions: 
current shape = (8640,)
filling on, default _FillValue of 9.969209968386869e+36 used
Flagged 0 points where air_temperature < 245.0K as bad data (qc_flag = 2).
Found 0 points already flagged as bad data (flag=2)
QC flags successfully added to /gws/pw/j07/ncas_obs_vol2/cao/processing/ncas-temperature-rh-1/data/long-term/level1d/2024/stfc-temperature-rh-1_cao_20240718_surface-met_v1.1.nc.
Updated time units to 'seconds since 1970-01-01 00:00:00' in /gws/pw/j07/ncas_obs_vol2/cao/processing/ncas-temperature-rh-1/data/long-term/level1d/2024/stfc-temperature-rh-1_cao_20240718_surface-met_v1.1.nc
/gws/pw/j07/ncas_obs_vol2/cao/raw_data/met_cao/data/long-term/2024/202407/CR1000XSeries_Chilbolton_Rxcabinmet1_20240719.dat
Parsed column names: ['TIMESTAMP', 'RECORD', 'BattV_Avg', 'PTemp_C_Avg', 'Air_T_Avg', 'RH_Avg', 'BP_mbar_Avg', 'WS_Avg', 'WD_Avg', 'SlrW_Avg', 'rg001dc_ch_Tot', 'rg006dc_ch_Tot', 'rg008dc_ch_Tot', 'rg009dc_ch_Tot', 'rg004tb_ch_Tot']
shape: (8_640, 3)
┌─────────────────────┬───────────┬────────┐
│ TIMESTAMP           ┆ Air_T_Avg ┆ RH_Avg │
│ ---                 ┆ ---       ┆ ---    │
│ datetime[μs]        ┆ f64       ┆ f64    │
╞═════════════════════╪═══════════╪════════╡
│ 2024-07-19 00:00:10 ┆ 288.93    ┆ 87.3   │
│ 2024-07-19 00:00:20 ┆ 288.93    ┆ 87.4   │
│ 2024-07-19 00:00:30 ┆ 288.93    ┆ 87.44  │
│ 2024-07-19 00:00:40 ┆ 288.97    ┆ 87.48  │
│ 2024-07-19 00:00:50 ┆ 288.99    ┆ 87.36  │
│ …                   ┆ …         ┆ …      │
│ 2024-07-19 23:59:20 ┆ 289.23    ┆ 94.12  │
│ 2024-07-19 23:59:30 ┆ 289.25    ┆ 94.12  │
│ 2024-07-19 23:59:40 ┆ 289.25    ┆ 94.22  │
│ 2024-07-19 23:59:50 ┆ 289.25    ┆ 94.22  │
│ 2024-07-20 00:00:00 ┆ 289.23    ┆ 94.28  │
└─────────────────────┴───────────┴────────┘
[INFO] Correcting the 'time' variable in the NetCDF file.
<class 'netCDF4.Variable'>
float64 time(time)
    units: seconds since 1970-01-01 00:00:00
    standard_name: time
    long_name: Time (seconds since 1970-01-01 00:00:00)
    axis: T
    valid_min: 1721347210.0
    valid_max: 1721433600.0
    calendar: standard
unlimited dimensions: 
current shape = (8640,)
filling on, default _FillValue of 9.969209968386869e+36 used
Flagged 0 points where air_temperature < 245.0K as bad data (qc_flag = 2).
Found 0 points already flagged as bad data (flag=2)
QC flags successfully added to /gws/pw/j07/ncas_obs_vol2/cao/processing/ncas-temperature-rh-1/data/long-term/level1d/2024/stfc-temperature-rh-1_cao_20240719_surface-met_v1.1.nc.
Updated time units to 'seconds since 1970-01-01 00:00:00' in /gws/pw/j07/ncas_obs_vol2/cao/processing/ncas-temperature-rh-1/data/long-term/level1d/2024/stfc-temperature-rh-1_cao_20240719_surface-met_v1.1.nc
/gws/pw/j07/ncas_obs_vol2/cao/raw_data/met_cao/data/long-term/2024/202407/CR1000XSeries_Chilbolton_Rxcabinmet1_20240720.dat
Parsed column names: ['TIMESTAMP', 'RECORD', 'BattV_Avg', 'PTemp_C_Avg', 'Air_T_Avg', 'RH_Avg', 'BP_mbar_Avg', 'WS_Avg', 'WD_Avg', 'SlrW_Avg', 'rg001dc_ch_Tot', 'rg006dc_ch_Tot', 'rg008dc_ch_Tot', 'rg009dc_ch_Tot', 'rg004tb_ch_Tot']
shape: (8_640, 3)
┌─────────────────────┬───────────┬────────┐
│ TIMESTAMP           ┆ Air_T_Avg ┆ RH_Avg │
│ ---                 ┆ ---       ┆ ---    │
│ datetime[μs]        ┆ f64       ┆ f64    │
╞═════════════════════╪═══════════╪════════╡
│ 2024-07-20 00:00:10 ┆ 289.23    ┆ 94.3   │
│ 2024-07-20 00:00:20 ┆ 289.23    ┆ 94.36  │
│ 2024-07-20 00:00:30 ┆ 289.23    ┆ 94.42  │
│ 2024-07-20 00:00:40 ┆ 289.23    ┆ 94.4   │
│ 2024-07-20 00:00:50 ┆ 289.23    ┆ 94.38  │
│ …                   ┆ …         ┆ …      │
│ 2024-07-20 23:59:20 ┆ 289.53    ┆ 97.54  │
│ 2024-07-20 23:59:30 ┆ 289.53    ┆ 97.24  │
│ 2024-07-20 23:59:40 ┆ 289.53    ┆ 96.64  │
│ 2024-07-20 23:59:50 ┆ 289.53    ┆ 96.62  │
│ 2024-07-21 00:00:00 ┆ 289.53    ┆ 96.78  │
└─────────────────────┴───────────┴────────┘
[INFO] Correcting the 'time' variable in the NetCDF file.
<class 'netCDF4.Variable'>
float64 time(time)
    units: seconds since 1970-01-01 00:00:00
    standard_name: time
    long_name: Time (seconds since 1970-01-01 00:00:00)
    axis: T
    valid_min: 1721433610.0
    valid_max: 1721520000.0
    calendar: standard
unlimited dimensions: 
current shape = (8640,)
filling on, default _FillValue of 9.969209968386869e+36 used
Flagged 0 points where air_temperature < 245.0K as bad data (qc_flag = 2).
Found 0 points already flagged as bad data (flag=2)
QC flags successfully added to /gws/pw/j07/ncas_obs_vol2/cao/processing/ncas-temperature-rh-1/data/long-term/level1d/2024/stfc-temperature-rh-1_cao_20240720_surface-met_v1.1.nc.
Updated time units to 'seconds since 1970-01-01 00:00:00' in /gws/pw/j07/ncas_obs_vol2/cao/processing/ncas-temperature-rh-1/data/long-term/level1d/2024/stfc-temperature-rh-1_cao_20240720_surface-met_v1.1.nc
/gws/pw/j07/ncas_obs_vol2/cao/raw_data/met_cao/data/long-term/2024/202407/CR1000XSeries_Chilbolton_Rxcabinmet1_20240721.dat
Parsed column names: ['TIMESTAMP', 'RECORD', 'BattV_Avg', 'PTemp_C_Avg', 'Air_T_Avg', 'RH_Avg', 'BP_mbar_Avg', 'WS_Avg', 'WD_Avg', 'SlrW_Avg', 'rg001dc_ch_Tot', 'rg006dc_ch_Tot', 'rg008dc_ch_Tot', 'rg009dc_ch_Tot', 'rg004tb_ch_Tot']
shape: (8_640, 3)
┌─────────────────────┬───────────┬────────┐
│ TIMESTAMP           ┆ Air_T_Avg ┆ RH_Avg │
│ ---                 ┆ ---       ┆ ---    │
│ datetime[μs]        ┆ f64       ┆ f64    │
╞═════════════════════╪═══════════╪════════╡
│ 2024-07-21 00:00:10 ┆ 289.53    ┆ 97.06  │
│ 2024-07-21 00:00:20 ┆ 289.53    ┆ 97.32  │
│ 2024-07-21 00:00:30 ┆ 289.55    ┆ 97.96  │
│ 2024-07-21 00:00:40 ┆ 289.55    ┆ 98.36  │
│ 2024-07-21 00:00:50 ┆ 289.55    ┆ 98.26  │
│ …                   ┆ …         ┆ …      │
│ 2024-07-21 23:59:20 ┆ 285.45    ┆ 90.2   │
│ 2024-07-21 23:59:30 ┆ 285.43    ┆ 90.42  │
│ 2024-07-21 23:59:40 ┆ 285.39    ┆ 90.58  │
│ 2024-07-21 23:59:50 ┆ 285.39    ┆ 90.48  │
│ 2024-07-22 00:00:00 ┆ 285.39    ┆ 90.44  │
└─────────────────────┴───────────┴────────┘
[INFO] Correcting the 'time' variable in the NetCDF file.
<class 'netCDF4.Variable'>
float64 time(time)
    units: seconds since 1970-01-01 00:00:00
    standard_name: time
    long_name: Time (seconds since 1970-01-01 00:00:00)
    axis: T
    valid_min: 1721520010.0
    valid_max: 1721606400.0
    calendar: standard
unlimited dimensions: 
current shape = (8640,)
filling on, default _FillValue of 9.969209968386869e+36 used
Flagged 0 points where air_temperature < 245.0K as bad data (qc_flag = 2).
Found 0 points already flagged as bad data (flag=2)
QC flags successfully added to /gws/pw/j07/ncas_obs_vol2/cao/processing/ncas-temperature-rh-1/data/long-term/level1d/2024/stfc-temperature-rh-1_cao_20240721_surface-met_v1.1.nc.
Updated time units to 'seconds since 1970-01-01 00:00:00' in /gws/pw/j07/ncas_obs_vol2/cao/processing/ncas-temperature-rh-1/data/long-term/level1d/2024/stfc-temperature-rh-1_cao_20240721_surface-met_v1.1.nc
/gws/pw/j07/ncas_obs_vol2/cao/raw_data/met_cao/data/long-term/2024/202407/CR1000XSeries_Chilbolton_Rxcabinmet1_20240722.dat
Parsed column names: ['TIMESTAMP', 'RECORD', 'BattV_Avg', 'PTemp_C_Avg', 'Air_T_Avg', 'RH_Avg', 'BP_mbar_Avg', 'WS_Avg', 'WD_Avg', 'SlrW_Avg', 'rg001dc_ch_Tot', 'rg006dc_ch_Tot', 'rg008dc_ch_Tot', 'rg009dc_ch_Tot', 'rg004tb_ch_Tot']
shape: (8_640, 3)
┌─────────────────────┬───────────┬────────┐
│ TIMESTAMP           ┆ Air_T_Avg ┆ RH_Avg │
│ ---                 ┆ ---       ┆ ---    │
│ datetime[μs]        ┆ f64       ┆ f64    │
╞═════════════════════╪═══════════╪════════╡
│ 2024-07-22 00:00:10 ┆ 285.39    ┆ 90.26  │
│ 2024-07-22 00:00:20 ┆ 285.41    ┆ 90.02  │
│ 2024-07-22 00:00:30 ┆ 285.43    ┆ 89.78  │
│ 2024-07-22 00:00:40 ┆ 285.45    ┆ 89.88  │
│ 2024-07-22 00:00:50 ┆ 285.45    ┆ 90.04  │
│ …                   ┆ …         ┆ …      │
│ 2024-07-22 23:59:20 ┆ 290.55    ┆ 93.32  │
│ 2024-07-22 23:59:30 ┆ 290.55    ┆ 93.22  │
│ 2024-07-22 23:59:40 ┆ 290.55    ┆ 93.14  │
│ 2024-07-22 23:59:50 ┆ 290.55    ┆ 93.04  │
│ 2024-07-23 00:00:00 ┆ 290.55    ┆ 92.94  │
└─────────────────────┴───────────┴────────┘
[INFO] Correcting the 'time' variable in the NetCDF file.
<class 'netCDF4.Variable'>
float64 time(time)
    units: seconds since 1970-01-01 00:00:00
    standard_name: time
    long_name: Time (seconds since 1970-01-01 00:00:00)
    axis: T
    valid_min: 1721606410.0
    valid_max: 1721692800.0
    calendar: standard
unlimited dimensions: 
current shape = (8640,)
filling on, default _FillValue of 9.969209968386869e+36 used
Flagged 0 points where air_temperature < 245.0K as bad data (qc_flag = 2).
Found 0 points already flagged as bad data (flag=2)
QC flags successfully added to /gws/pw/j07/ncas_obs_vol2/cao/processing/ncas-temperature-rh-1/data/long-term/level1d/2024/stfc-temperature-rh-1_cao_20240722_surface-met_v1.1.nc.
Updated time units to 'seconds since 1970-01-01 00:00:00' in /gws/pw/j07/ncas_obs_vol2/cao/processing/ncas-temperature-rh-1/data/long-term/level1d/2024/stfc-temperature-rh-1_cao_20240722_surface-met_v1.1.nc
/gws/pw/j07/ncas_obs_vol2/cao/raw_data/met_cao/data/long-term/2024/202407/CR1000XSeries_Chilbolton_Rxcabinmet1_20240723.dat
Parsed column names: ['TIMESTAMP', 'RECORD', 'BattV_Avg', 'PTemp_C_Avg', 'Air_T_Avg', 'RH_Avg', 'BP_mbar_Avg', 'WS_Avg', 'WD_Avg', 'SlrW_Avg', 'rg001dc_ch_Tot', 'rg006dc_ch_Tot', 'rg008dc_ch_Tot', 'rg009dc_ch_Tot', 'rg004tb_ch_Tot']
shape: (8_640, 3)
┌─────────────────────┬───────────┬────────┐
│ TIMESTAMP           ┆ Air_T_Avg ┆ RH_Avg │
│ ---                 ┆ ---       ┆ ---    │
│ datetime[μs]        ┆ f64       ┆ f64    │
╞═════════════════════╪═══════════╪════════╡
│ 2024-07-23 00:00:10 ┆ 290.57    ┆ 92.94  │
│ 2024-07-23 00:00:20 ┆ 290.55    ┆ 92.98  │
│ 2024-07-23 00:00:30 ┆ 290.57    ┆ 92.96  │
│ 2024-07-23 00:00:40 ┆ 290.55    ┆ 92.94  │
│ 2024-07-23 00:00:50 ┆ 290.55    ┆ 92.96  │
│ …                   ┆ …         ┆ …      │
│ 2024-07-23 23:59:20 ┆ 287.27    ┆ 95.82  │
│ 2024-07-23 23:59:30 ┆ 287.27    ┆ 95.58  │
│ 2024-07-23 23:59:40 ┆ 287.27    ┆ 95.24  │
│ 2024-07-23 23:59:50 ┆ 287.25    ┆ 94.82  │
│ 2024-07-24 00:00:00 ┆ 287.25    ┆ 94.74  │
└─────────────────────┴───────────┴────────┘
[INFO] Correcting the 'time' variable in the NetCDF file.
<class 'netCDF4.Variable'>
float64 time(time)
    units: seconds since 1970-01-01 00:00:00
    standard_name: time
    long_name: Time (seconds since 1970-01-01 00:00:00)
    axis: T
    valid_min: 1721692810.0
    valid_max: 1721779200.0
    calendar: standard
unlimited dimensions: 
current shape = (8640,)
filling on, default _FillValue of 9.969209968386869e+36 used
Flagged 0 points where air_temperature < 245.0K as bad data (qc_flag = 2).
Found 0 points already flagged as bad data (flag=2)
QC flags successfully added to /gws/pw/j07/ncas_obs_vol2/cao/processing/ncas-temperature-rh-1/data/long-term/level1d/2024/stfc-temperature-rh-1_cao_20240723_surface-met_v1.1.nc.
Updated time units to 'seconds since 1970-01-01 00:00:00' in /gws/pw/j07/ncas_obs_vol2/cao/processing/ncas-temperature-rh-1/data/long-term/level1d/2024/stfc-temperature-rh-1_cao_20240723_surface-met_v1.1.nc
/gws/pw/j07/ncas_obs_vol2/cao/raw_data/met_cao/data/long-term/2024/202407/CR1000XSeries_Chilbolton_Rxcabinmet1_20240724.dat
Parsed column names: ['TIMESTAMP', 'RECORD', 'BattV_Avg', 'PTemp_C_Avg', 'Air_T_Avg', 'RH_Avg', 'BP_mbar_Avg', 'WS_Avg', 'WD_Avg', 'SlrW_Avg', 'rg001dc_ch_Tot', 'rg006dc_ch_Tot', 'rg008dc_ch_Tot', 'rg009dc_ch_Tot', 'rg004tb_ch_Tot']
shape: (8_640, 3)
┌─────────────────────┬───────────┬────────┐
│ TIMESTAMP           ┆ Air_T_Avg ┆ RH_Avg │
│ ---                 ┆ ---       ┆ ---    │
│ datetime[μs]        ┆ f64       ┆ f64    │
╞═════════════════════╪═══════════╪════════╡
│ 2024-07-24 00:00:10 ┆ 287.23    ┆ 94.8   │
│ 2024-07-24 00:00:20 ┆ 287.25    ┆ 94.98  │
│ 2024-07-24 00:00:30 ┆ 287.23    ┆ 95.14  │
│ 2024-07-24 00:00:40 ┆ 287.21    ┆ 95.38  │
│ 2024-07-24 00:00:50 ┆ 287.23    ┆ 95.46  │
│ …                   ┆ …         ┆ …      │
│ 2024-07-24 23:59:20 ┆ 287.93    ┆ 97.92  │
│ 2024-07-24 23:59:30 ┆ 287.93    ┆ 97.9   │
│ 2024-07-24 23:59:40 ┆ 287.93    ┆ 97.92  │
│ 2024-07-24 23:59:50 ┆ 287.93    ┆ 97.88  │
│ 2024-07-25 00:00:00 ┆ 287.93    ┆ 97.9   │
└─────────────────────┴───────────┴────────┘
[INFO] Correcting the 'time' variable in the NetCDF file.
<class 'netCDF4.Variable'>
float64 time(time)
    units: seconds since 1970-01-01 00:00:00
    standard_name: time
    long_name: Time (seconds since 1970-01-01 00:00:00)
    axis: T
    valid_min: 1721779210.0
    valid_max: 1721865600.0
    calendar: standard
unlimited dimensions: 
current shape = (8640,)
filling on, default _FillValue of 9.969209968386869e+36 used
Flagged 0 points where air_temperature < 245.0K as bad data (qc_flag = 2).
Found 0 points already flagged as bad data (flag=2)
QC flags successfully added to /gws/pw/j07/ncas_obs_vol2/cao/processing/ncas-temperature-rh-1/data/long-term/level1d/2024/stfc-temperature-rh-1_cao_20240724_surface-met_v1.1.nc.
Updated time units to 'seconds since 1970-01-01 00:00:00' in /gws/pw/j07/ncas_obs_vol2/cao/processing/ncas-temperature-rh-1/data/long-term/level1d/2024/stfc-temperature-rh-1_cao_20240724_surface-met_v1.1.nc
/gws/pw/j07/ncas_obs_vol2/cao/raw_data/met_cao/data/long-term/2024/202407/CR1000XSeries_Chilbolton_Rxcabinmet1_20240725.dat
Parsed column names: ['TIMESTAMP', 'RECORD', 'BattV_Avg', 'PTemp_C_Avg', 'Air_T_Avg', 'RH_Avg', 'BP_mbar_Avg', 'WS_Avg', 'WD_Avg', 'SlrW_Avg', 'rg001dc_ch_Tot', 'rg006dc_ch_Tot', 'rg008dc_ch_Tot', 'rg009dc_ch_Tot', 'rg004tb_ch_Tot']
shape: (8_640, 3)
┌─────────────────────┬───────────┬────────┐
│ TIMESTAMP           ┆ Air_T_Avg ┆ RH_Avg │
│ ---                 ┆ ---       ┆ ---    │
│ datetime[μs]        ┆ f64       ┆ f64    │
╞═════════════════════╪═══════════╪════════╡
│ 2024-07-25 00:00:10 ┆ 287.93    ┆ 97.98  │
│ 2024-07-25 00:00:20 ┆ 287.93    ┆ 97.98  │
│ 2024-07-25 00:00:30 ┆ 287.93    ┆ 97.9   │
│ 2024-07-25 00:00:40 ┆ 287.93    ┆ 97.8   │
│ 2024-07-25 00:00:50 ┆ 287.93    ┆ 97.68  │
│ …                   ┆ …         ┆ …      │
│ 2024-07-25 23:59:20 ┆ 286.15    ┆ 97.1   │
│ 2024-07-25 23:59:30 ┆ 286.17    ┆ 97.14  │
│ 2024-07-25 23:59:40 ┆ 286.17    ┆ 97.14  │
│ 2024-07-25 23:59:50 ┆ 286.15    ┆ 97.14  │
│ 2024-07-26 00:00:00 ┆ 286.15    ┆ 97.02  │
└─────────────────────┴───────────┴────────┘
[INFO] Correcting the 'time' variable in the NetCDF file.
<class 'netCDF4.Variable'>
float64 time(time)
    units: seconds since 1970-01-01 00:00:00
    standard_name: time
    long_name: Time (seconds since 1970-01-01 00:00:00)
    axis: T
    valid_min: 1721865610.0
    valid_max: 1721952000.0
    calendar: standard
unlimited dimensions: 
current shape = (8640,)
filling on, default _FillValue of 9.969209968386869e+36 used
Flagged 0 points where air_temperature < 245.0K as bad data (qc_flag = 2).
Found 0 points already flagged as bad data (flag=2)
QC flags successfully added to /gws/pw/j07/ncas_obs_vol2/cao/processing/ncas-temperature-rh-1/data/long-term/level1d/2024/stfc-temperature-rh-1_cao_20240725_surface-met_v1.1.nc.
Updated time units to 'seconds since 1970-01-01 00:00:00' in /gws/pw/j07/ncas_obs_vol2/cao/processing/ncas-temperature-rh-1/data/long-term/level1d/2024/stfc-temperature-rh-1_cao_20240725_surface-met_v1.1.nc
/gws/pw/j07/ncas_obs_vol2/cao/raw_data/met_cao/data/long-term/2024/202407/CR1000XSeries_Chilbolton_Rxcabinmet1_20240726.dat
Parsed column names: ['TIMESTAMP', 'RECORD', 'BattV_Avg', 'PTemp_C_Avg', 'Air_T_Avg', 'RH_Avg', 'BP_mbar_Avg', 'WS_Avg', 'WD_Avg', 'SlrW_Avg', 'rg001dc_ch_Tot', 'rg006dc_ch_Tot', 'rg008dc_ch_Tot', 'rg009dc_ch_Tot', 'rg004tb_ch_Tot']
shape: (8_640, 3)
┌─────────────────────┬───────────┬────────┐
│ TIMESTAMP           ┆ Air_T_Avg ┆ RH_Avg │
│ ---                 ┆ ---       ┆ ---    │
│ datetime[μs]        ┆ f64       ┆ f64    │
╞═════════════════════╪═══════════╪════════╡
│ 2024-07-26 00:00:10 ┆ 286.17    ┆ 96.9   │
│ 2024-07-26 00:00:20 ┆ 286.15    ┆ 96.9   │
│ 2024-07-26 00:00:30 ┆ 286.13    ┆ 96.9   │
│ 2024-07-26 00:00:40 ┆ 286.13    ┆ 96.84  │
│ 2024-07-26 00:00:50 ┆ 286.13    ┆ 96.76  │
│ …                   ┆ …         ┆ …      │
│ 2024-07-26 23:59:20 ┆ 284.75    ┆ 94.68  │
│ 2024-07-26 23:59:30 ┆ 284.75    ┆ 94.9   │
│ 2024-07-26 23:59:40 ┆ 284.77    ┆ 94.92  │
│ 2024-07-26 23:59:50 ┆ 284.77    ┆ 94.62  │
│ 2024-07-27 00:00:00 ┆ 284.79    ┆ 94.36  │
└─────────────────────┴───────────┴────────┘
[INFO] Correcting the 'time' variable in the NetCDF file.
<class 'netCDF4.Variable'>
float64 time(time)
    units: seconds since 1970-01-01 00:00:00
    standard_name: time
    long_name: Time (seconds since 1970-01-01 00:00:00)
    axis: T
    valid_min: 1721952010.0
    valid_max: 1722038400.0
    calendar: standard
unlimited dimensions: 
current shape = (8640,)
filling on, default _FillValue of 9.969209968386869e+36 used
Flagged 0 points where air_temperature < 245.0K as bad data (qc_flag = 2).
Found 0 points already flagged as bad data (flag=2)
QC flags successfully added to /gws/pw/j07/ncas_obs_vol2/cao/processing/ncas-temperature-rh-1/data/long-term/level1d/2024/stfc-temperature-rh-1_cao_20240726_surface-met_v1.1.nc.
Updated time units to 'seconds since 1970-01-01 00:00:00' in /gws/pw/j07/ncas_obs_vol2/cao/processing/ncas-temperature-rh-1/data/long-term/level1d/2024/stfc-temperature-rh-1_cao_20240726_surface-met_v1.1.nc
/gws/pw/j07/ncas_obs_vol2/cao/raw_data/met_cao/data/long-term/2024/202407/CR1000XSeries_Chilbolton_Rxcabinmet1_20240727.dat
Parsed column names: ['TIMESTAMP', 'RECORD', 'BattV_Avg', 'PTemp_C_Avg', 'Air_T_Avg', 'RH_Avg', 'BP_mbar_Avg', 'WS_Avg', 'WD_Avg', 'SlrW_Avg', 'rg001dc_ch_Tot', 'rg006dc_ch_Tot', 'rg008dc_ch_Tot', 'rg009dc_ch_Tot', 'rg004tb_ch_Tot']
shape: (8_640, 3)
┌─────────────────────┬───────────┬────────┐
│ TIMESTAMP           ┆ Air_T_Avg ┆ RH_Avg │
│ ---                 ┆ ---       ┆ ---    │
│ datetime[μs]        ┆ f64       ┆ f64    │
╞═════════════════════╪═══════════╪════════╡
│ 2024-07-27 00:00:10 ┆ 284.81    ┆ 94.06  │
│ 2024-07-27 00:00:20 ┆ 284.79    ┆ 93.86  │
│ 2024-07-27 00:00:30 ┆ 284.79    ┆ 93.72  │
│ 2024-07-27 00:00:40 ┆ 284.79    ┆ 93.76  │
│ 2024-07-27 00:00:50 ┆ 284.83    ┆ 93.62  │
│ …                   ┆ …         ┆ …      │
│ 2024-07-27 23:59:20 ┆ 285.93    ┆ 84.74  │
│ 2024-07-27 23:59:30 ┆ 285.93    ┆ 85.08  │
│ 2024-07-27 23:59:40 ┆ 285.95    ┆ 85.92  │
│ 2024-07-27 23:59:50 ┆ 285.93    ┆ 86.44  │
│ 2024-07-28 00:00:00 ┆ 285.91    ┆ 86.4   │
└─────────────────────┴───────────┴────────┘
[INFO] Correcting the 'time' variable in the NetCDF file.
<class 'netCDF4.Variable'>
float64 time(time)
    units: seconds since 1970-01-01 00:00:00
    standard_name: time
    long_name: Time (seconds since 1970-01-01 00:00:00)
    axis: T
    valid_min: 1722038410.0
    valid_max: 1722124800.0
    calendar: standard
unlimited dimensions: 
current shape = (8640,)
filling on, default _FillValue of 9.969209968386869e+36 used
Flagged 0 points where air_temperature < 245.0K as bad data (qc_flag = 2).
Found 0 points already flagged as bad data (flag=2)
QC flags successfully added to /gws/pw/j07/ncas_obs_vol2/cao/processing/ncas-temperature-rh-1/data/long-term/level1d/2024/stfc-temperature-rh-1_cao_20240727_surface-met_v1.1.nc.
Updated time units to 'seconds since 1970-01-01 00:00:00' in /gws/pw/j07/ncas_obs_vol2/cao/processing/ncas-temperature-rh-1/data/long-term/level1d/2024/stfc-temperature-rh-1_cao_20240727_surface-met_v1.1.nc
/gws/pw/j07/ncas_obs_vol2/cao/raw_data/met_cao/data/long-term/2024/202407/CR1000XSeries_Chilbolton_Rxcabinmet1_20240728.dat
Parsed column names: ['TIMESTAMP', 'RECORD', 'BattV_Avg', 'PTemp_C_Avg', 'Air_T_Avg', 'RH_Avg', 'BP_mbar_Avg', 'WS_Avg', 'WD_Avg', 'SlrW_Avg', 'rg001dc_ch_Tot', 'rg006dc_ch_Tot', 'rg008dc_ch_Tot', 'rg009dc_ch_Tot', 'rg004tb_ch_Tot']
shape: (8_640, 3)
┌─────────────────────┬───────────┬────────┐
│ TIMESTAMP           ┆ Air_T_Avg ┆ RH_Avg │
│ ---                 ┆ ---       ┆ ---    │
│ datetime[μs]        ┆ f64       ┆ f64    │
╞═════════════════════╪═══════════╪════════╡
│ 2024-07-28 00:00:10 ┆ 285.91    ┆ 85.94  │
│ 2024-07-28 00:00:20 ┆ 285.87    ┆ 85.58  │
│ 2024-07-28 00:00:30 ┆ 285.87    ┆ 85.0   │
│ 2024-07-28 00:00:40 ┆ 285.85    ┆ 84.74  │
│ 2024-07-28 00:00:50 ┆ 285.87    ┆ 84.6   │
│ …                   ┆ …         ┆ …      │
│ 2024-07-28 23:59:20 ┆ 286.39    ┆ 88.38  │
│ 2024-07-28 23:59:30 ┆ 286.39    ┆ 88.32  │
│ 2024-07-28 23:59:40 ┆ 286.35    ┆ 88.3   │
│ 2024-07-28 23:59:50 ┆ 286.33    ┆ 88.3   │
│ 2024-07-29 00:00:00 ┆ 286.31    ┆ 88.3   │
└─────────────────────┴───────────┴────────┘
[INFO] Correcting the 'time' variable in the NetCDF file.
<class 'netCDF4.Variable'>
float64 time(time)
    units: seconds since 1970-01-01 00:00:00
    standard_name: time
    long_name: Time (seconds since 1970-01-01 00:00:00)
    axis: T
    valid_min: 1722124810.0
    valid_max: 1722211200.0
    calendar: standard
unlimited dimensions: 
current shape = (8640,)
filling on, default _FillValue of 9.969209968386869e+36 used
Flagged 0 points where air_temperature < 245.0K as bad data (qc_flag = 2).
Found 0 points already flagged as bad data (flag=2)
QC flags successfully added to /gws/pw/j07/ncas_obs_vol2/cao/processing/ncas-temperature-rh-1/data/long-term/level1d/2024/stfc-temperature-rh-1_cao_20240728_surface-met_v1.1.nc.
Updated time units to 'seconds since 1970-01-01 00:00:00' in /gws/pw/j07/ncas_obs_vol2/cao/processing/ncas-temperature-rh-1/data/long-term/level1d/2024/stfc-temperature-rh-1_cao_20240728_surface-met_v1.1.nc
/gws/pw/j07/ncas_obs_vol2/cao/raw_data/met_cao/data/long-term/2024/202407/CR1000XSeries_Chilbolton_Rxcabinmet1_20240729.dat
Parsed column names: ['TIMESTAMP', 'RECORD', 'BattV_Avg', 'PTemp_C_Avg', 'Air_T_Avg', 'RH_Avg', 'BP_mbar_Avg', 'WS_Avg', 'WD_Avg', 'SlrW_Avg', 'rg001dc_ch_Tot', 'rg006dc_ch_Tot', 'rg008dc_ch_Tot', 'rg009dc_ch_Tot', 'rg004tb_ch_Tot']
shape: (8_640, 3)
┌─────────────────────┬───────────┬────────┐
│ TIMESTAMP           ┆ Air_T_Avg ┆ RH_Avg │
│ ---                 ┆ ---       ┆ ---    │
│ datetime[μs]        ┆ f64       ┆ f64    │
╞═════════════════════╪═══════════╪════════╡
│ 2024-07-29 00:00:10 ┆ 286.29    ┆ 88.42  │
│ 2024-07-29 00:00:20 ┆ 286.27    ┆ 88.48  │
│ 2024-07-29 00:00:30 ┆ 286.25    ┆ 88.58  │
│ 2024-07-29 00:00:40 ┆ 286.25    ┆ 88.66  │
│ 2024-07-29 00:00:50 ┆ 286.23    ┆ 88.72  │
│ …                   ┆ …         ┆ …      │
│ 2024-07-29 23:59:20 ┆ 289.05    ┆ 84.48  │
│ 2024-07-29 23:59:30 ┆ 289.05    ┆ 84.42  │
│ 2024-07-29 23:59:40 ┆ 289.05    ┆ 84.36  │
│ 2024-07-29 23:59:50 ┆ 289.05    ┆ 84.34  │
│ 2024-07-30 00:00:00 ┆ 289.03    ┆ 84.36  │
└─────────────────────┴───────────┴────────┘
[INFO] Correcting the 'time' variable in the NetCDF file.
<class 'netCDF4.Variable'>
float64 time(time)
    units: seconds since 1970-01-01 00:00:00
    standard_name: time
    long_name: Time (seconds since 1970-01-01 00:00:00)
    axis: T
    valid_min: 1722211210.0
    valid_max: 1722297600.0
    calendar: standard
unlimited dimensions: 
current shape = (8640,)
filling on, default _FillValue of 9.969209968386869e+36 used
Flagged 0 points where air_temperature < 245.0K as bad data (qc_flag = 2).
Found 0 points already flagged as bad data (flag=2)
QC flags successfully added to /gws/pw/j07/ncas_obs_vol2/cao/processing/ncas-temperature-rh-1/data/long-term/level1d/2024/stfc-temperature-rh-1_cao_20240729_surface-met_v1.1.nc.
Updated time units to 'seconds since 1970-01-01 00:00:00' in /gws/pw/j07/ncas_obs_vol2/cao/processing/ncas-temperature-rh-1/data/long-term/level1d/2024/stfc-temperature-rh-1_cao_20240729_surface-met_v1.1.nc
/gws/pw/j07/ncas_obs_vol2/cao/raw_data/met_cao/data/long-term/2024/202407/CR1000XSeries_Chilbolton_Rxcabinmet1_20240730.dat
Parsed column names: ['TIMESTAMP', 'RECORD', 'BattV_Avg', 'PTemp_C_Avg', 'Air_T_Avg', 'RH_Avg', 'BP_mbar_Avg', 'WS_Avg', 'WD_Avg', 'SlrW_Avg', 'rg001dc_ch_Tot', 'rg006dc_ch_Tot', 'rg008dc_ch_Tot', 'rg009dc_ch_Tot', 'rg004tb_ch_Tot']
shape: (8_640, 3)
┌─────────────────────┬───────────┬────────┐
│ TIMESTAMP           ┆ Air_T_Avg ┆ RH_Avg │
│ ---                 ┆ ---       ┆ ---    │
│ datetime[μs]        ┆ f64       ┆ f64    │
╞═════════════════════╪═══════════╪════════╡
│ 2024-07-30 00:00:10 ┆ 289.03    ┆ 84.4   │
│ 2024-07-30 00:00:20 ┆ 289.01    ┆ 84.48  │
│ 2024-07-30 00:00:30 ┆ 289.01    ┆ 84.64  │
│ 2024-07-30 00:00:40 ┆ 288.99    ┆ 84.74  │
│ 2024-07-30 00:00:50 ┆ 288.99    ┆ 84.8   │
│ …                   ┆ …         ┆ …      │
│ 2024-07-30 23:59:20 ┆ 290.63    ┆ 84.6   │
│ 2024-07-30 23:59:30 ┆ 290.67    ┆ 84.4   │
│ 2024-07-30 23:59:40 ┆ 290.69    ┆ 84.36  │
│ 2024-07-30 23:59:50 ┆ 290.69    ┆ 84.36  │
│ 2024-07-31 00:00:00 ┆ 290.69    ┆ 84.4   │
└─────────────────────┴───────────┴────────┘
[INFO] Correcting the 'time' variable in the NetCDF file.
<class 'netCDF4.Variable'>
float64 time(time)
    units: seconds since 1970-01-01 00:00:00
    standard_name: time
    long_name: Time (seconds since 1970-01-01 00:00:00)
    axis: T
    valid_min: 1722297610.0
    valid_max: 1722384000.0
    calendar: standard
unlimited dimensions: 
current shape = (8640,)
filling on, default _FillValue of 9.969209968386869e+36 used
Flagged 0 points where air_temperature < 245.0K as bad data (qc_flag = 2).
Found 0 points already flagged as bad data (flag=2)
QC flags successfully added to /gws/pw/j07/ncas_obs_vol2/cao/processing/ncas-temperature-rh-1/data/long-term/level1d/2024/stfc-temperature-rh-1_cao_20240730_surface-met_v1.1.nc.
Updated time units to 'seconds since 1970-01-01 00:00:00' in /gws/pw/j07/ncas_obs_vol2/cao/processing/ncas-temperature-rh-1/data/long-term/level1d/2024/stfc-temperature-rh-1_cao_20240730_surface-met_v1.1.nc
/gws/pw/j07/ncas_obs_vol2/cao/raw_data/met_cao/data/long-term/2024/202407/CR1000XSeries_Chilbolton_Rxcabinmet1_20240731.dat
Parsed column names: ['TIMESTAMP', 'RECORD', 'BattV_Avg', 'PTemp_C_Avg', 'Air_T_Avg', 'RH_Avg', 'BP_mbar_Avg', 'WS_Avg', 'WD_Avg', 'SlrW_Avg', 'rg001dc_ch_Tot', 'rg006dc_ch_Tot', 'rg008dc_ch_Tot', 'rg009dc_ch_Tot', 'rg004tb_ch_Tot']
shape: (8_640, 3)
┌─────────────────────┬───────────┬────────┐
│ TIMESTAMP           ┆ Air_T_Avg ┆ RH_Avg │
│ ---                 ┆ ---       ┆ ---    │
│ datetime[μs]        ┆ f64       ┆ f64    │
╞═════════════════════╪═══════════╪════════╡
│ 2024-07-31 00:00:10 ┆ 290.69    ┆ 84.38  │
│ 2024-07-31 00:00:20 ┆ 290.71    ┆ 84.42  │
│ 2024-07-31 00:00:30 ┆ 290.69    ┆ 84.44  │
│ 2024-07-31 00:00:40 ┆ 290.69    ┆ 84.52  │
│ 2024-07-31 00:00:50 ┆ 290.69    ┆ 84.58  │
│ …                   ┆ …         ┆ …      │
│ 2024-07-31 23:59:20 ┆ 291.73    ┆ 74.04  │
│ 2024-07-31 23:59:30 ┆ 291.73    ┆ 74.02  │
│ 2024-07-31 23:59:40 ┆ 291.73    ┆ 73.94  │
│ 2024-07-31 23:59:50 ┆ 291.73    ┆ 74.14  │
│ 2024-08-01 00:00:00 ┆ 291.71    ┆ 74.38  │
└─────────────────────┴───────────┴────────┘
[INFO] Correcting the 'time' variable in the NetCDF file.
<class 'netCDF4.Variable'>
float64 time(time)
    units: seconds since 1970-01-01 00:00:00
    standard_name: time
    long_name: Time (seconds since 1970-01-01 00:00:00)
    axis: T
    valid_min: 1722384010.0
    valid_max: 1722470400.0
    calendar: standard
unlimited dimensions: 
current shape = (8640,)
filling on, default _FillValue of 9.969209968386869e+36 used
Flagged 0 points where air_temperature < 245.0K as bad data (qc_flag = 2).
Found 0 points already flagged as bad data (flag=2)
QC flags successfully added to /gws/pw/j07/ncas_obs_vol2/cao/processing/ncas-temperature-rh-1/data/long-term/level1d/2024/stfc-temperature-rh-1_cao_20240731_surface-met_v1.1.nc.
Updated time units to 'seconds since 1970-01-01 00:00:00' in /gws/pw/j07/ncas_obs_vol2/cao/processing/ncas-temperature-rh-1/data/long-term/level1d/2024/stfc-temperature-rh-1_cao_20240731_surface-met_v1.1.nc
/gws/pw/j07/ncas_obs_vol2/cao/raw_data/met_cao/data/long-term/2024/202408/CR1000XSeries_Chilbolton_Rxcabinmet1_20240801.dat
Parsed column names: ['TIMESTAMP', 'RECORD', 'BattV_Avg', 'PTemp_C_Avg', 'Air_T_Avg', 'RH_Avg', 'BP_mbar_Avg', 'WS_Avg', 'WD_Avg', 'SlrW_Avg', 'rg001dc_ch_Tot', 'rg006dc_ch_Tot', 'rg008dc_ch_Tot', 'rg009dc_ch_Tot', 'rg004tb_ch_Tot']
shape: (8_640, 3)
┌─────────────────────┬───────────┬────────┐
│ TIMESTAMP           ┆ Air_T_Avg ┆ RH_Avg │
│ ---                 ┆ ---       ┆ ---    │
│ datetime[μs]        ┆ f64       ┆ f64    │
╞═════════════════════╪═══════════╪════════╡
│ 2024-08-01 00:00:10 ┆ 291.67    ┆ 74.86  │
│ 2024-08-01 00:00:20 ┆ 291.61    ┆ 75.32  │
│ 2024-08-01 00:00:30 ┆ 291.59    ┆ 75.64  │
│ 2024-08-01 00:00:40 ┆ 291.57    ┆ 75.78  │
│ 2024-08-01 00:00:50 ┆ 291.55    ┆ 75.76  │
│ …                   ┆ …         ┆ …      │
│ 2024-08-01 23:59:20 ┆ 289.51    ┆ 92.26  │
│ 2024-08-01 23:59:30 ┆ 289.51    ┆ 92.34  │
│ 2024-08-01 23:59:40 ┆ 289.49    ┆ 92.4   │
│ 2024-08-01 23:59:50 ┆ 289.49    ┆ 92.44  │
│ 2024-08-02 00:00:00 ┆ 289.49    ┆ 92.44  │
└─────────────────────┴───────────┴────────┘
[INFO] Correcting the 'time' variable in the NetCDF file.
<class 'netCDF4.Variable'>
float64 time(time)
    units: seconds since 1970-01-01 00:00:00
    standard_name: time
    long_name: Time (seconds since 1970-01-01 00:00:00)
    axis: T
    valid_min: 1722470410.0
    valid_max: 1722556800.0
    calendar: standard
unlimited dimensions: 
current shape = (8640,)
filling on, default _FillValue of 9.969209968386869e+36 used
Flagged 0 points where air_temperature < 245.0K as bad data (qc_flag = 2).
Found 0 points already flagged as bad data (flag=2)
QC flags successfully added to /gws/pw/j07/ncas_obs_vol2/cao/processing/ncas-temperature-rh-1/data/long-term/level1d/2024/stfc-temperature-rh-1_cao_20240801_surface-met_v1.1.nc.
Updated time units to 'seconds since 1970-01-01 00:00:00' in /gws/pw/j07/ncas_obs_vol2/cao/processing/ncas-temperature-rh-1/data/long-term/level1d/2024/stfc-temperature-rh-1_cao_20240801_surface-met_v1.1.nc
/gws/pw/j07/ncas_obs_vol2/cao/raw_data/met_cao/data/long-term/2024/202408/CR1000XSeries_Chilbolton_Rxcabinmet1_20240802.dat
Parsed column names: ['TIMESTAMP', 'RECORD', 'BattV_Avg', 'PTemp_C_Avg', 'Air_T_Avg', 'RH_Avg', 'BP_mbar_Avg', 'WS_Avg', 'WD_Avg', 'SlrW_Avg', 'rg001dc_ch_Tot', 'rg006dc_ch_Tot', 'rg008dc_ch_Tot', 'rg009dc_ch_Tot', 'rg004tb_ch_Tot']
shape: (8_640, 3)
┌─────────────────────┬───────────┬────────┐
│ TIMESTAMP           ┆ Air_T_Avg ┆ RH_Avg │
│ ---                 ┆ ---       ┆ ---    │
│ datetime[μs]        ┆ f64       ┆ f64    │
╞═════════════════════╪═══════════╪════════╡
│ 2024-08-02 00:00:10 ┆ 289.49    ┆ 92.52  │
│ 2024-08-02 00:00:20 ┆ 289.49    ┆ 92.54  │
│ 2024-08-02 00:00:30 ┆ 289.49    ┆ 92.6   │
│ 2024-08-02 00:00:40 ┆ 289.47    ┆ 92.64  │
│ 2024-08-02 00:00:50 ┆ 289.47    ┆ 92.66  │
│ …                   ┆ …         ┆ …      │
│ 2024-08-02 23:59:20 ┆ 290.21    ┆ 92.56  │
│ 2024-08-02 23:59:30 ┆ 290.23    ┆ 92.56  │
│ 2024-08-02 23:59:40 ┆ 290.23    ┆ 92.52  │
│ 2024-08-02 23:59:50 ┆ 290.23    ┆ 92.52  │
│ 2024-08-03 00:00:00 ┆ 290.23    ┆ 92.58  │
└─────────────────────┴───────────┴────────┘
[INFO] Correcting the 'time' variable in the NetCDF file.
<class 'netCDF4.Variable'>
float64 time(time)
    units: seconds since 1970-01-01 00:00:00
    standard_name: time
    long_name: Time (seconds since 1970-01-01 00:00:00)
    axis: T
    valid_min: 1722556810.0
    valid_max: 1722643200.0
    calendar: standard
unlimited dimensions: 
current shape = (8640,)
filling on, default _FillValue of 9.969209968386869e+36 used
Flagged 0 points where air_temperature < 245.0K as bad data (qc_flag = 2).
Found 0 points already flagged as bad data (flag=2)
QC flags successfully added to /gws/pw/j07/ncas_obs_vol2/cao/processing/ncas-temperature-rh-1/data/long-term/level1d/2024/stfc-temperature-rh-1_cao_20240802_surface-met_v1.1.nc.
Updated time units to 'seconds since 1970-01-01 00:00:00' in /gws/pw/j07/ncas_obs_vol2/cao/processing/ncas-temperature-rh-1/data/long-term/level1d/2024/stfc-temperature-rh-1_cao_20240802_surface-met_v1.1.nc
/gws/pw/j07/ncas_obs_vol2/cao/raw_data/met_cao/data/long-term/2024/202408/CR1000XSeries_Chilbolton_Rxcabinmet1_20240803.dat
Parsed column names: ['TIMESTAMP', 'RECORD', 'BattV_Avg', 'PTemp_C_Avg', 'Air_T_Avg', 'RH_Avg', 'BP_mbar_Avg', 'WS_Avg', 'WD_Avg', 'SlrW_Avg', 'rg001dc_ch_Tot', 'rg006dc_ch_Tot', 'rg008dc_ch_Tot', 'rg009dc_ch_Tot', 'rg004tb_ch_Tot']
shape: (8_640, 3)
┌─────────────────────┬───────────┬────────┐
│ TIMESTAMP           ┆ Air_T_Avg ┆ RH_Avg │
│ ---                 ┆ ---       ┆ ---    │
│ datetime[μs]        ┆ f64       ┆ f64    │
╞═════════════════════╪═══════════╪════════╡
│ 2024-08-03 00:00:10 ┆ 290.21    ┆ 92.6   │
│ 2024-08-03 00:00:20 ┆ 290.21    ┆ 92.56  │
│ 2024-08-03 00:00:30 ┆ 290.21    ┆ 92.5   │
│ 2024-08-03 00:00:40 ┆ 290.19    ┆ 92.5   │
│ 2024-08-03 00:00:50 ┆ 290.19    ┆ 92.54  │
│ …                   ┆ …         ┆ …      │
│ 2024-08-03 23:59:20 ┆ 284.85    ┆ 89.98  │
│ 2024-08-03 23:59:30 ┆ 284.85    ┆ 89.94  │
│ 2024-08-03 23:59:40 ┆ 284.83    ┆ 89.86  │
│ 2024-08-03 23:59:50 ┆ 284.81    ┆ 89.82  │
│ 2024-08-04 00:00:00 ┆ 284.81    ┆ 89.82  │
└─────────────────────┴───────────┴────────┘
[INFO] Correcting the 'time' variable in the NetCDF file.
<class 'netCDF4.Variable'>
float64 time(time)
    units: seconds since 1970-01-01 00:00:00
    standard_name: time
    long_name: Time (seconds since 1970-01-01 00:00:00)
    axis: T
    valid_min: 1722643210.0
    valid_max: 1722729600.0
    calendar: standard
unlimited dimensions: 
current shape = (8640,)
filling on, default _FillValue of 9.969209968386869e+36 used
Flagged 0 points where air_temperature < 245.0K as bad data (qc_flag = 2).
Found 0 points already flagged as bad data (flag=2)
QC flags successfully added to /gws/pw/j07/ncas_obs_vol2/cao/processing/ncas-temperature-rh-1/data/long-term/level1d/2024/stfc-temperature-rh-1_cao_20240803_surface-met_v1.1.nc.
Updated time units to 'seconds since 1970-01-01 00:00:00' in /gws/pw/j07/ncas_obs_vol2/cao/processing/ncas-temperature-rh-1/data/long-term/level1d/2024/stfc-temperature-rh-1_cao_20240803_surface-met_v1.1.nc
/gws/pw/j07/ncas_obs_vol2/cao/raw_data/met_cao/data/long-term/2024/202408/CR1000XSeries_Chilbolton_Rxcabinmet1_20240804.dat
Parsed column names: ['TIMESTAMP', 'RECORD', 'BattV_Avg', 'PTemp_C_Avg', 'Air_T_Avg', 'RH_Avg', 'BP_mbar_Avg', 'WS_Avg', 'WD_Avg', 'SlrW_Avg', 'rg001dc_ch_Tot', 'rg006dc_ch_Tot', 'rg008dc_ch_Tot', 'rg009dc_ch_Tot', 'rg004tb_ch_Tot']
shape: (8_640, 3)
┌─────────────────────┬───────────┬────────┐
│ TIMESTAMP           ┆ Air_T_Avg ┆ RH_Avg │
│ ---                 ┆ ---       ┆ ---    │
│ datetime[μs]        ┆ f64       ┆ f64    │
╞═════════════════════╪═══════════╪════════╡
│ 2024-08-04 00:00:10 ┆ 284.81    ┆ 89.86  │
│ 2024-08-04 00:00:20 ┆ 284.79    ┆ 90.02  │
│ 2024-08-04 00:00:30 ┆ 284.79    ┆ 90.12  │
│ 2024-08-04 00:00:40 ┆ 284.79    ┆ 90.18  │
│ 2024-08-04 00:00:50 ┆ 284.81    ┆ 90.2   │
│ …                   ┆ …         ┆ …      │
│ 2024-08-04 23:59:20 ┆ 287.07    ┆ 93.24  │
│ 2024-08-04 23:59:30 ┆ 287.07    ┆ 93.24  │
│ 2024-08-04 23:59:40 ┆ 287.07    ┆ 93.28  │
│ 2024-08-04 23:59:50 ┆ 287.07    ┆ 93.28  │
│ 2024-08-05 00:00:00 ┆ 287.07    ┆ 93.22  │
└─────────────────────┴───────────┴────────┘
[INFO] Correcting the 'time' variable in the NetCDF file.
<class 'netCDF4.Variable'>
float64 time(time)
    units: seconds since 1970-01-01 00:00:00
    standard_name: time
    long_name: Time (seconds since 1970-01-01 00:00:00)
    axis: T
    valid_min: 1722729610.0
    valid_max: 1722816000.0
    calendar: standard
unlimited dimensions: 
current shape = (8640,)
filling on, default _FillValue of 9.969209968386869e+36 used
Flagged 0 points where air_temperature < 245.0K as bad data (qc_flag = 2).
Found 0 points already flagged as bad data (flag=2)
QC flags successfully added to /gws/pw/j07/ncas_obs_vol2/cao/processing/ncas-temperature-rh-1/data/long-term/level1d/2024/stfc-temperature-rh-1_cao_20240804_surface-met_v1.1.nc.
Updated time units to 'seconds since 1970-01-01 00:00:00' in /gws/pw/j07/ncas_obs_vol2/cao/processing/ncas-temperature-rh-1/data/long-term/level1d/2024/stfc-temperature-rh-1_cao_20240804_surface-met_v1.1.nc
/gws/pw/j07/ncas_obs_vol2/cao/raw_data/met_cao/data/long-term/2024/202408/CR1000XSeries_Chilbolton_Rxcabinmet1_20240805.dat
Parsed column names: ['TIMESTAMP', 'RECORD', 'BattV_Avg', 'PTemp_C_Avg', 'Air_T_Avg', 'RH_Avg', 'BP_mbar_Avg', 'WS_Avg', 'WD_Avg', 'SlrW_Avg', 'rg001dc_ch_Tot', 'rg006dc_ch_Tot', 'rg008dc_ch_Tot', 'rg009dc_ch_Tot', 'rg004tb_ch_Tot']
shape: (8_640, 3)
┌─────────────────────┬───────────┬────────┐
│ TIMESTAMP           ┆ Air_T_Avg ┆ RH_Avg │
│ ---                 ┆ ---       ┆ ---    │
│ datetime[μs]        ┆ f64       ┆ f64    │
╞═════════════════════╪═══════════╪════════╡
│ 2024-08-05 00:00:10 ┆ 287.09    ┆ 93.18  │
│ 2024-08-05 00:00:20 ┆ 287.07    ┆ 93.2   │
│ 2024-08-05 00:00:30 ┆ 287.07    ┆ 93.18  │
│ 2024-08-05 00:00:40 ┆ 287.07    ┆ 93.12  │
│ 2024-08-05 00:00:50 ┆ 287.07    ┆ 93.12  │
│ …                   ┆ …         ┆ …      │
│ 2024-08-05 23:59:20 ┆ 290.27    ┆ 89.56  │
│ 2024-08-05 23:59:30 ┆ 290.25    ┆ 89.6   │
│ 2024-08-05 23:59:40 ┆ 290.27    ┆ 89.6   │
│ 2024-08-05 23:59:50 ┆ 290.25    ┆ 89.54  │
│ 2024-08-06 00:00:00 ┆ 290.25    ┆ 89.5   │
└─────────────────────┴───────────┴────────┘
[INFO] Correcting the 'time' variable in the NetCDF file.
<class 'netCDF4.Variable'>
float64 time(time)
    units: seconds since 1970-01-01 00:00:00
    standard_name: time
    long_name: Time (seconds since 1970-01-01 00:00:00)
    axis: T
    valid_min: 1722816010.0
    valid_max: 1722902400.0
    calendar: standard
unlimited dimensions: 
current shape = (8640,)
filling on, default _FillValue of 9.969209968386869e+36 used
Flagged 0 points where air_temperature < 245.0K as bad data (qc_flag = 2).
Found 0 points already flagged as bad data (flag=2)
QC flags successfully added to /gws/pw/j07/ncas_obs_vol2/cao/processing/ncas-temperature-rh-1/data/long-term/level1d/2024/stfc-temperature-rh-1_cao_20240805_surface-met_v1.1.nc.
Updated time units to 'seconds since 1970-01-01 00:00:00' in /gws/pw/j07/ncas_obs_vol2/cao/processing/ncas-temperature-rh-1/data/long-term/level1d/2024/stfc-temperature-rh-1_cao_20240805_surface-met_v1.1.nc
/gws/pw/j07/ncas_obs_vol2/cao/raw_data/met_cao/data/long-term/2024/202408/CR1000XSeries_Chilbolton_Rxcabinmet1_20240806.dat
Parsed column names: ['TIMESTAMP', 'RECORD', 'BattV_Avg', 'PTemp_C_Avg', 'Air_T_Avg', 'RH_Avg', 'BP_mbar_Avg', 'WS_Avg', 'WD_Avg', 'SlrW_Avg', 'rg001dc_ch_Tot', 'rg006dc_ch_Tot', 'rg008dc_ch_Tot', 'rg009dc_ch_Tot', 'rg004tb_ch_Tot']
shape: (8_640, 3)
┌─────────────────────┬───────────┬────────┐
│ TIMESTAMP           ┆ Air_T_Avg ┆ RH_Avg │
│ ---                 ┆ ---       ┆ ---    │
│ datetime[μs]        ┆ f64       ┆ f64    │
╞═════════════════════╪═══════════╪════════╡
│ 2024-08-06 00:00:10 ┆ 290.27    ┆ 89.44  │
│ 2024-08-06 00:00:20 ┆ 290.25    ┆ 89.4   │
│ 2024-08-06 00:00:30 ┆ 290.27    ┆ 89.44  │
│ 2024-08-06 00:00:40 ┆ 290.25    ┆ 89.46  │
│ 2024-08-06 00:00:50 ┆ 290.25    ┆ 89.5   │
│ …                   ┆ …         ┆ …      │
│ 2024-08-06 23:59:20 ┆ 285.15    ┆ 91.66  │
│ 2024-08-06 23:59:30 ┆ 285.17    ┆ 91.26  │
│ 2024-08-06 23:59:40 ┆ 285.17    ┆ 90.96  │
│ 2024-08-06 23:59:50 ┆ 285.17    ┆ 90.42  │
│ 2024-08-07 00:00:00 ┆ 285.17    ┆ 90.2   │
└─────────────────────┴───────────┴────────┘
[INFO] Correcting the 'time' variable in the NetCDF file.
<class 'netCDF4.Variable'>
float64 time(time)
    units: seconds since 1970-01-01 00:00:00
    standard_name: time
    long_name: Time (seconds since 1970-01-01 00:00:00)
    axis: T
    valid_min: 1722902410.0
    valid_max: 1722988800.0
    calendar: standard
unlimited dimensions: 
current shape = (8640,)
filling on, default _FillValue of 9.969209968386869e+36 used
Flagged 0 points where air_temperature < 245.0K as bad data (qc_flag = 2).
Found 0 points already flagged as bad data (flag=2)
QC flags successfully added to /gws/pw/j07/ncas_obs_vol2/cao/processing/ncas-temperature-rh-1/data/long-term/level1d/2024/stfc-temperature-rh-1_cao_20240806_surface-met_v1.1.nc.
Updated time units to 'seconds since 1970-01-01 00:00:00' in /gws/pw/j07/ncas_obs_vol2/cao/processing/ncas-temperature-rh-1/data/long-term/level1d/2024/stfc-temperature-rh-1_cao_20240806_surface-met_v1.1.nc
/gws/pw/j07/ncas_obs_vol2/cao/raw_data/met_cao/data/long-term/2024/202408/CR1000XSeries_Chilbolton_Rxcabinmet1_20240807.dat
Parsed column names: ['TIMESTAMP', 'RECORD', 'BattV_Avg', 'PTemp_C_Avg', 'Air_T_Avg', 'RH_Avg', 'BP_mbar_Avg', 'WS_Avg', 'WD_Avg', 'SlrW_Avg', 'rg001dc_ch_Tot', 'rg006dc_ch_Tot', 'rg008dc_ch_Tot', 'rg009dc_ch_Tot', 'rg004tb_ch_Tot']
shape: (8_640, 3)
┌─────────────────────┬───────────┬────────┐
│ TIMESTAMP           ┆ Air_T_Avg ┆ RH_Avg │
│ ---                 ┆ ---       ┆ ---    │
│ datetime[μs]        ┆ f64       ┆ f64    │
╞═════════════════════╪═══════════╪════════╡
│ 2024-08-07 00:00:10 ┆ 285.17    ┆ 90.44  │
│ 2024-08-07 00:00:20 ┆ 285.23    ┆ 90.66  │
│ 2024-08-07 00:00:30 ┆ 285.23    ┆ 90.98  │
│ 2024-08-07 00:00:40 ┆ 285.23    ┆ 91.46  │
│ 2024-08-07 00:00:50 ┆ 285.25    ┆ 91.62  │
│ …                   ┆ …         ┆ …      │
│ 2024-08-07 23:59:20 ┆ 286.31    ┆ 89.86  │
│ 2024-08-07 23:59:30 ┆ 286.31    ┆ 89.78  │
│ 2024-08-07 23:59:40 ┆ 286.33    ┆ 89.74  │
│ 2024-08-07 23:59:50 ┆ 286.39    ┆ 89.46  │
│ 2024-08-08 00:00:00 ┆ 286.41    ┆ 89.48  │
└─────────────────────┴───────────┴────────┘
[INFO] Correcting the 'time' variable in the NetCDF file.
<class 'netCDF4.Variable'>
float64 time(time)
    units: seconds since 1970-01-01 00:00:00
    standard_name: time
    long_name: Time (seconds since 1970-01-01 00:00:00)
    axis: T
    valid_min: 1722988810.0
    valid_max: 1723075200.0
    calendar: standard
unlimited dimensions: 
current shape = (8640,)
filling on, default _FillValue of 9.969209968386869e+36 used
Flagged 0 points where air_temperature < 245.0K as bad data (qc_flag = 2).
Found 0 points already flagged as bad data (flag=2)
QC flags successfully added to /gws/pw/j07/ncas_obs_vol2/cao/processing/ncas-temperature-rh-1/data/long-term/level1d/2024/stfc-temperature-rh-1_cao_20240807_surface-met_v1.1.nc.
Updated time units to 'seconds since 1970-01-01 00:00:00' in /gws/pw/j07/ncas_obs_vol2/cao/processing/ncas-temperature-rh-1/data/long-term/level1d/2024/stfc-temperature-rh-1_cao_20240807_surface-met_v1.1.nc
/gws/pw/j07/ncas_obs_vol2/cao/raw_data/met_cao/data/long-term/2024/202408/CR1000XSeries_Chilbolton_Rxcabinmet1_20240808.dat
Parsed column names: ['TIMESTAMP', 'RECORD', 'BattV_Avg', 'PTemp_C_Avg', 'Air_T_Avg', 'RH_Avg', 'BP_mbar_Avg', 'WS_Avg', 'WD_Avg', 'SlrW_Avg', 'rg001dc_ch_Tot', 'rg006dc_ch_Tot', 'rg008dc_ch_Tot', 'rg009dc_ch_Tot', 'rg004tb_ch_Tot']
shape: (8_640, 3)
┌─────────────────────┬───────────┬────────┐
│ TIMESTAMP           ┆ Air_T_Avg ┆ RH_Avg │
│ ---                 ┆ ---       ┆ ---    │
│ datetime[μs]        ┆ f64       ┆ f64    │
╞═════════════════════╪═══════════╪════════╡
│ 2024-08-08 00:00:10 ┆ 286.43    ┆ 89.76  │
│ 2024-08-08 00:00:20 ┆ 286.45    ┆ 89.96  │
│ 2024-08-08 00:00:30 ┆ 286.47    ┆ 89.94  │
│ 2024-08-08 00:00:40 ┆ 286.49    ┆ 89.78  │
│ 2024-08-08 00:00:50 ┆ 286.49    ┆ 89.64  │
│ …                   ┆ …         ┆ …      │
│ 2024-08-08 23:59:20 ┆ 291.43    ┆ 92.86  │
│ 2024-08-08 23:59:30 ┆ 291.43    ┆ 92.94  │
│ 2024-08-08 23:59:40 ┆ 291.43    ┆ 92.92  │
│ 2024-08-08 23:59:50 ┆ 291.43    ┆ 92.72  │
│ 2024-08-09 00:00:00 ┆ 291.43    ┆ 92.6   │
└─────────────────────┴───────────┴────────┘
[INFO] Correcting the 'time' variable in the NetCDF file.
<class 'netCDF4.Variable'>
float64 time(time)
    units: seconds since 1970-01-01 00:00:00
    standard_name: time
    long_name: Time (seconds since 1970-01-01 00:00:00)
    axis: T
    valid_min: 1723075210.0
    valid_max: 1723161600.0
    calendar: standard
unlimited dimensions: 
current shape = (8640,)
filling on, default _FillValue of 9.969209968386869e+36 used
Flagged 0 points where air_temperature < 245.0K as bad data (qc_flag = 2).
Found 0 points already flagged as bad data (flag=2)
QC flags successfully added to /gws/pw/j07/ncas_obs_vol2/cao/processing/ncas-temperature-rh-1/data/long-term/level1d/2024/stfc-temperature-rh-1_cao_20240808_surface-met_v1.1.nc.
Updated time units to 'seconds since 1970-01-01 00:00:00' in /gws/pw/j07/ncas_obs_vol2/cao/processing/ncas-temperature-rh-1/data/long-term/level1d/2024/stfc-temperature-rh-1_cao_20240808_surface-met_v1.1.nc
/gws/pw/j07/ncas_obs_vol2/cao/raw_data/met_cao/data/long-term/2024/202408/CR1000XSeries_Chilbolton_Rxcabinmet1_20240809.dat
Parsed column names: ['TIMESTAMP', 'RECORD', 'BattV_Avg', 'PTemp_C_Avg', 'Air_T_Avg', 'RH_Avg', 'BP_mbar_Avg', 'WS_Avg', 'WD_Avg', 'SlrW_Avg', 'rg001dc_ch_Tot', 'rg006dc_ch_Tot', 'rg008dc_ch_Tot', 'rg009dc_ch_Tot', 'rg004tb_ch_Tot']
shape: (8_640, 3)
┌─────────────────────┬───────────┬────────┐
│ TIMESTAMP           ┆ Air_T_Avg ┆ RH_Avg │
│ ---                 ┆ ---       ┆ ---    │
│ datetime[μs]        ┆ f64       ┆ f64    │
╞═════════════════════╪═══════════╪════════╡
│ 2024-08-09 00:00:10 ┆ 291.45    ┆ 92.46  │
│ 2024-08-09 00:00:20 ┆ 291.43    ┆ 92.48  │
│ 2024-08-09 00:00:30 ┆ 291.43    ┆ 92.58  │
│ 2024-08-09 00:00:40 ┆ 291.43    ┆ 92.68  │
│ 2024-08-09 00:00:50 ┆ 291.43    ┆ 92.86  │
│ …                   ┆ …         ┆ …      │
│ 2024-08-09 23:59:20 ┆ 285.49    ┆ 91.48  │
│ 2024-08-09 23:59:30 ┆ 285.51    ┆ 91.22  │
│ 2024-08-09 23:59:40 ┆ 285.51    ┆ 90.88  │
│ 2024-08-09 23:59:50 ┆ 285.51    ┆ 90.66  │
│ 2024-08-10 00:00:00 ┆ 285.49    ┆ 90.64  │
└─────────────────────┴───────────┴────────┘
[INFO] Correcting the 'time' variable in the NetCDF file.
<class 'netCDF4.Variable'>
float64 time(time)
    units: seconds since 1970-01-01 00:00:00
    standard_name: time
    long_name: Time (seconds since 1970-01-01 00:00:00)
    axis: T
    valid_min: 1723161610.0
    valid_max: 1723248000.0
    calendar: standard
unlimited dimensions: 
current shape = (8640,)
filling on, default _FillValue of 9.969209968386869e+36 used
Flagged 0 points where air_temperature < 245.0K as bad data (qc_flag = 2).
Found 0 points already flagged as bad data (flag=2)
QC flags successfully added to /gws/pw/j07/ncas_obs_vol2/cao/processing/ncas-temperature-rh-1/data/long-term/level1d/2024/stfc-temperature-rh-1_cao_20240809_surface-met_v1.1.nc.
Updated time units to 'seconds since 1970-01-01 00:00:00' in /gws/pw/j07/ncas_obs_vol2/cao/processing/ncas-temperature-rh-1/data/long-term/level1d/2024/stfc-temperature-rh-1_cao_20240809_surface-met_v1.1.nc
/gws/pw/j07/ncas_obs_vol2/cao/raw_data/met_cao/data/long-term/2024/202408/CR1000XSeries_Chilbolton_Rxcabinmet1_20240810.dat
Parsed column names: ['TIMESTAMP', 'RECORD', 'BattV_Avg', 'PTemp_C_Avg', 'Air_T_Avg', 'RH_Avg', 'BP_mbar_Avg', 'WS_Avg', 'WD_Avg', 'SlrW_Avg', 'rg001dc_ch_Tot', 'rg006dc_ch_Tot', 'rg008dc_ch_Tot', 'rg009dc_ch_Tot', 'rg004tb_ch_Tot']
shape: (8_640, 3)
┌─────────────────────┬───────────┬────────┐
│ TIMESTAMP           ┆ Air_T_Avg ┆ RH_Avg │
│ ---                 ┆ ---       ┆ ---    │
│ datetime[μs]        ┆ f64       ┆ f64    │
╞═════════════════════╪═══════════╪════════╡
│ 2024-08-10 00:00:10 ┆ 285.49    ┆ 90.8   │
│ 2024-08-10 00:00:20 ┆ 285.49    ┆ 91.06  │
│ 2024-08-10 00:00:30 ┆ 285.47    ┆ 91.38  │
│ 2024-08-10 00:00:40 ┆ 285.47    ┆ 91.56  │
│ 2024-08-10 00:00:50 ┆ 285.45    ┆ 91.5   │
│ …                   ┆ …         ┆ …      │
│ 2024-08-10 23:59:20 ┆ 290.61    ┆ 100.0  │
│ 2024-08-10 23:59:30 ┆ 290.61    ┆ 100.02 │
│ 2024-08-10 23:59:40 ┆ 290.63    ┆ 100.0  │
│ 2024-08-10 23:59:50 ┆ 290.63    ┆ 100.02 │
│ 2024-08-11 00:00:00 ┆ 290.61    ┆ 100.0  │
└─────────────────────┴───────────┴────────┘
[INFO] Correcting the 'time' variable in the NetCDF file.
<class 'netCDF4.Variable'>
float64 time(time)
    units: seconds since 1970-01-01 00:00:00
    standard_name: time
    long_name: Time (seconds since 1970-01-01 00:00:00)
    axis: T
    valid_min: 1723248010.0
    valid_max: 1723334400.0
    calendar: standard
unlimited dimensions: 
current shape = (8640,)
filling on, default _FillValue of 9.969209968386869e+36 used
Flagged 0 points where air_temperature < 245.0K as bad data (qc_flag = 2).
Found 0 points already flagged as bad data (flag=2)
QC flags successfully added to /gws/pw/j07/ncas_obs_vol2/cao/processing/ncas-temperature-rh-1/data/long-term/level1d/2024/stfc-temperature-rh-1_cao_20240810_surface-met_v1.1.nc.
Updated time units to 'seconds since 1970-01-01 00:00:00' in /gws/pw/j07/ncas_obs_vol2/cao/processing/ncas-temperature-rh-1/data/long-term/level1d/2024/stfc-temperature-rh-1_cao_20240810_surface-met_v1.1.nc
/gws/pw/j07/ncas_obs_vol2/cao/raw_data/met_cao/data/long-term/2024/202408/CR1000XSeries_Chilbolton_Rxcabinmet1_20240811.dat
Parsed column names: ['TIMESTAMP', 'RECORD', 'BattV_Avg', 'PTemp_C_Avg', 'Air_T_Avg', 'RH_Avg', 'BP_mbar_Avg', 'WS_Avg', 'WD_Avg', 'SlrW_Avg', 'rg001dc_ch_Tot', 'rg006dc_ch_Tot', 'rg008dc_ch_Tot', 'rg009dc_ch_Tot', 'rg004tb_ch_Tot']
shape: (8_640, 3)
┌─────────────────────┬───────────┬────────┐
│ TIMESTAMP           ┆ Air_T_Avg ┆ RH_Avg │
│ ---                 ┆ ---       ┆ ---    │
│ datetime[μs]        ┆ f64       ┆ f64    │
╞═════════════════════╪═══════════╪════════╡
│ 2024-08-11 00:00:10 ┆ 290.63    ┆ 99.96  │
│ 2024-08-11 00:00:20 ┆ 290.63    ┆ 100.0  │
│ 2024-08-11 00:00:30 ┆ 290.63    ┆ 100.02 │
│ 2024-08-11 00:00:40 ┆ 290.63    ┆ 100.02 │
│ 2024-08-11 00:00:50 ┆ 290.63    ┆ 100.02 │
│ …                   ┆ …         ┆ …      │
│ 2024-08-11 23:59:20 ┆ 292.17    ┆ 82.72  │
│ 2024-08-11 23:59:30 ┆ 292.17    ┆ 82.8   │
│ 2024-08-11 23:59:40 ┆ 292.17    ┆ 82.82  │
│ 2024-08-11 23:59:50 ┆ 292.17    ┆ 82.7   │
│ 2024-08-12 00:00:00 ┆ 292.19    ┆ 82.64  │
└─────────────────────┴───────────┴────────┘
[INFO] Correcting the 'time' variable in the NetCDF file.
<class 'netCDF4.Variable'>
float64 time(time)
    units: seconds since 1970-01-01 00:00:00
    standard_name: time
    long_name: Time (seconds since 1970-01-01 00:00:00)
    axis: T
    valid_min: 1723334410.0
    valid_max: 1723420800.0
    calendar: standard
unlimited dimensions: 
current shape = (8640,)
filling on, default _FillValue of 9.969209968386869e+36 used
Flagged 0 points where air_temperature < 245.0K as bad data (qc_flag = 2).
Found 0 points already flagged as bad data (flag=2)
QC flags successfully added to /gws/pw/j07/ncas_obs_vol2/cao/processing/ncas-temperature-rh-1/data/long-term/level1d/2024/stfc-temperature-rh-1_cao_20240811_surface-met_v1.1.nc.
Updated time units to 'seconds since 1970-01-01 00:00:00' in /gws/pw/j07/ncas_obs_vol2/cao/processing/ncas-temperature-rh-1/data/long-term/level1d/2024/stfc-temperature-rh-1_cao_20240811_surface-met_v1.1.nc
/gws/pw/j07/ncas_obs_vol2/cao/raw_data/met_cao/data/long-term/2024/202408/CR1000XSeries_Chilbolton_Rxcabinmet1_20240812.dat
Parsed column names: ['TIMESTAMP', 'RECORD', 'BattV_Avg', 'PTemp_C_Avg', 'Air_T_Avg', 'RH_Avg', 'BP_mbar_Avg', 'WS_Avg', 'WD_Avg', 'SlrW_Avg', 'rg001dc_ch_Tot', 'rg006dc_ch_Tot', 'rg008dc_ch_Tot', 'rg009dc_ch_Tot', 'rg004tb_ch_Tot']
shape: (8_640, 3)
┌─────────────────────┬───────────┬────────┐
│ TIMESTAMP           ┆ Air_T_Avg ┆ RH_Avg │
│ ---                 ┆ ---       ┆ ---    │
│ datetime[μs]        ┆ f64       ┆ f64    │
╞═════════════════════╪═══════════╪════════╡
│ 2024-08-12 00:00:10 ┆ 292.19    ┆ 82.66  │
│ 2024-08-12 00:00:20 ┆ 292.17    ┆ 82.74  │
│ 2024-08-12 00:00:30 ┆ 292.17    ┆ 82.84  │
│ 2024-08-12 00:00:40 ┆ 292.15    ┆ 82.88  │
│ 2024-08-12 00:00:50 ┆ 292.13    ┆ 82.92  │
│ …                   ┆ …         ┆ …      │
│ 2024-08-12 23:59:20 ┆ 286.39    ┆ 89.26  │
│ 2024-08-12 23:59:30 ┆ 286.39    ┆ 89.24  │
│ 2024-08-12 23:59:40 ┆ 286.39    ┆ 89.52  │
│ 2024-08-12 23:59:50 ┆ 286.37    ┆ 89.66  │
│ 2024-08-13 00:00:00 ┆ 286.35    ┆ 89.92  │
└─────────────────────┴───────────┴────────┘
[INFO] Correcting the 'time' variable in the NetCDF file.
<class 'netCDF4.Variable'>
float64 time(time)
    units: seconds since 1970-01-01 00:00:00
    standard_name: time
    long_name: Time (seconds since 1970-01-01 00:00:00)
    axis: T
    valid_min: 1723420810.0
    valid_max: 1723507200.0
    calendar: standard
unlimited dimensions: 
current shape = (8640,)
filling on, default _FillValue of 9.969209968386869e+36 used
Flagged 0 points where air_temperature < 245.0K as bad data (qc_flag = 2).
Found 0 points already flagged as bad data (flag=2)
QC flags successfully added to /gws/pw/j07/ncas_obs_vol2/cao/processing/ncas-temperature-rh-1/data/long-term/level1d/2024/stfc-temperature-rh-1_cao_20240812_surface-met_v1.1.nc.
Updated time units to 'seconds since 1970-01-01 00:00:00' in /gws/pw/j07/ncas_obs_vol2/cao/processing/ncas-temperature-rh-1/data/long-term/level1d/2024/stfc-temperature-rh-1_cao_20240812_surface-met_v1.1.nc
/gws/pw/j07/ncas_obs_vol2/cao/raw_data/met_cao/data/long-term/2024/202408/CR1000XSeries_Chilbolton_Rxcabinmet1_20240813.dat
Parsed column names: ['TIMESTAMP', 'RECORD', 'BattV_Avg', 'PTemp_C_Avg', 'Air_T_Avg', 'RH_Avg', 'BP_mbar_Avg', 'WS_Avg', 'WD_Avg', 'SlrW_Avg', 'rg001dc_ch_Tot', 'rg006dc_ch_Tot', 'rg008dc_ch_Tot', 'rg009dc_ch_Tot', 'rg004tb_ch_Tot']
shape: (8_640, 3)
┌─────────────────────┬───────────┬────────┐
│ TIMESTAMP           ┆ Air_T_Avg ┆ RH_Avg │
│ ---                 ┆ ---       ┆ ---    │
│ datetime[μs]        ┆ f64       ┆ f64    │
╞═════════════════════╪═══════════╪════════╡
│ 2024-08-13 00:00:10 ┆ 286.33    ┆ 90.28  │
│ 2024-08-13 00:00:20 ┆ 286.33    ┆ 90.36  │
│ 2024-08-13 00:00:30 ┆ 286.31    ┆ 90.26  │
│ 2024-08-13 00:00:40 ┆ 286.29    ┆ 90.18  │
│ 2024-08-13 00:00:50 ┆ 286.27    ┆ 90.12  │
│ …                   ┆ …         ┆ …      │
│ 2024-08-13 23:59:20 ┆ 289.99    ┆ 89.48  │
│ 2024-08-13 23:59:30 ┆ 289.99    ┆ 89.6   │
│ 2024-08-13 23:59:40 ┆ 289.99    ┆ 89.74  │
│ 2024-08-13 23:59:50 ┆ 289.99    ┆ 89.86  │
│ 2024-08-14 00:00:00 ┆ 289.99    ┆ 89.92  │
└─────────────────────┴───────────┴────────┘
[INFO] Correcting the 'time' variable in the NetCDF file.
<class 'netCDF4.Variable'>
float64 time(time)
    units: seconds since 1970-01-01 00:00:00
    standard_name: time
    long_name: Time (seconds since 1970-01-01 00:00:00)
    axis: T
    valid_min: 1723507210.0
    valid_max: 1723593600.0
    calendar: standard
unlimited dimensions: 
current shape = (8640,)
filling on, default _FillValue of 9.969209968386869e+36 used
Flagged 0 points where air_temperature < 245.0K as bad data (qc_flag = 2).
Found 0 points already flagged as bad data (flag=2)
QC flags successfully added to /gws/pw/j07/ncas_obs_vol2/cao/processing/ncas-temperature-rh-1/data/long-term/level1d/2024/stfc-temperature-rh-1_cao_20240813_surface-met_v1.1.nc.
Updated time units to 'seconds since 1970-01-01 00:00:00' in /gws/pw/j07/ncas_obs_vol2/cao/processing/ncas-temperature-rh-1/data/long-term/level1d/2024/stfc-temperature-rh-1_cao_20240813_surface-met_v1.1.nc
/gws/pw/j07/ncas_obs_vol2/cao/raw_data/met_cao/data/long-term/2024/202408/CR1000XSeries_Chilbolton_Rxcabinmet1_20240814.dat
Parsed column names: ['TIMESTAMP', 'RECORD', 'BattV_Avg', 'PTemp_C_Avg', 'Air_T_Avg', 'RH_Avg', 'BP_mbar_Avg', 'WS_Avg', 'WD_Avg', 'SlrW_Avg', 'rg001dc_ch_Tot', 'rg006dc_ch_Tot', 'rg008dc_ch_Tot', 'rg009dc_ch_Tot', 'rg004tb_ch_Tot']
shape: (8_640, 3)
┌─────────────────────┬───────────┬────────┐
│ TIMESTAMP           ┆ Air_T_Avg ┆ RH_Avg │
│ ---                 ┆ ---       ┆ ---    │
│ datetime[μs]        ┆ f64       ┆ f64    │
╞═════════════════════╪═══════════╪════════╡
│ 2024-08-14 00:00:10 ┆ 289.99    ┆ 89.82  │
│ 2024-08-14 00:00:20 ┆ 289.99    ┆ 89.72  │
│ 2024-08-14 00:00:30 ┆ 289.99    ┆ 89.68  │
│ 2024-08-14 00:00:40 ┆ 289.99    ┆ 89.64  │
│ 2024-08-14 00:00:50 ┆ 289.99    ┆ 89.62  │
│ …                   ┆ …         ┆ …      │
│ 2024-08-14 23:59:20 ┆ 285.69    ┆ 93.5   │
│ 2024-08-14 23:59:30 ┆ 285.69    ┆ 93.56  │
│ 2024-08-14 23:59:40 ┆ 285.69    ┆ 93.56  │
│ 2024-08-14 23:59:50 ┆ 285.73    ┆ 93.54  │
│ 2024-08-15 00:00:00 ┆ 285.77    ┆ 93.32  │
└─────────────────────┴───────────┴────────┘
[INFO] Correcting the 'time' variable in the NetCDF file.
<class 'netCDF4.Variable'>
float64 time(time)
    units: seconds since 1970-01-01 00:00:00
    standard_name: time
    long_name: Time (seconds since 1970-01-01 00:00:00)
    axis: T
    valid_min: 1723593610.0
    valid_max: 1723680000.0
    calendar: standard
unlimited dimensions: 
current shape = (8640,)
filling on, default _FillValue of 9.969209968386869e+36 used
Flagged 0 points where air_temperature < 245.0K as bad data (qc_flag = 2).
Found 0 points already flagged as bad data (flag=2)
QC flags successfully added to /gws/pw/j07/ncas_obs_vol2/cao/processing/ncas-temperature-rh-1/data/long-term/level1d/2024/stfc-temperature-rh-1_cao_20240814_surface-met_v1.1.nc.
Updated time units to 'seconds since 1970-01-01 00:00:00' in /gws/pw/j07/ncas_obs_vol2/cao/processing/ncas-temperature-rh-1/data/long-term/level1d/2024/stfc-temperature-rh-1_cao_20240814_surface-met_v1.1.nc
/gws/pw/j07/ncas_obs_vol2/cao/raw_data/met_cao/data/long-term/2024/202408/CR1000XSeries_Chilbolton_Rxcabinmet1_20240815.dat
Parsed column names: ['TIMESTAMP', 'RECORD', 'BattV_Avg', 'PTemp_C_Avg', 'Air_T_Avg', 'RH_Avg', 'BP_mbar_Avg', 'WS_Avg', 'WD_Avg', 'SlrW_Avg', 'rg001dc_ch_Tot', 'rg006dc_ch_Tot', 'rg008dc_ch_Tot', 'rg009dc_ch_Tot', 'rg004tb_ch_Tot']
shape: (8_640, 3)
┌─────────────────────┬───────────┬────────┐
│ TIMESTAMP           ┆ Air_T_Avg ┆ RH_Avg │
│ ---                 ┆ ---       ┆ ---    │
│ datetime[μs]        ┆ f64       ┆ f64    │
╞═════════════════════╪═══════════╪════════╡
│ 2024-08-15 00:00:10 ┆ 285.79    ┆ 93.34  │
│ 2024-08-15 00:00:20 ┆ 285.79    ┆ 93.46  │
│ 2024-08-15 00:00:30 ┆ 285.77    ┆ 93.58  │
│ 2024-08-15 00:00:40 ┆ 285.75    ┆ 93.48  │
│ 2024-08-15 00:00:50 ┆ 285.73    ┆ 93.44  │
│ …                   ┆ …         ┆ …      │
│ 2024-08-15 23:59:20 ┆ 291.15    ┆ 98.92  │
│ 2024-08-15 23:59:30 ┆ 291.15    ┆ 98.68  │
│ 2024-08-15 23:59:40 ┆ 291.15    ┆ 98.54  │
│ 2024-08-15 23:59:50 ┆ 291.15    ┆ 98.16  │
│ 2024-08-16 00:00:00 ┆ 291.15    ┆ 98.16  │
└─────────────────────┴───────────┴────────┘
[INFO] Correcting the 'time' variable in the NetCDF file.
<class 'netCDF4.Variable'>
float64 time(time)
    units: seconds since 1970-01-01 00:00:00
    standard_name: time
    long_name: Time (seconds since 1970-01-01 00:00:00)
    axis: T
    valid_min: 1723680010.0
    valid_max: 1723766400.0
    calendar: standard
unlimited dimensions: 
current shape = (8640,)
filling on, default _FillValue of 9.969209968386869e+36 used
Flagged 0 points where air_temperature < 245.0K as bad data (qc_flag = 2).
Found 0 points already flagged as bad data (flag=2)
QC flags successfully added to /gws/pw/j07/ncas_obs_vol2/cao/processing/ncas-temperature-rh-1/data/long-term/level1d/2024/stfc-temperature-rh-1_cao_20240815_surface-met_v1.1.nc.
Updated time units to 'seconds since 1970-01-01 00:00:00' in /gws/pw/j07/ncas_obs_vol2/cao/processing/ncas-temperature-rh-1/data/long-term/level1d/2024/stfc-temperature-rh-1_cao_20240815_surface-met_v1.1.nc
/gws/pw/j07/ncas_obs_vol2/cao/raw_data/met_cao/data/long-term/2024/202408/CR1000XSeries_Chilbolton_Rxcabinmet1_20240816.dat
Parsed column names: ['TIMESTAMP', 'RECORD', 'BattV_Avg', 'PTemp_C_Avg', 'Air_T_Avg', 'RH_Avg', 'BP_mbar_Avg', 'WS_Avg', 'WD_Avg', 'SlrW_Avg', 'rg001dc_ch_Tot', 'rg006dc_ch_Tot', 'rg008dc_ch_Tot', 'rg009dc_ch_Tot', 'rg004tb_ch_Tot']
shape: (8_640, 3)
┌─────────────────────┬───────────┬────────┐
│ TIMESTAMP           ┆ Air_T_Avg ┆ RH_Avg │
│ ---                 ┆ ---       ┆ ---    │
│ datetime[μs]        ┆ f64       ┆ f64    │
╞═════════════════════╪═══════════╪════════╡
│ 2024-08-16 00:00:10 ┆ 291.17    ┆ 98.34  │
│ 2024-08-16 00:00:20 ┆ 291.13    ┆ 98.52  │
│ 2024-08-16 00:00:30 ┆ 291.15    ┆ 98.8   │
│ 2024-08-16 00:00:40 ┆ 291.15    ┆ 99.06  │
│ 2024-08-16 00:00:50 ┆ 291.15    ┆ 99.06  │
│ …                   ┆ …         ┆ …      │
│ 2024-08-16 23:59:20 ┆ 285.69    ┆ 87.96  │
│ 2024-08-16 23:59:30 ┆ 285.69    ┆ 88.08  │
│ 2024-08-16 23:59:40 ┆ 285.67    ┆ 88.3   │
│ 2024-08-16 23:59:50 ┆ 285.67    ┆ 88.42  │
│ 2024-08-17 00:00:00 ┆ 285.67    ┆ 88.92  │
└─────────────────────┴───────────┴────────┘
[INFO] Correcting the 'time' variable in the NetCDF file.
<class 'netCDF4.Variable'>
float64 time(time)
    units: seconds since 1970-01-01 00:00:00
    standard_name: time
    long_name: Time (seconds since 1970-01-01 00:00:00)
    axis: T
    valid_min: 1723766410.0
    valid_max: 1723852800.0
    calendar: standard
unlimited dimensions: 
current shape = (8640,)
filling on, default _FillValue of 9.969209968386869e+36 used
Flagged 0 points where air_temperature < 245.0K as bad data (qc_flag = 2).
Found 0 points already flagged as bad data (flag=2)
QC flags successfully added to /gws/pw/j07/ncas_obs_vol2/cao/processing/ncas-temperature-rh-1/data/long-term/level1d/2024/stfc-temperature-rh-1_cao_20240816_surface-met_v1.1.nc.
Updated time units to 'seconds since 1970-01-01 00:00:00' in /gws/pw/j07/ncas_obs_vol2/cao/processing/ncas-temperature-rh-1/data/long-term/level1d/2024/stfc-temperature-rh-1_cao_20240816_surface-met_v1.1.nc
/gws/pw/j07/ncas_obs_vol2/cao/raw_data/met_cao/data/long-term/2024/202408/CR1000XSeries_Chilbolton_Rxcabinmet1_20240817.dat
Parsed column names: ['TIMESTAMP', 'RECORD', 'BattV_Avg', 'PTemp_C_Avg', 'Air_T_Avg', 'RH_Avg', 'BP_mbar_Avg', 'WS_Avg', 'WD_Avg', 'SlrW_Avg', 'rg001dc_ch_Tot', 'rg006dc_ch_Tot', 'rg008dc_ch_Tot', 'rg009dc_ch_Tot', 'rg004tb_ch_Tot']
shape: (8_640, 3)
┌─────────────────────┬───────────┬────────┐
│ TIMESTAMP           ┆ Air_T_Avg ┆ RH_Avg │
│ ---                 ┆ ---       ┆ ---    │
│ datetime[μs]        ┆ f64       ┆ f64    │
╞═════════════════════╪═══════════╪════════╡
│ 2024-08-17 00:00:10 ┆ 285.65    ┆ 89.22  │
│ 2024-08-17 00:00:20 ┆ 285.65    ┆ 89.08  │
│ 2024-08-17 00:00:30 ┆ 285.65    ┆ 88.84  │
│ 2024-08-17 00:00:40 ┆ 285.71    ┆ 88.32  │
│ 2024-08-17 00:00:50 ┆ 285.71    ┆ 88.06  │
│ …                   ┆ …         ┆ …      │
│ 2024-08-17 23:59:20 ┆ 288.01    ┆ 79.78  │
│ 2024-08-17 23:59:30 ┆ 288.01    ┆ 79.68  │
│ 2024-08-17 23:59:40 ┆ 288.03    ┆ 79.48  │
│ 2024-08-17 23:59:50 ┆ 288.03    ┆ 79.42  │
│ 2024-08-18 00:00:00 ┆ 288.03    ┆ 79.48  │
└─────────────────────┴───────────┴────────┘
[INFO] Correcting the 'time' variable in the NetCDF file.
<class 'netCDF4.Variable'>
float64 time(time)
    units: seconds since 1970-01-01 00:00:00
    standard_name: time
    long_name: Time (seconds since 1970-01-01 00:00:00)
    axis: T
    valid_min: 1723852810.0
    valid_max: 1723939200.0
    calendar: standard
unlimited dimensions: 
current shape = (8640,)
filling on, default _FillValue of 9.969209968386869e+36 used
Flagged 0 points where air_temperature < 245.0K as bad data (qc_flag = 2).
Found 0 points already flagged as bad data (flag=2)
QC flags successfully added to /gws/pw/j07/ncas_obs_vol2/cao/processing/ncas-temperature-rh-1/data/long-term/level1d/2024/stfc-temperature-rh-1_cao_20240817_surface-met_v1.1.nc.
Updated time units to 'seconds since 1970-01-01 00:00:00' in /gws/pw/j07/ncas_obs_vol2/cao/processing/ncas-temperature-rh-1/data/long-term/level1d/2024/stfc-temperature-rh-1_cao_20240817_surface-met_v1.1.nc
/gws/pw/j07/ncas_obs_vol2/cao/raw_data/met_cao/data/long-term/2024/202408/CR1000XSeries_Chilbolton_Rxcabinmet1_20240818.dat
Parsed column names: ['TIMESTAMP', 'RECORD', 'BattV_Avg', 'PTemp_C_Avg', 'Air_T_Avg', 'RH_Avg', 'BP_mbar_Avg', 'WS_Avg', 'WD_Avg', 'SlrW_Avg', 'rg001dc_ch_Tot', 'rg006dc_ch_Tot', 'rg008dc_ch_Tot', 'rg009dc_ch_Tot', 'rg004tb_ch_Tot']
shape: (8_640, 3)
┌─────────────────────┬───────────┬────────┐
│ TIMESTAMP           ┆ Air_T_Avg ┆ RH_Avg │
│ ---                 ┆ ---       ┆ ---    │
│ datetime[μs]        ┆ f64       ┆ f64    │
╞═════════════════════╪═══════════╪════════╡
│ 2024-08-18 00:00:10 ┆ 288.03    ┆ 79.64  │
│ 2024-08-18 00:00:20 ┆ 288.03    ┆ 79.72  │
│ 2024-08-18 00:00:30 ┆ 288.03    ┆ 79.7   │
│ 2024-08-18 00:00:40 ┆ 288.03    ┆ 79.68  │
│ 2024-08-18 00:00:50 ┆ 288.03    ┆ 79.5   │
│ …                   ┆ …         ┆ …      │
│ 2024-08-18 23:59:20 ┆ 284.41    ┆ 96.4   │
│ 2024-08-18 23:59:30 ┆ 284.41    ┆ 96.42  │
│ 2024-08-18 23:59:40 ┆ 284.41    ┆ 96.52  │
│ 2024-08-18 23:59:50 ┆ 284.41    ┆ 96.74  │
│ 2024-08-19 00:00:00 ┆ 284.39    ┆ 96.9   │
└─────────────────────┴───────────┴────────┘
[INFO] Correcting the 'time' variable in the NetCDF file.
<class 'netCDF4.Variable'>
float64 time(time)
    units: seconds since 1970-01-01 00:00:00
    standard_name: time
    long_name: Time (seconds since 1970-01-01 00:00:00)
    axis: T
    valid_min: 1723939210.0
    valid_max: 1724025600.0
    calendar: standard
unlimited dimensions: 
current shape = (8640,)
filling on, default _FillValue of 9.969209968386869e+36 used
Flagged 0 points where air_temperature < 245.0K as bad data (qc_flag = 2).
Found 0 points already flagged as bad data (flag=2)
QC flags successfully added to /gws/pw/j07/ncas_obs_vol2/cao/processing/ncas-temperature-rh-1/data/long-term/level1d/2024/stfc-temperature-rh-1_cao_20240818_surface-met_v1.1.nc.
Updated time units to 'seconds since 1970-01-01 00:00:00' in /gws/pw/j07/ncas_obs_vol2/cao/processing/ncas-temperature-rh-1/data/long-term/level1d/2024/stfc-temperature-rh-1_cao_20240818_surface-met_v1.1.nc
/gws/pw/j07/ncas_obs_vol2/cao/raw_data/met_cao/data/long-term/2024/202408/CR1000XSeries_Chilbolton_Rxcabinmet1_20240819.dat
Parsed column names: ['TIMESTAMP', 'RECORD', 'BattV_Avg', 'PTemp_C_Avg', 'Air_T_Avg', 'RH_Avg', 'BP_mbar_Avg', 'WS_Avg', 'WD_Avg', 'SlrW_Avg', 'rg001dc_ch_Tot', 'rg006dc_ch_Tot', 'rg008dc_ch_Tot', 'rg009dc_ch_Tot', 'rg004tb_ch_Tot']
shape: (8_640, 3)
┌─────────────────────┬───────────┬────────┐
│ TIMESTAMP           ┆ Air_T_Avg ┆ RH_Avg │
│ ---                 ┆ ---       ┆ ---    │
│ datetime[μs]        ┆ f64       ┆ f64    │
╞═════════════════════╪═══════════╪════════╡
│ 2024-08-19 00:00:10 ┆ 284.37    ┆ 96.98  │
│ 2024-08-19 00:00:20 ┆ 284.35    ┆ 96.98  │
│ 2024-08-19 00:00:30 ┆ 284.35    ┆ 96.88  │
│ 2024-08-19 00:00:40 ┆ 284.33    ┆ 96.76  │
│ 2024-08-19 00:00:50 ┆ 284.31    ┆ 96.58  │
│ …                   ┆ …         ┆ …      │
│ 2024-08-19 23:59:20 ┆ 289.87    ┆ 97.08  │
│ 2024-08-19 23:59:30 ┆ 289.87    ┆ 97.0   │
│ 2024-08-19 23:59:40 ┆ 289.87    ┆ 96.94  │
│ 2024-08-19 23:59:50 ┆ 289.85    ┆ 96.86  │
│ 2024-08-20 00:00:00 ┆ 289.87    ┆ 96.8   │
└─────────────────────┴───────────┴────────┘
[INFO] Correcting the 'time' variable in the NetCDF file.
<class 'netCDF4.Variable'>
float64 time(time)
    units: seconds since 1970-01-01 00:00:00
    standard_name: time
    long_name: Time (seconds since 1970-01-01 00:00:00)
    axis: T
    valid_min: 1724025610.0
    valid_max: 1724112000.0
    calendar: standard
unlimited dimensions: 
current shape = (8640,)
filling on, default _FillValue of 9.969209968386869e+36 used
Flagged 0 points where air_temperature < 245.0K as bad data (qc_flag = 2).
Found 0 points already flagged as bad data (flag=2)
QC flags successfully added to /gws/pw/j07/ncas_obs_vol2/cao/processing/ncas-temperature-rh-1/data/long-term/level1d/2024/stfc-temperature-rh-1_cao_20240819_surface-met_v1.1.nc.
Updated time units to 'seconds since 1970-01-01 00:00:00' in /gws/pw/j07/ncas_obs_vol2/cao/processing/ncas-temperature-rh-1/data/long-term/level1d/2024/stfc-temperature-rh-1_cao_20240819_surface-met_v1.1.nc
/gws/pw/j07/ncas_obs_vol2/cao/raw_data/met_cao/data/long-term/2024/202408/CR1000XSeries_Chilbolton_Rxcabinmet1_20240820.dat
Parsed column names: ['TIMESTAMP', 'RECORD', 'BattV_Avg', 'PTemp_C_Avg', 'Air_T_Avg', 'RH_Avg', 'BP_mbar_Avg', 'WS_Avg', 'WD_Avg', 'SlrW_Avg', 'rg001dc_ch_Tot', 'rg006dc_ch_Tot', 'rg008dc_ch_Tot', 'rg009dc_ch_Tot', 'rg004tb_ch_Tot']
shape: (8_640, 3)
┌─────────────────────┬───────────┬────────┐
│ TIMESTAMP           ┆ Air_T_Avg ┆ RH_Avg │
│ ---                 ┆ ---       ┆ ---    │
│ datetime[μs]        ┆ f64       ┆ f64    │
╞═════════════════════╪═══════════╪════════╡
│ 2024-08-20 00:00:10 ┆ 289.87    ┆ 96.62  │
│ 2024-08-20 00:00:20 ┆ 289.87    ┆ 96.38  │
│ 2024-08-20 00:00:30 ┆ 289.87    ┆ 96.32  │
│ 2024-08-20 00:00:40 ┆ 289.87    ┆ 96.38  │
│ 2024-08-20 00:00:50 ┆ 289.87    ┆ 96.46  │
│ …                   ┆ …         ┆ …      │
│ 2024-08-20 23:59:20 ┆ 283.51    ┆ 89.44  │
│ 2024-08-20 23:59:30 ┆ 283.51    ┆ 89.56  │
│ 2024-08-20 23:59:40 ┆ 283.51    ┆ 89.64  │
│ 2024-08-20 23:59:50 ┆ 283.51    ┆ 89.66  │
│ 2024-08-21 00:00:00 ┆ 283.53    ┆ 89.6   │
└─────────────────────┴───────────┴────────┘
[INFO] Correcting the 'time' variable in the NetCDF file.
<class 'netCDF4.Variable'>
float64 time(time)
    units: seconds since 1970-01-01 00:00:00
    standard_name: time
    long_name: Time (seconds since 1970-01-01 00:00:00)
    axis: T
    valid_min: 1724112010.0
    valid_max: 1724198400.0
    calendar: standard
unlimited dimensions: 
current shape = (8640,)
filling on, default _FillValue of 9.969209968386869e+36 used
Flagged 0 points where air_temperature < 245.0K as bad data (qc_flag = 2).
Found 0 points already flagged as bad data (flag=2)
QC flags successfully added to /gws/pw/j07/ncas_obs_vol2/cao/processing/ncas-temperature-rh-1/data/long-term/level1d/2024/stfc-temperature-rh-1_cao_20240820_surface-met_v1.1.nc.
Updated time units to 'seconds since 1970-01-01 00:00:00' in /gws/pw/j07/ncas_obs_vol2/cao/processing/ncas-temperature-rh-1/data/long-term/level1d/2024/stfc-temperature-rh-1_cao_20240820_surface-met_v1.1.nc
/gws/pw/j07/ncas_obs_vol2/cao/raw_data/met_cao/data/long-term/2024/202408/CR1000XSeries_Chilbolton_Rxcabinmet1_20240821.dat
Parsed column names: ['TIMESTAMP', 'RECORD', 'BattV_Avg', 'PTemp_C_Avg', 'Air_T_Avg', 'RH_Avg', 'BP_mbar_Avg', 'WS_Avg', 'WD_Avg', 'SlrW_Avg', 'rg001dc_ch_Tot', 'rg006dc_ch_Tot', 'rg008dc_ch_Tot', 'rg009dc_ch_Tot', 'rg004tb_ch_Tot']
shape: (8_640, 3)
┌─────────────────────┬───────────┬────────┐
│ TIMESTAMP           ┆ Air_T_Avg ┆ RH_Avg │
│ ---                 ┆ ---       ┆ ---    │
│ datetime[μs]        ┆ f64       ┆ f64    │
╞═════════════════════╪═══════════╪════════╡
│ 2024-08-21 00:00:10 ┆ 283.53    ┆ 89.54  │
│ 2024-08-21 00:00:20 ┆ 283.55    ┆ 89.54  │
│ 2024-08-21 00:00:30 ┆ 283.57    ┆ 89.5   │
│ 2024-08-21 00:00:40 ┆ 283.57    ┆ 89.58  │
│ 2024-08-21 00:00:50 ┆ 283.57    ┆ 89.72  │
│ …                   ┆ …         ┆ …      │
│ 2024-08-21 23:59:20 ┆ 288.63    ┆ 78.46  │
│ 2024-08-21 23:59:30 ┆ 288.65    ┆ 78.52  │
│ 2024-08-21 23:59:40 ┆ 288.63    ┆ 78.62  │
│ 2024-08-21 23:59:50 ┆ 288.63    ┆ 78.66  │
│ 2024-08-22 00:00:00 ┆ 288.61    ┆ 78.68  │
└─────────────────────┴───────────┴────────┘
[INFO] Correcting the 'time' variable in the NetCDF file.
<class 'netCDF4.Variable'>
float64 time(time)
    units: seconds since 1970-01-01 00:00:00
    standard_name: time
    long_name: Time (seconds since 1970-01-01 00:00:00)
    axis: T
    valid_min: 1724198410.0
    valid_max: 1724284800.0
    calendar: standard
unlimited dimensions: 
current shape = (8640,)
filling on, default _FillValue of 9.969209968386869e+36 used
Flagged 0 points where air_temperature < 245.0K as bad data (qc_flag = 2).
Found 0 points already flagged as bad data (flag=2)
QC flags successfully added to /gws/pw/j07/ncas_obs_vol2/cao/processing/ncas-temperature-rh-1/data/long-term/level1d/2024/stfc-temperature-rh-1_cao_20240821_surface-met_v1.1.nc.
Updated time units to 'seconds since 1970-01-01 00:00:00' in /gws/pw/j07/ncas_obs_vol2/cao/processing/ncas-temperature-rh-1/data/long-term/level1d/2024/stfc-temperature-rh-1_cao_20240821_surface-met_v1.1.nc
/gws/pw/j07/ncas_obs_vol2/cao/raw_data/met_cao/data/long-term/2024/202408/CR1000XSeries_Chilbolton_Rxcabinmet1_20240822.dat
Parsed column names: ['TIMESTAMP', 'RECORD', 'BattV_Avg', 'PTemp_C_Avg', 'Air_T_Avg', 'RH_Avg', 'BP_mbar_Avg', 'WS_Avg', 'WD_Avg', 'SlrW_Avg', 'rg001dc_ch_Tot', 'rg006dc_ch_Tot', 'rg008dc_ch_Tot', 'rg009dc_ch_Tot', 'rg004tb_ch_Tot']
shape: (8_640, 3)
┌─────────────────────┬───────────┬────────┐
│ TIMESTAMP           ┆ Air_T_Avg ┆ RH_Avg │
│ ---                 ┆ ---       ┆ ---    │
│ datetime[μs]        ┆ f64       ┆ f64    │
╞═════════════════════╪═══════════╪════════╡
│ 2024-08-22 00:00:10 ┆ 288.61    ┆ 78.6   │
│ 2024-08-22 00:00:20 ┆ 288.61    ┆ 78.52  │
│ 2024-08-22 00:00:30 ┆ 288.63    ┆ 78.4   │
│ 2024-08-22 00:00:40 ┆ 288.63    ┆ 78.34  │
│ 2024-08-22 00:00:50 ┆ 288.63    ┆ 78.32  │
│ …                   ┆ …         ┆ …      │
│ 2024-08-22 23:59:20 ┆ 289.75    ┆ 88.06  │
│ 2024-08-22 23:59:30 ┆ 289.75    ┆ 87.88  │
│ 2024-08-22 23:59:40 ┆ 289.75    ┆ 87.54  │
│ 2024-08-22 23:59:50 ┆ 289.75    ┆ 87.34  │
│ 2024-08-23 00:00:00 ┆ 289.75    ┆ 87.16  │
└─────────────────────┴───────────┴────────┘
[INFO] Correcting the 'time' variable in the NetCDF file.
<class 'netCDF4.Variable'>
float64 time(time)
    units: seconds since 1970-01-01 00:00:00
    standard_name: time
    long_name: Time (seconds since 1970-01-01 00:00:00)
    axis: T
    valid_min: 1724284810.0
    valid_max: 1724371200.0
    calendar: standard
unlimited dimensions: 
current shape = (8640,)
filling on, default _FillValue of 9.969209968386869e+36 used
Flagged 0 points where air_temperature < 245.0K as bad data (qc_flag = 2).
Found 0 points already flagged as bad data (flag=2)
QC flags successfully added to /gws/pw/j07/ncas_obs_vol2/cao/processing/ncas-temperature-rh-1/data/long-term/level1d/2024/stfc-temperature-rh-1_cao_20240822_surface-met_v1.1.nc.
Updated time units to 'seconds since 1970-01-01 00:00:00' in /gws/pw/j07/ncas_obs_vol2/cao/processing/ncas-temperature-rh-1/data/long-term/level1d/2024/stfc-temperature-rh-1_cao_20240822_surface-met_v1.1.nc
/gws/pw/j07/ncas_obs_vol2/cao/raw_data/met_cao/data/long-term/2024/202408/CR1000XSeries_Chilbolton_Rxcabinmet1_20240823.dat
Parsed column names: ['TIMESTAMP', 'RECORD', 'BattV_Avg', 'PTemp_C_Avg', 'Air_T_Avg', 'RH_Avg', 'BP_mbar_Avg', 'WS_Avg', 'WD_Avg', 'SlrW_Avg', 'rg001dc_ch_Tot', 'rg006dc_ch_Tot', 'rg008dc_ch_Tot', 'rg009dc_ch_Tot', 'rg004tb_ch_Tot']
shape: (8_640, 3)
┌─────────────────────┬───────────┬────────┐
│ TIMESTAMP           ┆ Air_T_Avg ┆ RH_Avg │
│ ---                 ┆ ---       ┆ ---    │
│ datetime[μs]        ┆ f64       ┆ f64    │
╞═════════════════════╪═══════════╪════════╡
│ 2024-08-23 00:00:10 ┆ 289.75    ┆ 87.12  │
│ 2024-08-23 00:00:20 ┆ 289.77    ┆ 87.16  │
│ 2024-08-23 00:00:30 ┆ 289.77    ┆ 87.3   │
│ 2024-08-23 00:00:40 ┆ 289.77    ┆ 87.32  │
│ 2024-08-23 00:00:50 ┆ 289.77    ┆ 87.48  │
│ …                   ┆ …         ┆ …      │
│ 2024-08-23 23:59:20 ┆ 287.71    ┆ 82.6   │
│ 2024-08-23 23:59:30 ┆ 287.71    ┆ 82.56  │
│ 2024-08-23 23:59:40 ┆ 287.73    ┆ 82.5   │
│ 2024-08-23 23:59:50 ┆ 287.71    ┆ 82.48  │
│ 2024-08-24 00:00:00 ┆ 287.71    ┆ 82.54  │
└─────────────────────┴───────────┴────────┘
[INFO] Correcting the 'time' variable in the NetCDF file.
<class 'netCDF4.Variable'>
float64 time(time)
    units: seconds since 1970-01-01 00:00:00
    standard_name: time
    long_name: Time (seconds since 1970-01-01 00:00:00)
    axis: T
    valid_min: 1724371210.0
    valid_max: 1724457600.0
    calendar: standard
unlimited dimensions: 
current shape = (8640,)
filling on, default _FillValue of 9.969209968386869e+36 used
Flagged 0 points where air_temperature < 245.0K as bad data (qc_flag = 2).
Found 0 points already flagged as bad data (flag=2)
QC flags successfully added to /gws/pw/j07/ncas_obs_vol2/cao/processing/ncas-temperature-rh-1/data/long-term/level1d/2024/stfc-temperature-rh-1_cao_20240823_surface-met_v1.1.nc.
Updated time units to 'seconds since 1970-01-01 00:00:00' in /gws/pw/j07/ncas_obs_vol2/cao/processing/ncas-temperature-rh-1/data/long-term/level1d/2024/stfc-temperature-rh-1_cao_20240823_surface-met_v1.1.nc
/gws/pw/j07/ncas_obs_vol2/cao/raw_data/met_cao/data/long-term/2024/202408/CR1000XSeries_Chilbolton_Rxcabinmet1_20240824.dat
Parsed column names: ['TIMESTAMP', 'RECORD', 'BattV_Avg', 'PTemp_C_Avg', 'Air_T_Avg', 'RH_Avg', 'BP_mbar_Avg', 'WS_Avg', 'WD_Avg', 'SlrW_Avg', 'rg001dc_ch_Tot', 'rg006dc_ch_Tot', 'rg008dc_ch_Tot', 'rg009dc_ch_Tot', 'rg004tb_ch_Tot']
shape: (8_640, 3)
┌─────────────────────┬───────────┬────────┐
│ TIMESTAMP           ┆ Air_T_Avg ┆ RH_Avg │
│ ---                 ┆ ---       ┆ ---    │
│ datetime[μs]        ┆ f64       ┆ f64    │
╞═════════════════════╪═══════════╪════════╡
│ 2024-08-24 00:00:10 ┆ 287.71    ┆ 82.74  │
│ 2024-08-24 00:00:20 ┆ 287.69    ┆ 82.98  │
│ 2024-08-24 00:00:30 ┆ 287.69    ┆ 83.04  │
│ 2024-08-24 00:00:40 ┆ 287.69    ┆ 83.08  │
│ 2024-08-24 00:00:50 ┆ 287.69    ┆ 83.14  │
│ …                   ┆ …         ┆ …      │
│ 2024-08-24 23:59:20 ┆ 283.93    ┆ 86.56  │
│ 2024-08-24 23:59:30 ┆ 283.93    ┆ 86.42  │
│ 2024-08-24 23:59:40 ┆ 283.91    ┆ 86.12  │
│ 2024-08-24 23:59:50 ┆ 283.91    ┆ 85.92  │
│ 2024-08-25 00:00:00 ┆ 283.91    ┆ 85.94  │
└─────────────────────┴───────────┴────────┘
[INFO] Correcting the 'time' variable in the NetCDF file.
<class 'netCDF4.Variable'>
float64 time(time)
    units: seconds since 1970-01-01 00:00:00
    standard_name: time
    long_name: Time (seconds since 1970-01-01 00:00:00)
    axis: T
    valid_min: 1724457610.0
    valid_max: 1724544000.0
    calendar: standard
unlimited dimensions: 
current shape = (8640,)
filling on, default _FillValue of 9.969209968386869e+36 used
Flagged 0 points where air_temperature < 245.0K as bad data (qc_flag = 2).
Found 0 points already flagged as bad data (flag=2)
QC flags successfully added to /gws/pw/j07/ncas_obs_vol2/cao/processing/ncas-temperature-rh-1/data/long-term/level1d/2024/stfc-temperature-rh-1_cao_20240824_surface-met_v1.1.nc.
Updated time units to 'seconds since 1970-01-01 00:00:00' in /gws/pw/j07/ncas_obs_vol2/cao/processing/ncas-temperature-rh-1/data/long-term/level1d/2024/stfc-temperature-rh-1_cao_20240824_surface-met_v1.1.nc
/gws/pw/j07/ncas_obs_vol2/cao/raw_data/met_cao/data/long-term/2024/202408/CR1000XSeries_Chilbolton_Rxcabinmet1_20240825.dat
Parsed column names: ['TIMESTAMP', 'RECORD', 'BattV_Avg', 'PTemp_C_Avg', 'Air_T_Avg', 'RH_Avg', 'BP_mbar_Avg', 'WS_Avg', 'WD_Avg', 'SlrW_Avg', 'rg001dc_ch_Tot', 'rg006dc_ch_Tot', 'rg008dc_ch_Tot', 'rg009dc_ch_Tot', 'rg004tb_ch_Tot']
shape: (8_640, 3)
┌─────────────────────┬───────────┬────────┐
│ TIMESTAMP           ┆ Air_T_Avg ┆ RH_Avg │
│ ---                 ┆ ---       ┆ ---    │
│ datetime[μs]        ┆ f64       ┆ f64    │
╞═════════════════════╪═══════════╪════════╡
│ 2024-08-25 00:00:10 ┆ 283.89    ┆ 86.1   │
│ 2024-08-25 00:00:20 ┆ 283.91    ┆ 86.26  │
│ 2024-08-25 00:00:30 ┆ 283.91    ┆ 86.4   │
│ 2024-08-25 00:00:40 ┆ 283.91    ┆ 86.58  │
│ 2024-08-25 00:00:50 ┆ 283.91    ┆ 86.76  │
│ …                   ┆ …         ┆ …      │
│ 2024-08-25 23:59:20 ┆ 287.77    ┆ 92.28  │
│ 2024-08-25 23:59:30 ┆ 287.77    ┆ 92.2   │
│ 2024-08-25 23:59:40 ┆ 287.77    ┆ 92.08  │
│ 2024-08-25 23:59:50 ┆ 287.77    ┆ 91.98  │
│ 2024-08-26 00:00:00 ┆ 287.79    ┆ 91.92  │
└─────────────────────┴───────────┴────────┘
[INFO] Correcting the 'time' variable in the NetCDF file.
<class 'netCDF4.Variable'>
float64 time(time)
    units: seconds since 1970-01-01 00:00:00
    standard_name: time
    long_name: Time (seconds since 1970-01-01 00:00:00)
    axis: T
    valid_min: 1724544010.0
    valid_max: 1724630400.0
    calendar: standard
unlimited dimensions: 
current shape = (8640,)
filling on, default _FillValue of 9.969209968386869e+36 used
Flagged 0 points where air_temperature < 245.0K as bad data (qc_flag = 2).
Found 0 points already flagged as bad data (flag=2)
QC flags successfully added to /gws/pw/j07/ncas_obs_vol2/cao/processing/ncas-temperature-rh-1/data/long-term/level1d/2024/stfc-temperature-rh-1_cao_20240825_surface-met_v1.1.nc.
Updated time units to 'seconds since 1970-01-01 00:00:00' in /gws/pw/j07/ncas_obs_vol2/cao/processing/ncas-temperature-rh-1/data/long-term/level1d/2024/stfc-temperature-rh-1_cao_20240825_surface-met_v1.1.nc
/gws/pw/j07/ncas_obs_vol2/cao/raw_data/met_cao/data/long-term/2024/202408/CR1000XSeries_Chilbolton_Rxcabinmet1_20240826.dat
Parsed column names: ['TIMESTAMP', 'RECORD', 'BattV_Avg', 'PTemp_C_Avg', 'Air_T_Avg', 'RH_Avg', 'BP_mbar_Avg', 'WS_Avg', 'WD_Avg', 'SlrW_Avg', 'rg001dc_ch_Tot', 'rg006dc_ch_Tot', 'rg008dc_ch_Tot', 'rg009dc_ch_Tot', 'rg004tb_ch_Tot']
shape: (8_640, 3)
┌─────────────────────┬───────────┬────────┐
│ TIMESTAMP           ┆ Air_T_Avg ┆ RH_Avg │
│ ---                 ┆ ---       ┆ ---    │
│ datetime[μs]        ┆ f64       ┆ f64    │
╞═════════════════════╪═══════════╪════════╡
│ 2024-08-26 00:00:10 ┆ 287.79    ┆ 91.88  │
│ 2024-08-26 00:00:20 ┆ 287.79    ┆ 91.88  │
│ 2024-08-26 00:00:30 ┆ 287.79    ┆ 91.84  │
│ 2024-08-26 00:00:40 ┆ 287.79    ┆ 91.86  │
│ 2024-08-26 00:00:50 ┆ 287.79    ┆ 91.94  │
│ …                   ┆ …         ┆ …      │
│ 2024-08-26 23:59:20 ┆ 287.99    ┆ 98.28  │
│ 2024-08-26 23:59:30 ┆ 287.99    ┆ 98.1   │
│ 2024-08-26 23:59:40 ┆ 287.99    ┆ 97.9   │
│ 2024-08-26 23:59:50 ┆ 287.99    ┆ 97.86  │
│ 2024-08-27 00:00:00 ┆ 287.99    ┆ 97.92  │
└─────────────────────┴───────────┴────────┘
[INFO] Correcting the 'time' variable in the NetCDF file.
<class 'netCDF4.Variable'>
float64 time(time)
    units: seconds since 1970-01-01 00:00:00
    standard_name: time
    long_name: Time (seconds since 1970-01-01 00:00:00)
    axis: T
    valid_min: 1724630410.0
    valid_max: 1724716800.0
    calendar: standard
unlimited dimensions: 
current shape = (8640,)
filling on, default _FillValue of 9.969209968386869e+36 used
Flagged 0 points where air_temperature < 245.0K as bad data (qc_flag = 2).
Found 0 points already flagged as bad data (flag=2)
QC flags successfully added to /gws/pw/j07/ncas_obs_vol2/cao/processing/ncas-temperature-rh-1/data/long-term/level1d/2024/stfc-temperature-rh-1_cao_20240826_surface-met_v1.1.nc.
Updated time units to 'seconds since 1970-01-01 00:00:00' in /gws/pw/j07/ncas_obs_vol2/cao/processing/ncas-temperature-rh-1/data/long-term/level1d/2024/stfc-temperature-rh-1_cao_20240826_surface-met_v1.1.nc
/gws/pw/j07/ncas_obs_vol2/cao/raw_data/met_cao/data/long-term/2024/202408/CR1000XSeries_Chilbolton_Rxcabinmet1_20240827.dat
Parsed column names: ['TIMESTAMP', 'RECORD', 'BattV_Avg', 'PTemp_C_Avg', 'Air_T_Avg', 'RH_Avg', 'BP_mbar_Avg', 'WS_Avg', 'WD_Avg', 'SlrW_Avg', 'rg001dc_ch_Tot', 'rg006dc_ch_Tot', 'rg008dc_ch_Tot', 'rg009dc_ch_Tot', 'rg004tb_ch_Tot']
shape: (8_640, 3)
┌─────────────────────┬───────────┬────────┐
│ TIMESTAMP           ┆ Air_T_Avg ┆ RH_Avg │
│ ---                 ┆ ---       ┆ ---    │
│ datetime[μs]        ┆ f64       ┆ f64    │
╞═════════════════════╪═══════════╪════════╡
│ 2024-08-27 00:00:10 ┆ 287.99    ┆ 97.94  │
│ 2024-08-27 00:00:20 ┆ 288.03    ┆ 98.0   │
│ 2024-08-27 00:00:30 ┆ 288.03    ┆ 98.12  │
│ 2024-08-27 00:00:40 ┆ 288.07    ┆ 98.08  │
│ 2024-08-27 00:00:50 ┆ 288.11    ┆ 98.06  │
│ …                   ┆ …         ┆ …      │
│ 2024-08-27 23:59:20 ┆ 288.53    ┆ 86.32  │
│ 2024-08-27 23:59:30 ┆ 288.53    ┆ 86.3   │
│ 2024-08-27 23:59:40 ┆ 288.53    ┆ 86.24  │
│ 2024-08-27 23:59:50 ┆ 288.53    ┆ 86.04  │
│ 2024-08-28 00:00:00 ┆ 288.55    ┆ 85.9   │
└─────────────────────┴───────────┴────────┘
[INFO] Correcting the 'time' variable in the NetCDF file.
<class 'netCDF4.Variable'>
float64 time(time)
    units: seconds since 1970-01-01 00:00:00
    standard_name: time
    long_name: Time (seconds since 1970-01-01 00:00:00)
    axis: T
    valid_min: 1724716810.0
    valid_max: 1724803200.0
    calendar: standard
unlimited dimensions: 
current shape = (8640,)
filling on, default _FillValue of 9.969209968386869e+36 used
Flagged 0 points where air_temperature < 245.0K as bad data (qc_flag = 2).
Found 0 points already flagged as bad data (flag=2)
QC flags successfully added to /gws/pw/j07/ncas_obs_vol2/cao/processing/ncas-temperature-rh-1/data/long-term/level1d/2024/stfc-temperature-rh-1_cao_20240827_surface-met_v1.1.nc.
Updated time units to 'seconds since 1970-01-01 00:00:00' in /gws/pw/j07/ncas_obs_vol2/cao/processing/ncas-temperature-rh-1/data/long-term/level1d/2024/stfc-temperature-rh-1_cao_20240827_surface-met_v1.1.nc
/gws/pw/j07/ncas_obs_vol2/cao/raw_data/met_cao/data/long-term/2024/202408/CR1000XSeries_Chilbolton_Rxcabinmet1_20240828.dat
Parsed column names: ['TIMESTAMP', 'RECORD', 'BattV_Avg', 'PTemp_C_Avg', 'Air_T_Avg', 'RH_Avg', 'BP_mbar_Avg', 'WS_Avg', 'WD_Avg', 'SlrW_Avg', 'rg001dc_ch_Tot', 'rg006dc_ch_Tot', 'rg008dc_ch_Tot', 'rg009dc_ch_Tot', 'rg004tb_ch_Tot']
shape: (8_640, 3)
┌─────────────────────┬───────────┬────────┐
│ TIMESTAMP           ┆ Air_T_Avg ┆ RH_Avg │
│ ---                 ┆ ---       ┆ ---    │
│ datetime[μs]        ┆ f64       ┆ f64    │
╞═════════════════════╪═══════════╪════════╡
│ 2024-08-28 00:00:10 ┆ 288.55    ┆ 85.78  │
│ 2024-08-28 00:00:20 ┆ 288.55    ┆ 85.76  │
│ 2024-08-28 00:00:30 ┆ 288.55    ┆ 85.76  │
│ 2024-08-28 00:00:40 ┆ 288.55    ┆ 85.86  │
│ 2024-08-28 00:00:50 ┆ 288.55    ┆ 85.88  │
│ …                   ┆ …         ┆ …      │
│ 2024-08-28 23:59:20 ┆ 286.11    ┆ 94.04  │
│ 2024-08-28 23:59:30 ┆ 286.09    ┆ 94.24  │
│ 2024-08-28 23:59:40 ┆ 286.07    ┆ 94.42  │
│ 2024-08-28 23:59:50 ┆ 286.07    ┆ 94.56  │
│ 2024-08-29 00:00:00 ┆ 286.07    ┆ 94.58  │
└─────────────────────┴───────────┴────────┘
[INFO] Correcting the 'time' variable in the NetCDF file.
<class 'netCDF4.Variable'>
float64 time(time)
    units: seconds since 1970-01-01 00:00:00
    standard_name: time
    long_name: Time (seconds since 1970-01-01 00:00:00)
    axis: T
    valid_min: 1724803210.0
    valid_max: 1724889600.0
    calendar: standard
unlimited dimensions: 
current shape = (8640,)
filling on, default _FillValue of 9.969209968386869e+36 used
Flagged 0 points where air_temperature < 245.0K as bad data (qc_flag = 2).
Found 0 points already flagged as bad data (flag=2)
QC flags successfully added to /gws/pw/j07/ncas_obs_vol2/cao/processing/ncas-temperature-rh-1/data/long-term/level1d/2024/stfc-temperature-rh-1_cao_20240828_surface-met_v1.1.nc.
Updated time units to 'seconds since 1970-01-01 00:00:00' in /gws/pw/j07/ncas_obs_vol2/cao/processing/ncas-temperature-rh-1/data/long-term/level1d/2024/stfc-temperature-rh-1_cao_20240828_surface-met_v1.1.nc
/gws/pw/j07/ncas_obs_vol2/cao/raw_data/met_cao/data/long-term/2024/202408/CR1000XSeries_Chilbolton_Rxcabinmet1_20240829.dat
Parsed column names: ['TIMESTAMP', 'RECORD', 'BattV_Avg', 'PTemp_C_Avg', 'Air_T_Avg', 'RH_Avg', 'BP_mbar_Avg', 'WS_Avg', 'WD_Avg', 'SlrW_Avg', 'rg001dc_ch_Tot', 'rg006dc_ch_Tot', 'rg008dc_ch_Tot', 'rg009dc_ch_Tot', 'rg004tb_ch_Tot']
shape: (8_640, 3)
┌─────────────────────┬───────────┬────────┐
│ TIMESTAMP           ┆ Air_T_Avg ┆ RH_Avg │
│ ---                 ┆ ---       ┆ ---    │
│ datetime[μs]        ┆ f64       ┆ f64    │
╞═════════════════════╪═══════════╪════════╡
│ 2024-08-29 00:00:10 ┆ 286.07    ┆ 94.46  │
│ 2024-08-29 00:00:20 ┆ 286.07    ┆ 94.36  │
│ 2024-08-29 00:00:30 ┆ 286.09    ┆ 94.22  │
│ 2024-08-29 00:00:40 ┆ 286.07    ┆ 94.18  │
│ 2024-08-29 00:00:50 ┆ 286.07    ┆ 94.1   │
│ …                   ┆ …         ┆ …      │
│ 2024-08-29 23:59:20 ┆ 284.45    ┆ 89.56  │
│ 2024-08-29 23:59:30 ┆ 284.43    ┆ 89.66  │
│ 2024-08-29 23:59:40 ┆ 284.43    ┆ 89.78  │
│ 2024-08-29 23:59:50 ┆ 284.49    ┆ 89.64  │
│ 2024-08-30 00:00:00 ┆ 284.57    ┆ 89.34  │
└─────────────────────┴───────────┴────────┘
[INFO] Correcting the 'time' variable in the NetCDF file.
<class 'netCDF4.Variable'>
float64 time(time)
    units: seconds since 1970-01-01 00:00:00
    standard_name: time
    long_name: Time (seconds since 1970-01-01 00:00:00)
    axis: T
    valid_min: 1724889610.0
    valid_max: 1724976000.0
    calendar: standard
unlimited dimensions: 
current shape = (8640,)
filling on, default _FillValue of 9.969209968386869e+36 used
Flagged 0 points where air_temperature < 245.0K as bad data (qc_flag = 2).
Found 0 points already flagged as bad data (flag=2)
QC flags successfully added to /gws/pw/j07/ncas_obs_vol2/cao/processing/ncas-temperature-rh-1/data/long-term/level1d/2024/stfc-temperature-rh-1_cao_20240829_surface-met_v1.1.nc.
Updated time units to 'seconds since 1970-01-01 00:00:00' in /gws/pw/j07/ncas_obs_vol2/cao/processing/ncas-temperature-rh-1/data/long-term/level1d/2024/stfc-temperature-rh-1_cao_20240829_surface-met_v1.1.nc
/gws/pw/j07/ncas_obs_vol2/cao/raw_data/met_cao/data/long-term/2024/202408/CR1000XSeries_Chilbolton_Rxcabinmet1_20240830.dat
Parsed column names: ['TIMESTAMP', 'RECORD', 'BattV_Avg', 'PTemp_C_Avg', 'Air_T_Avg', 'RH_Avg', 'BP_mbar_Avg', 'WS_Avg', 'WD_Avg', 'SlrW_Avg', 'rg001dc_ch_Tot', 'rg006dc_ch_Tot', 'rg008dc_ch_Tot', 'rg009dc_ch_Tot', 'rg004tb_ch_Tot']
shape: (8_640, 3)
┌─────────────────────┬───────────┬────────┐
│ TIMESTAMP           ┆ Air_T_Avg ┆ RH_Avg │
│ ---                 ┆ ---       ┆ ---    │
│ datetime[μs]        ┆ f64       ┆ f64    │
╞═════════════════════╪═══════════╪════════╡
│ 2024-08-30 00:00:10 ┆ 284.59    ┆ 89.44  │
│ 2024-08-30 00:00:20 ┆ 284.59    ┆ 89.46  │
│ 2024-08-30 00:00:30 ┆ 284.57    ┆ 89.1   │
│ 2024-08-30 00:00:40 ┆ 284.55    ┆ 88.84  │
│ 2024-08-30 00:00:50 ┆ 284.53    ┆ 88.74  │
│ …                   ┆ …         ┆ …      │
│ 2024-08-30 23:59:20 ┆ 286.79    ┆ 85.82  │
│ 2024-08-30 23:59:30 ┆ 286.83    ┆ 85.42  │
│ 2024-08-30 23:59:40 ┆ 286.93    ┆ 84.96  │
│ 2024-08-30 23:59:50 ┆ 286.91    ┆ 84.96  │
│ 2024-08-31 00:00:00 ┆ 286.87    ┆ 85.12  │
└─────────────────────┴───────────┴────────┘
[INFO] Correcting the 'time' variable in the NetCDF file.
<class 'netCDF4.Variable'>
float64 time(time)
    units: seconds since 1970-01-01 00:00:00
    standard_name: time
    long_name: Time (seconds since 1970-01-01 00:00:00)
    axis: T
    valid_min: 1724976010.0
    valid_max: 1725062400.0
    calendar: standard
unlimited dimensions: 
current shape = (8640,)
filling on, default _FillValue of 9.969209968386869e+36 used
Flagged 0 points where air_temperature < 245.0K as bad data (qc_flag = 2).
Found 0 points already flagged as bad data (flag=2)
QC flags successfully added to /gws/pw/j07/ncas_obs_vol2/cao/processing/ncas-temperature-rh-1/data/long-term/level1d/2024/stfc-temperature-rh-1_cao_20240830_surface-met_v1.1.nc.
Updated time units to 'seconds since 1970-01-01 00:00:00' in /gws/pw/j07/ncas_obs_vol2/cao/processing/ncas-temperature-rh-1/data/long-term/level1d/2024/stfc-temperature-rh-1_cao_20240830_surface-met_v1.1.nc
/gws/pw/j07/ncas_obs_vol2/cao/raw_data/met_cao/data/long-term/2024/202408/CR1000XSeries_Chilbolton_Rxcabinmet1_20240831.dat
Parsed column names: ['TIMESTAMP', 'RECORD', 'BattV_Avg', 'PTemp_C_Avg', 'Air_T_Avg', 'RH_Avg', 'BP_mbar_Avg', 'WS_Avg', 'WD_Avg', 'SlrW_Avg', 'rg001dc_ch_Tot', 'rg006dc_ch_Tot', 'rg008dc_ch_Tot', 'rg009dc_ch_Tot', 'rg004tb_ch_Tot']
shape: (8_640, 3)
┌─────────────────────┬───────────┬────────┐
│ TIMESTAMP           ┆ Air_T_Avg ┆ RH_Avg │
│ ---                 ┆ ---       ┆ ---    │
│ datetime[μs]        ┆ f64       ┆ f64    │
╞═════════════════════╪═══════════╪════════╡
│ 2024-08-31 00:00:10 ┆ 286.85    ┆ 85.22  │
│ 2024-08-31 00:00:20 ┆ 286.83    ┆ 85.28  │
│ 2024-08-31 00:00:30 ┆ 286.79    ┆ 85.42  │
│ 2024-08-31 00:00:40 ┆ 286.75    ┆ 85.36  │
│ 2024-08-31 00:00:50 ┆ 286.75    ┆ 85.34  │
│ …                   ┆ …         ┆ …      │
│ 2024-08-31 23:59:20 ┆ 290.25    ┆ 82.2   │
│ 2024-08-31 23:59:30 ┆ 290.25    ┆ 82.08  │
│ 2024-08-31 23:59:40 ┆ 290.25    ┆ 82.06  │
│ 2024-08-31 23:59:50 ┆ 290.25    ┆ 82.04  │
│ 2024-09-01 00:00:00 ┆ 290.25    ┆ 82.08  │
└─────────────────────┴───────────┴────────┘
[INFO] Correcting the 'time' variable in the NetCDF file.
<class 'netCDF4.Variable'>
float64 time(time)
    units: seconds since 1970-01-01 00:00:00
    standard_name: time
    long_name: Time (seconds since 1970-01-01 00:00:00)
    axis: T
    valid_min: 1725062410.0
    valid_max: 1725148800.0
    calendar: standard
unlimited dimensions: 
current shape = (8640,)
filling on, default _FillValue of 9.969209968386869e+36 used
Flagged 0 points where air_temperature < 245.0K as bad data (qc_flag = 2).
Found 0 points already flagged as bad data (flag=2)
QC flags successfully added to /gws/pw/j07/ncas_obs_vol2/cao/processing/ncas-temperature-rh-1/data/long-term/level1d/2024/stfc-temperature-rh-1_cao_20240831_surface-met_v1.1.nc.
Updated time units to 'seconds since 1970-01-01 00:00:00' in /gws/pw/j07/ncas_obs_vol2/cao/processing/ncas-temperature-rh-1/data/long-term/level1d/2024/stfc-temperature-rh-1_cao_20240831_surface-met_v1.1.nc
/gws/pw/j07/ncas_obs_vol2/cao/raw_data/met_cao/data/long-term/2024/202409/CR1000XSeries_Chilbolton_Rxcabinmet1_20240901.dat
Parsed column names: ['TIMESTAMP', 'RECORD', 'BattV_Avg', 'PTemp_C_Avg', 'Air_T_Avg', 'RH_Avg', 'BP_mbar_Avg', 'WS_Avg', 'WD_Avg', 'SlrW_Avg', 'rg001dc_ch_Tot', 'rg006dc_ch_Tot', 'rg008dc_ch_Tot', 'rg009dc_ch_Tot', 'rg004tb_ch_Tot']
shape: (8_640, 3)
┌─────────────────────┬───────────┬────────┐
│ TIMESTAMP           ┆ Air_T_Avg ┆ RH_Avg │
│ ---                 ┆ ---       ┆ ---    │
│ datetime[μs]        ┆ f64       ┆ f64    │
╞═════════════════════╪═══════════╪════════╡
│ 2024-09-01 00:00:10 ┆ 290.25    ┆ 82.18  │
│ 2024-09-01 00:00:20 ┆ 290.25    ┆ 82.32  │
│ 2024-09-01 00:00:30 ┆ 290.23    ┆ 82.44  │
│ 2024-09-01 00:00:40 ┆ 290.23    ┆ 82.46  │
│ 2024-09-01 00:00:50 ┆ 290.23    ┆ 82.52  │
│ …                   ┆ …         ┆ …      │
│ 2024-09-01 23:59:20 ┆ 292.09    ┆ 94.0   │
│ 2024-09-01 23:59:30 ┆ 292.07    ┆ 93.94  │
│ 2024-09-01 23:59:40 ┆ 292.07    ┆ 93.88  │
│ 2024-09-01 23:59:50 ┆ 292.07    ┆ 93.72  │
│ 2024-09-02 00:00:00 ┆ 292.05    ┆ 93.72  │
└─────────────────────┴───────────┴────────┘
[INFO] Correcting the 'time' variable in the NetCDF file.
<class 'netCDF4.Variable'>
float64 time(time)
    units: seconds since 1970-01-01 00:00:00
    standard_name: time
    long_name: Time (seconds since 1970-01-01 00:00:00)
    axis: T
    valid_min: 1725148810.0
    valid_max: 1725235200.0
    calendar: standard
unlimited dimensions: 
current shape = (8640,)
filling on, default _FillValue of 9.969209968386869e+36 used
Flagged 0 points where air_temperature < 245.0K as bad data (qc_flag = 2).
Found 0 points already flagged as bad data (flag=2)
QC flags successfully added to /gws/pw/j07/ncas_obs_vol2/cao/processing/ncas-temperature-rh-1/data/long-term/level1d/2024/stfc-temperature-rh-1_cao_20240901_surface-met_v1.1.nc.
Updated time units to 'seconds since 1970-01-01 00:00:00' in /gws/pw/j07/ncas_obs_vol2/cao/processing/ncas-temperature-rh-1/data/long-term/level1d/2024/stfc-temperature-rh-1_cao_20240901_surface-met_v1.1.nc
/gws/pw/j07/ncas_obs_vol2/cao/raw_data/met_cao/data/long-term/2024/202409/CR1000XSeries_Chilbolton_Rxcabinmet1_20240902.dat
Parsed column names: ['TIMESTAMP', 'RECORD', 'BattV_Avg', 'PTemp_C_Avg', 'Air_T_Avg', 'RH_Avg', 'BP_mbar_Avg', 'WS_Avg', 'WD_Avg', 'SlrW_Avg', 'rg001dc_ch_Tot', 'rg006dc_ch_Tot', 'rg008dc_ch_Tot', 'rg009dc_ch_Tot', 'rg004tb_ch_Tot']
shape: (8_640, 3)
┌─────────────────────┬───────────┬────────┐
│ TIMESTAMP           ┆ Air_T_Avg ┆ RH_Avg │
│ ---                 ┆ ---       ┆ ---    │
│ datetime[μs]        ┆ f64       ┆ f64    │
╞═════════════════════╪═══════════╪════════╡
│ 2024-09-02 00:00:10 ┆ 292.07    ┆ 93.8   │
│ 2024-09-02 00:00:20 ┆ 292.07    ┆ 93.86  │
│ 2024-09-02 00:00:30 ┆ 292.05    ┆ 93.96  │
│ 2024-09-02 00:00:40 ┆ 292.05    ┆ 94.16  │
│ 2024-09-02 00:00:50 ┆ 292.05    ┆ 94.28  │
│ …                   ┆ …         ┆ …      │
│ 2024-09-02 23:59:20 ┆ 289.27    ┆ 98.22  │
│ 2024-09-02 23:59:30 ┆ 289.27    ┆ 98.24  │
│ 2024-09-02 23:59:40 ┆ 289.27    ┆ 98.16  │
│ 2024-09-02 23:59:50 ┆ 289.27    ┆ 98.12  │
│ 2024-09-03 00:00:00 ┆ 289.27    ┆ 98.04  │
└─────────────────────┴───────────┴────────┘
[INFO] Correcting the 'time' variable in the NetCDF file.
<class 'netCDF4.Variable'>
float64 time(time)
    units: seconds since 1970-01-01 00:00:00
    standard_name: time
    long_name: Time (seconds since 1970-01-01 00:00:00)
    axis: T
    valid_min: 1725235210.0
    valid_max: 1725321600.0
    calendar: standard
unlimited dimensions: 
current shape = (8640,)
filling on, default _FillValue of 9.969209968386869e+36 used
Flagged 0 points where air_temperature < 245.0K as bad data (qc_flag = 2).
Found 0 points already flagged as bad data (flag=2)
QC flags successfully added to /gws/pw/j07/ncas_obs_vol2/cao/processing/ncas-temperature-rh-1/data/long-term/level1d/2024/stfc-temperature-rh-1_cao_20240902_surface-met_v1.1.nc.
Updated time units to 'seconds since 1970-01-01 00:00:00' in /gws/pw/j07/ncas_obs_vol2/cao/processing/ncas-temperature-rh-1/data/long-term/level1d/2024/stfc-temperature-rh-1_cao_20240902_surface-met_v1.1.nc
/gws/pw/j07/ncas_obs_vol2/cao/raw_data/met_cao/data/long-term/2024/202409/CR1000XSeries_Chilbolton_Rxcabinmet1_20240903.dat
Parsed column names: ['TIMESTAMP', 'RECORD', 'BattV_Avg', 'PTemp_C_Avg', 'Air_T_Avg', 'RH_Avg', 'BP_mbar_Avg', 'WS_Avg', 'WD_Avg', 'SlrW_Avg', 'rg001dc_ch_Tot', 'rg006dc_ch_Tot', 'rg008dc_ch_Tot', 'rg009dc_ch_Tot', 'rg004tb_ch_Tot']
shape: (8_640, 3)
┌─────────────────────┬───────────┬────────┐
│ TIMESTAMP           ┆ Air_T_Avg ┆ RH_Avg │
│ ---                 ┆ ---       ┆ ---    │
│ datetime[μs]        ┆ f64       ┆ f64    │
╞═════════════════════╪═══════════╪════════╡
│ 2024-09-03 00:00:10 ┆ 289.27    ┆ 98.0   │
│ 2024-09-03 00:00:20 ┆ 289.27    ┆ 97.98  │
│ 2024-09-03 00:00:30 ┆ 289.27    ┆ 98.02  │
│ 2024-09-03 00:00:40 ┆ 289.27    ┆ 98.0   │
│ 2024-09-03 00:00:50 ┆ 289.27    ┆ 98.0   │
│ …                   ┆ …         ┆ …      │
│ 2024-09-03 23:59:20 ┆ 283.91    ┆ 98.72  │
│ 2024-09-03 23:59:30 ┆ 283.91    ┆ 98.76  │
│ 2024-09-03 23:59:40 ┆ 283.91    ┆ 98.7   │
│ 2024-09-03 23:59:50 ┆ 283.91    ┆ 98.76  │
│ 2024-09-04 00:00:00 ┆ 283.91    ┆ 98.88  │
└─────────────────────┴───────────┴────────┘
[INFO] Correcting the 'time' variable in the NetCDF file.
<class 'netCDF4.Variable'>
float64 time(time)
    units: seconds since 1970-01-01 00:00:00
    standard_name: time
    long_name: Time (seconds since 1970-01-01 00:00:00)
    axis: T
    valid_min: 1725321610.0
    valid_max: 1725408000.0
    calendar: standard
unlimited dimensions: 
current shape = (8640,)
filling on, default _FillValue of 9.969209968386869e+36 used
Flagged 0 points where air_temperature < 245.0K as bad data (qc_flag = 2).
Found 0 points already flagged as bad data (flag=2)
QC flags successfully added to /gws/pw/j07/ncas_obs_vol2/cao/processing/ncas-temperature-rh-1/data/long-term/level1d/2024/stfc-temperature-rh-1_cao_20240903_surface-met_v1.1.nc.
Updated time units to 'seconds since 1970-01-01 00:00:00' in /gws/pw/j07/ncas_obs_vol2/cao/processing/ncas-temperature-rh-1/data/long-term/level1d/2024/stfc-temperature-rh-1_cao_20240903_surface-met_v1.1.nc
/gws/pw/j07/ncas_obs_vol2/cao/raw_data/met_cao/data/long-term/2024/202409/CR1000XSeries_Chilbolton_Rxcabinmet1_20240904.dat
Parsed column names: ['TIMESTAMP', 'RECORD', 'BattV_Avg', 'PTemp_C_Avg', 'Air_T_Avg', 'RH_Avg', 'BP_mbar_Avg', 'WS_Avg', 'WD_Avg', 'SlrW_Avg', 'rg001dc_ch_Tot', 'rg006dc_ch_Tot', 'rg008dc_ch_Tot', 'rg009dc_ch_Tot', 'rg004tb_ch_Tot']
shape: (8_640, 3)
┌─────────────────────┬───────────┬────────┐
│ TIMESTAMP           ┆ Air_T_Avg ┆ RH_Avg │
│ ---                 ┆ ---       ┆ ---    │
│ datetime[μs]        ┆ f64       ┆ f64    │
╞═════════════════════╪═══════════╪════════╡
│ 2024-09-04 00:00:10 ┆ 283.91    ┆ 99.06  │
│ 2024-09-04 00:00:20 ┆ 283.91    ┆ 99.08  │
│ 2024-09-04 00:00:30 ┆ 283.91    ┆ 99.0   │
│ 2024-09-04 00:00:40 ┆ 283.93    ┆ 98.86  │
│ 2024-09-04 00:00:50 ┆ 283.95    ┆ 98.68  │
│ …                   ┆ …         ┆ …      │
│ 2024-09-04 23:59:20 ┆ 285.59    ┆ 80.16  │
│ 2024-09-04 23:59:30 ┆ 285.59    ┆ 80.26  │
│ 2024-09-04 23:59:40 ┆ 285.61    ┆ 80.3   │
│ 2024-09-04 23:59:50 ┆ 285.59    ┆ 80.32  │
│ 2024-09-05 00:00:00 ┆ 285.59    ┆ 80.32  │
└─────────────────────┴───────────┴────────┘
[INFO] Correcting the 'time' variable in the NetCDF file.
<class 'netCDF4.Variable'>
float64 time(time)
    units: seconds since 1970-01-01 00:00:00
    standard_name: time
    long_name: Time (seconds since 1970-01-01 00:00:00)
    axis: T
    valid_min: 1725408010.0
    valid_max: 1725494400.0
    calendar: standard
unlimited dimensions: 
current shape = (8640,)
filling on, default _FillValue of 9.969209968386869e+36 used
Flagged 0 points where air_temperature < 245.0K as bad data (qc_flag = 2).
Found 0 points already flagged as bad data (flag=2)
QC flags successfully added to /gws/pw/j07/ncas_obs_vol2/cao/processing/ncas-temperature-rh-1/data/long-term/level1d/2024/stfc-temperature-rh-1_cao_20240904_surface-met_v1.1.nc.
Updated time units to 'seconds since 1970-01-01 00:00:00' in /gws/pw/j07/ncas_obs_vol2/cao/processing/ncas-temperature-rh-1/data/long-term/level1d/2024/stfc-temperature-rh-1_cao_20240904_surface-met_v1.1.nc
/gws/pw/j07/ncas_obs_vol2/cao/raw_data/met_cao/data/long-term/2024/202409/CR1000XSeries_Chilbolton_Rxcabinmet1_20240905.dat
Parsed column names: ['TIMESTAMP', 'RECORD', 'BattV_Avg', 'PTemp_C_Avg', 'Air_T_Avg', 'RH_Avg', 'BP_mbar_Avg', 'WS_Avg', 'WD_Avg', 'SlrW_Avg', 'rg001dc_ch_Tot', 'rg006dc_ch_Tot', 'rg008dc_ch_Tot', 'rg009dc_ch_Tot', 'rg004tb_ch_Tot']
shape: (8_640, 3)
┌─────────────────────┬───────────┬────────┐
│ TIMESTAMP           ┆ Air_T_Avg ┆ RH_Avg │
│ ---                 ┆ ---       ┆ ---    │
│ datetime[μs]        ┆ f64       ┆ f64    │
╞═════════════════════╪═══════════╪════════╡
│ 2024-09-05 00:00:10 ┆ 285.59    ┆ 80.22  │
│ 2024-09-05 00:00:20 ┆ 285.63    ┆ 79.92  │
│ 2024-09-05 00:00:30 ┆ 285.67    ┆ 79.74  │
│ 2024-09-05 00:00:40 ┆ 285.67    ┆ 79.74  │
│ 2024-09-05 00:00:50 ┆ 285.67    ┆ 79.88  │
│ …                   ┆ …         ┆ …      │
│ 2024-09-05 23:59:20 ┆ 289.25    ┆ 98.88  │
│ 2024-09-05 23:59:30 ┆ 289.25    ┆ 98.78  │
│ 2024-09-05 23:59:40 ┆ 289.25    ┆ 98.66  │
│ 2024-09-05 23:59:50 ┆ 289.25    ┆ 98.56  │
│ 2024-09-06 00:00:00 ┆ 289.25    ┆ 98.56  │
└─────────────────────┴───────────┴────────┘
[INFO] Correcting the 'time' variable in the NetCDF file.
<class 'netCDF4.Variable'>
float64 time(time)
    units: seconds since 1970-01-01 00:00:00
    standard_name: time
    long_name: Time (seconds since 1970-01-01 00:00:00)
    axis: T
    valid_min: 1725494410.0
    valid_max: 1725580800.0
    calendar: standard
unlimited dimensions: 
current shape = (8640,)
filling on, default _FillValue of 9.969209968386869e+36 used
Flagged 0 points where air_temperature < 245.0K as bad data (qc_flag = 2).
Found 0 points already flagged as bad data (flag=2)
QC flags successfully added to /gws/pw/j07/ncas_obs_vol2/cao/processing/ncas-temperature-rh-1/data/long-term/level1d/2024/stfc-temperature-rh-1_cao_20240905_surface-met_v1.1.nc.
Updated time units to 'seconds since 1970-01-01 00:00:00' in /gws/pw/j07/ncas_obs_vol2/cao/processing/ncas-temperature-rh-1/data/long-term/level1d/2024/stfc-temperature-rh-1_cao_20240905_surface-met_v1.1.nc
/gws/pw/j07/ncas_obs_vol2/cao/raw_data/met_cao/data/long-term/2024/202409/CR1000XSeries_Chilbolton_Rxcabinmet1_20240906.dat
Parsed column names: ['TIMESTAMP', 'RECORD', 'BattV_Avg', 'PTemp_C_Avg', 'Air_T_Avg', 'RH_Avg', 'BP_mbar_Avg', 'WS_Avg', 'WD_Avg', 'SlrW_Avg', 'rg001dc_ch_Tot', 'rg006dc_ch_Tot', 'rg008dc_ch_Tot', 'rg009dc_ch_Tot', 'rg004tb_ch_Tot']
shape: (8_640, 3)
┌─────────────────────┬───────────┬────────┐
│ TIMESTAMP           ┆ Air_T_Avg ┆ RH_Avg │
│ ---                 ┆ ---       ┆ ---    │
│ datetime[μs]        ┆ f64       ┆ f64    │
╞═════════════════════╪═══════════╪════════╡
│ 2024-09-06 00:00:10 ┆ 289.25    ┆ 98.6   │
│ 2024-09-06 00:00:20 ┆ 289.25    ┆ 98.66  │
│ 2024-09-06 00:00:30 ┆ 289.25    ┆ 98.76  │
│ 2024-09-06 00:00:40 ┆ 289.25    ┆ 98.92  │
│ 2024-09-06 00:00:50 ┆ 289.23    ┆ 99.02  │
│ …                   ┆ …         ┆ …      │
│ 2024-09-06 23:59:20 ┆ 287.09    ┆ 98.08  │
│ 2024-09-06 23:59:30 ┆ 287.09    ┆ 98.08  │
│ 2024-09-06 23:59:40 ┆ 287.09    ┆ 98.08  │
│ 2024-09-06 23:59:50 ┆ 287.09    ┆ 98.06  │
│ 2024-09-07 00:00:00 ┆ 287.09    ┆ 98.02  │
└─────────────────────┴───────────┴────────┘
[INFO] Correcting the 'time' variable in the NetCDF file.
<class 'netCDF4.Variable'>
float64 time(time)
    units: seconds since 1970-01-01 00:00:00
    standard_name: time
    long_name: Time (seconds since 1970-01-01 00:00:00)
    axis: T
    valid_min: 1725580810.0
    valid_max: 1725667200.0
    calendar: standard
unlimited dimensions: 
current shape = (8640,)
filling on, default _FillValue of 9.969209968386869e+36 used
Flagged 0 points where air_temperature < 245.0K as bad data (qc_flag = 2).
Found 0 points already flagged as bad data (flag=2)
QC flags successfully added to /gws/pw/j07/ncas_obs_vol2/cao/processing/ncas-temperature-rh-1/data/long-term/level1d/2024/stfc-temperature-rh-1_cao_20240906_surface-met_v1.1.nc.
Updated time units to 'seconds since 1970-01-01 00:00:00' in /gws/pw/j07/ncas_obs_vol2/cao/processing/ncas-temperature-rh-1/data/long-term/level1d/2024/stfc-temperature-rh-1_cao_20240906_surface-met_v1.1.nc
/gws/pw/j07/ncas_obs_vol2/cao/raw_data/met_cao/data/long-term/2024/202409/CR1000XSeries_Chilbolton_Rxcabinmet1_20240907.dat
Parsed column names: ['TIMESTAMP', 'RECORD', 'BattV_Avg', 'PTemp_C_Avg', 'Air_T_Avg', 'RH_Avg', 'BP_mbar_Avg', 'WS_Avg', 'WD_Avg', 'SlrW_Avg', 'rg001dc_ch_Tot', 'rg006dc_ch_Tot', 'rg008dc_ch_Tot', 'rg009dc_ch_Tot', 'rg004tb_ch_Tot']
shape: (8_640, 3)
┌─────────────────────┬───────────┬────────┐
│ TIMESTAMP           ┆ Air_T_Avg ┆ RH_Avg │
│ ---                 ┆ ---       ┆ ---    │
│ datetime[μs]        ┆ f64       ┆ f64    │
╞═════════════════════╪═══════════╪════════╡
│ 2024-09-07 00:00:10 ┆ 287.09    ┆ 98.0   │
│ 2024-09-07 00:00:20 ┆ 287.09    ┆ 97.94  │
│ 2024-09-07 00:00:30 ┆ 287.09    ┆ 97.86  │
│ 2024-09-07 00:00:40 ┆ 287.09    ┆ 97.82  │
│ 2024-09-07 00:00:50 ┆ 287.09    ┆ 97.78  │
│ …                   ┆ …         ┆ …      │
│ 2024-09-07 23:59:20 ┆ 288.77    ┆ 99.8   │
│ 2024-09-07 23:59:30 ┆ 288.77    ┆ 99.9   │
│ 2024-09-07 23:59:40 ┆ 288.77    ┆ 100.0  │
│ 2024-09-07 23:59:50 ┆ 288.77    ┆ 99.98  │
│ 2024-09-08 00:00:00 ┆ 288.77    ┆ 99.94  │
└─────────────────────┴───────────┴────────┘
[INFO] Correcting the 'time' variable in the NetCDF file.
<class 'netCDF4.Variable'>
float64 time(time)
    units: seconds since 1970-01-01 00:00:00
    standard_name: time
    long_name: Time (seconds since 1970-01-01 00:00:00)
    axis: T
    valid_min: 1725667210.0
    valid_max: 1725753600.0
    calendar: standard
unlimited dimensions: 
current shape = (8640,)
filling on, default _FillValue of 9.969209968386869e+36 used
Flagged 0 points where air_temperature < 245.0K as bad data (qc_flag = 2).
Found 0 points already flagged as bad data (flag=2)
QC flags successfully added to /gws/pw/j07/ncas_obs_vol2/cao/processing/ncas-temperature-rh-1/data/long-term/level1d/2024/stfc-temperature-rh-1_cao_20240907_surface-met_v1.1.nc.
Updated time units to 'seconds since 1970-01-01 00:00:00' in /gws/pw/j07/ncas_obs_vol2/cao/processing/ncas-temperature-rh-1/data/long-term/level1d/2024/stfc-temperature-rh-1_cao_20240907_surface-met_v1.1.nc
/gws/pw/j07/ncas_obs_vol2/cao/raw_data/met_cao/data/long-term/2024/202409/CR1000XSeries_Chilbolton_Rxcabinmet1_20240908.dat
Parsed column names: ['TIMESTAMP', 'RECORD', 'BattV_Avg', 'PTemp_C_Avg', 'Air_T_Avg', 'RH_Avg', 'BP_mbar_Avg', 'WS_Avg', 'WD_Avg', 'SlrW_Avg', 'rg001dc_ch_Tot', 'rg006dc_ch_Tot', 'rg008dc_ch_Tot', 'rg009dc_ch_Tot', 'rg004tb_ch_Tot']
shape: (8_640, 3)
┌─────────────────────┬───────────┬────────┐
│ TIMESTAMP           ┆ Air_T_Avg ┆ RH_Avg │
│ ---                 ┆ ---       ┆ ---    │
│ datetime[μs]        ┆ f64       ┆ f64    │
╞═════════════════════╪═══════════╪════════╡
│ 2024-09-08 00:00:10 ┆ 288.77    ┆ 99.92  │
│ 2024-09-08 00:00:20 ┆ 288.77    ┆ 99.86  │
│ 2024-09-08 00:00:30 ┆ 288.77    ┆ 99.8   │
│ 2024-09-08 00:00:40 ┆ 288.77    ┆ 99.74  │
│ 2024-09-08 00:00:50 ┆ 288.77    ┆ 99.68  │
│ …                   ┆ …         ┆ …      │
│ 2024-09-08 23:59:20 ┆ 288.47    ┆ 95.22  │
│ 2024-09-08 23:59:30 ┆ 288.47    ┆ 95.32  │
│ 2024-09-08 23:59:40 ┆ 288.47    ┆ 95.36  │
│ 2024-09-08 23:59:50 ┆ 288.47    ┆ 95.32  │
│ 2024-09-09 00:00:00 ┆ 288.47    ┆ 95.22  │
└─────────────────────┴───────────┴────────┘
[INFO] Correcting the 'time' variable in the NetCDF file.
<class 'netCDF4.Variable'>
float64 time(time)
    units: seconds since 1970-01-01 00:00:00
    standard_name: time
    long_name: Time (seconds since 1970-01-01 00:00:00)
    axis: T
    valid_min: 1725753610.0
    valid_max: 1725840000.0
    calendar: standard
unlimited dimensions: 
current shape = (8640,)
filling on, default _FillValue of 9.969209968386869e+36 used
Flagged 0 points where air_temperature < 245.0K as bad data (qc_flag = 2).
Found 0 points already flagged as bad data (flag=2)
QC flags successfully added to /gws/pw/j07/ncas_obs_vol2/cao/processing/ncas-temperature-rh-1/data/long-term/level1d/2024/stfc-temperature-rh-1_cao_20240908_surface-met_v1.1.nc.
Updated time units to 'seconds since 1970-01-01 00:00:00' in /gws/pw/j07/ncas_obs_vol2/cao/processing/ncas-temperature-rh-1/data/long-term/level1d/2024/stfc-temperature-rh-1_cao_20240908_surface-met_v1.1.nc
/gws/pw/j07/ncas_obs_vol2/cao/raw_data/met_cao/data/long-term/2024/202409/CR1000XSeries_Chilbolton_Rxcabinmet1_20240909.dat
Parsed column names: ['TIMESTAMP', 'RECORD', 'BattV_Avg', 'PTemp_C_Avg', 'Air_T_Avg', 'RH_Avg', 'BP_mbar_Avg', 'WS_Avg', 'WD_Avg', 'SlrW_Avg', 'rg001dc_ch_Tot', 'rg006dc_ch_Tot', 'rg008dc_ch_Tot', 'rg009dc_ch_Tot', 'rg004tb_ch_Tot']
shape: (8_640, 3)
┌─────────────────────┬───────────┬────────┐
│ TIMESTAMP           ┆ Air_T_Avg ┆ RH_Avg │
│ ---                 ┆ ---       ┆ ---    │
│ datetime[μs]        ┆ f64       ┆ f64    │
╞═════════════════════╪═══════════╪════════╡
│ 2024-09-09 00:00:10 ┆ 288.47    ┆ 95.22  │
│ 2024-09-09 00:00:20 ┆ 288.47    ┆ 95.18  │
│ 2024-09-09 00:00:30 ┆ 288.47    ┆ 95.18  │
│ 2024-09-09 00:00:40 ┆ 288.47    ┆ 95.24  │
│ 2024-09-09 00:00:50 ┆ 288.47    ┆ 95.32  │
│ …                   ┆ …         ┆ …      │
│ 2024-09-09 23:59:20 ┆ 283.21    ┆ 89.42  │
│ 2024-09-09 23:59:30 ┆ 283.21    ┆ 89.44  │
│ 2024-09-09 23:59:40 ┆ 283.21    ┆ 89.5   │
│ 2024-09-09 23:59:50 ┆ 283.23    ┆ 89.66  │
│ 2024-09-10 00:00:00 ┆ 283.23    ┆ 89.8   │
└─────────────────────┴───────────┴────────┘
[INFO] Correcting the 'time' variable in the NetCDF file.
<class 'netCDF4.Variable'>
float64 time(time)
    units: seconds since 1970-01-01 00:00:00
    standard_name: time
    long_name: Time (seconds since 1970-01-01 00:00:00)
    axis: T
    valid_min: 1725840010.0
    valid_max: 1725926400.0
    calendar: standard
unlimited dimensions: 
current shape = (8640,)
filling on, default _FillValue of 9.969209968386869e+36 used
Flagged 0 points where air_temperature < 245.0K as bad data (qc_flag = 2).
Found 0 points already flagged as bad data (flag=2)
QC flags successfully added to /gws/pw/j07/ncas_obs_vol2/cao/processing/ncas-temperature-rh-1/data/long-term/level1d/2024/stfc-temperature-rh-1_cao_20240909_surface-met_v1.1.nc.
Updated time units to 'seconds since 1970-01-01 00:00:00' in /gws/pw/j07/ncas_obs_vol2/cao/processing/ncas-temperature-rh-1/data/long-term/level1d/2024/stfc-temperature-rh-1_cao_20240909_surface-met_v1.1.nc
/gws/pw/j07/ncas_obs_vol2/cao/raw_data/met_cao/data/long-term/2024/202409/CR1000XSeries_Chilbolton_Rxcabinmet1_20240910.dat
Parsed column names: ['TIMESTAMP', 'RECORD', 'BattV_Avg', 'PTemp_C_Avg', 'Air_T_Avg', 'RH_Avg', 'BP_mbar_Avg', 'WS_Avg', 'WD_Avg', 'SlrW_Avg', 'rg001dc_ch_Tot', 'rg006dc_ch_Tot', 'rg008dc_ch_Tot', 'rg009dc_ch_Tot', 'rg004tb_ch_Tot']
shape: (8_640, 3)
┌─────────────────────┬───────────┬────────┐
│ TIMESTAMP           ┆ Air_T_Avg ┆ RH_Avg │
│ ---                 ┆ ---       ┆ ---    │
│ datetime[μs]        ┆ f64       ┆ f64    │
╞═════════════════════╪═══════════╪════════╡
│ 2024-09-10 00:00:10 ┆ 283.23    ┆ 89.78  │
│ 2024-09-10 00:00:20 ┆ 283.23    ┆ 89.8   │
│ 2024-09-10 00:00:30 ┆ 283.23    ┆ 89.72  │
│ 2024-09-10 00:00:40 ┆ 283.23    ┆ 89.56  │
│ 2024-09-10 00:00:50 ┆ 283.23    ┆ 89.38  │
│ …                   ┆ …         ┆ …      │
│ 2024-09-10 23:59:20 ┆ 281.61    ┆ 94.16  │
│ 2024-09-10 23:59:30 ┆ 281.59    ┆ 94.36  │
│ 2024-09-10 23:59:40 ┆ 281.59    ┆ 94.26  │
│ 2024-09-10 23:59:50 ┆ 281.61    ┆ 94.12  │
│ 2024-09-11 00:00:00 ┆ 281.61    ┆ 93.92  │
└─────────────────────┴───────────┴────────┘
[INFO] Correcting the 'time' variable in the NetCDF file.
<class 'netCDF4.Variable'>
float64 time(time)
    units: seconds since 1970-01-01 00:00:00
    standard_name: time
    long_name: Time (seconds since 1970-01-01 00:00:00)
    axis: T
    valid_min: 1725926410.0
    valid_max: 1726012800.0
    calendar: standard
unlimited dimensions: 
current shape = (8640,)
filling on, default _FillValue of 9.969209968386869e+36 used
Flagged 0 points where air_temperature < 245.0K as bad data (qc_flag = 2).
Found 0 points already flagged as bad data (flag=2)
QC flags successfully added to /gws/pw/j07/ncas_obs_vol2/cao/processing/ncas-temperature-rh-1/data/long-term/level1d/2024/stfc-temperature-rh-1_cao_20240910_surface-met_v1.1.nc.
Updated time units to 'seconds since 1970-01-01 00:00:00' in /gws/pw/j07/ncas_obs_vol2/cao/processing/ncas-temperature-rh-1/data/long-term/level1d/2024/stfc-temperature-rh-1_cao_20240910_surface-met_v1.1.nc
/gws/pw/j07/ncas_obs_vol2/cao/raw_data/met_cao/data/long-term/2024/202409/CR1000XSeries_Chilbolton_Rxcabinmet1_20240911.dat
Parsed column names: ['TIMESTAMP', 'RECORD', 'BattV_Avg', 'PTemp_C_Avg', 'Air_T_Avg', 'RH_Avg', 'BP_mbar_Avg', 'WS_Avg', 'WD_Avg', 'SlrW_Avg', 'rg001dc_ch_Tot', 'rg006dc_ch_Tot', 'rg008dc_ch_Tot', 'rg009dc_ch_Tot', 'rg004tb_ch_Tot']
shape: (8_640, 3)
┌─────────────────────┬───────────┬────────┐
│ TIMESTAMP           ┆ Air_T_Avg ┆ RH_Avg │
│ ---                 ┆ ---       ┆ ---    │
│ datetime[μs]        ┆ f64       ┆ f64    │
╞═════════════════════╪═══════════╪════════╡
│ 2024-09-11 00:00:10 ┆ 281.61    ┆ 93.86  │
│ 2024-09-11 00:00:20 ┆ 281.59    ┆ 93.76  │
│ 2024-09-11 00:00:30 ┆ 281.59    ┆ 93.8   │
│ 2024-09-11 00:00:40 ┆ 281.57    ┆ 93.9   │
│ 2024-09-11 00:00:50 ┆ 281.57    ┆ 93.98  │
│ …                   ┆ …         ┆ …      │
│ 2024-09-11 23:59:20 ┆ 279.89    ┆ 87.72  │
│ 2024-09-11 23:59:30 ┆ 279.91    ┆ 87.48  │
│ 2024-09-11 23:59:40 ┆ 279.89    ┆ 87.28  │
│ 2024-09-11 23:59:50 ┆ 279.91    ┆ 87.06  │
│ 2024-09-12 00:00:00 ┆ 279.93    ┆ 86.78  │
└─────────────────────┴───────────┴────────┘
[INFO] Correcting the 'time' variable in the NetCDF file.
<class 'netCDF4.Variable'>
float64 time(time)
    units: seconds since 1970-01-01 00:00:00
    standard_name: time
    long_name: Time (seconds since 1970-01-01 00:00:00)
    axis: T
    valid_min: 1726012810.0
    valid_max: 1726099200.0
    calendar: standard
unlimited dimensions: 
current shape = (8640,)
filling on, default _FillValue of 9.969209968386869e+36 used
Flagged 0 points where air_temperature < 245.0K as bad data (qc_flag = 2).
Found 0 points already flagged as bad data (flag=2)
QC flags successfully added to /gws/pw/j07/ncas_obs_vol2/cao/processing/ncas-temperature-rh-1/data/long-term/level1d/2024/stfc-temperature-rh-1_cao_20240911_surface-met_v1.1.nc.
Updated time units to 'seconds since 1970-01-01 00:00:00' in /gws/pw/j07/ncas_obs_vol2/cao/processing/ncas-temperature-rh-1/data/long-term/level1d/2024/stfc-temperature-rh-1_cao_20240911_surface-met_v1.1.nc
/gws/pw/j07/ncas_obs_vol2/cao/raw_data/met_cao/data/long-term/2024/202409/CR1000XSeries_Chilbolton_Rxcabinmet1_20240912.dat
Parsed column names: ['TIMESTAMP', 'RECORD', 'BattV_Avg', 'PTemp_C_Avg', 'Air_T_Avg', 'RH_Avg', 'BP_mbar_Avg', 'WS_Avg', 'WD_Avg', 'SlrW_Avg', 'rg001dc_ch_Tot', 'rg006dc_ch_Tot', 'rg008dc_ch_Tot', 'rg009dc_ch_Tot', 'rg004tb_ch_Tot']
shape: (8_640, 3)
┌─────────────────────┬───────────┬────────┐
│ TIMESTAMP           ┆ Air_T_Avg ┆ RH_Avg │
│ ---                 ┆ ---       ┆ ---    │
│ datetime[μs]        ┆ f64       ┆ f64    │
╞═════════════════════╪═══════════╪════════╡
│ 2024-09-12 00:00:10 ┆ 279.99    ┆ 86.26  │
│ 2024-09-12 00:00:20 ┆ 280.01    ┆ 86.08  │
│ 2024-09-12 00:00:30 ┆ 280.01    ┆ 86.1   │
│ 2024-09-12 00:00:40 ┆ 279.97    ┆ 86.42  │
│ 2024-09-12 00:00:50 ┆ 279.95    ┆ 86.76  │
│ …                   ┆ …         ┆ …      │
│ 2024-09-12 23:59:20 ┆ 278.37    ┆ 92.88  │
│ 2024-09-12 23:59:30 ┆ 278.41    ┆ 92.98  │
│ 2024-09-12 23:59:40 ┆ 278.45    ┆ 93.42  │
│ 2024-09-12 23:59:50 ┆ 278.49    ┆ 94.02  │
│ 2024-09-13 00:00:00 ┆ 278.59    ┆ 94.28  │
└─────────────────────┴───────────┴────────┘
[INFO] Correcting the 'time' variable in the NetCDF file.
<class 'netCDF4.Variable'>
float64 time(time)
    units: seconds since 1970-01-01 00:00:00
    standard_name: time
    long_name: Time (seconds since 1970-01-01 00:00:00)
    axis: T
    valid_min: 1726099210.0
    valid_max: 1726185600.0
    calendar: standard
unlimited dimensions: 
current shape = (8640,)
filling on, default _FillValue of 9.969209968386869e+36 used
Flagged 0 points where air_temperature < 245.0K as bad data (qc_flag = 2).
Found 0 points already flagged as bad data (flag=2)
QC flags successfully added to /gws/pw/j07/ncas_obs_vol2/cao/processing/ncas-temperature-rh-1/data/long-term/level1d/2024/stfc-temperature-rh-1_cao_20240912_surface-met_v1.1.nc.
Updated time units to 'seconds since 1970-01-01 00:00:00' in /gws/pw/j07/ncas_obs_vol2/cao/processing/ncas-temperature-rh-1/data/long-term/level1d/2024/stfc-temperature-rh-1_cao_20240912_surface-met_v1.1.nc
/gws/pw/j07/ncas_obs_vol2/cao/raw_data/met_cao/data/long-term/2024/202409/CR1000XSeries_Chilbolton_Rxcabinmet1_20240913.dat
Parsed column names: ['TIMESTAMP', 'RECORD', 'BattV_Avg', 'PTemp_C_Avg', 'Air_T_Avg', 'RH_Avg', 'BP_mbar_Avg', 'WS_Avg', 'WD_Avg', 'SlrW_Avg', 'rg001dc_ch_Tot', 'rg006dc_ch_Tot', 'rg008dc_ch_Tot', 'rg009dc_ch_Tot', 'rg004tb_ch_Tot']
shape: (8_640, 3)
┌─────────────────────┬───────────┬────────┐
│ TIMESTAMP           ┆ Air_T_Avg ┆ RH_Avg │
│ ---                 ┆ ---       ┆ ---    │
│ datetime[μs]        ┆ f64       ┆ f64    │
╞═════════════════════╪═══════════╪════════╡
│ 2024-09-13 00:00:10 ┆ 278.61    ┆ 94.64  │
│ 2024-09-13 00:00:20 ┆ 278.61    ┆ 94.72  │
│ 2024-09-13 00:00:30 ┆ 278.61    ┆ 94.56  │
│ 2024-09-13 00:00:40 ┆ 278.59    ┆ 94.42  │
│ 2024-09-13 00:00:50 ┆ 278.55    ┆ 94.18  │
│ …                   ┆ …         ┆ …      │
│ 2024-09-13 23:59:20 ┆ 278.21    ┆ 95.9   │
│ 2024-09-13 23:59:30 ┆ 278.21    ┆ 95.92  │
│ 2024-09-13 23:59:40 ┆ 278.21    ┆ 96.02  │
│ 2024-09-13 23:59:50 ┆ 278.19    ┆ 96.16  │
│ 2024-09-14 00:00:00 ┆ 278.19    ┆ 96.26  │
└─────────────────────┴───────────┴────────┘
[INFO] Correcting the 'time' variable in the NetCDF file.
<class 'netCDF4.Variable'>
float64 time(time)
    units: seconds since 1970-01-01 00:00:00
    standard_name: time
    long_name: Time (seconds since 1970-01-01 00:00:00)
    axis: T
    valid_min: 1726185610.0
    valid_max: 1726272000.0
    calendar: standard
unlimited dimensions: 
current shape = (8640,)
filling on, default _FillValue of 9.969209968386869e+36 used
Flagged 0 points where air_temperature < 245.0K as bad data (qc_flag = 2).
Found 0 points already flagged as bad data (flag=2)
QC flags successfully added to /gws/pw/j07/ncas_obs_vol2/cao/processing/ncas-temperature-rh-1/data/long-term/level1d/2024/stfc-temperature-rh-1_cao_20240913_surface-met_v1.1.nc.
Updated time units to 'seconds since 1970-01-01 00:00:00' in /gws/pw/j07/ncas_obs_vol2/cao/processing/ncas-temperature-rh-1/data/long-term/level1d/2024/stfc-temperature-rh-1_cao_20240913_surface-met_v1.1.nc
/gws/pw/j07/ncas_obs_vol2/cao/raw_data/met_cao/data/long-term/2024/202409/CR1000XSeries_Chilbolton_Rxcabinmet1_20240914.dat
Parsed column names: ['TIMESTAMP', 'RECORD', 'BattV_Avg', 'PTemp_C_Avg', 'Air_T_Avg', 'RH_Avg', 'BP_mbar_Avg', 'WS_Avg', 'WD_Avg', 'SlrW_Avg', 'rg001dc_ch_Tot', 'rg006dc_ch_Tot', 'rg008dc_ch_Tot', 'rg009dc_ch_Tot', 'rg004tb_ch_Tot']
shape: (8_640, 3)
┌─────────────────────┬───────────┬────────┐
│ TIMESTAMP           ┆ Air_T_Avg ┆ RH_Avg │
│ ---                 ┆ ---       ┆ ---    │
│ datetime[μs]        ┆ f64       ┆ f64    │
╞═════════════════════╪═══════════╪════════╡
│ 2024-09-14 00:00:10 ┆ 278.19    ┆ 96.3   │
│ 2024-09-14 00:00:20 ┆ 278.19    ┆ 96.3   │
│ 2024-09-14 00:00:30 ┆ 278.17    ┆ 96.3   │
│ 2024-09-14 00:00:40 ┆ 278.15    ┆ 96.3   │
│ 2024-09-14 00:00:50 ┆ 278.13    ┆ 96.2   │
│ …                   ┆ …         ┆ …      │
│ 2024-09-14 23:59:20 ┆ 280.77    ┆ 96.7   │
│ 2024-09-14 23:59:30 ┆ 280.77    ┆ 96.8   │
│ 2024-09-14 23:59:40 ┆ 280.77    ┆ 97.04  │
│ 2024-09-14 23:59:50 ┆ 280.79    ┆ 97.22  │
│ 2024-09-15 00:00:00 ┆ 280.79    ┆ 97.6   │
└─────────────────────┴───────────┴────────┘
[INFO] Correcting the 'time' variable in the NetCDF file.
<class 'netCDF4.Variable'>
float64 time(time)
    units: seconds since 1970-01-01 00:00:00
    standard_name: time
    long_name: Time (seconds since 1970-01-01 00:00:00)
    axis: T
    valid_min: 1726272010.0
    valid_max: 1726358400.0
    calendar: standard
unlimited dimensions: 
current shape = (8640,)
filling on, default _FillValue of 9.969209968386869e+36 used
Flagged 0 points where air_temperature < 245.0K as bad data (qc_flag = 2).
Found 0 points already flagged as bad data (flag=2)
QC flags successfully added to /gws/pw/j07/ncas_obs_vol2/cao/processing/ncas-temperature-rh-1/data/long-term/level1d/2024/stfc-temperature-rh-1_cao_20240914_surface-met_v1.1.nc.
Updated time units to 'seconds since 1970-01-01 00:00:00' in /gws/pw/j07/ncas_obs_vol2/cao/processing/ncas-temperature-rh-1/data/long-term/level1d/2024/stfc-temperature-rh-1_cao_20240914_surface-met_v1.1.nc
/gws/pw/j07/ncas_obs_vol2/cao/raw_data/met_cao/data/long-term/2024/202409/CR1000XSeries_Chilbolton_Rxcabinmet1_20240915.dat
Parsed column names: ['TIMESTAMP', 'RECORD', 'BattV_Avg', 'PTemp_C_Avg', 'Air_T_Avg', 'RH_Avg', 'BP_mbar_Avg', 'WS_Avg', 'WD_Avg', 'SlrW_Avg', 'rg001dc_ch_Tot', 'rg006dc_ch_Tot', 'rg008dc_ch_Tot', 'rg009dc_ch_Tot', 'rg004tb_ch_Tot']
shape: (8_640, 3)
┌─────────────────────┬───────────┬────────┐
│ TIMESTAMP           ┆ Air_T_Avg ┆ RH_Avg │
│ ---                 ┆ ---       ┆ ---    │
│ datetime[μs]        ┆ f64       ┆ f64    │
╞═════════════════════╪═══════════╪════════╡
│ 2024-09-15 00:00:10 ┆ 280.79    ┆ 97.66  │
│ 2024-09-15 00:00:20 ┆ 280.79    ┆ 97.52  │
│ 2024-09-15 00:00:30 ┆ 280.79    ┆ 97.32  │
│ 2024-09-15 00:00:40 ┆ 280.81    ┆ 97.16  │
│ 2024-09-15 00:00:50 ┆ 280.83    ┆ 97.02  │
│ …                   ┆ …         ┆ …      │
│ 2024-09-15 23:59:20 ┆ 286.17    ┆ 94.94  │
│ 2024-09-15 23:59:30 ┆ 286.17    ┆ 94.92  │
│ 2024-09-15 23:59:40 ┆ 286.17    ┆ 94.9   │
│ 2024-09-15 23:59:50 ┆ 286.17    ┆ 94.9   │
│ 2024-09-16 00:00:00 ┆ 286.17    ┆ 94.82  │
└─────────────────────┴───────────┴────────┘
[INFO] Correcting the 'time' variable in the NetCDF file.
<class 'netCDF4.Variable'>
float64 time(time)
    units: seconds since 1970-01-01 00:00:00
    standard_name: time
    long_name: Time (seconds since 1970-01-01 00:00:00)
    axis: T
    valid_min: 1726358410.0
    valid_max: 1726444800.0
    calendar: standard
unlimited dimensions: 
current shape = (8640,)
filling on, default _FillValue of 9.969209968386869e+36 used
Flagged 0 points where air_temperature < 245.0K as bad data (qc_flag = 2).
Found 0 points already flagged as bad data (flag=2)
QC flags successfully added to /gws/pw/j07/ncas_obs_vol2/cao/processing/ncas-temperature-rh-1/data/long-term/level1d/2024/stfc-temperature-rh-1_cao_20240915_surface-met_v1.1.nc.
Updated time units to 'seconds since 1970-01-01 00:00:00' in /gws/pw/j07/ncas_obs_vol2/cao/processing/ncas-temperature-rh-1/data/long-term/level1d/2024/stfc-temperature-rh-1_cao_20240915_surface-met_v1.1.nc
/gws/pw/j07/ncas_obs_vol2/cao/raw_data/met_cao/data/long-term/2024/202409/CR1000XSeries_Chilbolton_Rxcabinmet1_20240916.dat
Parsed column names: ['TIMESTAMP', 'RECORD', 'BattV_Avg', 'PTemp_C_Avg', 'Air_T_Avg', 'RH_Avg', 'BP_mbar_Avg', 'WS_Avg', 'WD_Avg', 'SlrW_Avg', 'rg001dc_ch_Tot', 'rg006dc_ch_Tot', 'rg008dc_ch_Tot', 'rg009dc_ch_Tot', 'rg004tb_ch_Tot']
shape: (8_640, 3)
┌─────────────────────┬───────────┬────────┐
│ TIMESTAMP           ┆ Air_T_Avg ┆ RH_Avg │
│ ---                 ┆ ---       ┆ ---    │
│ datetime[μs]        ┆ f64       ┆ f64    │
╞═════════════════════╪═══════════╪════════╡
│ 2024-09-16 00:00:10 ┆ 286.17    ┆ 94.78  │
│ 2024-09-16 00:00:20 ┆ 286.15    ┆ 94.76  │
│ 2024-09-16 00:00:30 ┆ 286.15    ┆ 94.74  │
│ 2024-09-16 00:00:40 ┆ 286.15    ┆ 94.74  │
│ 2024-09-16 00:00:50 ┆ 286.13    ┆ 94.74  │
│ …                   ┆ …         ┆ …      │
│ 2024-09-16 23:59:20 ┆ 282.85    ┆ 90.16  │
│ 2024-09-16 23:59:30 ┆ 282.85    ┆ 90.28  │
│ 2024-09-16 23:59:40 ┆ 282.85    ┆ 90.38  │
│ 2024-09-16 23:59:50 ┆ 282.83    ┆ 90.48  │
│ 2024-09-17 00:00:00 ┆ 282.83    ┆ 90.54  │
└─────────────────────┴───────────┴────────┘
[INFO] Correcting the 'time' variable in the NetCDF file.
<class 'netCDF4.Variable'>
float64 time(time)
    units: seconds since 1970-01-01 00:00:00
    standard_name: time
    long_name: Time (seconds since 1970-01-01 00:00:00)
    axis: T
    valid_min: 1726444810.0
    valid_max: 1726531200.0
    calendar: standard
unlimited dimensions: 
current shape = (8640,)
filling on, default _FillValue of 9.969209968386869e+36 used
Flagged 0 points where air_temperature < 245.0K as bad data (qc_flag = 2).
Found 0 points already flagged as bad data (flag=2)
QC flags successfully added to /gws/pw/j07/ncas_obs_vol2/cao/processing/ncas-temperature-rh-1/data/long-term/level1d/2024/stfc-temperature-rh-1_cao_20240916_surface-met_v1.1.nc.
Updated time units to 'seconds since 1970-01-01 00:00:00' in /gws/pw/j07/ncas_obs_vol2/cao/processing/ncas-temperature-rh-1/data/long-term/level1d/2024/stfc-temperature-rh-1_cao_20240916_surface-met_v1.1.nc
/gws/pw/j07/ncas_obs_vol2/cao/raw_data/met_cao/data/long-term/2024/202409/CR1000XSeries_Chilbolton_Rxcabinmet1_20240917.dat
Parsed column names: ['TIMESTAMP', 'RECORD', 'BattV_Avg', 'PTemp_C_Avg', 'Air_T_Avg', 'RH_Avg', 'BP_mbar_Avg', 'WS_Avg', 'WD_Avg', 'SlrW_Avg', 'rg001dc_ch_Tot', 'rg006dc_ch_Tot', 'rg008dc_ch_Tot', 'rg009dc_ch_Tot', 'rg004tb_ch_Tot']
shape: (8_640, 3)
┌─────────────────────┬───────────┬────────┐
│ TIMESTAMP           ┆ Air_T_Avg ┆ RH_Avg │
│ ---                 ┆ ---       ┆ ---    │
│ datetime[μs]        ┆ f64       ┆ f64    │
╞═════════════════════╪═══════════╪════════╡
│ 2024-09-17 00:00:10 ┆ 282.81    ┆ 90.6   │
│ 2024-09-17 00:00:20 ┆ 282.83    ┆ 90.54  │
│ 2024-09-17 00:00:30 ┆ 282.81    ┆ 90.46  │
│ 2024-09-17 00:00:40 ┆ 282.83    ┆ 90.34  │
│ 2024-09-17 00:00:50 ┆ 282.83    ┆ 90.22  │
│ …                   ┆ …         ┆ …      │
│ 2024-09-17 23:59:20 ┆ 286.11    ┆ 87.1   │
│ 2024-09-17 23:59:30 ┆ 286.09    ┆ 87.16  │
│ 2024-09-17 23:59:40 ┆ 286.15    ┆ 87.0   │
│ 2024-09-17 23:59:50 ┆ 286.17    ┆ 87.06  │
│ 2024-09-18 00:00:00 ┆ 286.29    ┆ 86.76  │
└─────────────────────┴───────────┴────────┘
[INFO] Correcting the 'time' variable in the NetCDF file.
<class 'netCDF4.Variable'>
float64 time(time)
    units: seconds since 1970-01-01 00:00:00
    standard_name: time
    long_name: Time (seconds since 1970-01-01 00:00:00)
    axis: T
    valid_min: 1726531210.0
    valid_max: 1726617600.0
    calendar: standard
unlimited dimensions: 
current shape = (8640,)
filling on, default _FillValue of 9.969209968386869e+36 used
Flagged 0 points where air_temperature < 245.0K as bad data (qc_flag = 2).
Found 0 points already flagged as bad data (flag=2)
QC flags successfully added to /gws/pw/j07/ncas_obs_vol2/cao/processing/ncas-temperature-rh-1/data/long-term/level1d/2024/stfc-temperature-rh-1_cao_20240917_surface-met_v1.1.nc.
Updated time units to 'seconds since 1970-01-01 00:00:00' in /gws/pw/j07/ncas_obs_vol2/cao/processing/ncas-temperature-rh-1/data/long-term/level1d/2024/stfc-temperature-rh-1_cao_20240917_surface-met_v1.1.nc
/gws/pw/j07/ncas_obs_vol2/cao/raw_data/met_cao/data/long-term/2024/202409/CR1000XSeries_Chilbolton_Rxcabinmet1_20240918.dat
Parsed column names: ['TIMESTAMP', 'RECORD', 'BattV_Avg', 'PTemp_C_Avg', 'Air_T_Avg', 'RH_Avg', 'BP_mbar_Avg', 'WS_Avg', 'WD_Avg', 'SlrW_Avg', 'rg001dc_ch_Tot', 'rg006dc_ch_Tot', 'rg008dc_ch_Tot', 'rg009dc_ch_Tot', 'rg004tb_ch_Tot']
shape: (8_640, 3)
┌─────────────────────┬───────────┬────────┐
│ TIMESTAMP           ┆ Air_T_Avg ┆ RH_Avg │
│ ---                 ┆ ---       ┆ ---    │
│ datetime[μs]        ┆ f64       ┆ f64    │
╞═════════════════════╪═══════════╪════════╡
│ 2024-09-18 00:00:10 ┆ 286.31    ┆ 87.08  │
│ 2024-09-18 00:00:20 ┆ 286.29    ┆ 87.2   │
│ 2024-09-18 00:00:30 ┆ 286.25    ┆ 87.4   │
│ 2024-09-18 00:00:40 ┆ 286.23    ┆ 87.32  │
│ 2024-09-18 00:00:50 ┆ 286.23    ┆ 87.04  │
│ …                   ┆ …         ┆ …      │
│ 2024-09-18 23:59:20 ┆ 288.01    ┆ 89.76  │
│ 2024-09-18 23:59:30 ┆ 287.99    ┆ 89.78  │
│ 2024-09-18 23:59:40 ┆ 288.01    ┆ 89.72  │
│ 2024-09-18 23:59:50 ┆ 288.03    ┆ 89.68  │
│ 2024-09-19 00:00:00 ┆ 288.05    ┆ 89.8   │
└─────────────────────┴───────────┴────────┘
[INFO] Correcting the 'time' variable in the NetCDF file.
<class 'netCDF4.Variable'>
float64 time(time)
    units: seconds since 1970-01-01 00:00:00
    standard_name: time
    long_name: Time (seconds since 1970-01-01 00:00:00)
    axis: T
    valid_min: 1726617610.0
    valid_max: 1726704000.0
    calendar: standard
unlimited dimensions: 
current shape = (8640,)
filling on, default _FillValue of 9.969209968386869e+36 used
Flagged 0 points where air_temperature < 245.0K as bad data (qc_flag = 2).
Found 0 points already flagged as bad data (flag=2)
QC flags successfully added to /gws/pw/j07/ncas_obs_vol2/cao/processing/ncas-temperature-rh-1/data/long-term/level1d/2024/stfc-temperature-rh-1_cao_20240918_surface-met_v1.1.nc.
Updated time units to 'seconds since 1970-01-01 00:00:00' in /gws/pw/j07/ncas_obs_vol2/cao/processing/ncas-temperature-rh-1/data/long-term/level1d/2024/stfc-temperature-rh-1_cao_20240918_surface-met_v1.1.nc
/gws/pw/j07/ncas_obs_vol2/cao/raw_data/met_cao/data/long-term/2024/202409/CR1000XSeries_Chilbolton_Rxcabinmet1_20240919.dat
Parsed column names: ['TIMESTAMP', 'RECORD', 'BattV_Avg', 'PTemp_C_Avg', 'Air_T_Avg', 'RH_Avg', 'BP_mbar_Avg', 'WS_Avg', 'WD_Avg', 'SlrW_Avg', 'rg001dc_ch_Tot', 'rg006dc_ch_Tot', 'rg008dc_ch_Tot', 'rg009dc_ch_Tot', 'rg004tb_ch_Tot']
shape: (8_640, 3)
┌─────────────────────┬───────────┬────────┐
│ TIMESTAMP           ┆ Air_T_Avg ┆ RH_Avg │
│ ---                 ┆ ---       ┆ ---    │
│ datetime[μs]        ┆ f64       ┆ f64    │
╞═════════════════════╪═══════════╪════════╡
│ 2024-09-19 00:00:10 ┆ 288.05    ┆ 89.9   │
│ 2024-09-19 00:00:20 ┆ 288.05    ┆ 89.9   │
│ 2024-09-19 00:00:30 ┆ 288.07    ┆ 89.64  │
│ 2024-09-19 00:00:40 ┆ 288.11    ┆ 89.48  │
│ 2024-09-19 00:00:50 ┆ 288.11    ┆ 89.44  │
│ …                   ┆ …         ┆ …      │
│ 2024-09-19 23:59:20 ┆ 286.39    ┆ 92.5   │
│ 2024-09-19 23:59:30 ┆ 286.37    ┆ 92.86  │
│ 2024-09-19 23:59:40 ┆ 286.33    ┆ 93.04  │
│ 2024-09-19 23:59:50 ┆ 286.33    ┆ 92.84  │
│ 2024-09-20 00:00:00 ┆ 286.37    ┆ 92.6   │
└─────────────────────┴───────────┴────────┘
[INFO] Correcting the 'time' variable in the NetCDF file.
<class 'netCDF4.Variable'>
float64 time(time)
    units: seconds since 1970-01-01 00:00:00
    standard_name: time
    long_name: Time (seconds since 1970-01-01 00:00:00)
    axis: T
    valid_min: 1726704010.0
    valid_max: 1726790400.0
    calendar: standard
unlimited dimensions: 
current shape = (8640,)
filling on, default _FillValue of 9.969209968386869e+36 used
Flagged 0 points where air_temperature < 245.0K as bad data (qc_flag = 2).
Found 0 points already flagged as bad data (flag=2)
QC flags successfully added to /gws/pw/j07/ncas_obs_vol2/cao/processing/ncas-temperature-rh-1/data/long-term/level1d/2024/stfc-temperature-rh-1_cao_20240919_surface-met_v1.1.nc.
Updated time units to 'seconds since 1970-01-01 00:00:00' in /gws/pw/j07/ncas_obs_vol2/cao/processing/ncas-temperature-rh-1/data/long-term/level1d/2024/stfc-temperature-rh-1_cao_20240919_surface-met_v1.1.nc
/gws/pw/j07/ncas_obs_vol2/cao/raw_data/met_cao/data/long-term/2024/202409/CR1000XSeries_Chilbolton_Rxcabinmet1_20240920.dat
Parsed column names: ['TIMESTAMP', 'RECORD', 'BattV_Avg', 'PTemp_C_Avg', 'Air_T_Avg', 'RH_Avg', 'BP_mbar_Avg', 'WS_Avg', 'WD_Avg', 'SlrW_Avg', 'rg001dc_ch_Tot', 'rg006dc_ch_Tot', 'rg008dc_ch_Tot', 'rg009dc_ch_Tot', 'rg004tb_ch_Tot']
shape: (8_640, 3)
┌─────────────────────┬───────────┬────────┐
│ TIMESTAMP           ┆ Air_T_Avg ┆ RH_Avg │
│ ---                 ┆ ---       ┆ ---    │
│ datetime[μs]        ┆ f64       ┆ f64    │
╞═════════════════════╪═══════════╪════════╡
│ 2024-09-20 00:00:10 ┆ 286.41    ┆ 92.28  │
│ 2024-09-20 00:00:20 ┆ 286.45    ┆ 92.14  │
│ 2024-09-20 00:00:30 ┆ 286.43    ┆ 92.3   │
│ 2024-09-20 00:00:40 ┆ 286.47    ┆ 92.2   │
│ 2024-09-20 00:00:50 ┆ 286.51    ┆ 92.14  │
│ …                   ┆ …         ┆ …      │
│ 2024-09-20 23:59:20 ┆ 287.41    ┆ 89.88  │
│ 2024-09-20 23:59:30 ┆ 287.41    ┆ 89.94  │
│ 2024-09-20 23:59:40 ┆ 287.39    ┆ 90.02  │
│ 2024-09-20 23:59:50 ┆ 287.39    ┆ 90.1   │
│ 2024-09-21 00:00:00 ┆ 287.37    ┆ 90.18  │
└─────────────────────┴───────────┴────────┘
[INFO] Correcting the 'time' variable in the NetCDF file.
<class 'netCDF4.Variable'>
float64 time(time)
    units: seconds since 1970-01-01 00:00:00
    standard_name: time
    long_name: Time (seconds since 1970-01-01 00:00:00)
    axis: T
    valid_min: 1726790410.0
    valid_max: 1726876800.0
    calendar: standard
unlimited dimensions: 
current shape = (8640,)
filling on, default _FillValue of 9.969209968386869e+36 used
Flagged 0 points where air_temperature < 245.0K as bad data (qc_flag = 2).
Found 0 points already flagged as bad data (flag=2)
QC flags successfully added to /gws/pw/j07/ncas_obs_vol2/cao/processing/ncas-temperature-rh-1/data/long-term/level1d/2024/stfc-temperature-rh-1_cao_20240920_surface-met_v1.1.nc.
Updated time units to 'seconds since 1970-01-01 00:00:00' in /gws/pw/j07/ncas_obs_vol2/cao/processing/ncas-temperature-rh-1/data/long-term/level1d/2024/stfc-temperature-rh-1_cao_20240920_surface-met_v1.1.nc
/gws/pw/j07/ncas_obs_vol2/cao/raw_data/met_cao/data/long-term/2024/202409/CR1000XSeries_Chilbolton_Rxcabinmet1_20240921.dat
Parsed column names: ['TIMESTAMP', 'RECORD', 'BattV_Avg', 'PTemp_C_Avg', 'Air_T_Avg', 'RH_Avg', 'BP_mbar_Avg', 'WS_Avg', 'WD_Avg', 'SlrW_Avg', 'rg001dc_ch_Tot', 'rg006dc_ch_Tot', 'rg008dc_ch_Tot', 'rg009dc_ch_Tot', 'rg004tb_ch_Tot']
shape: (8_640, 3)
┌─────────────────────┬───────────┬────────┐
│ TIMESTAMP           ┆ Air_T_Avg ┆ RH_Avg │
│ ---                 ┆ ---       ┆ ---    │
│ datetime[μs]        ┆ f64       ┆ f64    │
╞═════════════════════╪═══════════╪════════╡
│ 2024-09-21 00:00:10 ┆ 287.43    ┆ 89.88  │
│ 2024-09-21 00:00:20 ┆ 287.51    ┆ 89.64  │
│ 2024-09-21 00:00:30 ┆ 287.51    ┆ 89.74  │
│ 2024-09-21 00:00:40 ┆ 287.51    ┆ 89.94  │
│ 2024-09-21 00:00:50 ┆ 287.51    ┆ 90.06  │
│ …                   ┆ …         ┆ …      │
│ 2024-09-21 23:59:20 ┆ 287.87    ┆ 97.56  │
│ 2024-09-21 23:59:30 ┆ 287.89    ┆ 97.56  │
│ 2024-09-21 23:59:40 ┆ 287.89    ┆ 97.64  │
│ 2024-09-21 23:59:50 ┆ 287.89    ┆ 97.78  │
│ 2024-09-22 00:00:00 ┆ 287.89    ┆ 97.94  │
└─────────────────────┴───────────┴────────┘
[INFO] Correcting the 'time' variable in the NetCDF file.
<class 'netCDF4.Variable'>
float64 time(time)
    units: seconds since 1970-01-01 00:00:00
    standard_name: time
    long_name: Time (seconds since 1970-01-01 00:00:00)
    axis: T
    valid_min: 1726876810.0
    valid_max: 1726963200.0
    calendar: standard
unlimited dimensions: 
current shape = (8640,)
filling on, default _FillValue of 9.969209968386869e+36 used
Flagged 0 points where air_temperature < 245.0K as bad data (qc_flag = 2).
Found 0 points already flagged as bad data (flag=2)
QC flags successfully added to /gws/pw/j07/ncas_obs_vol2/cao/processing/ncas-temperature-rh-1/data/long-term/level1d/2024/stfc-temperature-rh-1_cao_20240921_surface-met_v1.1.nc.
Updated time units to 'seconds since 1970-01-01 00:00:00' in /gws/pw/j07/ncas_obs_vol2/cao/processing/ncas-temperature-rh-1/data/long-term/level1d/2024/stfc-temperature-rh-1_cao_20240921_surface-met_v1.1.nc
/gws/pw/j07/ncas_obs_vol2/cao/raw_data/met_cao/data/long-term/2024/202409/CR1000XSeries_Chilbolton_Rxcabinmet1_20240922.dat
Parsed column names: ['TIMESTAMP', 'RECORD', 'BattV_Avg', 'PTemp_C_Avg', 'Air_T_Avg', 'RH_Avg', 'BP_mbar_Avg', 'WS_Avg', 'WD_Avg', 'SlrW_Avg', 'rg001dc_ch_Tot', 'rg006dc_ch_Tot', 'rg008dc_ch_Tot', 'rg009dc_ch_Tot', 'rg004tb_ch_Tot']
shape: (8_640, 3)
┌─────────────────────┬───────────┬────────┐
│ TIMESTAMP           ┆ Air_T_Avg ┆ RH_Avg │
│ ---                 ┆ ---       ┆ ---    │
│ datetime[μs]        ┆ f64       ┆ f64    │
╞═════════════════════╪═══════════╪════════╡
│ 2024-09-22 00:00:10 ┆ 287.89    ┆ 97.96  │
│ 2024-09-22 00:00:20 ┆ 287.89    ┆ 97.98  │
│ 2024-09-22 00:00:30 ┆ 287.91    ┆ 97.9   │
│ 2024-09-22 00:00:40 ┆ 287.93    ┆ 97.72  │
│ 2024-09-22 00:00:50 ┆ 287.95    ┆ 97.6   │
│ …                   ┆ …         ┆ …      │
│ 2024-09-22 23:59:20 ┆ 287.67    ┆ 100.0  │
│ 2024-09-22 23:59:30 ┆ 287.67    ┆ 99.98  │
│ 2024-09-22 23:59:40 ┆ 287.67    ┆ 100.0  │
│ 2024-09-22 23:59:50 ┆ 287.67    ┆ 100.0  │
│ 2024-09-23 00:00:00 ┆ 287.67    ┆ 100.0  │
└─────────────────────┴───────────┴────────┘
[INFO] Correcting the 'time' variable in the NetCDF file.
<class 'netCDF4.Variable'>
float64 time(time)
    units: seconds since 1970-01-01 00:00:00
    standard_name: time
    long_name: Time (seconds since 1970-01-01 00:00:00)
    axis: T
    valid_min: 1726963210.0
    valid_max: 1727049600.0
    calendar: standard
unlimited dimensions: 
current shape = (8640,)
filling on, default _FillValue of 9.969209968386869e+36 used
Flagged 0 points where air_temperature < 245.0K as bad data (qc_flag = 2).
Found 0 points already flagged as bad data (flag=2)
QC flags successfully added to /gws/pw/j07/ncas_obs_vol2/cao/processing/ncas-temperature-rh-1/data/long-term/level1d/2024/stfc-temperature-rh-1_cao_20240922_surface-met_v1.1.nc.
Updated time units to 'seconds since 1970-01-01 00:00:00' in /gws/pw/j07/ncas_obs_vol2/cao/processing/ncas-temperature-rh-1/data/long-term/level1d/2024/stfc-temperature-rh-1_cao_20240922_surface-met_v1.1.nc
Warning: Input file not found: /gws/pw/j07/ncas_obs_vol2/cao/raw_data/met_cao/data/long-term/2024/202409/CR1000XSeries_Chilbolton_Rxcabinmet1_20240923.dat
/gws/pw/j07/ncas_obs_vol2/cao/raw_data/met_cao/data/long-term/2024/202409/CR1000XSeries_Chilbolton_Rxcabinmet1_20240924.dat
Parsed column names: ['TIMESTAMP', 'RECORD', 'BattV_Avg', 'PTemp_C_Avg', 'Air_T_Avg', 'RH_Avg', 'BP_mbar_Avg', 'WS_Avg', 'WD_Avg', 'SlrW_Avg', 'rg001dc_ch_Tot', 'rg006dc_ch_Tot', 'rg008dc_ch_Tot', 'rg009dc_ch_Tot', 'rg004tb_ch_Tot']
shape: (8_640, 3)
┌─────────────────────┬───────────┬────────┐
│ TIMESTAMP           ┆ Air_T_Avg ┆ RH_Avg │
│ ---                 ┆ ---       ┆ ---    │
│ datetime[μs]        ┆ f64       ┆ f64    │
╞═════════════════════╪═══════════╪════════╡
│ 2024-09-24 00:00:10 ┆ 286.61    ┆ 99.62  │
│ 2024-09-24 00:00:20 ┆ 286.63    ┆ 99.86  │
│ 2024-09-24 00:00:30 ┆ 286.61    ┆ 100.0  │
│ 2024-09-24 00:00:40 ┆ 286.63    ┆ 100.0  │
│ 2024-09-24 00:00:50 ┆ 286.63    ┆ 99.96  │
│ …                   ┆ …         ┆ …      │
│ 2024-09-24 23:59:20 ┆ 284.37    ┆ 92.7   │
│ 2024-09-24 23:59:30 ┆ 284.37    ┆ 92.72  │
│ 2024-09-24 23:59:40 ┆ 284.37    ┆ 92.76  │
│ 2024-09-24 23:59:50 ┆ 284.37    ┆ 92.74  │
│ 2024-09-25 00:00:00 ┆ 284.37    ┆ 92.76  │
└─────────────────────┴───────────┴────────┘
[INFO] Correcting the 'time' variable in the NetCDF file.
<class 'netCDF4.Variable'>
float64 time(time)
    units: seconds since 1970-01-01 00:00:00
    standard_name: time
    long_name: Time (seconds since 1970-01-01 00:00:00)
    axis: T
    valid_min: 1727136010.0
    valid_max: 1727222400.0
    calendar: standard
unlimited dimensions: 
current shape = (8640,)
filling on, default _FillValue of 9.969209968386869e+36 used
Flagged 0 points where air_temperature < 245.0K as bad data (qc_flag = 2).
Found 0 points already flagged as bad data (flag=2)
QC flags successfully added to /gws/pw/j07/ncas_obs_vol2/cao/processing/ncas-temperature-rh-1/data/long-term/level1d/2024/stfc-temperature-rh-1_cao_20240924_surface-met_v1.1.nc.
Updated time units to 'seconds since 1970-01-01 00:00:00' in /gws/pw/j07/ncas_obs_vol2/cao/processing/ncas-temperature-rh-1/data/long-term/level1d/2024/stfc-temperature-rh-1_cao_20240924_surface-met_v1.1.nc
/gws/pw/j07/ncas_obs_vol2/cao/raw_data/met_cao/data/long-term/2024/202409/CR1000XSeries_Chilbolton_Rxcabinmet1_20240925.dat
Parsed column names: ['TIMESTAMP', 'RECORD', 'BattV_Avg', 'PTemp_C_Avg', 'Air_T_Avg', 'RH_Avg', 'BP_mbar_Avg', 'WS_Avg', 'WD_Avg', 'SlrW_Avg', 'rg001dc_ch_Tot', 'rg006dc_ch_Tot', 'rg008dc_ch_Tot', 'rg009dc_ch_Tot', 'rg004tb_ch_Tot']
shape: (8_640, 3)
┌─────────────────────┬───────────┬────────┐
│ TIMESTAMP           ┆ Air_T_Avg ┆ RH_Avg │
│ ---                 ┆ ---       ┆ ---    │
│ datetime[μs]        ┆ f64       ┆ f64    │
╞═════════════════════╪═══════════╪════════╡
│ 2024-09-25 00:00:10 ┆ 284.37    ┆ 92.7   │
│ 2024-09-25 00:00:20 ┆ 284.37    ┆ 92.7   │
│ 2024-09-25 00:00:30 ┆ 284.39    ┆ 92.64  │
│ 2024-09-25 00:00:40 ┆ 284.37    ┆ 92.54  │
│ 2024-09-25 00:00:50 ┆ 284.37    ┆ 92.44  │
│ …                   ┆ …         ┆ …      │
│ 2024-09-25 23:59:20 ┆ 286.03    ┆ 98.08  │
│ 2024-09-25 23:59:30 ┆ 286.03    ┆ 98.08  │
│ 2024-09-25 23:59:40 ┆ 286.05    ┆ 98.14  │
│ 2024-09-25 23:59:50 ┆ 286.05    ┆ 98.38  │
│ 2024-09-26 00:00:00 ┆ 286.05    ┆ 98.68  │
└─────────────────────┴───────────┴────────┘
[INFO] Correcting the 'time' variable in the NetCDF file.
<class 'netCDF4.Variable'>
float64 time(time)
    units: seconds since 1970-01-01 00:00:00
    standard_name: time
    long_name: Time (seconds since 1970-01-01 00:00:00)
    axis: T
    valid_min: 1727222410.0
    valid_max: 1727308800.0
    calendar: standard
unlimited dimensions: 
current shape = (8640,)
filling on, default _FillValue of 9.969209968386869e+36 used
Flagged 0 points where air_temperature < 245.0K as bad data (qc_flag = 2).
Found 0 points already flagged as bad data (flag=2)
QC flags successfully added to /gws/pw/j07/ncas_obs_vol2/cao/processing/ncas-temperature-rh-1/data/long-term/level1d/2024/stfc-temperature-rh-1_cao_20240925_surface-met_v1.1.nc.
Updated time units to 'seconds since 1970-01-01 00:00:00' in /gws/pw/j07/ncas_obs_vol2/cao/processing/ncas-temperature-rh-1/data/long-term/level1d/2024/stfc-temperature-rh-1_cao_20240925_surface-met_v1.1.nc
/gws/pw/j07/ncas_obs_vol2/cao/raw_data/met_cao/data/long-term/2024/202409/CR1000XSeries_Chilbolton_Rxcabinmet1_20240926.dat
Parsed column names: ['TIMESTAMP', 'RECORD', 'BattV_Avg', 'PTemp_C_Avg', 'Air_T_Avg', 'RH_Avg', 'BP_mbar_Avg', 'WS_Avg', 'WD_Avg', 'SlrW_Avg', 'rg001dc_ch_Tot', 'rg006dc_ch_Tot', 'rg008dc_ch_Tot', 'rg009dc_ch_Tot', 'rg004tb_ch_Tot']
shape: (8_640, 3)
┌─────────────────────┬───────────┬────────┐
│ TIMESTAMP           ┆ Air_T_Avg ┆ RH_Avg │
│ ---                 ┆ ---       ┆ ---    │
│ datetime[μs]        ┆ f64       ┆ f64    │
╞═════════════════════╪═══════════╪════════╡
│ 2024-09-26 00:00:10 ┆ 286.05    ┆ 98.66  │
│ 2024-09-26 00:00:20 ┆ 286.05    ┆ 98.64  │
│ 2024-09-26 00:00:30 ┆ 286.05    ┆ 98.56  │
│ 2024-09-26 00:00:40 ┆ 286.05    ┆ 98.4   │
│ 2024-09-26 00:00:50 ┆ 286.05    ┆ 98.28  │
│ …                   ┆ …         ┆ …      │
│ 2024-09-26 23:59:20 ┆ 284.21    ┆ 89.46  │
│ 2024-09-26 23:59:30 ┆ 284.21    ┆ 89.48  │
│ 2024-09-26 23:59:40 ┆ 284.21    ┆ 89.38  │
│ 2024-09-26 23:59:50 ┆ 284.21    ┆ 89.18  │
│ 2024-09-27 00:00:00 ┆ 284.23    ┆ 89.12  │
└─────────────────────┴───────────┴────────┘
[INFO] Correcting the 'time' variable in the NetCDF file.
<class 'netCDF4.Variable'>
float64 time(time)
    units: seconds since 1970-01-01 00:00:00
    standard_name: time
    long_name: Time (seconds since 1970-01-01 00:00:00)
    axis: T
    valid_min: 1727308810.0
    valid_max: 1727395200.0
    calendar: standard
unlimited dimensions: 
current shape = (8640,)
filling on, default _FillValue of 9.969209968386869e+36 used
Flagged 0 points where air_temperature < 245.0K as bad data (qc_flag = 2).
Found 0 points already flagged as bad data (flag=2)
QC flags successfully added to /gws/pw/j07/ncas_obs_vol2/cao/processing/ncas-temperature-rh-1/data/long-term/level1d/2024/stfc-temperature-rh-1_cao_20240926_surface-met_v1.1.nc.
Updated time units to 'seconds since 1970-01-01 00:00:00' in /gws/pw/j07/ncas_obs_vol2/cao/processing/ncas-temperature-rh-1/data/long-term/level1d/2024/stfc-temperature-rh-1_cao_20240926_surface-met_v1.1.nc
/gws/pw/j07/ncas_obs_vol2/cao/raw_data/met_cao/data/long-term/2024/202409/CR1000XSeries_Chilbolton_Rxcabinmet1_20240927.dat
Parsed column names: ['TIMESTAMP', 'RECORD', 'BattV_Avg', 'PTemp_C_Avg', 'Air_T_Avg', 'RH_Avg', 'BP_mbar_Avg', 'WS_Avg', 'WD_Avg', 'SlrW_Avg', 'rg001dc_ch_Tot', 'rg006dc_ch_Tot', 'rg008dc_ch_Tot', 'rg009dc_ch_Tot', 'rg004tb_ch_Tot']
shape: (8_640, 3)
┌─────────────────────┬───────────┬────────┐
│ TIMESTAMP           ┆ Air_T_Avg ┆ RH_Avg │
│ ---                 ┆ ---       ┆ ---    │
│ datetime[μs]        ┆ f64       ┆ f64    │
╞═════════════════════╪═══════════╪════════╡
│ 2024-09-27 00:00:10 ┆ 284.23    ┆ 89.14  │
│ 2024-09-27 00:00:20 ┆ 284.23    ┆ 89.18  │
│ 2024-09-27 00:00:30 ┆ 284.25    ┆ 88.94  │
│ 2024-09-27 00:00:40 ┆ 284.25    ┆ 88.66  │
│ 2024-09-27 00:00:50 ┆ 284.27    ┆ 88.46  │
│ …                   ┆ …         ┆ …      │
│ 2024-09-27 23:59:20 ┆ 277.35    ┆ 93.08  │
│ 2024-09-27 23:59:30 ┆ 277.35    ┆ 93.04  │
│ 2024-09-27 23:59:40 ┆ 277.37    ┆ 93.04  │
│ 2024-09-27 23:59:50 ┆ 277.39    ┆ 92.98  │
│ 2024-09-28 00:00:00 ┆ 277.43    ┆ 92.92  │
└─────────────────────┴───────────┴────────┘
[INFO] Correcting the 'time' variable in the NetCDF file.
<class 'netCDF4.Variable'>
float64 time(time)
    units: seconds since 1970-01-01 00:00:00
    standard_name: time
    long_name: Time (seconds since 1970-01-01 00:00:00)
    axis: T
    valid_min: 1727395210.0
    valid_max: 1727481600.0
    calendar: standard
unlimited dimensions: 
current shape = (8640,)
filling on, default _FillValue of 9.969209968386869e+36 used
Flagged 0 points where air_temperature < 245.0K as bad data (qc_flag = 2).
Found 0 points already flagged as bad data (flag=2)
QC flags successfully added to /gws/pw/j07/ncas_obs_vol2/cao/processing/ncas-temperature-rh-1/data/long-term/level1d/2024/stfc-temperature-rh-1_cao_20240927_surface-met_v1.1.nc.
Updated time units to 'seconds since 1970-01-01 00:00:00' in /gws/pw/j07/ncas_obs_vol2/cao/processing/ncas-temperature-rh-1/data/long-term/level1d/2024/stfc-temperature-rh-1_cao_20240927_surface-met_v1.1.nc
/gws/pw/j07/ncas_obs_vol2/cao/raw_data/met_cao/data/long-term/2024/202409/CR1000XSeries_Chilbolton_Rxcabinmet1_20240928.dat
Parsed column names: ['TIMESTAMP', 'RECORD', 'BattV_Avg', 'PTemp_C_Avg', 'Air_T_Avg', 'RH_Avg', 'BP_mbar_Avg', 'WS_Avg', 'WD_Avg', 'SlrW_Avg', 'rg001dc_ch_Tot', 'rg006dc_ch_Tot', 'rg008dc_ch_Tot', 'rg009dc_ch_Tot', 'rg004tb_ch_Tot']
shape: (8_640, 3)
┌─────────────────────┬───────────┬────────┐
│ TIMESTAMP           ┆ Air_T_Avg ┆ RH_Avg │
│ ---                 ┆ ---       ┆ ---    │
│ datetime[μs]        ┆ f64       ┆ f64    │
╞═════════════════════╪═══════════╪════════╡
│ 2024-09-28 00:00:10 ┆ 277.45    ┆ 93.12  │
│ 2024-09-28 00:00:20 ┆ 277.45    ┆ 93.42  │
│ 2024-09-28 00:00:30 ┆ 277.45    ┆ 93.58  │
│ 2024-09-28 00:00:40 ┆ 277.45    ┆ 93.62  │
│ 2024-09-28 00:00:50 ┆ 277.43    ┆ 93.52  │
│ …                   ┆ …         ┆ …      │
│ 2024-09-28 23:59:20 ┆ 277.93    ┆ 98.6   │
│ 2024-09-28 23:59:30 ┆ 277.97    ┆ 98.46  │
│ 2024-09-28 23:59:40 ┆ 277.97    ┆ 98.66  │
│ 2024-09-28 23:59:50 ┆ 277.97    ┆ 98.94  │
│ 2024-09-29 00:00:00 ┆ 277.95    ┆ 99.5   │
└─────────────────────┴───────────┴────────┘
[INFO] Correcting the 'time' variable in the NetCDF file.
<class 'netCDF4.Variable'>
float64 time(time)
    units: seconds since 1970-01-01 00:00:00
    standard_name: time
    long_name: Time (seconds since 1970-01-01 00:00:00)
    axis: T
    valid_min: 1727481610.0
    valid_max: 1727568000.0
    calendar: standard
unlimited dimensions: 
current shape = (8640,)
filling on, default _FillValue of 9.969209968386869e+36 used
Flagged 0 points where air_temperature < 245.0K as bad data (qc_flag = 2).
Found 0 points already flagged as bad data (flag=2)
QC flags successfully added to /gws/pw/j07/ncas_obs_vol2/cao/processing/ncas-temperature-rh-1/data/long-term/level1d/2024/stfc-temperature-rh-1_cao_20240928_surface-met_v1.1.nc.
Updated time units to 'seconds since 1970-01-01 00:00:00' in /gws/pw/j07/ncas_obs_vol2/cao/processing/ncas-temperature-rh-1/data/long-term/level1d/2024/stfc-temperature-rh-1_cao_20240928_surface-met_v1.1.nc
/gws/pw/j07/ncas_obs_vol2/cao/raw_data/met_cao/data/long-term/2024/202409/CR1000XSeries_Chilbolton_Rxcabinmet1_20240929.dat
Parsed column names: ['TIMESTAMP', 'RECORD', 'BattV_Avg', 'PTemp_C_Avg', 'Air_T_Avg', 'RH_Avg', 'BP_mbar_Avg', 'WS_Avg', 'WD_Avg', 'SlrW_Avg', 'rg001dc_ch_Tot', 'rg006dc_ch_Tot', 'rg008dc_ch_Tot', 'rg009dc_ch_Tot', 'rg004tb_ch_Tot']
shape: (8_640, 3)
┌─────────────────────┬───────────┬────────┐
│ TIMESTAMP           ┆ Air_T_Avg ┆ RH_Avg │
│ ---                 ┆ ---       ┆ ---    │
│ datetime[μs]        ┆ f64       ┆ f64    │
╞═════════════════════╪═══════════╪════════╡
│ 2024-09-29 00:00:10 ┆ 277.93    ┆ 99.96  │
│ 2024-09-29 00:00:20 ┆ 277.93    ┆ 99.96  │
│ 2024-09-29 00:00:30 ┆ 277.93    ┆ 99.76  │
│ 2024-09-29 00:00:40 ┆ 277.93    ┆ 99.46  │
│ 2024-09-29 00:00:50 ┆ 277.89    ┆ 98.92  │
│ …                   ┆ …         ┆ …      │
│ 2024-09-29 23:59:20 ┆ 286.39    ┆ 96.48  │
│ 2024-09-29 23:59:30 ┆ 286.41    ┆ 96.08  │
│ 2024-09-29 23:59:40 ┆ 286.41    ┆ 95.92  │
│ 2024-09-29 23:59:50 ┆ 286.41    ┆ 96.06  │
│ 2024-09-30 00:00:00 ┆ 286.41    ┆ 96.18  │
└─────────────────────┴───────────┴────────┘
[INFO] Correcting the 'time' variable in the NetCDF file.
<class 'netCDF4.Variable'>
float64 time(time)
    units: seconds since 1970-01-01 00:00:00
    standard_name: time
    long_name: Time (seconds since 1970-01-01 00:00:00)
    axis: T
    valid_min: 1727568010.0
    valid_max: 1727654400.0
    calendar: standard
unlimited dimensions: 
current shape = (8640,)
filling on, default _FillValue of 9.969209968386869e+36 used
Flagged 0 points where air_temperature < 245.0K as bad data (qc_flag = 2).
Found 0 points already flagged as bad data (flag=2)
QC flags successfully added to /gws/pw/j07/ncas_obs_vol2/cao/processing/ncas-temperature-rh-1/data/long-term/level1d/2024/stfc-temperature-rh-1_cao_20240929_surface-met_v1.1.nc.
Updated time units to 'seconds since 1970-01-01 00:00:00' in /gws/pw/j07/ncas_obs_vol2/cao/processing/ncas-temperature-rh-1/data/long-term/level1d/2024/stfc-temperature-rh-1_cao_20240929_surface-met_v1.1.nc
/gws/pw/j07/ncas_obs_vol2/cao/raw_data/met_cao/data/long-term/2024/202409/CR1000XSeries_Chilbolton_Rxcabinmet1_20240930.dat
Parsed column names: ['TIMESTAMP', 'RECORD', 'BattV_Avg', 'PTemp_C_Avg', 'Air_T_Avg', 'RH_Avg', 'BP_mbar_Avg', 'WS_Avg', 'WD_Avg', 'SlrW_Avg', 'rg001dc_ch_Tot', 'rg006dc_ch_Tot', 'rg008dc_ch_Tot', 'rg009dc_ch_Tot', 'rg004tb_ch_Tot']
shape: (8_640, 3)
┌─────────────────────┬───────────┬────────┐
│ TIMESTAMP           ┆ Air_T_Avg ┆ RH_Avg │
│ ---                 ┆ ---       ┆ ---    │
│ datetime[μs]        ┆ f64       ┆ f64    │
╞═════════════════════╪═══════════╪════════╡
│ 2024-09-30 00:00:10 ┆ 286.43    ┆ 96.32  │
│ 2024-09-30 00:00:20 ┆ 286.43    ┆ 96.52  │
│ 2024-09-30 00:00:30 ┆ 286.43    ┆ 96.58  │
│ 2024-09-30 00:00:40 ┆ 286.45    ┆ 96.48  │
│ 2024-09-30 00:00:50 ┆ 286.45    ┆ 96.42  │
│ …                   ┆ …         ┆ …      │
│ 2024-09-30 23:59:20 ┆ 282.89    ┆ 89.06  │
│ 2024-09-30 23:59:30 ┆ 282.89    ┆ 88.84  │
│ 2024-09-30 23:59:40 ┆ 282.97    ┆ 88.38  │
│ 2024-09-30 23:59:50 ┆ 282.99    ┆ 88.22  │
│ 2024-10-01 00:00:00 ┆ 282.99    ┆ 88.32  │
└─────────────────────┴───────────┴────────┘
[INFO] Correcting the 'time' variable in the NetCDF file.
<class 'netCDF4.Variable'>
float64 time(time)
    units: seconds since 1970-01-01 00:00:00
    standard_name: time
    long_name: Time (seconds since 1970-01-01 00:00:00)
    axis: T
    valid_min: 1727654410.0
    valid_max: 1727740800.0
    calendar: standard
unlimited dimensions: 
current shape = (8640,)
filling on, default _FillValue of 9.969209968386869e+36 used
Flagged 0 points where air_temperature < 245.0K as bad data (qc_flag = 2).
Found 0 points already flagged as bad data (flag=2)
QC flags successfully added to /gws/pw/j07/ncas_obs_vol2/cao/processing/ncas-temperature-rh-1/data/long-term/level1d/2024/stfc-temperature-rh-1_cao_20240930_surface-met_v1.1.nc.
Updated time units to 'seconds since 1970-01-01 00:00:00' in /gws/pw/j07/ncas_obs_vol2/cao/processing/ncas-temperature-rh-1/data/long-term/level1d/2024/stfc-temperature-rh-1_cao_20240930_surface-met_v1.1.nc
/gws/pw/j07/ncas_obs_vol2/cao/raw_data/met_cao/data/long-term/2024/202410/CR1000XSeries_Chilbolton_Rxcabinmet1_20241001.dat
Parsed column names: ['TIMESTAMP', 'RECORD', 'BattV_Avg', 'PTemp_C_Avg', 'Air_T_Avg', 'RH_Avg', 'BP_mbar_Avg', 'WS_Avg', 'WD_Avg', 'SlrW_Avg', 'rg001dc_ch_Tot', 'rg006dc_ch_Tot', 'rg008dc_ch_Tot', 'rg009dc_ch_Tot', 'rg004tb_ch_Tot']
shape: (8_640, 3)
┌─────────────────────┬───────────┬────────┐
│ TIMESTAMP           ┆ Air_T_Avg ┆ RH_Avg │
│ ---                 ┆ ---       ┆ ---    │
│ datetime[μs]        ┆ f64       ┆ f64    │
╞═════════════════════╪═══════════╪════════╡
│ 2024-10-01 00:00:10 ┆ 282.97    ┆ 88.66  │
│ 2024-10-01 00:00:20 ┆ 282.95    ┆ 89.1   │
│ 2024-10-01 00:00:30 ┆ 282.91    ┆ 89.44  │
│ 2024-10-01 00:00:40 ┆ 282.89    ┆ 89.52  │
│ 2024-10-01 00:00:50 ┆ 282.85    ┆ 89.48  │
│ …                   ┆ …         ┆ …      │
│ 2024-10-01 23:59:20 ┆ 285.39    ┆ 90.62  │
│ 2024-10-01 23:59:30 ┆ 285.39    ┆ 90.46  │
│ 2024-10-01 23:59:40 ┆ 285.41    ┆ 90.42  │
│ 2024-10-01 23:59:50 ┆ 285.41    ┆ 90.42  │
│ 2024-10-02 00:00:00 ┆ 285.41    ┆ 90.6   │
└─────────────────────┴───────────┴────────┘
[INFO] Correcting the 'time' variable in the NetCDF file.
<class 'netCDF4.Variable'>
float64 time(time)
    units: seconds since 1970-01-01 00:00:00
    standard_name: time
    long_name: Time (seconds since 1970-01-01 00:00:00)
    axis: T
    valid_min: 1727740810.0
    valid_max: 1727827200.0
    calendar: standard
unlimited dimensions: 
current shape = (8640,)
filling on, default _FillValue of 9.969209968386869e+36 used
Flagged 0 points where air_temperature < 245.0K as bad data (qc_flag = 2).
Found 0 points already flagged as bad data (flag=2)
QC flags successfully added to /gws/pw/j07/ncas_obs_vol2/cao/processing/ncas-temperature-rh-1/data/long-term/level1d/2024/stfc-temperature-rh-1_cao_20241001_surface-met_v1.1.nc.
Updated time units to 'seconds since 1970-01-01 00:00:00' in /gws/pw/j07/ncas_obs_vol2/cao/processing/ncas-temperature-rh-1/data/long-term/level1d/2024/stfc-temperature-rh-1_cao_20241001_surface-met_v1.1.nc
/gws/pw/j07/ncas_obs_vol2/cao/raw_data/met_cao/data/long-term/2024/202410/CR1000XSeries_Chilbolton_Rxcabinmet1_20241002.dat
Parsed column names: ['TIMESTAMP', 'RECORD', 'BattV_Avg', 'PTemp_C_Avg', 'Air_T_Avg', 'RH_Avg', 'BP_mbar_Avg', 'WS_Avg', 'WD_Avg', 'SlrW_Avg', 'rg001dc_ch_Tot', 'rg006dc_ch_Tot', 'rg008dc_ch_Tot', 'rg009dc_ch_Tot', 'rg004tb_ch_Tot']
shape: (8_640, 3)
┌─────────────────────┬───────────┬────────┐
│ TIMESTAMP           ┆ Air_T_Avg ┆ RH_Avg │
│ ---                 ┆ ---       ┆ ---    │
│ datetime[μs]        ┆ f64       ┆ f64    │
╞═════════════════════╪═══════════╪════════╡
│ 2024-10-02 00:00:10 ┆ 285.41    ┆ 90.82  │
│ 2024-10-02 00:00:20 ┆ 285.41    ┆ 90.98  │
│ 2024-10-02 00:00:30 ┆ 285.41    ┆ 90.96  │
│ 2024-10-02 00:00:40 ┆ 285.39    ┆ 90.94  │
│ 2024-10-02 00:00:50 ┆ 285.39    ┆ 90.88  │
│ …                   ┆ …         ┆ …      │
│ 2024-10-02 23:59:20 ┆ 282.51    ┆ 92.7   │
│ 2024-10-02 23:59:30 ┆ 282.51    ┆ 93.08  │
│ 2024-10-02 23:59:40 ┆ 282.51    ┆ 93.42  │
│ 2024-10-02 23:59:50 ┆ 282.49    ┆ 93.5   │
│ 2024-10-03 00:00:00 ┆ 282.47    ┆ 93.3   │
└─────────────────────┴───────────┴────────┘
[INFO] Correcting the 'time' variable in the NetCDF file.
<class 'netCDF4.Variable'>
float64 time(time)
    units: seconds since 1970-01-01 00:00:00
    standard_name: time
    long_name: Time (seconds since 1970-01-01 00:00:00)
    axis: T
    valid_min: 1727827210.0
    valid_max: 1727913600.0
    calendar: standard
unlimited dimensions: 
current shape = (8640,)
filling on, default _FillValue of 9.969209968386869e+36 used
Flagged 0 points where air_temperature < 245.0K as bad data (qc_flag = 2).
Found 0 points already flagged as bad data (flag=2)
QC flags successfully added to /gws/pw/j07/ncas_obs_vol2/cao/processing/ncas-temperature-rh-1/data/long-term/level1d/2024/stfc-temperature-rh-1_cao_20241002_surface-met_v1.1.nc.
Updated time units to 'seconds since 1970-01-01 00:00:00' in /gws/pw/j07/ncas_obs_vol2/cao/processing/ncas-temperature-rh-1/data/long-term/level1d/2024/stfc-temperature-rh-1_cao_20241002_surface-met_v1.1.nc
/gws/pw/j07/ncas_obs_vol2/cao/raw_data/met_cao/data/long-term/2024/202410/CR1000XSeries_Chilbolton_Rxcabinmet1_20241003.dat
Parsed column names: ['TIMESTAMP', 'RECORD', 'BattV_Avg', 'PTemp_C_Avg', 'Air_T_Avg', 'RH_Avg', 'BP_mbar_Avg', 'WS_Avg', 'WD_Avg', 'SlrW_Avg', 'rg001dc_ch_Tot', 'rg006dc_ch_Tot', 'rg008dc_ch_Tot', 'rg009dc_ch_Tot', 'rg004tb_ch_Tot']
shape: (8_640, 3)
┌─────────────────────┬───────────┬────────┐
│ TIMESTAMP           ┆ Air_T_Avg ┆ RH_Avg │
│ ---                 ┆ ---       ┆ ---    │
│ datetime[μs]        ┆ f64       ┆ f64    │
╞═════════════════════╪═══════════╪════════╡
│ 2024-10-03 00:00:10 ┆ 282.45    ┆ 93.14  │
│ 2024-10-03 00:00:20 ┆ 282.45    ┆ 92.7   │
│ 2024-10-03 00:00:30 ┆ 282.41    ┆ 92.52  │
│ 2024-10-03 00:00:40 ┆ 282.39    ┆ 92.46  │
│ 2024-10-03 00:00:50 ┆ 282.39    ┆ 92.6   │
│ …                   ┆ …         ┆ …      │
│ 2024-10-03 23:59:20 ┆ 280.01    ┆ 98.56  │
│ 2024-10-03 23:59:30 ┆ 280.05    ┆ 98.44  │
│ 2024-10-03 23:59:40 ┆ 280.03    ┆ 98.68  │
│ 2024-10-03 23:59:50 ┆ 280.03    ┆ 98.88  │
│ 2024-10-04 00:00:00 ┆ 280.01    ┆ 99.4   │
└─────────────────────┴───────────┴────────┘
[INFO] Correcting the 'time' variable in the NetCDF file.
<class 'netCDF4.Variable'>
float64 time(time)
    units: seconds since 1970-01-01 00:00:00
    standard_name: time
    long_name: Time (seconds since 1970-01-01 00:00:00)
    axis: T
    valid_min: 1727913610.0
    valid_max: 1728000000.0
    calendar: standard
unlimited dimensions: 
current shape = (8640,)
filling on, default _FillValue of 9.969209968386869e+36 used
Flagged 0 points where air_temperature < 245.0K as bad data (qc_flag = 2).
Found 0 points already flagged as bad data (flag=2)
QC flags successfully added to /gws/pw/j07/ncas_obs_vol2/cao/processing/ncas-temperature-rh-1/data/long-term/level1d/2024/stfc-temperature-rh-1_cao_20241003_surface-met_v1.1.nc.
Updated time units to 'seconds since 1970-01-01 00:00:00' in /gws/pw/j07/ncas_obs_vol2/cao/processing/ncas-temperature-rh-1/data/long-term/level1d/2024/stfc-temperature-rh-1_cao_20241003_surface-met_v1.1.nc
/gws/pw/j07/ncas_obs_vol2/cao/raw_data/met_cao/data/long-term/2024/202410/CR1000XSeries_Chilbolton_Rxcabinmet1_20241004.dat
Parsed column names: ['TIMESTAMP', 'RECORD', 'BattV_Avg', 'PTemp_C_Avg', 'Air_T_Avg', 'RH_Avg', 'BP_mbar_Avg', 'WS_Avg', 'WD_Avg', 'SlrW_Avg', 'rg001dc_ch_Tot', 'rg006dc_ch_Tot', 'rg008dc_ch_Tot', 'rg009dc_ch_Tot', 'rg004tb_ch_Tot']
shape: (8_640, 3)
┌─────────────────────┬───────────┬────────┐
│ TIMESTAMP           ┆ Air_T_Avg ┆ RH_Avg │
│ ---                 ┆ ---       ┆ ---    │
│ datetime[μs]        ┆ f64       ┆ f64    │
╞═════════════════════╪═══════════╪════════╡
│ 2024-10-04 00:00:10 ┆ 279.93    ┆ 99.98  │
│ 2024-10-04 00:00:20 ┆ 279.89    ┆ 99.96  │
│ 2024-10-04 00:00:30 ┆ 279.89    ┆ 99.84  │
│ 2024-10-04 00:00:40 ┆ 279.89    ┆ 99.14  │
│ 2024-10-04 00:00:50 ┆ 279.89    ┆ 98.62  │
│ …                   ┆ …         ┆ …      │
│ 2024-10-04 23:59:20 ┆ 278.15    ┆ 99.02  │
│ 2024-10-04 23:59:30 ┆ 278.13    ┆ 99.32  │
│ 2024-10-04 23:59:40 ┆ 278.09    ┆ 99.62  │
│ 2024-10-04 23:59:50 ┆ 278.07    ┆ 99.6   │
│ 2024-10-05 00:00:00 ┆ 278.03    ┆ 99.56  │
└─────────────────────┴───────────┴────────┘
[INFO] Correcting the 'time' variable in the NetCDF file.
<class 'netCDF4.Variable'>
float64 time(time)
    units: seconds since 1970-01-01 00:00:00
    standard_name: time
    long_name: Time (seconds since 1970-01-01 00:00:00)
    axis: T
    valid_min: 1728000010.0
    valid_max: 1728086400.0
    calendar: standard
unlimited dimensions: 
current shape = (8640,)
filling on, default _FillValue of 9.969209968386869e+36 used
Flagged 0 points where air_temperature < 245.0K as bad data (qc_flag = 2).
Found 0 points already flagged as bad data (flag=2)
QC flags successfully added to /gws/pw/j07/ncas_obs_vol2/cao/processing/ncas-temperature-rh-1/data/long-term/level1d/2024/stfc-temperature-rh-1_cao_20241004_surface-met_v1.1.nc.
Updated time units to 'seconds since 1970-01-01 00:00:00' in /gws/pw/j07/ncas_obs_vol2/cao/processing/ncas-temperature-rh-1/data/long-term/level1d/2024/stfc-temperature-rh-1_cao_20241004_surface-met_v1.1.nc
/gws/pw/j07/ncas_obs_vol2/cao/raw_data/met_cao/data/long-term/2024/202410/CR1000XSeries_Chilbolton_Rxcabinmet1_20241005.dat
Parsed column names: ['TIMESTAMP', 'RECORD', 'BattV_Avg', 'PTemp_C_Avg', 'Air_T_Avg', 'RH_Avg', 'BP_mbar_Avg', 'WS_Avg', 'WD_Avg', 'SlrW_Avg', 'rg001dc_ch_Tot', 'rg006dc_ch_Tot', 'rg008dc_ch_Tot', 'rg009dc_ch_Tot', 'rg004tb_ch_Tot']
shape: (8_640, 3)
┌─────────────────────┬───────────┬────────┐
│ TIMESTAMP           ┆ Air_T_Avg ┆ RH_Avg │
│ ---                 ┆ ---       ┆ ---    │
│ datetime[μs]        ┆ f64       ┆ f64    │
╞═════════════════════╪═══════════╪════════╡
│ 2024-10-05 00:00:10 ┆ 278.03    ┆ 99.34  │
│ 2024-10-05 00:00:20 ┆ 278.03    ┆ 98.88  │
│ 2024-10-05 00:00:30 ┆ 278.05    ┆ 98.48  │
│ 2024-10-05 00:00:40 ┆ 278.05    ┆ 98.38  │
│ 2024-10-05 00:00:50 ┆ 278.05    ┆ 98.36  │
│ …                   ┆ …         ┆ …      │
│ 2024-10-05 23:59:20 ┆ 286.37    ┆ 77.76  │
│ 2024-10-05 23:59:30 ┆ 286.37    ┆ 77.7   │
│ 2024-10-05 23:59:40 ┆ 286.31    ┆ 77.84  │
│ 2024-10-05 23:59:50 ┆ 286.29    ┆ 77.66  │
│ 2024-10-06 00:00:00 ┆ 286.27    ┆ 77.12  │
└─────────────────────┴───────────┴────────┘
[INFO] Correcting the 'time' variable in the NetCDF file.
<class 'netCDF4.Variable'>
float64 time(time)
    units: seconds since 1970-01-01 00:00:00
    standard_name: time
    long_name: Time (seconds since 1970-01-01 00:00:00)
    axis: T
    valid_min: 1728086410.0
    valid_max: 1728172800.0
    calendar: standard
unlimited dimensions: 
current shape = (8640,)
filling on, default _FillValue of 9.969209968386869e+36 used
Flagged 0 points where air_temperature < 245.0K as bad data (qc_flag = 2).
Found 0 points already flagged as bad data (flag=2)
QC flags successfully added to /gws/pw/j07/ncas_obs_vol2/cao/processing/ncas-temperature-rh-1/data/long-term/level1d/2024/stfc-temperature-rh-1_cao_20241005_surface-met_v1.1.nc.
Updated time units to 'seconds since 1970-01-01 00:00:00' in /gws/pw/j07/ncas_obs_vol2/cao/processing/ncas-temperature-rh-1/data/long-term/level1d/2024/stfc-temperature-rh-1_cao_20241005_surface-met_v1.1.nc
/gws/pw/j07/ncas_obs_vol2/cao/raw_data/met_cao/data/long-term/2024/202410/CR1000XSeries_Chilbolton_Rxcabinmet1_20241006.dat
Parsed column names: ['TIMESTAMP', 'RECORD', 'BattV_Avg', 'PTemp_C_Avg', 'Air_T_Avg', 'RH_Avg', 'BP_mbar_Avg', 'WS_Avg', 'WD_Avg', 'SlrW_Avg', 'rg001dc_ch_Tot', 'rg006dc_ch_Tot', 'rg008dc_ch_Tot', 'rg009dc_ch_Tot', 'rg004tb_ch_Tot']
shape: (8_640, 3)
┌─────────────────────┬───────────┬────────┐
│ TIMESTAMP           ┆ Air_T_Avg ┆ RH_Avg │
│ ---                 ┆ ---       ┆ ---    │
│ datetime[μs]        ┆ f64       ┆ f64    │
╞═════════════════════╪═══════════╪════════╡
│ 2024-10-06 00:00:10 ┆ 286.31    ┆ 76.74  │
│ 2024-10-06 00:00:20 ┆ 286.31    ┆ 76.86  │
│ 2024-10-06 00:00:30 ┆ 286.33    ┆ 77.18  │
│ 2024-10-06 00:00:40 ┆ 286.33    ┆ 77.7   │
│ 2024-10-06 00:00:50 ┆ 286.33    ┆ 78.3   │
│ …                   ┆ …         ┆ …      │
│ 2024-10-06 23:59:20 ┆ 284.05    ┆ 95.62  │
│ 2024-10-06 23:59:30 ┆ 284.03    ┆ 95.64  │
│ 2024-10-06 23:59:40 ┆ 284.03    ┆ 95.76  │
│ 2024-10-06 23:59:50 ┆ 284.01    ┆ 95.9   │
│ 2024-10-07 00:00:00 ┆ 283.99    ┆ 96.08  │
└─────────────────────┴───────────┴────────┘
[INFO] Correcting the 'time' variable in the NetCDF file.
<class 'netCDF4.Variable'>
float64 time(time)
    units: seconds since 1970-01-01 00:00:00
    standard_name: time
    long_name: Time (seconds since 1970-01-01 00:00:00)
    axis: T
    valid_min: 1728172810.0
    valid_max: 1728259200.0
    calendar: standard
unlimited dimensions: 
current shape = (8640,)
filling on, default _FillValue of 9.969209968386869e+36 used
Flagged 0 points where air_temperature < 245.0K as bad data (qc_flag = 2).
Found 0 points already flagged as bad data (flag=2)
QC flags successfully added to /gws/pw/j07/ncas_obs_vol2/cao/processing/ncas-temperature-rh-1/data/long-term/level1d/2024/stfc-temperature-rh-1_cao_20241006_surface-met_v1.1.nc.
Updated time units to 'seconds since 1970-01-01 00:00:00' in /gws/pw/j07/ncas_obs_vol2/cao/processing/ncas-temperature-rh-1/data/long-term/level1d/2024/stfc-temperature-rh-1_cao_20241006_surface-met_v1.1.nc
/gws/pw/j07/ncas_obs_vol2/cao/raw_data/met_cao/data/long-term/2024/202410/CR1000XSeries_Chilbolton_Rxcabinmet1_20241007.dat
Parsed column names: ['TIMESTAMP', 'RECORD', 'BattV_Avg', 'PTemp_C_Avg', 'Air_T_Avg', 'RH_Avg', 'BP_mbar_Avg', 'WS_Avg', 'WD_Avg', 'SlrW_Avg', 'rg001dc_ch_Tot', 'rg006dc_ch_Tot', 'rg008dc_ch_Tot', 'rg009dc_ch_Tot', 'rg004tb_ch_Tot']
shape: (8_640, 3)
┌─────────────────────┬───────────┬────────┐
│ TIMESTAMP           ┆ Air_T_Avg ┆ RH_Avg │
│ ---                 ┆ ---       ┆ ---    │
│ datetime[μs]        ┆ f64       ┆ f64    │
╞═════════════════════╪═══════════╪════════╡
│ 2024-10-07 00:00:10 ┆ 283.93    ┆ 96.28  │
│ 2024-10-07 00:00:20 ┆ 283.93    ┆ 96.1   │
│ 2024-10-07 00:00:30 ┆ 283.95    ┆ 95.84  │
│ 2024-10-07 00:00:40 ┆ 283.95    ┆ 95.72  │
│ 2024-10-07 00:00:50 ┆ 283.97    ┆ 95.64  │
│ …                   ┆ …         ┆ …      │
│ 2024-10-07 23:59:20 ┆ 286.35    ┆ 97.34  │
│ 2024-10-07 23:59:30 ┆ 286.35    ┆ 97.3   │
│ 2024-10-07 23:59:40 ┆ 286.35    ┆ 97.3   │
│ 2024-10-07 23:59:50 ┆ 286.35    ┆ 97.28  │
│ 2024-10-08 00:00:00 ┆ 286.35    ┆ 97.18  │
└─────────────────────┴───────────┴────────┘
[INFO] Correcting the 'time' variable in the NetCDF file.
<class 'netCDF4.Variable'>
float64 time(time)
    units: seconds since 1970-01-01 00:00:00
    standard_name: time
    long_name: Time (seconds since 1970-01-01 00:00:00)
    axis: T
    valid_min: 1728259210.0
    valid_max: 1728345600.0
    calendar: standard
unlimited dimensions: 
current shape = (8640,)
filling on, default _FillValue of 9.969209968386869e+36 used
Flagged 0 points where air_temperature < 245.0K as bad data (qc_flag = 2).
Found 0 points already flagged as bad data (flag=2)
QC flags successfully added to /gws/pw/j07/ncas_obs_vol2/cao/processing/ncas-temperature-rh-1/data/long-term/level1d/2024/stfc-temperature-rh-1_cao_20241007_surface-met_v1.1.nc.
Updated time units to 'seconds since 1970-01-01 00:00:00' in /gws/pw/j07/ncas_obs_vol2/cao/processing/ncas-temperature-rh-1/data/long-term/level1d/2024/stfc-temperature-rh-1_cao_20241007_surface-met_v1.1.nc
/gws/pw/j07/ncas_obs_vol2/cao/raw_data/met_cao/data/long-term/2024/202410/CR1000XSeries_Chilbolton_Rxcabinmet1_20241008.dat
Parsed column names: ['TIMESTAMP', 'RECORD', 'BattV_Avg', 'PTemp_C_Avg', 'Air_T_Avg', 'RH_Avg', 'BP_mbar_Avg', 'WS_Avg', 'WD_Avg', 'SlrW_Avg', 'rg001dc_ch_Tot', 'rg006dc_ch_Tot', 'rg008dc_ch_Tot', 'rg009dc_ch_Tot', 'rg004tb_ch_Tot']
shape: (8_640, 3)
┌─────────────────────┬───────────┬────────┐
│ TIMESTAMP           ┆ Air_T_Avg ┆ RH_Avg │
│ ---                 ┆ ---       ┆ ---    │
│ datetime[μs]        ┆ f64       ┆ f64    │
╞═════════════════════╪═══════════╪════════╡
│ 2024-10-08 00:00:10 ┆ 286.35    ┆ 97.08  │
│ 2024-10-08 00:00:20 ┆ 286.35    ┆ 96.92  │
│ 2024-10-08 00:00:30 ┆ 286.37    ┆ 96.86  │
│ 2024-10-08 00:00:40 ┆ 286.37    ┆ 96.8   │
│ 2024-10-08 00:00:50 ┆ 286.35    ┆ 96.82  │
│ …                   ┆ …         ┆ …      │
│ 2024-10-08 23:59:20 ┆ 286.37    ┆ 94.84  │
│ 2024-10-08 23:59:30 ┆ 286.37    ┆ 94.76  │
│ 2024-10-08 23:59:40 ┆ 286.37    ┆ 94.64  │
│ 2024-10-08 23:59:50 ┆ 286.37    ┆ 94.5   │
│ 2024-10-09 00:00:00 ┆ 286.37    ┆ 94.38  │
└─────────────────────┴───────────┴────────┘
[INFO] Correcting the 'time' variable in the NetCDF file.
<class 'netCDF4.Variable'>
float64 time(time)
    units: seconds since 1970-01-01 00:00:00
    standard_name: time
    long_name: Time (seconds since 1970-01-01 00:00:00)
    axis: T
    valid_min: 1728345610.0
    valid_max: 1728432000.0
    calendar: standard
unlimited dimensions: 
current shape = (8640,)
filling on, default _FillValue of 9.969209968386869e+36 used
Flagged 0 points where air_temperature < 245.0K as bad data (qc_flag = 2).
Found 0 points already flagged as bad data (flag=2)
QC flags successfully added to /gws/pw/j07/ncas_obs_vol2/cao/processing/ncas-temperature-rh-1/data/long-term/level1d/2024/stfc-temperature-rh-1_cao_20241008_surface-met_v1.1.nc.
Updated time units to 'seconds since 1970-01-01 00:00:00' in /gws/pw/j07/ncas_obs_vol2/cao/processing/ncas-temperature-rh-1/data/long-term/level1d/2024/stfc-temperature-rh-1_cao_20241008_surface-met_v1.1.nc
/gws/pw/j07/ncas_obs_vol2/cao/raw_data/met_cao/data/long-term/2024/202410/CR1000XSeries_Chilbolton_Rxcabinmet1_20241009.dat
Parsed column names: ['TIMESTAMP', 'RECORD', 'BattV_Avg', 'PTemp_C_Avg', 'Air_T_Avg', 'RH_Avg', 'BP_mbar_Avg', 'WS_Avg', 'WD_Avg', 'SlrW_Avg', 'rg001dc_ch_Tot', 'rg006dc_ch_Tot', 'rg008dc_ch_Tot', 'rg009dc_ch_Tot', 'rg004tb_ch_Tot']
shape: (8_640, 3)
┌─────────────────────┬───────────┬────────┐
│ TIMESTAMP           ┆ Air_T_Avg ┆ RH_Avg │
│ ---                 ┆ ---       ┆ ---    │
│ datetime[μs]        ┆ f64       ┆ f64    │
╞═════════════════════╪═══════════╪════════╡
│ 2024-10-09 00:00:10 ┆ 286.37    ┆ 94.28  │
│ 2024-10-09 00:00:20 ┆ 286.37    ┆ 94.16  │
│ 2024-10-09 00:00:30 ┆ 286.37    ┆ 94.18  │
│ 2024-10-09 00:00:40 ┆ 286.37    ┆ 94.28  │
│ 2024-10-09 00:00:50 ┆ 286.35    ┆ 94.44  │
│ …                   ┆ …         ┆ …      │
│ 2024-10-09 23:59:20 ┆ 285.11    ┆ 88.08  │
│ 2024-10-09 23:59:30 ┆ 285.11    ┆ 87.98  │
│ 2024-10-09 23:59:40 ┆ 285.11    ┆ 87.74  │
│ 2024-10-09 23:59:50 ┆ 285.11    ┆ 87.54  │
│ 2024-10-10 00:00:00 ┆ 285.11    ┆ 87.32  │
└─────────────────────┴───────────┴────────┘
[INFO] Correcting the 'time' variable in the NetCDF file.
<class 'netCDF4.Variable'>
float64 time(time)
    units: seconds since 1970-01-01 00:00:00
    standard_name: time
    long_name: Time (seconds since 1970-01-01 00:00:00)
    axis: T
    valid_min: 1728432010.0
    valid_max: 1728518400.0
    calendar: standard
unlimited dimensions: 
current shape = (8640,)
filling on, default _FillValue of 9.969209968386869e+36 used
Flagged 0 points where air_temperature < 245.0K as bad data (qc_flag = 2).
Found 0 points already flagged as bad data (flag=2)
QC flags successfully added to /gws/pw/j07/ncas_obs_vol2/cao/processing/ncas-temperature-rh-1/data/long-term/level1d/2024/stfc-temperature-rh-1_cao_20241009_surface-met_v1.1.nc.
Updated time units to 'seconds since 1970-01-01 00:00:00' in /gws/pw/j07/ncas_obs_vol2/cao/processing/ncas-temperature-rh-1/data/long-term/level1d/2024/stfc-temperature-rh-1_cao_20241009_surface-met_v1.1.nc
/gws/pw/j07/ncas_obs_vol2/cao/raw_data/met_cao/data/long-term/2024/202410/CR1000XSeries_Chilbolton_Rxcabinmet1_20241010.dat
Parsed column names: ['TIMESTAMP', 'RECORD', 'BattV_Avg', 'PTemp_C_Avg', 'Air_T_Avg', 'RH_Avg', 'BP_mbar_Avg', 'WS_Avg', 'WD_Avg', 'SlrW_Avg', 'rg001dc_ch_Tot', 'rg006dc_ch_Tot', 'rg008dc_ch_Tot', 'rg009dc_ch_Tot', 'rg004tb_ch_Tot']
shape: (8_640, 3)
┌─────────────────────┬───────────┬────────┐
│ TIMESTAMP           ┆ Air_T_Avg ┆ RH_Avg │
│ ---                 ┆ ---       ┆ ---    │
│ datetime[μs]        ┆ f64       ┆ f64    │
╞═════════════════════╪═══════════╪════════╡
│ 2024-10-10 00:00:10 ┆ 285.11    ┆ 87.26  │
│ 2024-10-10 00:00:20 ┆ 285.11    ┆ 87.46  │
│ 2024-10-10 00:00:30 ┆ 285.11    ┆ 87.54  │
│ 2024-10-10 00:00:40 ┆ 285.11    ┆ 87.66  │
│ 2024-10-10 00:00:50 ┆ 285.11    ┆ 87.9   │
│ …                   ┆ …         ┆ …      │
│ 2024-10-10 23:59:20 ┆ 278.47    ┆ 97.22  │
│ 2024-10-10 23:59:30 ┆ 278.47    ┆ 97.08  │
│ 2024-10-10 23:59:40 ┆ 278.47    ┆ 96.74  │
│ 2024-10-10 23:59:50 ┆ 278.47    ┆ 96.32  │
│ 2024-10-11 00:00:00 ┆ 278.47    ┆ 96.3   │
└─────────────────────┴───────────┴────────┘
[INFO] Correcting the 'time' variable in the NetCDF file.
<class 'netCDF4.Variable'>
float64 time(time)
    units: seconds since 1970-01-01 00:00:00
    standard_name: time
    long_name: Time (seconds since 1970-01-01 00:00:00)
    axis: T
    valid_min: 1728518410.0
    valid_max: 1728604800.0
    calendar: standard
unlimited dimensions: 
current shape = (8640,)
filling on, default _FillValue of 9.969209968386869e+36 used
Flagged 0 points where air_temperature < 245.0K as bad data (qc_flag = 2).
Found 0 points already flagged as bad data (flag=2)
QC flags successfully added to /gws/pw/j07/ncas_obs_vol2/cao/processing/ncas-temperature-rh-1/data/long-term/level1d/2024/stfc-temperature-rh-1_cao_20241010_surface-met_v1.1.nc.
Updated time units to 'seconds since 1970-01-01 00:00:00' in /gws/pw/j07/ncas_obs_vol2/cao/processing/ncas-temperature-rh-1/data/long-term/level1d/2024/stfc-temperature-rh-1_cao_20241010_surface-met_v1.1.nc
/gws/pw/j07/ncas_obs_vol2/cao/raw_data/met_cao/data/long-term/2024/202410/CR1000XSeries_Chilbolton_Rxcabinmet1_20241011.dat
Parsed column names: ['TIMESTAMP', 'RECORD', 'BattV_Avg', 'PTemp_C_Avg', 'Air_T_Avg', 'RH_Avg', 'BP_mbar_Avg', 'WS_Avg', 'WD_Avg', 'SlrW_Avg', 'rg001dc_ch_Tot', 'rg006dc_ch_Tot', 'rg008dc_ch_Tot', 'rg009dc_ch_Tot', 'rg004tb_ch_Tot']
shape: (8_640, 3)
┌─────────────────────┬───────────┬────────┐
│ TIMESTAMP           ┆ Air_T_Avg ┆ RH_Avg │
│ ---                 ┆ ---       ┆ ---    │
│ datetime[μs]        ┆ f64       ┆ f64    │
╞═════════════════════╪═══════════╪════════╡
│ 2024-10-11 00:00:10 ┆ 278.45    ┆ 96.44  │
│ 2024-10-11 00:00:20 ┆ 278.45    ┆ 96.66  │
│ 2024-10-11 00:00:30 ┆ 278.43    ┆ 96.88  │
│ 2024-10-11 00:00:40 ┆ 278.43    ┆ 97.16  │
│ 2024-10-11 00:00:50 ┆ 278.43    ┆ 97.32  │
│ …                   ┆ …         ┆ …      │
│ 2024-10-11 23:59:20 ┆ 282.09    ┆ 79.8   │
│ 2024-10-11 23:59:30 ┆ 282.07    ┆ 80.14  │
│ 2024-10-11 23:59:40 ┆ 282.07    ┆ 80.28  │
│ 2024-10-11 23:59:50 ┆ 282.05    ┆ 80.06  │
│ 2024-10-12 00:00:00 ┆ 282.05    ┆ 79.86  │
└─────────────────────┴───────────┴────────┘
[INFO] Correcting the 'time' variable in the NetCDF file.
<class 'netCDF4.Variable'>
float64 time(time)
    units: seconds since 1970-01-01 00:00:00
    standard_name: time
    long_name: Time (seconds since 1970-01-01 00:00:00)
    axis: T
    valid_min: 1728604810.0
    valid_max: 1728691200.0
    calendar: standard
unlimited dimensions: 
current shape = (8640,)
filling on, default _FillValue of 9.969209968386869e+36 used
Flagged 0 points where air_temperature < 245.0K as bad data (qc_flag = 2).
Found 0 points already flagged as bad data (flag=2)
QC flags successfully added to /gws/pw/j07/ncas_obs_vol2/cao/processing/ncas-temperature-rh-1/data/long-term/level1d/2024/stfc-temperature-rh-1_cao_20241011_surface-met_v1.1.nc.
Updated time units to 'seconds since 1970-01-01 00:00:00' in /gws/pw/j07/ncas_obs_vol2/cao/processing/ncas-temperature-rh-1/data/long-term/level1d/2024/stfc-temperature-rh-1_cao_20241011_surface-met_v1.1.nc
/gws/pw/j07/ncas_obs_vol2/cao/raw_data/met_cao/data/long-term/2024/202410/CR1000XSeries_Chilbolton_Rxcabinmet1_20241012.dat
Parsed column names: ['TIMESTAMP', 'RECORD', 'BattV_Avg', 'PTemp_C_Avg', 'Air_T_Avg', 'RH_Avg', 'BP_mbar_Avg', 'WS_Avg', 'WD_Avg', 'SlrW_Avg', 'rg001dc_ch_Tot', 'rg006dc_ch_Tot', 'rg008dc_ch_Tot', 'rg009dc_ch_Tot', 'rg004tb_ch_Tot']
shape: (8_640, 3)
┌─────────────────────┬───────────┬────────┐
│ TIMESTAMP           ┆ Air_T_Avg ┆ RH_Avg │
│ ---                 ┆ ---       ┆ ---    │
│ datetime[μs]        ┆ f64       ┆ f64    │
╞═════════════════════╪═══════════╪════════╡
│ 2024-10-12 00:00:10 ┆ 282.05    ┆ 79.5   │
│ 2024-10-12 00:00:20 ┆ 282.03    ┆ 79.36  │
│ 2024-10-12 00:00:30 ┆ 282.01    ┆ 79.48  │
│ 2024-10-12 00:00:40 ┆ 282.01    ┆ 79.8   │
│ 2024-10-12 00:00:50 ┆ 281.97    ┆ 80.14  │
│ …                   ┆ …         ┆ …      │
│ 2024-10-12 23:59:20 ┆ 279.17    ┆ 89.78  │
│ 2024-10-12 23:59:30 ┆ 279.17    ┆ 89.92  │
│ 2024-10-12 23:59:40 ┆ 279.17    ┆ 90.06  │
│ 2024-10-12 23:59:50 ┆ 279.17    ┆ 90.1   │
│ 2024-10-13 00:00:00 ┆ 279.15    ┆ 90.08  │
└─────────────────────┴───────────┴────────┘
[INFO] Correcting the 'time' variable in the NetCDF file.
<class 'netCDF4.Variable'>
float64 time(time)
    units: seconds since 1970-01-01 00:00:00
    standard_name: time
    long_name: Time (seconds since 1970-01-01 00:00:00)
    axis: T
    valid_min: 1728691210.0
    valid_max: 1728777600.0
    calendar: standard
unlimited dimensions: 
current shape = (8640,)
filling on, default _FillValue of 9.969209968386869e+36 used
Flagged 0 points where air_temperature < 245.0K as bad data (qc_flag = 2).
Found 0 points already flagged as bad data (flag=2)
QC flags successfully added to /gws/pw/j07/ncas_obs_vol2/cao/processing/ncas-temperature-rh-1/data/long-term/level1d/2024/stfc-temperature-rh-1_cao_20241012_surface-met_v1.1.nc.
Updated time units to 'seconds since 1970-01-01 00:00:00' in /gws/pw/j07/ncas_obs_vol2/cao/processing/ncas-temperature-rh-1/data/long-term/level1d/2024/stfc-temperature-rh-1_cao_20241012_surface-met_v1.1.nc
/gws/pw/j07/ncas_obs_vol2/cao/raw_data/met_cao/data/long-term/2024/202410/CR1000XSeries_Chilbolton_Rxcabinmet1_20241013.dat
Parsed column names: ['TIMESTAMP', 'RECORD', 'BattV_Avg', 'PTemp_C_Avg', 'Air_T_Avg', 'RH_Avg', 'BP_mbar_Avg', 'WS_Avg', 'WD_Avg', 'SlrW_Avg', 'rg001dc_ch_Tot', 'rg006dc_ch_Tot', 'rg008dc_ch_Tot', 'rg009dc_ch_Tot', 'rg004tb_ch_Tot']
shape: (8_640, 3)
┌─────────────────────┬───────────┬────────┐
│ TIMESTAMP           ┆ Air_T_Avg ┆ RH_Avg │
│ ---                 ┆ ---       ┆ ---    │
│ datetime[μs]        ┆ f64       ┆ f64    │
╞═════════════════════╪═══════════╪════════╡
│ 2024-10-13 00:00:10 ┆ 279.15    ┆ 90.04  │
│ 2024-10-13 00:00:20 ┆ 279.13    ┆ 89.94  │
│ 2024-10-13 00:00:30 ┆ 279.13    ┆ 89.66  │
│ 2024-10-13 00:00:40 ┆ 279.13    ┆ 89.5   │
│ 2024-10-13 00:00:50 ┆ 279.11    ┆ 89.48  │
│ …                   ┆ …         ┆ …      │
│ 2024-10-13 23:59:20 ┆ 280.59    ┆ 85.38  │
│ 2024-10-13 23:59:30 ┆ 280.59    ┆ 85.44  │
│ 2024-10-13 23:59:40 ┆ 280.59    ┆ 85.38  │
│ 2024-10-13 23:59:50 ┆ 280.59    ┆ 85.34  │
│ 2024-10-14 00:00:00 ┆ 280.59    ┆ 85.2   │
└─────────────────────┴───────────┴────────┘
[INFO] Correcting the 'time' variable in the NetCDF file.
<class 'netCDF4.Variable'>
float64 time(time)
    units: seconds since 1970-01-01 00:00:00
    standard_name: time
    long_name: Time (seconds since 1970-01-01 00:00:00)
    axis: T
    valid_min: 1728777610.0
    valid_max: 1728864000.0
    calendar: standard
unlimited dimensions: 
current shape = (8640,)
filling on, default _FillValue of 9.969209968386869e+36 used
Flagged 0 points where air_temperature < 245.0K as bad data (qc_flag = 2).
Found 0 points already flagged as bad data (flag=2)
QC flags successfully added to /gws/pw/j07/ncas_obs_vol2/cao/processing/ncas-temperature-rh-1/data/long-term/level1d/2024/stfc-temperature-rh-1_cao_20241013_surface-met_v1.1.nc.
Updated time units to 'seconds since 1970-01-01 00:00:00' in /gws/pw/j07/ncas_obs_vol2/cao/processing/ncas-temperature-rh-1/data/long-term/level1d/2024/stfc-temperature-rh-1_cao_20241013_surface-met_v1.1.nc
/gws/pw/j07/ncas_obs_vol2/cao/raw_data/met_cao/data/long-term/2024/202410/CR1000XSeries_Chilbolton_Rxcabinmet1_20241014.dat
Parsed column names: ['TIMESTAMP', 'RECORD', 'BattV_Avg', 'PTemp_C_Avg', 'Air_T_Avg', 'RH_Avg', 'BP_mbar_Avg', 'WS_Avg', 'WD_Avg', 'SlrW_Avg', 'rg001dc_ch_Tot', 'rg006dc_ch_Tot', 'rg008dc_ch_Tot', 'rg009dc_ch_Tot', 'rg004tb_ch_Tot']
shape: (8_640, 3)
┌─────────────────────┬───────────┬────────┐
│ TIMESTAMP           ┆ Air_T_Avg ┆ RH_Avg │
│ ---                 ┆ ---       ┆ ---    │
│ datetime[μs]        ┆ f64       ┆ f64    │
╞═════════════════════╪═══════════╪════════╡
│ 2024-10-14 00:00:10 ┆ 280.59    ┆ 85.08  │
│ 2024-10-14 00:00:20 ┆ 280.59    ┆ 85.04  │
│ 2024-10-14 00:00:30 ┆ 280.59    ┆ 85.18  │
│ 2024-10-14 00:00:40 ┆ 280.59    ┆ 85.42  │
│ 2024-10-14 00:00:50 ┆ 280.59    ┆ 85.66  │
│ …                   ┆ …         ┆ …      │
│ 2024-10-14 23:59:20 ┆ 284.21    ┆ 98.74  │
│ 2024-10-14 23:59:30 ┆ 284.21    ┆ 98.76  │
│ 2024-10-14 23:59:40 ┆ 284.21    ┆ 98.7   │
│ 2024-10-14 23:59:50 ┆ 284.21    ┆ 98.66  │
│ 2024-10-15 00:00:00 ┆ 284.21    ┆ 98.62  │
└─────────────────────┴───────────┴────────┘
[INFO] Correcting the 'time' variable in the NetCDF file.
<class 'netCDF4.Variable'>
float64 time(time)
    units: seconds since 1970-01-01 00:00:00
    standard_name: time
    long_name: Time (seconds since 1970-01-01 00:00:00)
    axis: T
    valid_min: 1728864010.0
    valid_max: 1728950400.0
    calendar: standard
unlimited dimensions: 
current shape = (8640,)
filling on, default _FillValue of 9.969209968386869e+36 used
Flagged 0 points where air_temperature < 245.0K as bad data (qc_flag = 2).
Found 0 points already flagged as bad data (flag=2)
QC flags successfully added to /gws/pw/j07/ncas_obs_vol2/cao/processing/ncas-temperature-rh-1/data/long-term/level1d/2024/stfc-temperature-rh-1_cao_20241014_surface-met_v1.1.nc.
Updated time units to 'seconds since 1970-01-01 00:00:00' in /gws/pw/j07/ncas_obs_vol2/cao/processing/ncas-temperature-rh-1/data/long-term/level1d/2024/stfc-temperature-rh-1_cao_20241014_surface-met_v1.1.nc
/gws/pw/j07/ncas_obs_vol2/cao/raw_data/met_cao/data/long-term/2024/202410/CR1000XSeries_Chilbolton_Rxcabinmet1_20241015.dat
Parsed column names: ['TIMESTAMP', 'RECORD', 'BattV_Avg', 'PTemp_C_Avg', 'Air_T_Avg', 'RH_Avg', 'BP_mbar_Avg', 'WS_Avg', 'WD_Avg', 'SlrW_Avg', 'rg001dc_ch_Tot', 'rg006dc_ch_Tot', 'rg008dc_ch_Tot', 'rg009dc_ch_Tot', 'rg004tb_ch_Tot']
shape: (8_640, 3)
┌─────────────────────┬───────────┬────────┐
│ TIMESTAMP           ┆ Air_T_Avg ┆ RH_Avg │
│ ---                 ┆ ---       ┆ ---    │
│ datetime[μs]        ┆ f64       ┆ f64    │
╞═════════════════════╪═══════════╪════════╡
│ 2024-10-15 00:00:10 ┆ 284.21    ┆ 98.5   │
│ 2024-10-15 00:00:20 ┆ 284.21    ┆ 98.34  │
│ 2024-10-15 00:00:30 ┆ 284.21    ┆ 98.28  │
│ 2024-10-15 00:00:40 ┆ 284.21    ┆ 98.26  │
│ 2024-10-15 00:00:50 ┆ 284.21    ┆ 98.3   │
│ …                   ┆ …         ┆ …      │
│ 2024-10-15 23:59:20 ┆ 289.11    ┆ 96.06  │
│ 2024-10-15 23:59:30 ┆ 289.13    ┆ 96.12  │
│ 2024-10-15 23:59:40 ┆ 289.11    ┆ 96.02  │
│ 2024-10-15 23:59:50 ┆ 289.11    ┆ 95.9   │
│ 2024-10-16 00:00:00 ┆ 289.11    ┆ 95.8   │
└─────────────────────┴───────────┴────────┘
[INFO] Correcting the 'time' variable in the NetCDF file.
<class 'netCDF4.Variable'>
float64 time(time)
    units: seconds since 1970-01-01 00:00:00
    standard_name: time
    long_name: Time (seconds since 1970-01-01 00:00:00)
    axis: T
    valid_min: 1728950410.0
    valid_max: 1729036800.0
    calendar: standard
unlimited dimensions: 
current shape = (8640,)
filling on, default _FillValue of 9.969209968386869e+36 used
Flagged 0 points where air_temperature < 245.0K as bad data (qc_flag = 2).
Found 0 points already flagged as bad data (flag=2)
QC flags successfully added to /gws/pw/j07/ncas_obs_vol2/cao/processing/ncas-temperature-rh-1/data/long-term/level1d/2024/stfc-temperature-rh-1_cao_20241015_surface-met_v1.1.nc.
Updated time units to 'seconds since 1970-01-01 00:00:00' in /gws/pw/j07/ncas_obs_vol2/cao/processing/ncas-temperature-rh-1/data/long-term/level1d/2024/stfc-temperature-rh-1_cao_20241015_surface-met_v1.1.nc
/gws/pw/j07/ncas_obs_vol2/cao/raw_data/met_cao/data/long-term/2024/202410/CR1000XSeries_Chilbolton_Rxcabinmet1_20241016.dat
Parsed column names: ['TIMESTAMP', 'RECORD', 'BattV_Avg', 'PTemp_C_Avg', 'Air_T_Avg', 'RH_Avg', 'BP_mbar_Avg', 'WS_Avg', 'WD_Avg', 'SlrW_Avg', 'rg001dc_ch_Tot', 'rg006dc_ch_Tot', 'rg008dc_ch_Tot', 'rg009dc_ch_Tot', 'rg004tb_ch_Tot']
shape: (8_640, 3)
┌─────────────────────┬───────────┬────────┐
│ TIMESTAMP           ┆ Air_T_Avg ┆ RH_Avg │
│ ---                 ┆ ---       ┆ ---    │
│ datetime[μs]        ┆ f64       ┆ f64    │
╞═════════════════════╪═══════════╪════════╡
│ 2024-10-16 00:00:10 ┆ 289.11    ┆ 95.56  │
│ 2024-10-16 00:00:20 ┆ 289.11    ┆ 95.58  │
│ 2024-10-16 00:00:30 ┆ 289.11    ┆ 95.64  │
│ 2024-10-16 00:00:40 ┆ 289.11    ┆ 95.7   │
│ 2024-10-16 00:00:50 ┆ 289.11    ┆ 95.74  │
│ …                   ┆ …         ┆ …      │
│ 2024-10-16 23:59:20 ┆ 288.85    ┆ 99.32  │
│ 2024-10-16 23:59:30 ┆ 288.85    ┆ 99.22  │
│ 2024-10-16 23:59:40 ┆ 288.85    ┆ 99.18  │
│ 2024-10-16 23:59:50 ┆ 288.85    ┆ 99.22  │
│ 2024-10-17 00:00:00 ┆ 288.85    ┆ 99.22  │
└─────────────────────┴───────────┴────────┘
[INFO] Correcting the 'time' variable in the NetCDF file.
<class 'netCDF4.Variable'>
float64 time(time)
    units: seconds since 1970-01-01 00:00:00
    standard_name: time
    long_name: Time (seconds since 1970-01-01 00:00:00)
    axis: T
    valid_min: 1729036810.0
    valid_max: 1729123200.0
    calendar: standard
unlimited dimensions: 
current shape = (8640,)
filling on, default _FillValue of 9.969209968386869e+36 used
Flagged 0 points where air_temperature < 245.0K as bad data (qc_flag = 2).
Found 0 points already flagged as bad data (flag=2)
QC flags successfully added to /gws/pw/j07/ncas_obs_vol2/cao/processing/ncas-temperature-rh-1/data/long-term/level1d/2024/stfc-temperature-rh-1_cao_20241016_surface-met_v1.1.nc.
Updated time units to 'seconds since 1970-01-01 00:00:00' in /gws/pw/j07/ncas_obs_vol2/cao/processing/ncas-temperature-rh-1/data/long-term/level1d/2024/stfc-temperature-rh-1_cao_20241016_surface-met_v1.1.nc
/gws/pw/j07/ncas_obs_vol2/cao/raw_data/met_cao/data/long-term/2024/202410/CR1000XSeries_Chilbolton_Rxcabinmet1_20241017.dat
Parsed column names: ['TIMESTAMP', 'RECORD', 'BattV_Avg', 'PTemp_C_Avg', 'Air_T_Avg', 'RH_Avg', 'BP_mbar_Avg', 'WS_Avg', 'WD_Avg', 'SlrW_Avg', 'rg001dc_ch_Tot', 'rg006dc_ch_Tot', 'rg008dc_ch_Tot', 'rg009dc_ch_Tot', 'rg004tb_ch_Tot']
shape: (8_640, 3)
┌─────────────────────┬───────────┬────────┐
│ TIMESTAMP           ┆ Air_T_Avg ┆ RH_Avg │
│ ---                 ┆ ---       ┆ ---    │
│ datetime[μs]        ┆ f64       ┆ f64    │
╞═════════════════════╪═══════════╪════════╡
│ 2024-10-17 00:00:10 ┆ 288.83    ┆ 99.22  │
│ 2024-10-17 00:00:20 ┆ 288.83    ┆ 99.3   │
│ 2024-10-17 00:00:30 ┆ 288.83    ┆ 99.42  │
│ 2024-10-17 00:00:40 ┆ 288.83    ┆ 99.42  │
│ 2024-10-17 00:00:50 ┆ 288.83    ┆ 99.44  │
│ …                   ┆ …         ┆ …      │
│ 2024-10-17 23:59:20 ┆ 281.05    ┆ 100.0  │
│ 2024-10-17 23:59:30 ┆ 281.05    ┆ 99.98  │
│ 2024-10-17 23:59:40 ┆ 281.07    ┆ 99.96  │
│ 2024-10-17 23:59:50 ┆ 281.07    ┆ 99.98  │
│ 2024-10-18 00:00:00 ┆ 281.05    ┆ 99.98  │
└─────────────────────┴───────────┴────────┘
[INFO] Correcting the 'time' variable in the NetCDF file.
<class 'netCDF4.Variable'>
float64 time(time)
    units: seconds since 1970-01-01 00:00:00
    standard_name: time
    long_name: Time (seconds since 1970-01-01 00:00:00)
    axis: T
    valid_min: 1729123210.0
    valid_max: 1729209600.0
    calendar: standard
unlimited dimensions: 
current shape = (8640,)
filling on, default _FillValue of 9.969209968386869e+36 used
Flagged 0 points where air_temperature < 245.0K as bad data (qc_flag = 2).
Found 0 points already flagged as bad data (flag=2)
QC flags successfully added to /gws/pw/j07/ncas_obs_vol2/cao/processing/ncas-temperature-rh-1/data/long-term/level1d/2024/stfc-temperature-rh-1_cao_20241017_surface-met_v1.1.nc.
Updated time units to 'seconds since 1970-01-01 00:00:00' in /gws/pw/j07/ncas_obs_vol2/cao/processing/ncas-temperature-rh-1/data/long-term/level1d/2024/stfc-temperature-rh-1_cao_20241017_surface-met_v1.1.nc
/gws/pw/j07/ncas_obs_vol2/cao/raw_data/met_cao/data/long-term/2024/202410/CR1000XSeries_Chilbolton_Rxcabinmet1_20241018.dat
Parsed column names: ['TIMESTAMP', 'RECORD', 'BattV_Avg', 'PTemp_C_Avg', 'Air_T_Avg', 'RH_Avg', 'BP_mbar_Avg', 'WS_Avg', 'WD_Avg', 'SlrW_Avg', 'rg001dc_ch_Tot', 'rg006dc_ch_Tot', 'rg008dc_ch_Tot', 'rg009dc_ch_Tot', 'rg004tb_ch_Tot']
shape: (8_640, 3)
┌─────────────────────┬───────────┬────────┐
│ TIMESTAMP           ┆ Air_T_Avg ┆ RH_Avg │
│ ---                 ┆ ---       ┆ ---    │
│ datetime[μs]        ┆ f64       ┆ f64    │
╞═════════════════════╪═══════════╪════════╡
│ 2024-10-18 00:00:10 ┆ 281.05    ┆ 100.0  │
│ 2024-10-18 00:00:20 ┆ 281.05    ┆ 99.96  │
│ 2024-10-18 00:00:30 ┆ 281.05    ┆ 99.98  │
│ 2024-10-18 00:00:40 ┆ 281.07    ┆ 99.98  │
│ 2024-10-18 00:00:50 ┆ 281.07    ┆ 100.0  │
│ …                   ┆ …         ┆ …      │
│ 2024-10-18 23:59:20 ┆ 287.37    ┆ 96.78  │
│ 2024-10-18 23:59:30 ┆ 287.37    ┆ 96.62  │
│ 2024-10-18 23:59:40 ┆ 287.35    ┆ 96.6   │
│ 2024-10-18 23:59:50 ┆ 287.35    ┆ 96.64  │
│ 2024-10-19 00:00:00 ┆ 287.35    ┆ 96.82  │
└─────────────────────┴───────────┴────────┘
[INFO] Correcting the 'time' variable in the NetCDF file.
<class 'netCDF4.Variable'>
float64 time(time)
    units: seconds since 1970-01-01 00:00:00
    standard_name: time
    long_name: Time (seconds since 1970-01-01 00:00:00)
    axis: T
    valid_min: 1729209610.0
    valid_max: 1729296000.0
    calendar: standard
unlimited dimensions: 
current shape = (8640,)
filling on, default _FillValue of 9.969209968386869e+36 used
Flagged 0 points where air_temperature < 245.0K as bad data (qc_flag = 2).
Found 0 points already flagged as bad data (flag=2)
QC flags successfully added to /gws/pw/j07/ncas_obs_vol2/cao/processing/ncas-temperature-rh-1/data/long-term/level1d/2024/stfc-temperature-rh-1_cao_20241018_surface-met_v1.1.nc.
Updated time units to 'seconds since 1970-01-01 00:00:00' in /gws/pw/j07/ncas_obs_vol2/cao/processing/ncas-temperature-rh-1/data/long-term/level1d/2024/stfc-temperature-rh-1_cao_20241018_surface-met_v1.1.nc
/gws/pw/j07/ncas_obs_vol2/cao/raw_data/met_cao/data/long-term/2024/202410/CR1000XSeries_Chilbolton_Rxcabinmet1_20241019.dat
Parsed column names: ['TIMESTAMP', 'RECORD', 'BattV_Avg', 'PTemp_C_Avg', 'Air_T_Avg', 'RH_Avg', 'BP_mbar_Avg', 'WS_Avg', 'WD_Avg', 'SlrW_Avg', 'rg001dc_ch_Tot', 'rg006dc_ch_Tot', 'rg008dc_ch_Tot', 'rg009dc_ch_Tot', 'rg004tb_ch_Tot']
shape: (8_640, 3)
┌─────────────────────┬───────────┬────────┐
│ TIMESTAMP           ┆ Air_T_Avg ┆ RH_Avg │
│ ---                 ┆ ---       ┆ ---    │
│ datetime[μs]        ┆ f64       ┆ f64    │
╞═════════════════════╪═══════════╪════════╡
│ 2024-10-19 00:00:10 ┆ 287.35    ┆ 97.1   │
│ 2024-10-19 00:00:20 ┆ 287.33    ┆ 97.44  │
│ 2024-10-19 00:00:30 ┆ 287.33    ┆ 97.46  │
│ 2024-10-19 00:00:40 ┆ 287.35    ┆ 97.3   │
│ 2024-10-19 00:00:50 ┆ 287.33    ┆ 97.08  │
│ …                   ┆ …         ┆ …      │
│ 2024-10-19 23:59:20 ┆ 284.47    ┆ 91.88  │
│ 2024-10-19 23:59:30 ┆ 284.47    ┆ 91.8   │
│ 2024-10-19 23:59:40 ┆ 284.47    ┆ 91.66  │
│ 2024-10-19 23:59:50 ┆ 284.47    ┆ 91.48  │
│ 2024-10-20 00:00:00 ┆ 284.47    ┆ 91.46  │
└─────────────────────┴───────────┴────────┘
[INFO] Correcting the 'time' variable in the NetCDF file.
<class 'netCDF4.Variable'>
float64 time(time)
    units: seconds since 1970-01-01 00:00:00
    standard_name: time
    long_name: Time (seconds since 1970-01-01 00:00:00)
    axis: T
    valid_min: 1729296010.0
    valid_max: 1729382400.0
    calendar: standard
unlimited dimensions: 
current shape = (8640,)
filling on, default _FillValue of 9.969209968386869e+36 used
Flagged 0 points where air_temperature < 245.0K as bad data (qc_flag = 2).
Found 0 points already flagged as bad data (flag=2)
QC flags successfully added to /gws/pw/j07/ncas_obs_vol2/cao/processing/ncas-temperature-rh-1/data/long-term/level1d/2024/stfc-temperature-rh-1_cao_20241019_surface-met_v1.1.nc.
Updated time units to 'seconds since 1970-01-01 00:00:00' in /gws/pw/j07/ncas_obs_vol2/cao/processing/ncas-temperature-rh-1/data/long-term/level1d/2024/stfc-temperature-rh-1_cao_20241019_surface-met_v1.1.nc
/gws/pw/j07/ncas_obs_vol2/cao/raw_data/met_cao/data/long-term/2024/202410/CR1000XSeries_Chilbolton_Rxcabinmet1_20241020.dat
Parsed column names: ['TIMESTAMP', 'RECORD', 'BattV_Avg', 'PTemp_C_Avg', 'Air_T_Avg', 'RH_Avg', 'BP_mbar_Avg', 'WS_Avg', 'WD_Avg', 'SlrW_Avg', 'rg001dc_ch_Tot', 'rg006dc_ch_Tot', 'rg008dc_ch_Tot', 'rg009dc_ch_Tot', 'rg004tb_ch_Tot']
shape: (8_640, 3)
┌─────────────────────┬───────────┬────────┐
│ TIMESTAMP           ┆ Air_T_Avg ┆ RH_Avg │
│ ---                 ┆ ---       ┆ ---    │
│ datetime[μs]        ┆ f64       ┆ f64    │
╞═════════════════════╪═══════════╪════════╡
│ 2024-10-20 00:00:10 ┆ 284.47    ┆ 91.54  │
│ 2024-10-20 00:00:20 ┆ 284.47    ┆ 91.58  │
│ 2024-10-20 00:00:30 ┆ 284.47    ┆ 91.74  │
│ 2024-10-20 00:00:40 ┆ 284.47    ┆ 91.9   │
│ 2024-10-20 00:00:50 ┆ 284.47    ┆ 91.92  │
│ …                   ┆ …         ┆ …      │
│ 2024-10-20 23:59:20 ┆ 285.03    ┆ 84.0   │
│ 2024-10-20 23:59:30 ┆ 285.05    ┆ 83.86  │
│ 2024-10-20 23:59:40 ┆ 285.03    ┆ 83.74  │
│ 2024-10-20 23:59:50 ┆ 285.05    ┆ 83.62  │
│ 2024-10-21 00:00:00 ┆ 285.07    ┆ 83.34  │
└─────────────────────┴───────────┴────────┘
[INFO] Correcting the 'time' variable in the NetCDF file.
<class 'netCDF4.Variable'>
float64 time(time)
    units: seconds since 1970-01-01 00:00:00
    standard_name: time
    long_name: Time (seconds since 1970-01-01 00:00:00)
    axis: T
    valid_min: 1729382410.0
    valid_max: 1729468800.0
    calendar: standard
unlimited dimensions: 
current shape = (8640,)
filling on, default _FillValue of 9.969209968386869e+36 used
Flagged 0 points where air_temperature < 245.0K as bad data (qc_flag = 2).
Found 0 points already flagged as bad data (flag=2)
QC flags successfully added to /gws/pw/j07/ncas_obs_vol2/cao/processing/ncas-temperature-rh-1/data/long-term/level1d/2024/stfc-temperature-rh-1_cao_20241020_surface-met_v1.1.nc.
Updated time units to 'seconds since 1970-01-01 00:00:00' in /gws/pw/j07/ncas_obs_vol2/cao/processing/ncas-temperature-rh-1/data/long-term/level1d/2024/stfc-temperature-rh-1_cao_20241020_surface-met_v1.1.nc
/gws/pw/j07/ncas_obs_vol2/cao/raw_data/met_cao/data/long-term/2024/202410/CR1000XSeries_Chilbolton_Rxcabinmet1_20241021.dat
Parsed column names: ['TIMESTAMP', 'RECORD', 'BattV_Avg', 'PTemp_C_Avg', 'Air_T_Avg', 'RH_Avg', 'BP_mbar_Avg', 'WS_Avg', 'WD_Avg', 'SlrW_Avg', 'rg001dc_ch_Tot', 'rg006dc_ch_Tot', 'rg008dc_ch_Tot', 'rg009dc_ch_Tot', 'rg004tb_ch_Tot']
shape: (8_640, 3)
┌─────────────────────┬───────────┬────────┐
│ TIMESTAMP           ┆ Air_T_Avg ┆ RH_Avg │
│ ---                 ┆ ---       ┆ ---    │
│ datetime[μs]        ┆ f64       ┆ f64    │
╞═════════════════════╪═══════════╪════════╡
│ 2024-10-21 00:00:10 ┆ 285.09    ┆ 83.2   │
│ 2024-10-21 00:00:20 ┆ 285.09    ┆ 83.16  │
│ 2024-10-21 00:00:30 ┆ 285.11    ┆ 83.1   │
│ 2024-10-21 00:00:40 ┆ 285.11    ┆ 83.12  │
│ 2024-10-21 00:00:50 ┆ 285.11    ┆ 83.16  │
│ …                   ┆ …         ┆ …      │
│ 2024-10-21 23:59:20 ┆ 282.55    ┆ 95.9   │
│ 2024-10-21 23:59:30 ┆ 282.55    ┆ 95.88  │
│ 2024-10-21 23:59:40 ┆ 282.57    ┆ 95.9   │
│ 2024-10-21 23:59:50 ┆ 282.57    ┆ 96.02  │
│ 2024-10-22 00:00:00 ┆ 282.57    ┆ 96.06  │
└─────────────────────┴───────────┴────────┘
[INFO] Correcting the 'time' variable in the NetCDF file.
<class 'netCDF4.Variable'>
float64 time(time)
    units: seconds since 1970-01-01 00:00:00
    standard_name: time
    long_name: Time (seconds since 1970-01-01 00:00:00)
    axis: T
    valid_min: 1729468810.0
    valid_max: 1729555200.0
    calendar: standard
unlimited dimensions: 
current shape = (8640,)
filling on, default _FillValue of 9.969209968386869e+36 used
Flagged 0 points where air_temperature < 245.0K as bad data (qc_flag = 2).
Found 0 points already flagged as bad data (flag=2)
QC flags successfully added to /gws/pw/j07/ncas_obs_vol2/cao/processing/ncas-temperature-rh-1/data/long-term/level1d/2024/stfc-temperature-rh-1_cao_20241021_surface-met_v1.1.nc.
Updated time units to 'seconds since 1970-01-01 00:00:00' in /gws/pw/j07/ncas_obs_vol2/cao/processing/ncas-temperature-rh-1/data/long-term/level1d/2024/stfc-temperature-rh-1_cao_20241021_surface-met_v1.1.nc
/gws/pw/j07/ncas_obs_vol2/cao/raw_data/met_cao/data/long-term/2024/202410/CR1000XSeries_Chilbolton_Rxcabinmet1_20241022.dat
Parsed column names: ['TIMESTAMP', 'RECORD', 'BattV_Avg', 'PTemp_C_Avg', 'Air_T_Avg', 'RH_Avg', 'BP_mbar_Avg', 'WS_Avg', 'WD_Avg', 'SlrW_Avg', 'rg001dc_ch_Tot', 'rg006dc_ch_Tot', 'rg008dc_ch_Tot', 'rg009dc_ch_Tot', 'rg004tb_ch_Tot']
shape: (8_640, 3)
┌─────────────────────┬───────────┬────────┐
│ TIMESTAMP           ┆ Air_T_Avg ┆ RH_Avg │
│ ---                 ┆ ---       ┆ ---    │
│ datetime[μs]        ┆ f64       ┆ f64    │
╞═════════════════════╪═══════════╪════════╡
│ 2024-10-22 00:00:10 ┆ 282.57    ┆ 96.16  │
│ 2024-10-22 00:00:20 ┆ 282.57    ┆ 96.3   │
│ 2024-10-22 00:00:30 ┆ 282.59    ┆ 96.5   │
│ 2024-10-22 00:00:40 ┆ 282.55    ┆ 96.58  │
│ 2024-10-22 00:00:50 ┆ 282.53    ┆ 96.58  │
│ …                   ┆ …         ┆ …      │
│ 2024-10-22 23:59:20 ┆ 285.05    ┆ 99.98  │
│ 2024-10-22 23:59:30 ┆ 285.03    ┆ 99.98  │
│ 2024-10-22 23:59:40 ┆ 285.05    ┆ 100.0  │
│ 2024-10-22 23:59:50 ┆ 285.05    ┆ 99.98  │
│ 2024-10-23 00:00:00 ┆ 285.05    ┆ 100.0  │
└─────────────────────┴───────────┴────────┘
[INFO] Correcting the 'time' variable in the NetCDF file.
<class 'netCDF4.Variable'>
float64 time(time)
    units: seconds since 1970-01-01 00:00:00
    standard_name: time
    long_name: Time (seconds since 1970-01-01 00:00:00)
    axis: T
    valid_min: 1729555210.0
    valid_max: 1729641600.0
    calendar: standard
unlimited dimensions: 
current shape = (8640,)
filling on, default _FillValue of 9.969209968386869e+36 used
Flagged 0 points where air_temperature < 245.0K as bad data (qc_flag = 2).
Found 0 points already flagged as bad data (flag=2)
QC flags successfully added to /gws/pw/j07/ncas_obs_vol2/cao/processing/ncas-temperature-rh-1/data/long-term/level1d/2024/stfc-temperature-rh-1_cao_20241022_surface-met_v1.1.nc.
Updated time units to 'seconds since 1970-01-01 00:00:00' in /gws/pw/j07/ncas_obs_vol2/cao/processing/ncas-temperature-rh-1/data/long-term/level1d/2024/stfc-temperature-rh-1_cao_20241022_surface-met_v1.1.nc
/gws/pw/j07/ncas_obs_vol2/cao/raw_data/met_cao/data/long-term/2024/202410/CR1000XSeries_Chilbolton_Rxcabinmet1_20241023.dat
Parsed column names: ['TIMESTAMP', 'RECORD', 'BattV_Avg', 'PTemp_C_Avg', 'Air_T_Avg', 'RH_Avg', 'BP_mbar_Avg', 'WS_Avg', 'WD_Avg', 'SlrW_Avg', 'rg001dc_ch_Tot', 'rg006dc_ch_Tot', 'rg008dc_ch_Tot', 'rg009dc_ch_Tot', 'rg004tb_ch_Tot']
shape: (8_640, 3)
┌─────────────────────┬───────────┬────────┐
│ TIMESTAMP           ┆ Air_T_Avg ┆ RH_Avg │
│ ---                 ┆ ---       ┆ ---    │
│ datetime[μs]        ┆ f64       ┆ f64    │
╞═════════════════════╪═══════════╪════════╡
│ 2024-10-23 00:00:10 ┆ 285.05    ┆ 99.98  │
│ 2024-10-23 00:00:20 ┆ 285.05    ┆ 99.98  │
│ 2024-10-23 00:00:30 ┆ 285.05    ┆ 99.98  │
│ 2024-10-23 00:00:40 ┆ 285.03    ┆ 99.98  │
│ 2024-10-23 00:00:50 ┆ 285.05    ┆ 99.98  │
│ …                   ┆ …         ┆ …      │
│ 2024-10-23 23:59:20 ┆ 281.89    ┆ 98.42  │
│ 2024-10-23 23:59:30 ┆ 281.93    ┆ 98.32  │
│ 2024-10-23 23:59:40 ┆ 281.95    ┆ 98.7   │
│ 2024-10-23 23:59:50 ┆ 281.95    ┆ 99.02  │
│ 2024-10-24 00:00:00 ┆ 281.93    ┆ 99.14  │
└─────────────────────┴───────────┴────────┘
[INFO] Correcting the 'time' variable in the NetCDF file.
<class 'netCDF4.Variable'>
float64 time(time)
    units: seconds since 1970-01-01 00:00:00
    standard_name: time
    long_name: Time (seconds since 1970-01-01 00:00:00)
    axis: T
    valid_min: 1729641610.0
    valid_max: 1729728000.0
    calendar: standard
unlimited dimensions: 
current shape = (8640,)
filling on, default _FillValue of 9.969209968386869e+36 used
Flagged 0 points where air_temperature < 245.0K as bad data (qc_flag = 2).
Found 0 points already flagged as bad data (flag=2)
QC flags successfully added to /gws/pw/j07/ncas_obs_vol2/cao/processing/ncas-temperature-rh-1/data/long-term/level1d/2024/stfc-temperature-rh-1_cao_20241023_surface-met_v1.1.nc.
Updated time units to 'seconds since 1970-01-01 00:00:00' in /gws/pw/j07/ncas_obs_vol2/cao/processing/ncas-temperature-rh-1/data/long-term/level1d/2024/stfc-temperature-rh-1_cao_20241023_surface-met_v1.1.nc
/gws/pw/j07/ncas_obs_vol2/cao/raw_data/met_cao/data/long-term/2024/202410/CR1000XSeries_Chilbolton_Rxcabinmet1_20241024.dat
Parsed column names: ['TIMESTAMP', 'RECORD', 'BattV_Avg', 'PTemp_C_Avg', 'Air_T_Avg', 'RH_Avg', 'BP_mbar_Avg', 'WS_Avg', 'WD_Avg', 'SlrW_Avg', 'rg001dc_ch_Tot', 'rg006dc_ch_Tot', 'rg008dc_ch_Tot', 'rg009dc_ch_Tot', 'rg004tb_ch_Tot']
shape: (8_640, 3)
┌─────────────────────┬───────────┬────────┐
│ TIMESTAMP           ┆ Air_T_Avg ┆ RH_Avg │
│ ---                 ┆ ---       ┆ ---    │
│ datetime[μs]        ┆ f64       ┆ f64    │
╞═════════════════════╪═══════════╪════════╡
│ 2024-10-24 00:00:10 ┆ 281.89    ┆ 99.32  │
│ 2024-10-24 00:00:20 ┆ 281.85    ┆ 99.34  │
│ 2024-10-24 00:00:30 ┆ 281.87    ┆ 98.74  │
│ 2024-10-24 00:00:40 ┆ 281.87    ┆ 98.3   │
│ 2024-10-24 00:00:50 ┆ 281.87    ┆ 98.14  │
│ …                   ┆ …         ┆ …      │
│ 2024-10-24 23:59:20 ┆ 287.99    ┆ 93.6   │
│ 2024-10-24 23:59:30 ┆ 287.99    ┆ 93.58  │
│ 2024-10-24 23:59:40 ┆ 288.01    ┆ 93.48  │
│ 2024-10-24 23:59:50 ┆ 288.03    ┆ 93.38  │
│ 2024-10-25 00:00:00 ┆ 288.03    ┆ 93.36  │
└─────────────────────┴───────────┴────────┘
[INFO] Correcting the 'time' variable in the NetCDF file.
<class 'netCDF4.Variable'>
float64 time(time)
    units: seconds since 1970-01-01 00:00:00
    standard_name: time
    long_name: Time (seconds since 1970-01-01 00:00:00)
    axis: T
    valid_min: 1729728010.0
    valid_max: 1729814400.0
    calendar: standard
unlimited dimensions: 
current shape = (8640,)
filling on, default _FillValue of 9.969209968386869e+36 used
Flagged 0 points where air_temperature < 245.0K as bad data (qc_flag = 2).
Found 0 points already flagged as bad data (flag=2)
QC flags successfully added to /gws/pw/j07/ncas_obs_vol2/cao/processing/ncas-temperature-rh-1/data/long-term/level1d/2024/stfc-temperature-rh-1_cao_20241024_surface-met_v1.1.nc.
Updated time units to 'seconds since 1970-01-01 00:00:00' in /gws/pw/j07/ncas_obs_vol2/cao/processing/ncas-temperature-rh-1/data/long-term/level1d/2024/stfc-temperature-rh-1_cao_20241024_surface-met_v1.1.nc
/gws/pw/j07/ncas_obs_vol2/cao/raw_data/met_cao/data/long-term/2024/202410/CR1000XSeries_Chilbolton_Rxcabinmet1_20241025.dat
Parsed column names: ['TIMESTAMP', 'RECORD', 'BattV_Avg', 'PTemp_C_Avg', 'Air_T_Avg', 'RH_Avg', 'BP_mbar_Avg', 'WS_Avg', 'WD_Avg', 'SlrW_Avg', 'rg001dc_ch_Tot', 'rg006dc_ch_Tot', 'rg008dc_ch_Tot', 'rg009dc_ch_Tot', 'rg004tb_ch_Tot']
shape: (8_640, 3)
┌─────────────────────┬───────────┬────────┐
│ TIMESTAMP           ┆ Air_T_Avg ┆ RH_Avg │
│ ---                 ┆ ---       ┆ ---    │
│ datetime[μs]        ┆ f64       ┆ f64    │
╞═════════════════════╪═══════════╪════════╡
│ 2024-10-25 00:00:10 ┆ 288.03    ┆ 93.4   │
│ 2024-10-25 00:00:20 ┆ 288.01    ┆ 93.44  │
│ 2024-10-25 00:00:30 ┆ 287.97    ┆ 93.64  │
│ 2024-10-25 00:00:40 ┆ 287.93    ┆ 93.8   │
│ 2024-10-25 00:00:50 ┆ 287.93    ┆ 93.82  │
│ …                   ┆ …         ┆ …      │
│ 2024-10-25 23:59:20 ┆ 281.37    ┆ 99.98  │
│ 2024-10-25 23:59:30 ┆ 281.39    ┆ 99.98  │
│ 2024-10-25 23:59:40 ┆ 281.41    ┆ 99.98  │
│ 2024-10-25 23:59:50 ┆ 281.41    ┆ 99.98  │
│ 2024-10-26 00:00:00 ┆ 281.39    ┆ 99.98  │
└─────────────────────┴───────────┴────────┘
[INFO] Correcting the 'time' variable in the NetCDF file.
<class 'netCDF4.Variable'>
float64 time(time)
    units: seconds since 1970-01-01 00:00:00
    standard_name: time
    long_name: Time (seconds since 1970-01-01 00:00:00)
    axis: T
    valid_min: 1729814410.0
    valid_max: 1729900800.0
    calendar: standard
unlimited dimensions: 
current shape = (8640,)
filling on, default _FillValue of 9.969209968386869e+36 used
Flagged 0 points where air_temperature < 245.0K as bad data (qc_flag = 2).
Found 0 points already flagged as bad data (flag=2)
QC flags successfully added to /gws/pw/j07/ncas_obs_vol2/cao/processing/ncas-temperature-rh-1/data/long-term/level1d/2024/stfc-temperature-rh-1_cao_20241025_surface-met_v1.1.nc.
Updated time units to 'seconds since 1970-01-01 00:00:00' in /gws/pw/j07/ncas_obs_vol2/cao/processing/ncas-temperature-rh-1/data/long-term/level1d/2024/stfc-temperature-rh-1_cao_20241025_surface-met_v1.1.nc
/gws/pw/j07/ncas_obs_vol2/cao/raw_data/met_cao/data/long-term/2024/202410/CR1000XSeries_Chilbolton_Rxcabinmet1_20241026.dat
Parsed column names: ['TIMESTAMP', 'RECORD', 'BattV_Avg', 'PTemp_C_Avg', 'Air_T_Avg', 'RH_Avg', 'BP_mbar_Avg', 'WS_Avg', 'WD_Avg', 'SlrW_Avg', 'rg001dc_ch_Tot', 'rg006dc_ch_Tot', 'rg008dc_ch_Tot', 'rg009dc_ch_Tot', 'rg004tb_ch_Tot']
shape: (8_640, 3)
┌─────────────────────┬───────────┬────────┐
│ TIMESTAMP           ┆ Air_T_Avg ┆ RH_Avg │
│ ---                 ┆ ---       ┆ ---    │
│ datetime[μs]        ┆ f64       ┆ f64    │
╞═════════════════════╪═══════════╪════════╡
│ 2024-10-26 00:00:10 ┆ 281.41    ┆ 99.98  │
│ 2024-10-26 00:00:20 ┆ 281.43    ┆ 99.9   │
│ 2024-10-26 00:00:30 ┆ 281.43    ┆ 99.88  │
│ 2024-10-26 00:00:40 ┆ 281.45    ┆ 99.84  │
│ 2024-10-26 00:00:50 ┆ 281.43    ┆ 99.88  │
│ …                   ┆ …         ┆ …      │
│ 2024-10-26 23:59:20 ┆ 278.29    ┆ 99.52  │
│ 2024-10-26 23:59:30 ┆ 278.27    ┆ 99.7   │
│ 2024-10-26 23:59:40 ┆ 278.31    ┆ 99.88  │
│ 2024-10-26 23:59:50 ┆ 278.33    ┆ 99.98  │
│ 2024-10-27 00:00:00 ┆ 278.35    ┆ 99.98  │
└─────────────────────┴───────────┴────────┘
[INFO] Correcting the 'time' variable in the NetCDF file.
<class 'netCDF4.Variable'>
float64 time(time)
    units: seconds since 1970-01-01 00:00:00
    standard_name: time
    long_name: Time (seconds since 1970-01-01 00:00:00)
    axis: T
    valid_min: 1729900810.0
    valid_max: 1729987200.0
    calendar: standard
unlimited dimensions: 
current shape = (8640,)
filling on, default _FillValue of 9.969209968386869e+36 used
Flagged 0 points where air_temperature < 245.0K as bad data (qc_flag = 2).
Found 0 points already flagged as bad data (flag=2)
QC flags successfully added to /gws/pw/j07/ncas_obs_vol2/cao/processing/ncas-temperature-rh-1/data/long-term/level1d/2024/stfc-temperature-rh-1_cao_20241026_surface-met_v1.1.nc.
Updated time units to 'seconds since 1970-01-01 00:00:00' in /gws/pw/j07/ncas_obs_vol2/cao/processing/ncas-temperature-rh-1/data/long-term/level1d/2024/stfc-temperature-rh-1_cao_20241026_surface-met_v1.1.nc
/gws/pw/j07/ncas_obs_vol2/cao/raw_data/met_cao/data/long-term/2024/202410/CR1000XSeries_Chilbolton_Rxcabinmet1_20241027.dat
Parsed column names: ['TIMESTAMP', 'RECORD', 'BattV_Avg', 'PTemp_C_Avg', 'Air_T_Avg', 'RH_Avg', 'BP_mbar_Avg', 'WS_Avg', 'WD_Avg', 'SlrW_Avg', 'rg001dc_ch_Tot', 'rg006dc_ch_Tot', 'rg008dc_ch_Tot', 'rg009dc_ch_Tot', 'rg004tb_ch_Tot']
shape: (8_640, 3)
┌─────────────────────┬───────────┬────────┐
│ TIMESTAMP           ┆ Air_T_Avg ┆ RH_Avg │
│ ---                 ┆ ---       ┆ ---    │
│ datetime[μs]        ┆ f64       ┆ f64    │
╞═════════════════════╪═══════════╪════════╡
│ 2024-10-27 00:00:10 ┆ 278.35    ┆ 99.96  │
│ 2024-10-27 00:00:20 ┆ 278.37    ┆ 99.96  │
│ 2024-10-27 00:00:30 ┆ 278.39    ┆ 99.96  │
│ 2024-10-27 00:00:40 ┆ 278.41    ┆ 99.98  │
│ 2024-10-27 00:00:50 ┆ 278.41    ┆ 99.96  │
│ …                   ┆ …         ┆ …      │
│ 2024-10-27 23:59:20 ┆ 284.13    ┆ 92.24  │
│ 2024-10-27 23:59:30 ┆ 284.13    ┆ 92.36  │
│ 2024-10-27 23:59:40 ┆ 284.13    ┆ 92.5   │
│ 2024-10-27 23:59:50 ┆ 284.13    ┆ 92.6   │
│ 2024-10-28 00:00:00 ┆ 284.13    ┆ 92.4   │
└─────────────────────┴───────────┴────────┘
[INFO] Correcting the 'time' variable in the NetCDF file.
<class 'netCDF4.Variable'>
float64 time(time)
    units: seconds since 1970-01-01 00:00:00
    standard_name: time
    long_name: Time (seconds since 1970-01-01 00:00:00)
    axis: T
    valid_min: 1729987210.0
    valid_max: 1730073600.0
    calendar: standard
unlimited dimensions: 
current shape = (8640,)
filling on, default _FillValue of 9.969209968386869e+36 used
Flagged 0 points where air_temperature < 245.0K as bad data (qc_flag = 2).
Found 0 points already flagged as bad data (flag=2)
QC flags successfully added to /gws/pw/j07/ncas_obs_vol2/cao/processing/ncas-temperature-rh-1/data/long-term/level1d/2024/stfc-temperature-rh-1_cao_20241027_surface-met_v1.1.nc.
Updated time units to 'seconds since 1970-01-01 00:00:00' in /gws/pw/j07/ncas_obs_vol2/cao/processing/ncas-temperature-rh-1/data/long-term/level1d/2024/stfc-temperature-rh-1_cao_20241027_surface-met_v1.1.nc
/gws/pw/j07/ncas_obs_vol2/cao/raw_data/met_cao/data/long-term/2024/202410/CR1000XSeries_Chilbolton_Rxcabinmet1_20241028.dat
Parsed column names: ['TIMESTAMP', 'RECORD', 'BattV_Avg', 'PTemp_C_Avg', 'Air_T_Avg', 'RH_Avg', 'BP_mbar_Avg', 'WS_Avg', 'WD_Avg', 'SlrW_Avg', 'rg001dc_ch_Tot', 'rg006dc_ch_Tot', 'rg008dc_ch_Tot', 'rg009dc_ch_Tot', 'rg004tb_ch_Tot']
shape: (8_640, 3)
┌─────────────────────┬───────────┬────────┐
│ TIMESTAMP           ┆ Air_T_Avg ┆ RH_Avg │
│ ---                 ┆ ---       ┆ ---    │
│ datetime[μs]        ┆ f64       ┆ f64    │
╞═════════════════════╪═══════════╪════════╡
│ 2024-10-28 00:00:10 ┆ 284.15    ┆ 92.18  │
│ 2024-10-28 00:00:20 ┆ 284.15    ┆ 92.04  │
│ 2024-10-28 00:00:30 ┆ 284.15    ┆ 92.02  │
│ 2024-10-28 00:00:40 ┆ 284.15    ┆ 92.1   │
│ 2024-10-28 00:00:50 ┆ 284.15    ┆ 92.18  │
│ …                   ┆ …         ┆ …      │
│ 2024-10-28 23:59:20 ┆ 286.95    ┆ 97.34  │
│ 2024-10-28 23:59:30 ┆ 286.95    ┆ 97.34  │
│ 2024-10-28 23:59:40 ┆ 286.97    ┆ 97.18  │
│ 2024-10-28 23:59:50 ┆ 286.97    ┆ 97.1   │
│ 2024-10-29 00:00:00 ┆ 286.97    ┆ 96.94  │
└─────────────────────┴───────────┴────────┘
[INFO] Correcting the 'time' variable in the NetCDF file.
<class 'netCDF4.Variable'>
float64 time(time)
    units: seconds since 1970-01-01 00:00:00
    standard_name: time
    long_name: Time (seconds since 1970-01-01 00:00:00)
    axis: T
    valid_min: 1730073610.0
    valid_max: 1730160000.0
    calendar: standard
unlimited dimensions: 
current shape = (8640,)
filling on, default _FillValue of 9.969209968386869e+36 used
Flagged 0 points where air_temperature < 245.0K as bad data (qc_flag = 2).
Found 0 points already flagged as bad data (flag=2)
QC flags successfully added to /gws/pw/j07/ncas_obs_vol2/cao/processing/ncas-temperature-rh-1/data/long-term/level1d/2024/stfc-temperature-rh-1_cao_20241028_surface-met_v1.1.nc.
Updated time units to 'seconds since 1970-01-01 00:00:00' in /gws/pw/j07/ncas_obs_vol2/cao/processing/ncas-temperature-rh-1/data/long-term/level1d/2024/stfc-temperature-rh-1_cao_20241028_surface-met_v1.1.nc
/gws/pw/j07/ncas_obs_vol2/cao/raw_data/met_cao/data/long-term/2024/202410/CR1000XSeries_Chilbolton_Rxcabinmet1_20241029.dat
Parsed column names: ['TIMESTAMP', 'RECORD', 'BattV_Avg', 'PTemp_C_Avg', 'Air_T_Avg', 'RH_Avg', 'BP_mbar_Avg', 'WS_Avg', 'WD_Avg', 'SlrW_Avg', 'rg001dc_ch_Tot', 'rg006dc_ch_Tot', 'rg008dc_ch_Tot', 'rg009dc_ch_Tot', 'rg004tb_ch_Tot']
shape: (8_640, 3)
┌─────────────────────┬───────────┬────────┐
│ TIMESTAMP           ┆ Air_T_Avg ┆ RH_Avg │
│ ---                 ┆ ---       ┆ ---    │
│ datetime[μs]        ┆ f64       ┆ f64    │
╞═════════════════════╪═══════════╪════════╡
│ 2024-10-29 00:00:10 ┆ 286.97    ┆ 96.8   │
│ 2024-10-29 00:00:20 ┆ 286.97    ┆ 96.86  │
│ 2024-10-29 00:00:30 ┆ 286.97    ┆ 96.96  │
│ 2024-10-29 00:00:40 ┆ 286.97    ┆ 96.98  │
│ 2024-10-29 00:00:50 ┆ 286.97    ┆ 97.0   │
│ …                   ┆ …         ┆ …      │
│ 2024-10-29 23:59:20 ┆ 285.45    ┆ 94.58  │
│ 2024-10-29 23:59:30 ┆ 285.43    ┆ 94.46  │
│ 2024-10-29 23:59:40 ┆ 285.45    ┆ 94.34  │
│ 2024-10-29 23:59:50 ┆ 285.43    ┆ 94.38  │
│ 2024-10-30 00:00:00 ┆ 285.45    ┆ 94.44  │
└─────────────────────┴───────────┴────────┘
[INFO] Correcting the 'time' variable in the NetCDF file.
<class 'netCDF4.Variable'>
float64 time(time)
    units: seconds since 1970-01-01 00:00:00
    standard_name: time
    long_name: Time (seconds since 1970-01-01 00:00:00)
    axis: T
    valid_min: 1730160010.0
    valid_max: 1730246400.0
    calendar: standard
unlimited dimensions: 
current shape = (8640,)
filling on, default _FillValue of 9.969209968386869e+36 used
Flagged 0 points where air_temperature < 245.0K as bad data (qc_flag = 2).
Found 0 points already flagged as bad data (flag=2)
QC flags successfully added to /gws/pw/j07/ncas_obs_vol2/cao/processing/ncas-temperature-rh-1/data/long-term/level1d/2024/stfc-temperature-rh-1_cao_20241029_surface-met_v1.1.nc.
Updated time units to 'seconds since 1970-01-01 00:00:00' in /gws/pw/j07/ncas_obs_vol2/cao/processing/ncas-temperature-rh-1/data/long-term/level1d/2024/stfc-temperature-rh-1_cao_20241029_surface-met_v1.1.nc
/gws/pw/j07/ncas_obs_vol2/cao/raw_data/met_cao/data/long-term/2024/202410/CR1000XSeries_Chilbolton_Rxcabinmet1_20241030.dat
Parsed column names: ['TIMESTAMP', 'RECORD', 'BattV_Avg', 'PTemp_C_Avg', 'Air_T_Avg', 'RH_Avg', 'BP_mbar_Avg', 'WS_Avg', 'WD_Avg', 'SlrW_Avg', 'rg001dc_ch_Tot', 'rg006dc_ch_Tot', 'rg008dc_ch_Tot', 'rg009dc_ch_Tot', 'rg004tb_ch_Tot']
shape: (8_640, 3)
┌─────────────────────┬───────────┬────────┐
│ TIMESTAMP           ┆ Air_T_Avg ┆ RH_Avg │
│ ---                 ┆ ---       ┆ ---    │
│ datetime[μs]        ┆ f64       ┆ f64    │
╞═════════════════════╪═══════════╪════════╡
│ 2024-10-30 00:00:10 ┆ 285.43    ┆ 94.54  │
│ 2024-10-30 00:00:20 ┆ 285.43    ┆ 94.62  │
│ 2024-10-30 00:00:30 ┆ 285.43    ┆ 94.74  │
│ 2024-10-30 00:00:40 ┆ 285.43    ┆ 94.74  │
│ 2024-10-30 00:00:50 ┆ 285.43    ┆ 94.74  │
│ …                   ┆ …         ┆ …      │
│ 2024-10-30 23:59:20 ┆ 281.03    ┆ 99.54  │
│ 2024-10-30 23:59:30 ┆ 281.03    ┆ 99.52  │
│ 2024-10-30 23:59:40 ┆ 281.03    ┆ 99.74  │
│ 2024-10-30 23:59:50 ┆ 281.01    ┆ 99.96  │
│ 2024-10-31 00:00:00 ┆ 281.01    ┆ 99.98  │
└─────────────────────┴───────────┴────────┘
[INFO] Correcting the 'time' variable in the NetCDF file.
<class 'netCDF4.Variable'>
float64 time(time)
    units: seconds since 1970-01-01 00:00:00
    standard_name: time
    long_name: Time (seconds since 1970-01-01 00:00:00)
    axis: T
    valid_min: 1730246410.0
    valid_max: 1730332800.0
    calendar: standard
unlimited dimensions: 
current shape = (8640,)
filling on, default _FillValue of 9.969209968386869e+36 used
Flagged 0 points where air_temperature < 245.0K as bad data (qc_flag = 2).
Found 0 points already flagged as bad data (flag=2)
QC flags successfully added to /gws/pw/j07/ncas_obs_vol2/cao/processing/ncas-temperature-rh-1/data/long-term/level1d/2024/stfc-temperature-rh-1_cao_20241030_surface-met_v1.1.nc.
Updated time units to 'seconds since 1970-01-01 00:00:00' in /gws/pw/j07/ncas_obs_vol2/cao/processing/ncas-temperature-rh-1/data/long-term/level1d/2024/stfc-temperature-rh-1_cao_20241030_surface-met_v1.1.nc
/gws/pw/j07/ncas_obs_vol2/cao/raw_data/met_cao/data/long-term/2024/202410/CR1000XSeries_Chilbolton_Rxcabinmet1_20241031.dat
Parsed column names: ['TIMESTAMP', 'RECORD', 'BattV_Avg', 'PTemp_C_Avg', 'Air_T_Avg', 'RH_Avg', 'BP_mbar_Avg', 'WS_Avg', 'WD_Avg', 'SlrW_Avg', 'rg001dc_ch_Tot', 'rg006dc_ch_Tot', 'rg008dc_ch_Tot', 'rg009dc_ch_Tot', 'rg004tb_ch_Tot']
shape: (8_640, 3)
┌─────────────────────┬───────────┬────────┐
│ TIMESTAMP           ┆ Air_T_Avg ┆ RH_Avg │
│ ---                 ┆ ---       ┆ ---    │
│ datetime[μs]        ┆ f64       ┆ f64    │
╞═════════════════════╪═══════════╪════════╡
│ 2024-10-31 00:00:10 ┆ 281.01    ┆ 99.98  │
│ 2024-10-31 00:00:20 ┆ 281.01    ┆ 99.98  │
│ 2024-10-31 00:00:30 ┆ 281.01    ┆ 99.94  │
│ 2024-10-31 00:00:40 ┆ 281.01    ┆ 99.64  │
│ 2024-10-31 00:00:50 ┆ 281.05    ┆ 99.24  │
│ …                   ┆ …         ┆ …      │
│ 2024-10-31 23:59:20 ┆ 284.19    ┆ 95.7   │
│ 2024-10-31 23:59:30 ┆ 284.19    ┆ 95.5   │
│ 2024-10-31 23:59:40 ┆ 284.19    ┆ 95.3   │
│ 2024-10-31 23:59:50 ┆ 284.21    ┆ 95.1   │
│ 2024-11-01 00:00:00 ┆ 284.21    ┆ 95.0   │
└─────────────────────┴───────────┴────────┘
[INFO] Correcting the 'time' variable in the NetCDF file.
<class 'netCDF4.Variable'>
float64 time(time)
    units: seconds since 1970-01-01 00:00:00
    standard_name: time
    long_name: Time (seconds since 1970-01-01 00:00:00)
    axis: T
    valid_min: 1730332810.0
    valid_max: 1730419200.0
    calendar: standard
unlimited dimensions: 
current shape = (8640,)
filling on, default _FillValue of 9.969209968386869e+36 used
Flagged 0 points where air_temperature < 245.0K as bad data (qc_flag = 2).
Found 0 points already flagged as bad data (flag=2)
QC flags successfully added to /gws/pw/j07/ncas_obs_vol2/cao/processing/ncas-temperature-rh-1/data/long-term/level1d/2024/stfc-temperature-rh-1_cao_20241031_surface-met_v1.1.nc.
Updated time units to 'seconds since 1970-01-01 00:00:00' in /gws/pw/j07/ncas_obs_vol2/cao/processing/ncas-temperature-rh-1/data/long-term/level1d/2024/stfc-temperature-rh-1_cao_20241031_surface-met_v1.1.nc
/gws/pw/j07/ncas_obs_vol2/cao/raw_data/met_cao/data/long-term/2024/202411/CR1000XSeries_Chilbolton_Rxcabinmet1_20241101.dat
Parsed column names: ['TIMESTAMP', 'RECORD', 'BattV_Avg', 'PTemp_C_Avg', 'Air_T_Avg', 'RH_Avg', 'BP_mbar_Avg', 'WS_Avg', 'WD_Avg', 'SlrW_Avg', 'rg001dc_ch_Tot', 'rg006dc_ch_Tot', 'rg008dc_ch_Tot', 'rg009dc_ch_Tot', 'rg004tb_ch_Tot']
shape: (8_640, 3)
┌─────────────────────┬───────────┬────────┐
│ TIMESTAMP           ┆ Air_T_Avg ┆ RH_Avg │
│ ---                 ┆ ---       ┆ ---    │
│ datetime[μs]        ┆ f64       ┆ f64    │
╞═════════════════════╪═══════════╪════════╡
│ 2024-11-01 00:00:10 ┆ 284.21    ┆ 95.0   │
│ 2024-11-01 00:00:20 ┆ 284.21    ┆ 95.06  │
│ 2024-11-01 00:00:30 ┆ 284.23    ┆ 95.18  │
│ 2024-11-01 00:00:40 ┆ 284.23    ┆ 95.14  │
│ 2024-11-01 00:00:50 ┆ 284.23    ┆ 95.14  │
│ …                   ┆ …         ┆ …      │
│ 2024-11-01 23:59:20 ┆ 283.65    ┆ 85.8   │
│ 2024-11-01 23:59:30 ┆ 283.65    ┆ 85.9   │
│ 2024-11-01 23:59:40 ┆ 283.65    ┆ 85.82  │
│ 2024-11-01 23:59:50 ┆ 283.65    ┆ 85.66  │
│ 2024-11-02 00:00:00 ┆ 283.65    ┆ 85.48  │
└─────────────────────┴───────────┴────────┘
[INFO] Correcting the 'time' variable in the NetCDF file.
<class 'netCDF4.Variable'>
float64 time(time)
    units: seconds since 1970-01-01 00:00:00
    standard_name: time
    long_name: Time (seconds since 1970-01-01 00:00:00)
    axis: T
    valid_min: 1730419210.0
    valid_max: 1730505600.0
    calendar: standard
unlimited dimensions: 
current shape = (8640,)
filling on, default _FillValue of 9.969209968386869e+36 used
Flagged 0 points where air_temperature < 245.0K as bad data (qc_flag = 2).
Found 0 points already flagged as bad data (flag=2)
QC flags successfully added to /gws/pw/j07/ncas_obs_vol2/cao/processing/ncas-temperature-rh-1/data/long-term/level1d/2024/stfc-temperature-rh-1_cao_20241101_surface-met_v1.1.nc.
Updated time units to 'seconds since 1970-01-01 00:00:00' in /gws/pw/j07/ncas_obs_vol2/cao/processing/ncas-temperature-rh-1/data/long-term/level1d/2024/stfc-temperature-rh-1_cao_20241101_surface-met_v1.1.nc
/gws/pw/j07/ncas_obs_vol2/cao/raw_data/met_cao/data/long-term/2024/202411/CR1000XSeries_Chilbolton_Rxcabinmet1_20241102.dat
Parsed column names: ['TIMESTAMP', 'RECORD', 'BattV_Avg', 'PTemp_C_Avg', 'Air_T_Avg', 'RH_Avg', 'BP_mbar_Avg', 'WS_Avg', 'WD_Avg', 'SlrW_Avg', 'rg001dc_ch_Tot', 'rg006dc_ch_Tot', 'rg008dc_ch_Tot', 'rg009dc_ch_Tot', 'rg004tb_ch_Tot']
shape: (8_640, 3)
┌─────────────────────┬───────────┬────────┐
│ TIMESTAMP           ┆ Air_T_Avg ┆ RH_Avg │
│ ---                 ┆ ---       ┆ ---    │
│ datetime[μs]        ┆ f64       ┆ f64    │
╞═════════════════════╪═══════════╪════════╡
│ 2024-11-02 00:00:10 ┆ 283.65    ┆ 85.24  │
│ 2024-11-02 00:00:20 ┆ 283.65    ┆ 85.2   │
│ 2024-11-02 00:00:30 ┆ 283.65    ┆ 85.3   │
│ 2024-11-02 00:00:40 ┆ 283.65    ┆ 85.4   │
│ 2024-11-02 00:00:50 ┆ 283.65    ┆ 85.52  │
│ …                   ┆ …         ┆ …      │
│ 2024-11-02 23:59:20 ┆ 284.93    ┆ 84.7   │
│ 2024-11-02 23:59:30 ┆ 284.93    ┆ 84.84  │
│ 2024-11-02 23:59:40 ┆ 284.93    ┆ 84.98  │
│ 2024-11-02 23:59:50 ┆ 284.93    ┆ 85.0   │
│ 2024-11-03 00:00:00 ┆ 284.93    ┆ 84.94  │
└─────────────────────┴───────────┴────────┘
[INFO] Correcting the 'time' variable in the NetCDF file.
<class 'netCDF4.Variable'>
float64 time(time)
    units: seconds since 1970-01-01 00:00:00
    standard_name: time
    long_name: Time (seconds since 1970-01-01 00:00:00)
    axis: T
    valid_min: 1730505610.0
    valid_max: 1730592000.0
    calendar: standard
unlimited dimensions: 
current shape = (8640,)
filling on, default _FillValue of 9.969209968386869e+36 used
Flagged 0 points where air_temperature < 245.0K as bad data (qc_flag = 2).
Found 0 points already flagged as bad data (flag=2)
QC flags successfully added to /gws/pw/j07/ncas_obs_vol2/cao/processing/ncas-temperature-rh-1/data/long-term/level1d/2024/stfc-temperature-rh-1_cao_20241102_surface-met_v1.1.nc.
Updated time units to 'seconds since 1970-01-01 00:00:00' in /gws/pw/j07/ncas_obs_vol2/cao/processing/ncas-temperature-rh-1/data/long-term/level1d/2024/stfc-temperature-rh-1_cao_20241102_surface-met_v1.1.nc
/gws/pw/j07/ncas_obs_vol2/cao/raw_data/met_cao/data/long-term/2024/202411/CR1000XSeries_Chilbolton_Rxcabinmet1_20241103.dat
Parsed column names: ['TIMESTAMP', 'RECORD', 'BattV_Avg', 'PTemp_C_Avg', 'Air_T_Avg', 'RH_Avg', 'BP_mbar_Avg', 'WS_Avg', 'WD_Avg', 'SlrW_Avg', 'rg001dc_ch_Tot', 'rg006dc_ch_Tot', 'rg008dc_ch_Tot', 'rg009dc_ch_Tot', 'rg004tb_ch_Tot']
shape: (8_640, 3)
┌─────────────────────┬───────────┬────────┐
│ TIMESTAMP           ┆ Air_T_Avg ┆ RH_Avg │
│ ---                 ┆ ---       ┆ ---    │
│ datetime[μs]        ┆ f64       ┆ f64    │
╞═════════════════════╪═══════════╪════════╡
│ 2024-11-03 00:00:10 ┆ 284.93    ┆ 84.9   │
│ 2024-11-03 00:00:20 ┆ 284.93    ┆ 84.78  │
│ 2024-11-03 00:00:30 ┆ 284.93    ┆ 84.7   │
│ 2024-11-03 00:00:40 ┆ 284.93    ┆ 84.74  │
│ 2024-11-03 00:00:50 ┆ 284.91    ┆ 84.8   │
│ …                   ┆ …         ┆ …      │
│ 2024-11-03 23:59:20 ┆ 283.47    ┆ 85.9   │
│ 2024-11-03 23:59:30 ┆ 283.47    ┆ 85.8   │
│ 2024-11-03 23:59:40 ┆ 283.47    ┆ 85.76  │
│ 2024-11-03 23:59:50 ┆ 283.47    ┆ 85.78  │
│ 2024-11-04 00:00:00 ┆ 283.47    ┆ 85.84  │
└─────────────────────┴───────────┴────────┘
[INFO] Correcting the 'time' variable in the NetCDF file.
<class 'netCDF4.Variable'>
float64 time(time)
    units: seconds since 1970-01-01 00:00:00
    standard_name: time
    long_name: Time (seconds since 1970-01-01 00:00:00)
    axis: T
    valid_min: 1730592010.0
    valid_max: 1730678400.0
    calendar: standard
unlimited dimensions: 
current shape = (8640,)
filling on, default _FillValue of 9.969209968386869e+36 used
Flagged 0 points where air_temperature < 245.0K as bad data (qc_flag = 2).
Found 0 points already flagged as bad data (flag=2)
QC flags successfully added to /gws/pw/j07/ncas_obs_vol2/cao/processing/ncas-temperature-rh-1/data/long-term/level1d/2024/stfc-temperature-rh-1_cao_20241103_surface-met_v1.1.nc.
Updated time units to 'seconds since 1970-01-01 00:00:00' in /gws/pw/j07/ncas_obs_vol2/cao/processing/ncas-temperature-rh-1/data/long-term/level1d/2024/stfc-temperature-rh-1_cao_20241103_surface-met_v1.1.nc
/gws/pw/j07/ncas_obs_vol2/cao/raw_data/met_cao/data/long-term/2024/202411/CR1000XSeries_Chilbolton_Rxcabinmet1_20241104.dat
Parsed column names: ['TIMESTAMP', 'RECORD', 'BattV_Avg', 'PTemp_C_Avg', 'Air_T_Avg', 'RH_Avg', 'BP_mbar_Avg', 'WS_Avg', 'WD_Avg', 'SlrW_Avg', 'rg001dc_ch_Tot', 'rg006dc_ch_Tot', 'rg008dc_ch_Tot', 'rg009dc_ch_Tot', 'rg004tb_ch_Tot']
shape: (8_640, 3)
┌─────────────────────┬───────────┬────────┐
│ TIMESTAMP           ┆ Air_T_Avg ┆ RH_Avg │
│ ---                 ┆ ---       ┆ ---    │
│ datetime[μs]        ┆ f64       ┆ f64    │
╞═════════════════════╪═══════════╪════════╡
│ 2024-11-04 00:00:10 ┆ 283.47    ┆ 85.88  │
│ 2024-11-04 00:00:20 ┆ 283.49    ┆ 85.92  │
│ 2024-11-04 00:00:30 ┆ 283.47    ┆ 85.9   │
│ 2024-11-04 00:00:40 ┆ 283.47    ┆ 85.88  │
│ 2024-11-04 00:00:50 ┆ 283.47    ┆ 85.84  │
│ …                   ┆ …         ┆ …      │
│ 2024-11-04 23:59:20 ┆ 281.05    ┆ 98.12  │
│ 2024-11-04 23:59:30 ┆ 281.05    ┆ 98.16  │
│ 2024-11-04 23:59:40 ┆ 281.05    ┆ 98.18  │
│ 2024-11-04 23:59:50 ┆ 281.05    ┆ 98.26  │
│ 2024-11-05 00:00:00 ┆ 281.05    ┆ 98.38  │
└─────────────────────┴───────────┴────────┘
[INFO] Correcting the 'time' variable in the NetCDF file.
<class 'netCDF4.Variable'>
float64 time(time)
    units: seconds since 1970-01-01 00:00:00
    standard_name: time
    long_name: Time (seconds since 1970-01-01 00:00:00)
    axis: T
    valid_min: 1730678410.0
    valid_max: 1730764800.0
    calendar: standard
unlimited dimensions: 
current shape = (8640,)
filling on, default _FillValue of 9.969209968386869e+36 used
Flagged 0 points where air_temperature < 245.0K as bad data (qc_flag = 2).
Found 0 points already flagged as bad data (flag=2)
QC flags successfully added to /gws/pw/j07/ncas_obs_vol2/cao/processing/ncas-temperature-rh-1/data/long-term/level1d/2024/stfc-temperature-rh-1_cao_20241104_surface-met_v1.1.nc.
Updated time units to 'seconds since 1970-01-01 00:00:00' in /gws/pw/j07/ncas_obs_vol2/cao/processing/ncas-temperature-rh-1/data/long-term/level1d/2024/stfc-temperature-rh-1_cao_20241104_surface-met_v1.1.nc
/gws/pw/j07/ncas_obs_vol2/cao/raw_data/met_cao/data/long-term/2024/202411/CR1000XSeries_Chilbolton_Rxcabinmet1_20241105.dat
Parsed column names: ['TIMESTAMP', 'RECORD', 'BattV_Avg', 'PTemp_C_Avg', 'Air_T_Avg', 'RH_Avg', 'BP_mbar_Avg', 'WS_Avg', 'WD_Avg', 'SlrW_Avg', 'rg001dc_ch_Tot', 'rg006dc_ch_Tot', 'rg008dc_ch_Tot', 'rg009dc_ch_Tot', 'rg004tb_ch_Tot']
shape: (8_640, 3)
┌─────────────────────┬───────────┬────────┐
│ TIMESTAMP           ┆ Air_T_Avg ┆ RH_Avg │
│ ---                 ┆ ---       ┆ ---    │
│ datetime[μs]        ┆ f64       ┆ f64    │
╞═════════════════════╪═══════════╪════════╡
│ 2024-11-05 00:00:10 ┆ 281.05    ┆ 98.34  │
│ 2024-11-05 00:00:20 ┆ 281.03    ┆ 98.36  │
│ 2024-11-05 00:00:30 ┆ 281.05    ┆ 98.32  │
│ 2024-11-05 00:00:40 ┆ 281.03    ┆ 98.24  │
│ 2024-11-05 00:00:50 ┆ 281.03    ┆ 98.12  │
│ …                   ┆ …         ┆ …      │
│ 2024-11-05 23:59:20 ┆ 282.29    ┆ 99.98  │
│ 2024-11-05 23:59:30 ┆ 282.29    ┆ 99.98  │
│ 2024-11-05 23:59:40 ┆ 282.29    ┆ 99.98  │
│ 2024-11-05 23:59:50 ┆ 282.29    ┆ 99.98  │
│ 2024-11-06 00:00:00 ┆ 282.29    ┆ 99.98  │
└─────────────────────┴───────────┴────────┘
[INFO] Correcting the 'time' variable in the NetCDF file.
<class 'netCDF4.Variable'>
float64 time(time)
    units: seconds since 1970-01-01 00:00:00
    standard_name: time
    long_name: Time (seconds since 1970-01-01 00:00:00)
    axis: T
    valid_min: 1730764810.0
    valid_max: 1730851200.0
    calendar: standard
unlimited dimensions: 
current shape = (8640,)
filling on, default _FillValue of 9.969209968386869e+36 used
Flagged 0 points where air_temperature < 245.0K as bad data (qc_flag = 2).
Found 0 points already flagged as bad data (flag=2)
QC flags successfully added to /gws/pw/j07/ncas_obs_vol2/cao/processing/ncas-temperature-rh-1/data/long-term/level1d/2024/stfc-temperature-rh-1_cao_20241105_surface-met_v1.1.nc.
Updated time units to 'seconds since 1970-01-01 00:00:00' in /gws/pw/j07/ncas_obs_vol2/cao/processing/ncas-temperature-rh-1/data/long-term/level1d/2024/stfc-temperature-rh-1_cao_20241105_surface-met_v1.1.nc
/gws/pw/j07/ncas_obs_vol2/cao/raw_data/met_cao/data/long-term/2024/202411/CR1000XSeries_Chilbolton_Rxcabinmet1_20241106.dat
Parsed column names: ['TIMESTAMP', 'RECORD', 'BattV_Avg', 'PTemp_C_Avg', 'Air_T_Avg', 'RH_Avg', 'BP_mbar_Avg', 'WS_Avg', 'WD_Avg', 'SlrW_Avg', 'rg001dc_ch_Tot', 'rg006dc_ch_Tot', 'rg008dc_ch_Tot', 'rg009dc_ch_Tot', 'rg004tb_ch_Tot']
shape: (8_640, 3)
┌─────────────────────┬───────────┬────────┐
│ TIMESTAMP           ┆ Air_T_Avg ┆ RH_Avg │
│ ---                 ┆ ---       ┆ ---    │
│ datetime[μs]        ┆ f64       ┆ f64    │
╞═════════════════════╪═══════════╪════════╡
│ 2024-11-06 00:00:10 ┆ 282.29    ┆ 99.98  │
│ 2024-11-06 00:00:20 ┆ 282.29    ┆ 100.0  │
│ 2024-11-06 00:00:30 ┆ 282.29    ┆ 99.98  │
│ 2024-11-06 00:00:40 ┆ 282.29    ┆ 99.96  │
│ 2024-11-06 00:00:50 ┆ 282.29    ┆ 99.98  │
│ …                   ┆ …         ┆ …      │
│ 2024-11-06 23:59:20 ┆ 283.13    ┆ 99.82  │
│ 2024-11-06 23:59:30 ┆ 283.13    ┆ 99.74  │
│ 2024-11-06 23:59:40 ┆ 283.13    ┆ 99.62  │
│ 2024-11-06 23:59:50 ┆ 283.13    ┆ 99.44  │
│ 2024-11-07 00:00:00 ┆ 283.15    ┆ 99.26  │
└─────────────────────┴───────────┴────────┘
[INFO] Correcting the 'time' variable in the NetCDF file.
<class 'netCDF4.Variable'>
float64 time(time)
    units: seconds since 1970-01-01 00:00:00
    standard_name: time
    long_name: Time (seconds since 1970-01-01 00:00:00)
    axis: T
    valid_min: 1730851210.0
    valid_max: 1730937600.0
    calendar: standard
unlimited dimensions: 
current shape = (8640,)
filling on, default _FillValue of 9.969209968386869e+36 used
Flagged 0 points where air_temperature < 245.0K as bad data (qc_flag = 2).
Found 0 points already flagged as bad data (flag=2)
QC flags successfully added to /gws/pw/j07/ncas_obs_vol2/cao/processing/ncas-temperature-rh-1/data/long-term/level1d/2024/stfc-temperature-rh-1_cao_20241106_surface-met_v1.1.nc.
Updated time units to 'seconds since 1970-01-01 00:00:00' in /gws/pw/j07/ncas_obs_vol2/cao/processing/ncas-temperature-rh-1/data/long-term/level1d/2024/stfc-temperature-rh-1_cao_20241106_surface-met_v1.1.nc
/gws/pw/j07/ncas_obs_vol2/cao/raw_data/met_cao/data/long-term/2024/202411/CR1000XSeries_Chilbolton_Rxcabinmet1_20241107.dat
Parsed column names: ['TIMESTAMP', 'RECORD', 'BattV_Avg', 'PTemp_C_Avg', 'Air_T_Avg', 'RH_Avg', 'BP_mbar_Avg', 'WS_Avg', 'WD_Avg', 'SlrW_Avg', 'rg001dc_ch_Tot', 'rg006dc_ch_Tot', 'rg008dc_ch_Tot', 'rg009dc_ch_Tot', 'rg004tb_ch_Tot']
shape: (8_640, 3)
┌─────────────────────┬───────────┬────────┐
│ TIMESTAMP           ┆ Air_T_Avg ┆ RH_Avg │
│ ---                 ┆ ---       ┆ ---    │
│ datetime[μs]        ┆ f64       ┆ f64    │
╞═════════════════════╪═══════════╪════════╡
│ 2024-11-07 00:00:10 ┆ 283.13    ┆ 99.24  │
│ 2024-11-07 00:00:20 ┆ 283.15    ┆ 99.22  │
│ 2024-11-07 00:00:30 ┆ 283.15    ┆ 99.3   │
│ 2024-11-07 00:00:40 ┆ 283.15    ┆ 99.48  │
│ 2024-11-07 00:00:50 ┆ 283.15    ┆ 99.54  │
│ …                   ┆ …         ┆ …      │
│ 2024-11-07 23:59:20 ┆ 282.45    ┆ 98.32  │
│ 2024-11-07 23:59:30 ┆ 282.45    ┆ 98.28  │
│ 2024-11-07 23:59:40 ┆ 282.45    ┆ 98.3   │
│ 2024-11-07 23:59:50 ┆ 282.47    ┆ 98.42  │
│ 2024-11-08 00:00:00 ┆ 282.47    ┆ 98.54  │
└─────────────────────┴───────────┴────────┘
[INFO] Correcting the 'time' variable in the NetCDF file.
<class 'netCDF4.Variable'>
float64 time(time)
    units: seconds since 1970-01-01 00:00:00
    standard_name: time
    long_name: Time (seconds since 1970-01-01 00:00:00)
    axis: T
    valid_min: 1730937610.0
    valid_max: 1731024000.0
    calendar: standard
unlimited dimensions: 
current shape = (8640,)
filling on, default _FillValue of 9.969209968386869e+36 used
Flagged 0 points where air_temperature < 245.0K as bad data (qc_flag = 2).
Found 0 points already flagged as bad data (flag=2)
QC flags successfully added to /gws/pw/j07/ncas_obs_vol2/cao/processing/ncas-temperature-rh-1/data/long-term/level1d/2024/stfc-temperature-rh-1_cao_20241107_surface-met_v1.1.nc.
Updated time units to 'seconds since 1970-01-01 00:00:00' in /gws/pw/j07/ncas_obs_vol2/cao/processing/ncas-temperature-rh-1/data/long-term/level1d/2024/stfc-temperature-rh-1_cao_20241107_surface-met_v1.1.nc
/gws/pw/j07/ncas_obs_vol2/cao/raw_data/met_cao/data/long-term/2024/202411/CR1000XSeries_Chilbolton_Rxcabinmet1_20241108.dat
Parsed column names: ['TIMESTAMP', 'RECORD', 'BattV_Avg', 'PTemp_C_Avg', 'Air_T_Avg', 'RH_Avg', 'BP_mbar_Avg', 'WS_Avg', 'WD_Avg', 'SlrW_Avg', 'rg001dc_ch_Tot', 'rg006dc_ch_Tot', 'rg008dc_ch_Tot', 'rg009dc_ch_Tot', 'rg004tb_ch_Tot']
shape: (8_640, 3)
┌─────────────────────┬───────────┬────────┐
│ TIMESTAMP           ┆ Air_T_Avg ┆ RH_Avg │
│ ---                 ┆ ---       ┆ ---    │
│ datetime[μs]        ┆ f64       ┆ f64    │
╞═════════════════════╪═══════════╪════════╡
│ 2024-11-08 00:00:10 ┆ 282.47    ┆ 98.64  │
│ 2024-11-08 00:00:20 ┆ 282.47    ┆ 98.6   │
│ 2024-11-08 00:00:30 ┆ 282.47    ┆ 98.52  │
│ 2024-11-08 00:00:40 ┆ 282.45    ┆ 98.4   │
│ 2024-11-08 00:00:50 ┆ 282.45    ┆ 98.28  │
│ …                   ┆ …         ┆ …      │
│ 2024-11-08 23:59:20 ┆ 280.47    ┆ 86.48  │
│ 2024-11-08 23:59:30 ┆ 280.47    ┆ 86.66  │
│ 2024-11-08 23:59:40 ┆ 280.47    ┆ 86.98  │
│ 2024-11-08 23:59:50 ┆ 280.47    ┆ 87.22  │
│ 2024-11-09 00:00:00 ┆ 280.47    ┆ 87.38  │
└─────────────────────┴───────────┴────────┘
[INFO] Correcting the 'time' variable in the NetCDF file.
<class 'netCDF4.Variable'>
float64 time(time)
    units: seconds since 1970-01-01 00:00:00
    standard_name: time
    long_name: Time (seconds since 1970-01-01 00:00:00)
    axis: T
    valid_min: 1731024010.0
    valid_max: 1731110400.0
    calendar: standard
unlimited dimensions: 
current shape = (8640,)
filling on, default _FillValue of 9.969209968386869e+36 used
Flagged 0 points where air_temperature < 245.0K as bad data (qc_flag = 2).
Found 0 points already flagged as bad data (flag=2)
QC flags successfully added to /gws/pw/j07/ncas_obs_vol2/cao/processing/ncas-temperature-rh-1/data/long-term/level1d/2024/stfc-temperature-rh-1_cao_20241108_surface-met_v1.1.nc.
Updated time units to 'seconds since 1970-01-01 00:00:00' in /gws/pw/j07/ncas_obs_vol2/cao/processing/ncas-temperature-rh-1/data/long-term/level1d/2024/stfc-temperature-rh-1_cao_20241108_surface-met_v1.1.nc
/gws/pw/j07/ncas_obs_vol2/cao/raw_data/met_cao/data/long-term/2024/202411/CR1000XSeries_Chilbolton_Rxcabinmet1_20241109.dat
Parsed column names: ['TIMESTAMP', 'RECORD', 'BattV_Avg', 'PTemp_C_Avg', 'Air_T_Avg', 'RH_Avg', 'BP_mbar_Avg', 'WS_Avg', 'WD_Avg', 'SlrW_Avg', 'rg001dc_ch_Tot', 'rg006dc_ch_Tot', 'rg008dc_ch_Tot', 'rg009dc_ch_Tot', 'rg004tb_ch_Tot']
shape: (8_640, 3)
┌─────────────────────┬───────────┬────────┐
│ TIMESTAMP           ┆ Air_T_Avg ┆ RH_Avg │
│ ---                 ┆ ---       ┆ ---    │
│ datetime[μs]        ┆ f64       ┆ f64    │
╞═════════════════════╪═══════════╪════════╡
│ 2024-11-09 00:00:10 ┆ 280.47    ┆ 87.56  │
│ 2024-11-09 00:00:20 ┆ 280.47    ┆ 87.72  │
│ 2024-11-09 00:00:30 ┆ 280.47    ┆ 87.8   │
│ 2024-11-09 00:00:40 ┆ 280.47    ┆ 87.82  │
│ 2024-11-09 00:00:50 ┆ 280.47    ┆ 87.78  │
│ …                   ┆ …         ┆ …      │
│ 2024-11-09 23:59:20 ┆ 279.95    ┆ 95.2   │
│ 2024-11-09 23:59:30 ┆ 279.95    ┆ 95.18  │
│ 2024-11-09 23:59:40 ┆ 279.95    ┆ 95.2   │
│ 2024-11-09 23:59:50 ┆ 279.95    ┆ 95.22  │
│ 2024-11-10 00:00:00 ┆ 279.95    ┆ 95.28  │
└─────────────────────┴───────────┴────────┘
[INFO] Correcting the 'time' variable in the NetCDF file.
<class 'netCDF4.Variable'>
float64 time(time)
    units: seconds since 1970-01-01 00:00:00
    standard_name: time
    long_name: Time (seconds since 1970-01-01 00:00:00)
    axis: T
    valid_min: 1731110410.0
    valid_max: 1731196800.0
    calendar: standard
unlimited dimensions: 
current shape = (8640,)
filling on, default _FillValue of 9.969209968386869e+36 used
Flagged 0 points where air_temperature < 245.0K as bad data (qc_flag = 2).
Found 0 points already flagged as bad data (flag=2)
QC flags successfully added to /gws/pw/j07/ncas_obs_vol2/cao/processing/ncas-temperature-rh-1/data/long-term/level1d/2024/stfc-temperature-rh-1_cao_20241109_surface-met_v1.1.nc.
Updated time units to 'seconds since 1970-01-01 00:00:00' in /gws/pw/j07/ncas_obs_vol2/cao/processing/ncas-temperature-rh-1/data/long-term/level1d/2024/stfc-temperature-rh-1_cao_20241109_surface-met_v1.1.nc
/gws/pw/j07/ncas_obs_vol2/cao/raw_data/met_cao/data/long-term/2024/202411/CR1000XSeries_Chilbolton_Rxcabinmet1_20241110.dat
Parsed column names: ['TIMESTAMP', 'RECORD', 'BattV_Avg', 'PTemp_C_Avg', 'Air_T_Avg', 'RH_Avg', 'BP_mbar_Avg', 'WS_Avg', 'WD_Avg', 'SlrW_Avg', 'rg001dc_ch_Tot', 'rg006dc_ch_Tot', 'rg008dc_ch_Tot', 'rg009dc_ch_Tot', 'rg004tb_ch_Tot']
shape: (8_640, 3)
┌─────────────────────┬───────────┬────────┐
│ TIMESTAMP           ┆ Air_T_Avg ┆ RH_Avg │
│ ---                 ┆ ---       ┆ ---    │
│ datetime[μs]        ┆ f64       ┆ f64    │
╞═════════════════════╪═══════════╪════════╡
│ 2024-11-10 00:00:10 ┆ 279.95    ┆ 95.4   │
│ 2024-11-10 00:00:20 ┆ 279.95    ┆ 95.56  │
│ 2024-11-10 00:00:30 ┆ 279.95    ┆ 95.56  │
│ 2024-11-10 00:00:40 ┆ 279.95    ┆ 95.56  │
│ 2024-11-10 00:00:50 ┆ 279.95    ┆ 95.48  │
│ …                   ┆ …         ┆ …      │
│ 2024-11-10 23:59:20 ┆ 284.93    ┆ 98.22  │
│ 2024-11-10 23:59:30 ┆ 284.93    ┆ 98.22  │
│ 2024-11-10 23:59:40 ┆ 284.93    ┆ 98.26  │
│ 2024-11-10 23:59:50 ┆ 284.93    ┆ 98.34  │
│ 2024-11-11 00:00:00 ┆ 284.93    ┆ 98.4   │
└─────────────────────┴───────────┴────────┘
[INFO] Correcting the 'time' variable in the NetCDF file.
<class 'netCDF4.Variable'>
float64 time(time)
    units: seconds since 1970-01-01 00:00:00
    standard_name: time
    long_name: Time (seconds since 1970-01-01 00:00:00)
    axis: T
    valid_min: 1731196810.0
    valid_max: 1731283200.0
    calendar: standard
unlimited dimensions: 
current shape = (8640,)
filling on, default _FillValue of 9.969209968386869e+36 used
Flagged 0 points where air_temperature < 245.0K as bad data (qc_flag = 2).
Found 0 points already flagged as bad data (flag=2)
QC flags successfully added to /gws/pw/j07/ncas_obs_vol2/cao/processing/ncas-temperature-rh-1/data/long-term/level1d/2024/stfc-temperature-rh-1_cao_20241110_surface-met_v1.1.nc.
Updated time units to 'seconds since 1970-01-01 00:00:00' in /gws/pw/j07/ncas_obs_vol2/cao/processing/ncas-temperature-rh-1/data/long-term/level1d/2024/stfc-temperature-rh-1_cao_20241110_surface-met_v1.1.nc
/gws/pw/j07/ncas_obs_vol2/cao/raw_data/met_cao/data/long-term/2024/202411/CR1000XSeries_Chilbolton_Rxcabinmet1_20241111.dat
Parsed column names: ['TIMESTAMP', 'RECORD', 'BattV_Avg', 'PTemp_C_Avg', 'Air_T_Avg', 'RH_Avg', 'BP_mbar_Avg', 'WS_Avg', 'WD_Avg', 'SlrW_Avg', 'rg001dc_ch_Tot', 'rg006dc_ch_Tot', 'rg008dc_ch_Tot', 'rg009dc_ch_Tot', 'rg004tb_ch_Tot']
shape: (8_640, 3)
┌─────────────────────┬───────────┬────────┐
│ TIMESTAMP           ┆ Air_T_Avg ┆ RH_Avg │
│ ---                 ┆ ---       ┆ ---    │
│ datetime[μs]        ┆ f64       ┆ f64    │
╞═════════════════════╪═══════════╪════════╡
│ 2024-11-11 00:00:10 ┆ 284.93    ┆ 98.56  │
│ 2024-11-11 00:00:20 ┆ 284.93    ┆ 98.56  │
│ 2024-11-11 00:00:30 ┆ 284.93    ┆ 98.52  │
│ 2024-11-11 00:00:40 ┆ 284.95    ┆ 98.42  │
│ 2024-11-11 00:00:50 ┆ 284.95    ┆ 98.4   │
│ …                   ┆ …         ┆ …      │
│ 2024-11-11 23:59:20 ┆ 277.91    ┆ 87.7   │
│ 2024-11-11 23:59:30 ┆ 277.89    ┆ 87.86  │
│ 2024-11-11 23:59:40 ┆ 277.85    ┆ 88.34  │
│ 2024-11-11 23:59:50 ┆ 277.81    ┆ 88.74  │
│ 2024-11-12 00:00:00 ┆ 277.79    ┆ 89.18  │
└─────────────────────┴───────────┴────────┘
[INFO] Correcting the 'time' variable in the NetCDF file.
<class 'netCDF4.Variable'>
float64 time(time)
    units: seconds since 1970-01-01 00:00:00
    standard_name: time
    long_name: Time (seconds since 1970-01-01 00:00:00)
    axis: T
    valid_min: 1731283210.0
    valid_max: 1731369600.0
    calendar: standard
unlimited dimensions: 
current shape = (8640,)
filling on, default _FillValue of 9.969209968386869e+36 used
Flagged 0 points where air_temperature < 245.0K as bad data (qc_flag = 2).
Found 0 points already flagged as bad data (flag=2)
QC flags successfully added to /gws/pw/j07/ncas_obs_vol2/cao/processing/ncas-temperature-rh-1/data/long-term/level1d/2024/stfc-temperature-rh-1_cao_20241111_surface-met_v1.1.nc.
Updated time units to 'seconds since 1970-01-01 00:00:00' in /gws/pw/j07/ncas_obs_vol2/cao/processing/ncas-temperature-rh-1/data/long-term/level1d/2024/stfc-temperature-rh-1_cao_20241111_surface-met_v1.1.nc
/gws/pw/j07/ncas_obs_vol2/cao/raw_data/met_cao/data/long-term/2024/202411/CR1000XSeries_Chilbolton_Rxcabinmet1_20241112.dat
Parsed column names: ['TIMESTAMP', 'RECORD', 'BattV_Avg', 'PTemp_C_Avg', 'Air_T_Avg', 'RH_Avg', 'BP_mbar_Avg', 'WS_Avg', 'WD_Avg', 'SlrW_Avg', 'rg001dc_ch_Tot', 'rg006dc_ch_Tot', 'rg008dc_ch_Tot', 'rg009dc_ch_Tot', 'rg004tb_ch_Tot']
shape: (8_640, 3)
┌─────────────────────┬───────────┬────────┐
│ TIMESTAMP           ┆ Air_T_Avg ┆ RH_Avg │
│ ---                 ┆ ---       ┆ ---    │
│ datetime[μs]        ┆ f64       ┆ f64    │
╞═════════════════════╪═══════════╪════════╡
│ 2024-11-12 00:00:10 ┆ 277.77    ┆ 89.4   │
│ 2024-11-12 00:00:20 ┆ 277.75    ┆ 89.56  │
│ 2024-11-12 00:00:30 ┆ 277.75    ┆ 89.56  │
│ 2024-11-12 00:00:40 ┆ 277.73    ┆ 89.48  │
│ 2024-11-12 00:00:50 ┆ 277.73    ┆ 89.16  │
│ …                   ┆ …         ┆ …      │
│ 2024-11-12 23:59:20 ┆ 281.07    ┆ 87.38  │
│ 2024-11-12 23:59:30 ┆ 281.07    ┆ 87.54  │
│ 2024-11-12 23:59:40 ┆ 281.07    ┆ 87.72  │
│ 2024-11-12 23:59:50 ┆ 281.05    ┆ 88.0   │
│ 2024-11-13 00:00:00 ┆ 281.05    ┆ 88.18  │
└─────────────────────┴───────────┴────────┘
[INFO] Correcting the 'time' variable in the NetCDF file.
<class 'netCDF4.Variable'>
float64 time(time)
    units: seconds since 1970-01-01 00:00:00
    standard_name: time
    long_name: Time (seconds since 1970-01-01 00:00:00)
    axis: T
    valid_min: 1731369610.0
    valid_max: 1731456000.0
    calendar: standard
unlimited dimensions: 
current shape = (8640,)
filling on, default _FillValue of 9.969209968386869e+36 used
Flagged 0 points where air_temperature < 245.0K as bad data (qc_flag = 2).
Found 0 points already flagged as bad data (flag=2)
QC flags successfully added to /gws/pw/j07/ncas_obs_vol2/cao/processing/ncas-temperature-rh-1/data/long-term/level1d/2024/stfc-temperature-rh-1_cao_20241112_surface-met_v1.1.nc.
Updated time units to 'seconds since 1970-01-01 00:00:00' in /gws/pw/j07/ncas_obs_vol2/cao/processing/ncas-temperature-rh-1/data/long-term/level1d/2024/stfc-temperature-rh-1_cao_20241112_surface-met_v1.1.nc
/gws/pw/j07/ncas_obs_vol2/cao/raw_data/met_cao/data/long-term/2024/202411/CR1000XSeries_Chilbolton_Rxcabinmet1_20241113.dat
Parsed column names: ['TIMESTAMP', 'RECORD', 'BattV_Avg', 'PTemp_C_Avg', 'Air_T_Avg', 'RH_Avg', 'BP_mbar_Avg', 'WS_Avg', 'WD_Avg', 'SlrW_Avg', 'rg001dc_ch_Tot', 'rg006dc_ch_Tot', 'rg008dc_ch_Tot', 'rg009dc_ch_Tot', 'rg004tb_ch_Tot']
shape: (8_640, 3)
┌─────────────────────┬───────────┬────────┐
│ TIMESTAMP           ┆ Air_T_Avg ┆ RH_Avg │
│ ---                 ┆ ---       ┆ ---    │
│ datetime[μs]        ┆ f64       ┆ f64    │
╞═════════════════════╪═══════════╪════════╡
│ 2024-11-13 00:00:10 ┆ 281.05    ┆ 88.24  │
│ 2024-11-13 00:00:20 ┆ 281.05    ┆ 88.18  │
│ 2024-11-13 00:00:30 ┆ 281.03    ┆ 88.12  │
│ 2024-11-13 00:00:40 ┆ 281.03    ┆ 88.0   │
│ 2024-11-13 00:00:50 ┆ 281.03    ┆ 87.84  │
│ …                   ┆ …         ┆ …      │
│ 2024-11-13 23:59:20 ┆ 281.15    ┆ 95.56  │
│ 2024-11-13 23:59:30 ┆ 281.15    ┆ 95.6   │
│ 2024-11-13 23:59:40 ┆ 281.15    ┆ 95.58  │
│ 2024-11-13 23:59:50 ┆ 281.15    ┆ 95.56  │
│ 2024-11-14 00:00:00 ┆ 281.15    ┆ 95.58  │
└─────────────────────┴───────────┴────────┘
[INFO] Correcting the 'time' variable in the NetCDF file.
<class 'netCDF4.Variable'>
float64 time(time)
    units: seconds since 1970-01-01 00:00:00
    standard_name: time
    long_name: Time (seconds since 1970-01-01 00:00:00)
    axis: T
    valid_min: 1731456010.0
    valid_max: 1731542400.0
    calendar: standard
unlimited dimensions: 
current shape = (8640,)
filling on, default _FillValue of 9.969209968386869e+36 used
Flagged 0 points where air_temperature < 245.0K as bad data (qc_flag = 2).
Found 0 points already flagged as bad data (flag=2)
QC flags successfully added to /gws/pw/j07/ncas_obs_vol2/cao/processing/ncas-temperature-rh-1/data/long-term/level1d/2024/stfc-temperature-rh-1_cao_20241113_surface-met_v1.1.nc.
Updated time units to 'seconds since 1970-01-01 00:00:00' in /gws/pw/j07/ncas_obs_vol2/cao/processing/ncas-temperature-rh-1/data/long-term/level1d/2024/stfc-temperature-rh-1_cao_20241113_surface-met_v1.1.nc
/gws/pw/j07/ncas_obs_vol2/cao/raw_data/met_cao/data/long-term/2024/202411/CR1000XSeries_Chilbolton_Rxcabinmet1_20241114.dat
Parsed column names: ['TIMESTAMP', 'RECORD', 'BattV_Avg', 'PTemp_C_Avg', 'Air_T_Avg', 'RH_Avg', 'BP_mbar_Avg', 'WS_Avg', 'WD_Avg', 'SlrW_Avg', 'rg001dc_ch_Tot', 'rg006dc_ch_Tot', 'rg008dc_ch_Tot', 'rg009dc_ch_Tot', 'rg004tb_ch_Tot']
shape: (8_640, 3)
┌─────────────────────┬───────────┬────────┐
│ TIMESTAMP           ┆ Air_T_Avg ┆ RH_Avg │
│ ---                 ┆ ---       ┆ ---    │
│ datetime[μs]        ┆ f64       ┆ f64    │
╞═════════════════════╪═══════════╪════════╡
│ 2024-11-14 00:00:10 ┆ 281.15    ┆ 95.66  │
│ 2024-11-14 00:00:20 ┆ 281.15    ┆ 95.76  │
│ 2024-11-14 00:00:30 ┆ 281.15    ┆ 95.84  │
│ 2024-11-14 00:00:40 ┆ 281.15    ┆ 95.9   │
│ 2024-11-14 00:00:50 ┆ 281.13    ┆ 95.94  │
│ …                   ┆ …         ┆ …      │
│ 2024-11-14 23:59:20 ┆ 281.65    ┆ 76.6   │
│ 2024-11-14 23:59:30 ┆ 281.67    ┆ 76.24  │
│ 2024-11-14 23:59:40 ┆ 281.65    ┆ 76.04  │
│ 2024-11-14 23:59:50 ┆ 281.67    ┆ 76.26  │
│ 2024-11-15 00:00:00 ┆ 281.65    ┆ 76.5   │
└─────────────────────┴───────────┴────────┘
[INFO] Correcting the 'time' variable in the NetCDF file.
<class 'netCDF4.Variable'>
float64 time(time)
    units: seconds since 1970-01-01 00:00:00
    standard_name: time
    long_name: Time (seconds since 1970-01-01 00:00:00)
    axis: T
    valid_min: 1731542410.0
    valid_max: 1731628800.0
    calendar: standard
unlimited dimensions: 
current shape = (8640,)
filling on, default _FillValue of 9.969209968386869e+36 used
Flagged 0 points where air_temperature < 245.0K as bad data (qc_flag = 2).
Found 0 points already flagged as bad data (flag=2)
QC flags successfully added to /gws/pw/j07/ncas_obs_vol2/cao/processing/ncas-temperature-rh-1/data/long-term/level1d/2024/stfc-temperature-rh-1_cao_20241114_surface-met_v1.1.nc.
Updated time units to 'seconds since 1970-01-01 00:00:00' in /gws/pw/j07/ncas_obs_vol2/cao/processing/ncas-temperature-rh-1/data/long-term/level1d/2024/stfc-temperature-rh-1_cao_20241114_surface-met_v1.1.nc
/gws/pw/j07/ncas_obs_vol2/cao/raw_data/met_cao/data/long-term/2024/202411/CR1000XSeries_Chilbolton_Rxcabinmet1_20241115.dat
Parsed column names: ['TIMESTAMP', 'RECORD', 'BattV_Avg', 'PTemp_C_Avg', 'Air_T_Avg', 'RH_Avg', 'BP_mbar_Avg', 'WS_Avg', 'WD_Avg', 'SlrW_Avg', 'rg001dc_ch_Tot', 'rg006dc_ch_Tot', 'rg008dc_ch_Tot', 'rg009dc_ch_Tot', 'rg004tb_ch_Tot']
shape: (8_640, 3)
┌─────────────────────┬───────────┬────────┐
│ TIMESTAMP           ┆ Air_T_Avg ┆ RH_Avg │
│ ---                 ┆ ---       ┆ ---    │
│ datetime[μs]        ┆ f64       ┆ f64    │
╞═════════════════════╪═══════════╪════════╡
│ 2024-11-15 00:00:10 ┆ 281.63    ┆ 76.78  │
│ 2024-11-15 00:00:20 ┆ 281.63    ┆ 77.12  │
│ 2024-11-15 00:00:30 ┆ 281.61    ┆ 77.52  │
│ 2024-11-15 00:00:40 ┆ 281.61    ┆ 77.74  │
│ 2024-11-15 00:00:50 ┆ 281.61    ┆ 77.72  │
│ …                   ┆ …         ┆ …      │
│ 2024-11-15 23:59:20 ┆ 274.35    ┆ 99.94  │
│ 2024-11-15 23:59:30 ┆ 274.35    ┆ 99.94  │
│ 2024-11-15 23:59:40 ┆ 274.35    ┆ 99.94  │
│ 2024-11-15 23:59:50 ┆ 274.35    ┆ 99.96  │
│ 2024-11-16 00:00:00 ┆ 274.33    ┆ 99.96  │
└─────────────────────┴───────────┴────────┘
[INFO] Correcting the 'time' variable in the NetCDF file.
<class 'netCDF4.Variable'>
float64 time(time)
    units: seconds since 1970-01-01 00:00:00
    standard_name: time
    long_name: Time (seconds since 1970-01-01 00:00:00)
    axis: T
    valid_min: 1731628810.0
    valid_max: 1731715200.0
    calendar: standard
unlimited dimensions: 
current shape = (8640,)
filling on, default _FillValue of 9.969209968386869e+36 used
Flagged 0 points where air_temperature < 245.0K as bad data (qc_flag = 2).
Found 0 points already flagged as bad data (flag=2)
QC flags successfully added to /gws/pw/j07/ncas_obs_vol2/cao/processing/ncas-temperature-rh-1/data/long-term/level1d/2024/stfc-temperature-rh-1_cao_20241115_surface-met_v1.1.nc.
Updated time units to 'seconds since 1970-01-01 00:00:00' in /gws/pw/j07/ncas_obs_vol2/cao/processing/ncas-temperature-rh-1/data/long-term/level1d/2024/stfc-temperature-rh-1_cao_20241115_surface-met_v1.1.nc
/gws/pw/j07/ncas_obs_vol2/cao/raw_data/met_cao/data/long-term/2024/202411/CR1000XSeries_Chilbolton_Rxcabinmet1_20241116.dat
Parsed column names: ['TIMESTAMP', 'RECORD', 'BattV_Avg', 'PTemp_C_Avg', 'Air_T_Avg', 'RH_Avg', 'BP_mbar_Avg', 'WS_Avg', 'WD_Avg', 'SlrW_Avg', 'rg001dc_ch_Tot', 'rg006dc_ch_Tot', 'rg008dc_ch_Tot', 'rg009dc_ch_Tot', 'rg004tb_ch_Tot']
shape: (8_640, 3)
┌─────────────────────┬───────────┬────────┐
│ TIMESTAMP           ┆ Air_T_Avg ┆ RH_Avg │
│ ---                 ┆ ---       ┆ ---    │
│ datetime[μs]        ┆ f64       ┆ f64    │
╞═════════════════════╪═══════════╪════════╡
│ 2024-11-16 00:00:10 ┆ 274.31    ┆ 99.94  │
│ 2024-11-16 00:00:20 ┆ 274.31    ┆ 99.94  │
│ 2024-11-16 00:00:30 ┆ 274.31    ┆ 99.94  │
│ 2024-11-16 00:00:40 ┆ 274.31    ┆ 99.94  │
│ 2024-11-16 00:00:50 ┆ 274.31    ┆ 99.96  │
│ …                   ┆ …         ┆ …      │
│ 2024-11-16 23:59:20 ┆ 280.17    ┆ 98.88  │
│ 2024-11-16 23:59:30 ┆ 280.17    ┆ 99.1   │
│ 2024-11-16 23:59:40 ┆ 280.15    ┆ 99.46  │
│ 2024-11-16 23:59:50 ┆ 280.13    ┆ 99.74  │
│ 2024-11-17 00:00:00 ┆ 280.11    ┆ 99.98  │
└─────────────────────┴───────────┴────────┘
[INFO] Correcting the 'time' variable in the NetCDF file.
<class 'netCDF4.Variable'>
float64 time(time)
    units: seconds since 1970-01-01 00:00:00
    standard_name: time
    long_name: Time (seconds since 1970-01-01 00:00:00)
    axis: T
    valid_min: 1731715210.0
    valid_max: 1731801600.0
    calendar: standard
unlimited dimensions: 
current shape = (8640,)
filling on, default _FillValue of 9.969209968386869e+36 used
Flagged 0 points where air_temperature < 245.0K as bad data (qc_flag = 2).
Found 0 points already flagged as bad data (flag=2)
QC flags successfully added to /gws/pw/j07/ncas_obs_vol2/cao/processing/ncas-temperature-rh-1/data/long-term/level1d/2024/stfc-temperature-rh-1_cao_20241116_surface-met_v1.1.nc.
Updated time units to 'seconds since 1970-01-01 00:00:00' in /gws/pw/j07/ncas_obs_vol2/cao/processing/ncas-temperature-rh-1/data/long-term/level1d/2024/stfc-temperature-rh-1_cao_20241116_surface-met_v1.1.nc
/gws/pw/j07/ncas_obs_vol2/cao/raw_data/met_cao/data/long-term/2024/202411/CR1000XSeries_Chilbolton_Rxcabinmet1_20241117.dat
Parsed column names: ['TIMESTAMP', 'RECORD', 'BattV_Avg', 'PTemp_C_Avg', 'Air_T_Avg', 'RH_Avg', 'BP_mbar_Avg', 'WS_Avg', 'WD_Avg', 'SlrW_Avg', 'rg001dc_ch_Tot', 'rg006dc_ch_Tot', 'rg008dc_ch_Tot', 'rg009dc_ch_Tot', 'rg004tb_ch_Tot']
shape: (8_640, 3)
┌─────────────────────┬───────────┬────────┐
│ TIMESTAMP           ┆ Air_T_Avg ┆ RH_Avg │
│ ---                 ┆ ---       ┆ ---    │
│ datetime[μs]        ┆ f64       ┆ f64    │
╞═════════════════════╪═══════════╪════════╡
│ 2024-11-17 00:00:10 ┆ 280.09    ┆ 99.96  │
│ 2024-11-17 00:00:20 ┆ 280.07    ┆ 99.98  │
│ 2024-11-17 00:00:30 ┆ 280.09    ┆ 99.96  │
│ 2024-11-17 00:00:40 ┆ 280.09    ┆ 99.64  │
│ 2024-11-17 00:00:50 ┆ 280.09    ┆ 99.18  │
│ …                   ┆ …         ┆ …      │
│ 2024-11-17 23:59:20 ┆ 281.79    ┆ 98.4   │
│ 2024-11-17 23:59:30 ┆ 281.79    ┆ 98.04  │
│ 2024-11-17 23:59:40 ┆ 281.81    ┆ 97.86  │
│ 2024-11-17 23:59:50 ┆ 281.81    ┆ 97.98  │
│ 2024-11-18 00:00:00 ┆ 281.81    ┆ 98.14  │
└─────────────────────┴───────────┴────────┘
[INFO] Correcting the 'time' variable in the NetCDF file.
<class 'netCDF4.Variable'>
float64 time(time)
    units: seconds since 1970-01-01 00:00:00
    standard_name: time
    long_name: Time (seconds since 1970-01-01 00:00:00)
    axis: T
    valid_min: 1731801610.0
    valid_max: 1731888000.0
    calendar: standard
unlimited dimensions: 
current shape = (8640,)
filling on, default _FillValue of 9.969209968386869e+36 used
Flagged 0 points where air_temperature < 245.0K as bad data (qc_flag = 2).
Found 0 points already flagged as bad data (flag=2)
QC flags successfully added to /gws/pw/j07/ncas_obs_vol2/cao/processing/ncas-temperature-rh-1/data/long-term/level1d/2024/stfc-temperature-rh-1_cao_20241117_surface-met_v1.1.nc.
Updated time units to 'seconds since 1970-01-01 00:00:00' in /gws/pw/j07/ncas_obs_vol2/cao/processing/ncas-temperature-rh-1/data/long-term/level1d/2024/stfc-temperature-rh-1_cao_20241117_surface-met_v1.1.nc
/gws/pw/j07/ncas_obs_vol2/cao/raw_data/met_cao/data/long-term/2024/202411/CR1000XSeries_Chilbolton_Rxcabinmet1_20241118.dat
Parsed column names: ['TIMESTAMP', 'RECORD', 'BattV_Avg', 'PTemp_C_Avg', 'Air_T_Avg', 'RH_Avg', 'BP_mbar_Avg', 'WS_Avg', 'WD_Avg', 'SlrW_Avg', 'rg001dc_ch_Tot', 'rg006dc_ch_Tot', 'rg008dc_ch_Tot', 'rg009dc_ch_Tot', 'rg004tb_ch_Tot']
shape: (8_640, 3)
┌─────────────────────┬───────────┬────────┐
│ TIMESTAMP           ┆ Air_T_Avg ┆ RH_Avg │
│ ---                 ┆ ---       ┆ ---    │
│ datetime[μs]        ┆ f64       ┆ f64    │
╞═════════════════════╪═══════════╪════════╡
│ 2024-11-18 00:00:10 ┆ 281.81    ┆ 98.38  │
│ 2024-11-18 00:00:20 ┆ 281.81    ┆ 98.88  │
│ 2024-11-18 00:00:30 ┆ 281.81    ┆ 99.08  │
│ 2024-11-18 00:00:40 ┆ 281.81    ┆ 99.0   │
│ 2024-11-18 00:00:50 ┆ 281.81    ┆ 98.8   │
│ …                   ┆ …         ┆ …      │
│ 2024-11-18 23:59:20 ┆ 284.71    ┆ 94.42  │
│ 2024-11-18 23:59:30 ┆ 284.69    ┆ 94.52  │
│ 2024-11-18 23:59:40 ┆ 284.69    ┆ 94.56  │
│ 2024-11-18 23:59:50 ┆ 284.69    ┆ 94.52  │
│ 2024-11-19 00:00:00 ┆ 284.71    ┆ 94.42  │
└─────────────────────┴───────────┴────────┘
[INFO] Correcting the 'time' variable in the NetCDF file.
<class 'netCDF4.Variable'>
float64 time(time)
    units: seconds since 1970-01-01 00:00:00
    standard_name: time
    long_name: Time (seconds since 1970-01-01 00:00:00)
    axis: T
    valid_min: 1731888010.0
    valid_max: 1731974400.0
    calendar: standard
unlimited dimensions: 
current shape = (8640,)
filling on, default _FillValue of 9.969209968386869e+36 used
Flagged 0 points where air_temperature < 245.0K as bad data (qc_flag = 2).
Found 0 points already flagged as bad data (flag=2)
QC flags successfully added to /gws/pw/j07/ncas_obs_vol2/cao/processing/ncas-temperature-rh-1/data/long-term/level1d/2024/stfc-temperature-rh-1_cao_20241118_surface-met_v1.1.nc.
Updated time units to 'seconds since 1970-01-01 00:00:00' in /gws/pw/j07/ncas_obs_vol2/cao/processing/ncas-temperature-rh-1/data/long-term/level1d/2024/stfc-temperature-rh-1_cao_20241118_surface-met_v1.1.nc
/gws/pw/j07/ncas_obs_vol2/cao/raw_data/met_cao/data/long-term/2024/202411/CR1000XSeries_Chilbolton_Rxcabinmet1_20241119.dat
Parsed column names: ['TIMESTAMP', 'RECORD', 'BattV_Avg', 'PTemp_C_Avg', 'Air_T_Avg', 'RH_Avg', 'BP_mbar_Avg', 'WS_Avg', 'WD_Avg', 'SlrW_Avg', 'rg001dc_ch_Tot', 'rg006dc_ch_Tot', 'rg008dc_ch_Tot', 'rg009dc_ch_Tot', 'rg004tb_ch_Tot']
shape: (8_640, 3)
┌─────────────────────┬───────────┬────────┐
│ TIMESTAMP           ┆ Air_T_Avg ┆ RH_Avg │
│ ---                 ┆ ---       ┆ ---    │
│ datetime[μs]        ┆ f64       ┆ f64    │
╞═════════════════════╪═══════════╪════════╡
│ 2024-11-19 00:00:10 ┆ 284.71    ┆ 94.36  │
│ 2024-11-19 00:00:20 ┆ 284.71    ┆ 94.28  │
│ 2024-11-19 00:00:30 ┆ 284.73    ┆ 94.24  │
│ 2024-11-19 00:00:40 ┆ 284.73    ┆ 94.18  │
│ 2024-11-19 00:00:50 ┆ 284.75    ┆ 94.2   │
│ …                   ┆ …         ┆ …      │
│ 2024-11-19 23:59:20 ┆ 272.51    ┆ 94.82  │
│ 2024-11-19 23:59:30 ┆ 272.49    ┆ 94.58  │
│ 2024-11-19 23:59:40 ┆ 272.49    ┆ 94.12  │
│ 2024-11-19 23:59:50 ┆ 272.53    ┆ 93.52  │
│ 2024-11-20 00:00:00 ┆ 272.53    ┆ 93.46  │
└─────────────────────┴───────────┴────────┘
[INFO] Correcting the 'time' variable in the NetCDF file.
<class 'netCDF4.Variable'>
float64 time(time)
    units: seconds since 1970-01-01 00:00:00
    standard_name: time
    long_name: Time (seconds since 1970-01-01 00:00:00)
    axis: T
    valid_min: 1731974410.0
    valid_max: 1732060800.0
    calendar: standard
unlimited dimensions: 
current shape = (8640,)
filling on, default _FillValue of 9.969209968386869e+36 used
Flagged 0 points where air_temperature < 245.0K as bad data (qc_flag = 2).
Found 0 points already flagged as bad data (flag=2)
QC flags successfully added to /gws/pw/j07/ncas_obs_vol2/cao/processing/ncas-temperature-rh-1/data/long-term/level1d/2024/stfc-temperature-rh-1_cao_20241119_surface-met_v1.1.nc.
Updated time units to 'seconds since 1970-01-01 00:00:00' in /gws/pw/j07/ncas_obs_vol2/cao/processing/ncas-temperature-rh-1/data/long-term/level1d/2024/stfc-temperature-rh-1_cao_20241119_surface-met_v1.1.nc
/gws/pw/j07/ncas_obs_vol2/cao/raw_data/met_cao/data/long-term/2024/202411/CR1000XSeries_Chilbolton_Rxcabinmet1_20241120.dat
Parsed column names: ['TIMESTAMP', 'RECORD', 'BattV_Avg', 'PTemp_C_Avg', 'Air_T_Avg', 'RH_Avg', 'BP_mbar_Avg', 'WS_Avg', 'WD_Avg', 'SlrW_Avg', 'rg001dc_ch_Tot', 'rg006dc_ch_Tot', 'rg008dc_ch_Tot', 'rg009dc_ch_Tot', 'rg004tb_ch_Tot']
shape: (8_640, 3)
┌─────────────────────┬───────────┬────────┐
│ TIMESTAMP           ┆ Air_T_Avg ┆ RH_Avg │
│ ---                 ┆ ---       ┆ ---    │
│ datetime[μs]        ┆ f64       ┆ f64    │
╞═════════════════════╪═══════════╪════════╡
│ 2024-11-20 00:00:10 ┆ 272.55    ┆ 93.58  │
│ 2024-11-20 00:00:20 ┆ 272.57    ┆ 94.04  │
│ 2024-11-20 00:00:30 ┆ 272.57    ┆ 94.74  │
│ 2024-11-20 00:00:40 ┆ 272.59    ┆ 94.86  │
│ 2024-11-20 00:00:50 ┆ 272.59    ┆ 94.56  │
│ …                   ┆ …         ┆ …      │
│ 2024-11-20 23:59:20 ┆ 271.55    ┆ 96.66  │
│ 2024-11-20 23:59:30 ┆ 271.55    ┆ 96.6   │
│ 2024-11-20 23:59:40 ┆ 271.55    ┆ 96.62  │
│ 2024-11-20 23:59:50 ┆ 271.55    ┆ 96.66  │
│ 2024-11-21 00:00:00 ┆ 271.55    ┆ 96.8   │
└─────────────────────┴───────────┴────────┘
[INFO] Correcting the 'time' variable in the NetCDF file.
<class 'netCDF4.Variable'>
float64 time(time)
    units: seconds since 1970-01-01 00:00:00
    standard_name: time
    long_name: Time (seconds since 1970-01-01 00:00:00)
    axis: T
    valid_min: 1732060810.0
    valid_max: 1732147200.0
    calendar: standard
unlimited dimensions: 
current shape = (8640,)
filling on, default _FillValue of 9.969209968386869e+36 used
Flagged 0 points where air_temperature < 245.0K as bad data (qc_flag = 2).
Found 0 points already flagged as bad data (flag=2)
QC flags successfully added to /gws/pw/j07/ncas_obs_vol2/cao/processing/ncas-temperature-rh-1/data/long-term/level1d/2024/stfc-temperature-rh-1_cao_20241120_surface-met_v1.1.nc.
Updated time units to 'seconds since 1970-01-01 00:00:00' in /gws/pw/j07/ncas_obs_vol2/cao/processing/ncas-temperature-rh-1/data/long-term/level1d/2024/stfc-temperature-rh-1_cao_20241120_surface-met_v1.1.nc
/gws/pw/j07/ncas_obs_vol2/cao/raw_data/met_cao/data/long-term/2024/202411/CR1000XSeries_Chilbolton_Rxcabinmet1_20241121.dat
Parsed column names: ['TIMESTAMP', 'RECORD', 'BattV_Avg', 'PTemp_C_Avg', 'Air_T_Avg', 'RH_Avg', 'BP_mbar_Avg', 'WS_Avg', 'WD_Avg', 'SlrW_Avg', 'rg001dc_ch_Tot', 'rg006dc_ch_Tot', 'rg008dc_ch_Tot', 'rg009dc_ch_Tot', 'rg004tb_ch_Tot']
shape: (8_640, 3)
┌─────────────────────┬───────────┬────────┐
│ TIMESTAMP           ┆ Air_T_Avg ┆ RH_Avg │
│ ---                 ┆ ---       ┆ ---    │
│ datetime[μs]        ┆ f64       ┆ f64    │
╞═════════════════════╪═══════════╪════════╡
│ 2024-11-21 00:00:10 ┆ 271.53    ┆ 96.92  │
│ 2024-11-21 00:00:20 ┆ 271.53    ┆ 97.06  │
│ 2024-11-21 00:00:30 ┆ 271.53    ┆ 97.14  │
│ 2024-11-21 00:00:40 ┆ 271.53    ┆ 97.1   │
│ 2024-11-21 00:00:50 ┆ 271.55    ┆ 97.0   │
│ …                   ┆ …         ┆ …      │
│ 2024-11-21 23:59:20 ┆ 272.93    ┆ 86.06  │
│ 2024-11-21 23:59:30 ┆ 272.91    ┆ 85.82  │
│ 2024-11-21 23:59:40 ┆ 272.89    ┆ 85.42  │
│ 2024-11-21 23:59:50 ┆ 272.89    ┆ 84.94  │
│ 2024-11-22 00:00:00 ┆ 272.87    ┆ 84.42  │
└─────────────────────┴───────────┴────────┘
[INFO] Correcting the 'time' variable in the NetCDF file.
<class 'netCDF4.Variable'>
float64 time(time)
    units: seconds since 1970-01-01 00:00:00
    standard_name: time
    long_name: Time (seconds since 1970-01-01 00:00:00)
    axis: T
    valid_min: 1732147210.0
    valid_max: 1732233600.0
    calendar: standard
unlimited dimensions: 
current shape = (8640,)
filling on, default _FillValue of 9.969209968386869e+36 used
Flagged 0 points where air_temperature < 245.0K as bad data (qc_flag = 2).
Found 0 points already flagged as bad data (flag=2)
QC flags successfully added to /gws/pw/j07/ncas_obs_vol2/cao/processing/ncas-temperature-rh-1/data/long-term/level1d/2024/stfc-temperature-rh-1_cao_20241121_surface-met_v1.1.nc.
Updated time units to 'seconds since 1970-01-01 00:00:00' in /gws/pw/j07/ncas_obs_vol2/cao/processing/ncas-temperature-rh-1/data/long-term/level1d/2024/stfc-temperature-rh-1_cao_20241121_surface-met_v1.1.nc
Warning: Input file not found: /gws/pw/j07/ncas_obs_vol2/cao/raw_data/met_cao/data/long-term/2024/202411/CR1000XSeries_Chilbolton_Rxcabinmet1_20241122.dat
Warning: Input file not found: /gws/pw/j07/ncas_obs_vol2/cao/raw_data/met_cao/data/long-term/2024/202411/CR1000XSeries_Chilbolton_Rxcabinmet1_20241123.dat
Warning: Input file not found: /gws/pw/j07/ncas_obs_vol2/cao/raw_data/met_cao/data/long-term/2024/202411/CR1000XSeries_Chilbolton_Rxcabinmet1_20241124.dat
/gws/pw/j07/ncas_obs_vol2/cao/raw_data/met_cao/data/long-term/2024/202411/CR1000XSeries_Chilbolton_Rxcabinmet1_20241125.dat
Parsed column names: ['TIMESTAMP', 'RECORD', 'BattV_Avg', 'PTemp_C_Avg', 'Air_T_Avg', 'RH_Avg', 'BP_mbar_Avg', 'WS_Avg', 'WD_Avg', 'SlrW_Avg', 'rg001dc_ch_Tot', 'rg006dc_ch_Tot', 'rg008dc_ch_Tot', 'rg009dc_ch_Tot', 'rg004tb_ch_Tot']
shape: (8_640, 3)
┌─────────────────────┬───────────┬────────┐
│ TIMESTAMP           ┆ Air_T_Avg ┆ RH_Avg │
│ ---                 ┆ ---       ┆ ---    │
│ datetime[μs]        ┆ f64       ┆ f64    │
╞═════════════════════╪═══════════╪════════╡
│ 2024-11-25 00:00:10 ┆ 282.47    ┆ 95.34  │
│ 2024-11-25 00:00:20 ┆ 282.47    ┆ 95.34  │
│ 2024-11-25 00:00:30 ┆ 282.47    ┆ 95.36  │
│ 2024-11-25 00:00:40 ┆ 282.47    ┆ 95.4   │
│ 2024-11-25 00:00:50 ┆ 282.47    ┆ 95.4   │
│ …                   ┆ …         ┆ …      │
│ 2024-11-25 23:59:20 ┆ 279.69    ┆ 82.28  │
│ 2024-11-25 23:59:30 ┆ 279.69    ┆ 82.1   │
│ 2024-11-25 23:59:40 ┆ 279.67    ┆ 82.26  │
│ 2024-11-25 23:59:50 ┆ 279.63    ┆ 82.44  │
│ 2024-11-26 00:00:00 ┆ 279.65    ┆ 82.46  │
└─────────────────────┴───────────┴────────┘
[INFO] Correcting the 'time' variable in the NetCDF file.
<class 'netCDF4.Variable'>
float64 time(time)
    units: seconds since 1970-01-01 00:00:00
    standard_name: time
    long_name: Time (seconds since 1970-01-01 00:00:00)
    axis: T
    valid_min: 1732492810.0
    valid_max: 1732579200.0
    calendar: standard
unlimited dimensions: 
current shape = (8640,)
filling on, default _FillValue of 9.969209968386869e+36 used
Flagged 0 points where air_temperature < 245.0K as bad data (qc_flag = 2).
Found 0 points already flagged as bad data (flag=2)
QC flags successfully added to /gws/pw/j07/ncas_obs_vol2/cao/processing/ncas-temperature-rh-1/data/long-term/level1d/2024/stfc-temperature-rh-1_cao_20241125_surface-met_v1.1.nc.
Updated time units to 'seconds since 1970-01-01 00:00:00' in /gws/pw/j07/ncas_obs_vol2/cao/processing/ncas-temperature-rh-1/data/long-term/level1d/2024/stfc-temperature-rh-1_cao_20241125_surface-met_v1.1.nc
/gws/pw/j07/ncas_obs_vol2/cao/raw_data/met_cao/data/long-term/2024/202411/CR1000XSeries_Chilbolton_Rxcabinmet1_20241126.dat
Parsed column names: ['TIMESTAMP', 'RECORD', 'BattV_Avg', 'PTemp_C_Avg', 'Air_T_Avg', 'RH_Avg', 'BP_mbar_Avg', 'WS_Avg', 'WD_Avg', 'SlrW_Avg', 'rg001dc_ch_Tot', 'rg006dc_ch_Tot', 'rg008dc_ch_Tot', 'rg009dc_ch_Tot', 'rg004tb_ch_Tot']
shape: (8_640, 3)
┌─────────────────────┬───────────┬────────┐
│ TIMESTAMP           ┆ Air_T_Avg ┆ RH_Avg │
│ ---                 ┆ ---       ┆ ---    │
│ datetime[μs]        ┆ f64       ┆ f64    │
╞═════════════════════╪═══════════╪════════╡
│ 2024-11-26 00:00:10 ┆ 279.65    ┆ 82.66  │
│ 2024-11-26 00:00:20 ┆ 279.65    ┆ 82.66  │
│ 2024-11-26 00:00:30 ┆ 279.67    ┆ 82.58  │
│ 2024-11-26 00:00:40 ┆ 279.67    ┆ 82.56  │
│ 2024-11-26 00:00:50 ┆ 279.65    ┆ 82.7   │
│ …                   ┆ …         ┆ …      │
│ 2024-11-26 23:59:20 ┆ 279.63    ┆ 93.06  │
│ 2024-11-26 23:59:30 ┆ 279.63    ┆ 92.92  │
│ 2024-11-26 23:59:40 ┆ 279.63    ┆ 92.84  │
│ 2024-11-26 23:59:50 ┆ 279.63    ┆ 92.84  │
│ 2024-11-27 00:00:00 ┆ 279.63    ┆ 92.9   │
└─────────────────────┴───────────┴────────┘
[INFO] Correcting the 'time' variable in the NetCDF file.
<class 'netCDF4.Variable'>
float64 time(time)
    units: seconds since 1970-01-01 00:00:00
    standard_name: time
    long_name: Time (seconds since 1970-01-01 00:00:00)
    axis: T
    valid_min: 1732579210.0
    valid_max: 1732665600.0
    calendar: standard
unlimited dimensions: 
current shape = (8640,)
filling on, default _FillValue of 9.969209968386869e+36 used
Flagged 0 points where air_temperature < 245.0K as bad data (qc_flag = 2).
Found 0 points already flagged as bad data (flag=2)
QC flags successfully added to /gws/pw/j07/ncas_obs_vol2/cao/processing/ncas-temperature-rh-1/data/long-term/level1d/2024/stfc-temperature-rh-1_cao_20241126_surface-met_v1.1.nc.
Updated time units to 'seconds since 1970-01-01 00:00:00' in /gws/pw/j07/ncas_obs_vol2/cao/processing/ncas-temperature-rh-1/data/long-term/level1d/2024/stfc-temperature-rh-1_cao_20241126_surface-met_v1.1.nc
/gws/pw/j07/ncas_obs_vol2/cao/raw_data/met_cao/data/long-term/2024/202411/CR1000XSeries_Chilbolton_Rxcabinmet1_20241127.dat
Parsed column names: ['TIMESTAMP', 'RECORD', 'BattV_Avg', 'PTemp_C_Avg', 'Air_T_Avg', 'RH_Avg', 'BP_mbar_Avg', 'WS_Avg', 'WD_Avg', 'SlrW_Avg', 'rg001dc_ch_Tot', 'rg006dc_ch_Tot', 'rg008dc_ch_Tot', 'rg009dc_ch_Tot', 'rg004tb_ch_Tot']
shape: (8_640, 3)
┌─────────────────────┬───────────┬────────┐
│ TIMESTAMP           ┆ Air_T_Avg ┆ RH_Avg │
│ ---                 ┆ ---       ┆ ---    │
│ datetime[μs]        ┆ f64       ┆ f64    │
╞═════════════════════╪═══════════╪════════╡
│ 2024-11-27 00:00:10 ┆ 279.63    ┆ 92.98  │
│ 2024-11-27 00:00:20 ┆ 279.63    ┆ 93.12  │
│ 2024-11-27 00:00:30 ┆ 279.63    ┆ 93.42  │
│ 2024-11-27 00:00:40 ┆ 279.65    ┆ 93.52  │
│ 2024-11-27 00:00:50 ┆ 279.65    ┆ 93.38  │
│ …                   ┆ …         ┆ …      │
│ 2024-11-27 23:59:20 ┆ 273.39    ┆ 99.6   │
│ 2024-11-27 23:59:30 ┆ 273.35    ┆ 99.86  │
│ 2024-11-27 23:59:40 ┆ 273.35    ┆ 99.84  │
│ 2024-11-27 23:59:50 ┆ 273.37    ┆ 99.86  │
│ 2024-11-28 00:00:00 ┆ 273.37    ┆ 99.94  │
└─────────────────────┴───────────┴────────┘
[INFO] Correcting the 'time' variable in the NetCDF file.
<class 'netCDF4.Variable'>
float64 time(time)
    units: seconds since 1970-01-01 00:00:00
    standard_name: time
    long_name: Time (seconds since 1970-01-01 00:00:00)
    axis: T
    valid_min: 1732665610.0
    valid_max: 1732752000.0
    calendar: standard
unlimited dimensions: 
current shape = (8640,)
filling on, default _FillValue of 9.969209968386869e+36 used
Flagged 0 points where air_temperature < 245.0K as bad data (qc_flag = 2).
Found 0 points already flagged as bad data (flag=2)
QC flags successfully added to /gws/pw/j07/ncas_obs_vol2/cao/processing/ncas-temperature-rh-1/data/long-term/level1d/2024/stfc-temperature-rh-1_cao_20241127_surface-met_v1.1.nc.
Updated time units to 'seconds since 1970-01-01 00:00:00' in /gws/pw/j07/ncas_obs_vol2/cao/processing/ncas-temperature-rh-1/data/long-term/level1d/2024/stfc-temperature-rh-1_cao_20241127_surface-met_v1.1.nc
/gws/pw/j07/ncas_obs_vol2/cao/raw_data/met_cao/data/long-term/2024/202411/CR1000XSeries_Chilbolton_Rxcabinmet1_20241128.dat
Parsed column names: ['TIMESTAMP', 'RECORD', 'BattV_Avg', 'PTemp_C_Avg', 'Air_T_Avg', 'RH_Avg', 'BP_mbar_Avg', 'WS_Avg', 'WD_Avg', 'SlrW_Avg', 'rg001dc_ch_Tot', 'rg006dc_ch_Tot', 'rg008dc_ch_Tot', 'rg009dc_ch_Tot', 'rg004tb_ch_Tot']
shape: (8_640, 3)
┌─────────────────────┬───────────┬────────┐
│ TIMESTAMP           ┆ Air_T_Avg ┆ RH_Avg │
│ ---                 ┆ ---       ┆ ---    │
│ datetime[μs]        ┆ f64       ┆ f64    │
╞═════════════════════╪═══════════╪════════╡
│ 2024-11-28 00:00:10 ┆ 273.35    ┆ 99.94  │
│ 2024-11-28 00:00:20 ┆ 273.31    ┆ 99.94  │
│ 2024-11-28 00:00:30 ┆ 273.31    ┆ 99.96  │
│ 2024-11-28 00:00:40 ┆ 273.31    ┆ 99.7   │
│ 2024-11-28 00:00:50 ┆ 273.35    ┆ 99.18  │
│ …                   ┆ …         ┆ …      │
│ 2024-11-28 23:59:20 ┆ 276.37    ┆ 94.64  │
│ 2024-11-28 23:59:30 ┆ 276.33    ┆ 94.76  │
│ 2024-11-28 23:59:40 ┆ 276.31    ┆ 94.8   │
│ 2024-11-28 23:59:50 ┆ 276.29    ┆ 94.64  │
│ 2024-11-29 00:00:00 ┆ 276.27    ┆ 94.24  │
└─────────────────────┴───────────┴────────┘
[INFO] Correcting the 'time' variable in the NetCDF file.
<class 'netCDF4.Variable'>
float64 time(time)
    units: seconds since 1970-01-01 00:00:00
    standard_name: time
    long_name: Time (seconds since 1970-01-01 00:00:00)
    axis: T
    valid_min: 1732752010.0
    valid_max: 1732838400.0
    calendar: standard
unlimited dimensions: 
current shape = (8640,)
filling on, default _FillValue of 9.969209968386869e+36 used
Flagged 0 points where air_temperature < 245.0K as bad data (qc_flag = 2).
Found 0 points already flagged as bad data (flag=2)
QC flags successfully added to /gws/pw/j07/ncas_obs_vol2/cao/processing/ncas-temperature-rh-1/data/long-term/level1d/2024/stfc-temperature-rh-1_cao_20241128_surface-met_v1.1.nc.
Updated time units to 'seconds since 1970-01-01 00:00:00' in /gws/pw/j07/ncas_obs_vol2/cao/processing/ncas-temperature-rh-1/data/long-term/level1d/2024/stfc-temperature-rh-1_cao_20241128_surface-met_v1.1.nc
/gws/pw/j07/ncas_obs_vol2/cao/raw_data/met_cao/data/long-term/2024/202411/CR1000XSeries_Chilbolton_Rxcabinmet1_20241129.dat
Parsed column names: ['TIMESTAMP', 'RECORD', 'BattV_Avg', 'PTemp_C_Avg', 'Air_T_Avg', 'RH_Avg', 'BP_mbar_Avg', 'WS_Avg', 'WD_Avg', 'SlrW_Avg', 'rg001dc_ch_Tot', 'rg006dc_ch_Tot', 'rg008dc_ch_Tot', 'rg009dc_ch_Tot', 'rg004tb_ch_Tot']
shape: (8_640, 3)
┌─────────────────────┬───────────┬────────┐
│ TIMESTAMP           ┆ Air_T_Avg ┆ RH_Avg │
│ ---                 ┆ ---       ┆ ---    │
│ datetime[μs]        ┆ f64       ┆ f64    │
╞═════════════════════╪═══════════╪════════╡
│ 2024-11-29 00:00:10 ┆ 276.27    ┆ 93.86  │
│ 2024-11-29 00:00:20 ┆ 276.29    ┆ 93.78  │
│ 2024-11-29 00:00:30 ┆ 276.27    ┆ 94.02  │
│ 2024-11-29 00:00:40 ┆ 276.25    ┆ 94.46  │
│ 2024-11-29 00:00:50 ┆ 276.23    ┆ 94.86  │
│ …                   ┆ …         ┆ …      │
│ 2024-11-29 23:59:20 ┆ 283.23    ┆ 93.54  │
│ 2024-11-29 23:59:30 ┆ 283.23    ┆ 93.52  │
│ 2024-11-29 23:59:40 ┆ 283.21    ┆ 93.48  │
│ 2024-11-29 23:59:50 ┆ 283.21    ┆ 93.38  │
│ 2024-11-30 00:00:00 ┆ 283.19    ┆ 93.28  │
└─────────────────────┴───────────┴────────┘
[INFO] Correcting the 'time' variable in the NetCDF file.
<class 'netCDF4.Variable'>
float64 time(time)
    units: seconds since 1970-01-01 00:00:00
    standard_name: time
    long_name: Time (seconds since 1970-01-01 00:00:00)
    axis: T
    valid_min: 1732838410.0
    valid_max: 1732924800.0
    calendar: standard
unlimited dimensions: 
current shape = (8640,)
filling on, default _FillValue of 9.969209968386869e+36 used
Flagged 0 points where air_temperature < 245.0K as bad data (qc_flag = 2).
Found 0 points already flagged as bad data (flag=2)
QC flags successfully added to /gws/pw/j07/ncas_obs_vol2/cao/processing/ncas-temperature-rh-1/data/long-term/level1d/2024/stfc-temperature-rh-1_cao_20241129_surface-met_v1.1.nc.
Updated time units to 'seconds since 1970-01-01 00:00:00' in /gws/pw/j07/ncas_obs_vol2/cao/processing/ncas-temperature-rh-1/data/long-term/level1d/2024/stfc-temperature-rh-1_cao_20241129_surface-met_v1.1.nc
/gws/pw/j07/ncas_obs_vol2/cao/raw_data/met_cao/data/long-term/2024/202411/CR1000XSeries_Chilbolton_Rxcabinmet1_20241130.dat
Parsed column names: ['TIMESTAMP', 'RECORD', 'BattV_Avg', 'PTemp_C_Avg', 'Air_T_Avg', 'RH_Avg', 'BP_mbar_Avg', 'WS_Avg', 'WD_Avg', 'SlrW_Avg', 'rg001dc_ch_Tot', 'rg006dc_ch_Tot', 'rg008dc_ch_Tot', 'rg009dc_ch_Tot', 'rg004tb_ch_Tot']
shape: (8_640, 3)
┌─────────────────────┬───────────┬────────┐
│ TIMESTAMP           ┆ Air_T_Avg ┆ RH_Avg │
│ ---                 ┆ ---       ┆ ---    │
│ datetime[μs]        ┆ f64       ┆ f64    │
╞═════════════════════╪═══════════╪════════╡
│ 2024-11-30 00:00:10 ┆ 283.19    ┆ 93.34  │
│ 2024-11-30 00:00:20 ┆ 283.21    ┆ 93.32  │
│ 2024-11-30 00:00:30 ┆ 283.19    ┆ 93.38  │
│ 2024-11-30 00:00:40 ┆ 283.21    ┆ 93.46  │
│ 2024-11-30 00:00:50 ┆ 283.21    ┆ 93.58  │
│ …                   ┆ …         ┆ …      │
│ 2024-11-30 23:59:20 ┆ 284.79    ┆ 94.04  │
│ 2024-11-30 23:59:30 ┆ 284.79    ┆ 94.02  │
│ 2024-11-30 23:59:40 ┆ 284.77    ┆ 94.12  │
│ 2024-11-30 23:59:50 ┆ 284.77    ┆ 94.22  │
│ 2024-12-01 00:00:00 ┆ 284.77    ┆ 94.44  │
└─────────────────────┴───────────┴────────┘
[INFO] Correcting the 'time' variable in the NetCDF file.
<class 'netCDF4.Variable'>
float64 time(time)
    units: seconds since 1970-01-01 00:00:00
    standard_name: time
    long_name: Time (seconds since 1970-01-01 00:00:00)
    axis: T
    valid_min: 1732924810.0
    valid_max: 1733011200.0
    calendar: standard
unlimited dimensions: 
current shape = (8640,)
filling on, default _FillValue of 9.969209968386869e+36 used
Flagged 0 points where air_temperature < 245.0K as bad data (qc_flag = 2).
Found 0 points already flagged as bad data (flag=2)
QC flags successfully added to /gws/pw/j07/ncas_obs_vol2/cao/processing/ncas-temperature-rh-1/data/long-term/level1d/2024/stfc-temperature-rh-1_cao_20241130_surface-met_v1.1.nc.
Updated time units to 'seconds since 1970-01-01 00:00:00' in /gws/pw/j07/ncas_obs_vol2/cao/processing/ncas-temperature-rh-1/data/long-term/level1d/2024/stfc-temperature-rh-1_cao_20241130_surface-met_v1.1.nc
/gws/pw/j07/ncas_obs_vol2/cao/raw_data/met_cao/data/long-term/2024/202412/CR1000XSeries_Chilbolton_Rxcabinmet1_20241201.dat
Parsed column names: ['TIMESTAMP', 'RECORD', 'BattV_Avg', 'PTemp_C_Avg', 'Air_T_Avg', 'RH_Avg', 'BP_mbar_Avg', 'WS_Avg', 'WD_Avg', 'SlrW_Avg', 'rg001dc_ch_Tot', 'rg006dc_ch_Tot', 'rg008dc_ch_Tot', 'rg009dc_ch_Tot', 'rg004tb_ch_Tot']
shape: (8_640, 3)
┌─────────────────────┬───────────┬────────┐
│ TIMESTAMP           ┆ Air_T_Avg ┆ RH_Avg │
│ ---                 ┆ ---       ┆ ---    │
│ datetime[μs]        ┆ f64       ┆ f64    │
╞═════════════════════╪═══════════╪════════╡
│ 2024-12-01 00:00:10 ┆ 284.77    ┆ 94.62  │
│ 2024-12-01 00:00:20 ┆ 284.75    ┆ 94.66  │
│ 2024-12-01 00:00:30 ┆ 284.75    ┆ 94.5   │
│ 2024-12-01 00:00:40 ┆ 284.75    ┆ 94.38  │
│ 2024-12-01 00:00:50 ┆ 284.75    ┆ 94.22  │
│ …                   ┆ …         ┆ …      │
│ 2024-12-01 23:59:20 ┆ 284.47    ┆ 89.26  │
│ 2024-12-01 23:59:30 ┆ 284.47    ┆ 89.32  │
│ 2024-12-01 23:59:40 ┆ 284.47    ┆ 89.42  │
│ 2024-12-01 23:59:50 ┆ 284.47    ┆ 89.56  │
│ 2024-12-02 00:00:00 ┆ 284.47    ┆ 89.62  │
└─────────────────────┴───────────┴────────┘
[INFO] Correcting the 'time' variable in the NetCDF file.
<class 'netCDF4.Variable'>
float64 time(time)
    units: seconds since 1970-01-01 00:00:00
    standard_name: time
    long_name: Time (seconds since 1970-01-01 00:00:00)
    axis: T
    valid_min: 1733011210.0
    valid_max: 1733097600.0
    calendar: standard
unlimited dimensions: 
current shape = (8640,)
filling on, default _FillValue of 9.969209968386869e+36 used
Flagged 0 points where air_temperature < 245.0K as bad data (qc_flag = 2).
Found 0 points already flagged as bad data (flag=2)
QC flags successfully added to /gws/pw/j07/ncas_obs_vol2/cao/processing/ncas-temperature-rh-1/data/long-term/level1d/2024/stfc-temperature-rh-1_cao_20241201_surface-met_v1.1.nc.
Updated time units to 'seconds since 1970-01-01 00:00:00' in /gws/pw/j07/ncas_obs_vol2/cao/processing/ncas-temperature-rh-1/data/long-term/level1d/2024/stfc-temperature-rh-1_cao_20241201_surface-met_v1.1.nc
/gws/pw/j07/ncas_obs_vol2/cao/raw_data/met_cao/data/long-term/2024/202412/CR1000XSeries_Chilbolton_Rxcabinmet1_20241202.dat
Parsed column names: ['TIMESTAMP', 'RECORD', 'BattV_Avg', 'PTemp_C_Avg', 'Air_T_Avg', 'RH_Avg', 'BP_mbar_Avg', 'WS_Avg', 'WD_Avg', 'SlrW_Avg', 'rg001dc_ch_Tot', 'rg006dc_ch_Tot', 'rg008dc_ch_Tot', 'rg009dc_ch_Tot', 'rg004tb_ch_Tot']
shape: (7_830, 3)
┌─────────────────────┬───────────┬────────┐
│ TIMESTAMP           ┆ Air_T_Avg ┆ RH_Avg │
│ ---                 ┆ ---       ┆ ---    │
│ datetime[μs]        ┆ f64       ┆ f64    │
╞═════════════════════╪═══════════╪════════╡
│ 2024-12-02 00:00:10 ┆ 284.47    ┆ 89.42  │
│ 2024-12-02 00:00:20 ┆ 284.49    ┆ 89.12  │
│ 2024-12-02 00:00:30 ┆ 284.53    ┆ 88.78  │
│ 2024-12-02 00:00:40 ┆ 284.55    ┆ 88.66  │
│ 2024-12-02 00:00:50 ┆ 284.55    ┆ 88.6   │
│ …                   ┆ …         ┆ …      │
│ 2024-12-02 21:44:20 ┆ 279.81    ┆ 98.68  │
│ 2024-12-02 21:44:30 ┆ 279.81    ┆ 98.8   │
│ 2024-12-02 21:44:40 ┆ 279.81    ┆ 98.88  │
│ 2024-12-02 21:44:50 ┆ 279.81    ┆ 98.88  │
│ 2024-12-02 21:45:00 ┆ 279.81    ┆ 98.82  │
└─────────────────────┴───────────┴────────┘
[INFO] Correcting the 'time' variable in the NetCDF file.
<class 'netCDF4.Variable'>
float64 time(time)
    units: seconds since 1970-01-01 00:00:00
    standard_name: time
    long_name: Time (seconds since 1970-01-01 00:00:00)
    axis: T
    valid_min: 1733097610.0
    valid_max: 1733175900.0
    calendar: standard
unlimited dimensions: 
current shape = (7830,)
filling on, default _FillValue of 9.969209968386869e+36 used
Flagged 0 points where air_temperature < 245.0K as bad data (qc_flag = 2).
Found 0 points already flagged as bad data (flag=2)
QC flags successfully added to /gws/pw/j07/ncas_obs_vol2/cao/processing/ncas-temperature-rh-1/data/long-term/level1d/2024/stfc-temperature-rh-1_cao_20241202_surface-met_v1.1.nc.
Updated time units to 'seconds since 1970-01-01 00:00:00' in /gws/pw/j07/ncas_obs_vol2/cao/processing/ncas-temperature-rh-1/data/long-term/level1d/2024/stfc-temperature-rh-1_cao_20241202_surface-met_v1.1.nc
/gws/pw/j07/ncas_obs_vol2/cao/raw_data/met_cao/data/long-term/2024/202412/CR1000XSeries_Chilbolton_Rxcabinmet1_20241203.dat
Parsed column names: ['TIMESTAMP', 'RECORD', 'BattV_Avg', 'PTemp_C_Avg', 'Air_T_Avg', 'RH_Avg', 'BP_mbar_Avg', 'WS_Avg', 'WD_Avg', 'SlrW_Avg', 'rg001dc_ch_Tot', 'rg006dc_ch_Tot', 'rg008dc_ch_Tot', 'rg009dc_ch_Tot', 'rg004tb_ch_Tot']
shape: (8_640, 3)
┌─────────────────────┬───────────┬────────┐
│ TIMESTAMP           ┆ Air_T_Avg ┆ RH_Avg │
│ ---                 ┆ ---       ┆ ---    │
│ datetime[μs]        ┆ f64       ┆ f64    │
╞═════════════════════╪═══════════╪════════╡
│ 2024-12-03 00:00:10 ┆ 280.01    ┆ 89.8   │
│ 2024-12-03 00:00:20 ┆ 280.03    ┆ 89.72  │
│ 2024-12-03 00:00:30 ┆ 280.03    ┆ 89.78  │
│ 2024-12-03 00:00:40 ┆ 280.03    ┆ 89.92  │
│ 2024-12-03 00:00:50 ┆ 280.03    ┆ 90.1   │
│ …                   ┆ …         ┆ …      │
│ 2024-12-03 23:59:20 ┆ 273.03    ┆ 99.64  │
│ 2024-12-03 23:59:30 ┆ 273.03    ┆ 99.7   │
│ 2024-12-03 23:59:40 ┆ 273.03    ┆ 99.94  │
│ 2024-12-03 23:59:50 ┆ 273.03    ┆ 99.96  │
│ 2024-12-04 00:00:00 ┆ 273.05    ┆ 99.96  │
└─────────────────────┴───────────┴────────┘
[INFO] Correcting the 'time' variable in the NetCDF file.
<class 'netCDF4.Variable'>
float64 time(time)
    units: seconds since 1970-01-01 00:00:00
    standard_name: time
    long_name: Time (seconds since 1970-01-01 00:00:00)
    axis: T
    valid_min: 1733184010.0
    valid_max: 1733270400.0
    calendar: standard
unlimited dimensions: 
current shape = (8640,)
filling on, default _FillValue of 9.969209968386869e+36 used
Flagged 0 points where air_temperature < 245.0K as bad data (qc_flag = 2).
Found 0 points already flagged as bad data (flag=2)
QC flags successfully added to /gws/pw/j07/ncas_obs_vol2/cao/processing/ncas-temperature-rh-1/data/long-term/level1d/2024/stfc-temperature-rh-1_cao_20241203_surface-met_v1.1.nc.
Updated time units to 'seconds since 1970-01-01 00:00:00' in /gws/pw/j07/ncas_obs_vol2/cao/processing/ncas-temperature-rh-1/data/long-term/level1d/2024/stfc-temperature-rh-1_cao_20241203_surface-met_v1.1.nc
/gws/pw/j07/ncas_obs_vol2/cao/raw_data/met_cao/data/long-term/2024/202412/CR1000XSeries_Chilbolton_Rxcabinmet1_20241204.dat
Parsed column names: ['TIMESTAMP', 'RECORD', 'BattV_Avg', 'PTemp_C_Avg', 'Air_T_Avg', 'RH_Avg', 'BP_mbar_Avg', 'WS_Avg', 'WD_Avg', 'SlrW_Avg', 'rg001dc_ch_Tot', 'rg006dc_ch_Tot', 'rg008dc_ch_Tot', 'rg009dc_ch_Tot', 'rg004tb_ch_Tot']
shape: (8_640, 3)
┌─────────────────────┬───────────┬────────┐
│ TIMESTAMP           ┆ Air_T_Avg ┆ RH_Avg │
│ ---                 ┆ ---       ┆ ---    │
│ datetime[μs]        ┆ f64       ┆ f64    │
╞═════════════════════╪═══════════╪════════╡
│ 2024-12-04 00:00:10 ┆ 273.07    ┆ 99.94  │
│ 2024-12-04 00:00:20 ┆ 273.09    ┆ 99.96  │
│ 2024-12-04 00:00:30 ┆ 273.09    ┆ 99.96  │
│ 2024-12-04 00:00:40 ┆ 273.11    ┆ 99.88  │
│ 2024-12-04 00:00:50 ┆ 273.11    ┆ 99.58  │
│ …                   ┆ …         ┆ …      │
│ 2024-12-04 23:59:20 ┆ 283.93    ┆ 95.28  │
│ 2024-12-04 23:59:30 ┆ 283.93    ┆ 95.34  │
│ 2024-12-04 23:59:40 ┆ 283.91    ┆ 95.36  │
│ 2024-12-04 23:59:50 ┆ 283.89    ┆ 95.34  │
│ 2024-12-05 00:00:00 ┆ 283.91    ┆ 95.28  │
└─────────────────────┴───────────┴────────┘
[INFO] Correcting the 'time' variable in the NetCDF file.
<class 'netCDF4.Variable'>
float64 time(time)
    units: seconds since 1970-01-01 00:00:00
    standard_name: time
    long_name: Time (seconds since 1970-01-01 00:00:00)
    axis: T
    valid_min: 1733270410.0
    valid_max: 1733356800.0
    calendar: standard
unlimited dimensions: 
current shape = (8640,)
filling on, default _FillValue of 9.969209968386869e+36 used
Flagged 0 points where air_temperature < 245.0K as bad data (qc_flag = 2).
Found 0 points already flagged as bad data (flag=2)
QC flags successfully added to /gws/pw/j07/ncas_obs_vol2/cao/processing/ncas-temperature-rh-1/data/long-term/level1d/2024/stfc-temperature-rh-1_cao_20241204_surface-met_v1.1.nc.
Updated time units to 'seconds since 1970-01-01 00:00:00' in /gws/pw/j07/ncas_obs_vol2/cao/processing/ncas-temperature-rh-1/data/long-term/level1d/2024/stfc-temperature-rh-1_cao_20241204_surface-met_v1.1.nc
/gws/pw/j07/ncas_obs_vol2/cao/raw_data/met_cao/data/long-term/2024/202412/CR1000XSeries_Chilbolton_Rxcabinmet1_20241205.dat
Parsed column names: ['TIMESTAMP', 'RECORD', 'BattV_Avg', 'PTemp_C_Avg', 'Air_T_Avg', 'RH_Avg', 'BP_mbar_Avg', 'WS_Avg', 'WD_Avg', 'SlrW_Avg', 'rg001dc_ch_Tot', 'rg006dc_ch_Tot', 'rg008dc_ch_Tot', 'rg009dc_ch_Tot', 'rg004tb_ch_Tot']
shape: (8_640, 3)
┌─────────────────────┬───────────┬────────┐
│ TIMESTAMP           ┆ Air_T_Avg ┆ RH_Avg │
│ ---                 ┆ ---       ┆ ---    │
│ datetime[μs]        ┆ f64       ┆ f64    │
╞═════════════════════╪═══════════╪════════╡
│ 2024-12-05 00:00:10 ┆ 283.89    ┆ 95.18  │
│ 2024-12-05 00:00:20 ┆ 283.89    ┆ 95.2   │
│ 2024-12-05 00:00:30 ┆ 283.89    ┆ 95.24  │
│ 2024-12-05 00:00:40 ┆ 283.89    ┆ 95.3   │
│ 2024-12-05 00:00:50 ┆ 283.89    ┆ 95.42  │
│ …                   ┆ …         ┆ …      │
│ 2024-12-05 23:59:20 ┆ 281.15    ┆ 75.64  │
│ 2024-12-05 23:59:30 ┆ 281.17    ┆ 75.02  │
│ 2024-12-05 23:59:40 ┆ 281.25    ┆ 74.38  │
│ 2024-12-05 23:59:50 ┆ 281.31    ┆ 74.22  │
│ 2024-12-06 00:00:00 ┆ 281.33    ┆ 74.54  │
└─────────────────────┴───────────┴────────┘
[INFO] Correcting the 'time' variable in the NetCDF file.
<class 'netCDF4.Variable'>
float64 time(time)
    units: seconds since 1970-01-01 00:00:00
    standard_name: time
    long_name: Time (seconds since 1970-01-01 00:00:00)
    axis: T
    valid_min: 1733356810.0
    valid_max: 1733443200.0
    calendar: standard
unlimited dimensions: 
current shape = (8640,)
filling on, default _FillValue of 9.969209968386869e+36 used
Flagged 0 points where air_temperature < 245.0K as bad data (qc_flag = 2).
Found 0 points already flagged as bad data (flag=2)
QC flags successfully added to /gws/pw/j07/ncas_obs_vol2/cao/processing/ncas-temperature-rh-1/data/long-term/level1d/2024/stfc-temperature-rh-1_cao_20241205_surface-met_v1.1.nc.
Updated time units to 'seconds since 1970-01-01 00:00:00' in /gws/pw/j07/ncas_obs_vol2/cao/processing/ncas-temperature-rh-1/data/long-term/level1d/2024/stfc-temperature-rh-1_cao_20241205_surface-met_v1.1.nc
/gws/pw/j07/ncas_obs_vol2/cao/raw_data/met_cao/data/long-term/2024/202412/CR1000XSeries_Chilbolton_Rxcabinmet1_20241206.dat
Parsed column names: ['TIMESTAMP', 'RECORD', 'BattV_Avg', 'PTemp_C_Avg', 'Air_T_Avg', 'RH_Avg', 'BP_mbar_Avg', 'WS_Avg', 'WD_Avg', 'SlrW_Avg', 'rg001dc_ch_Tot', 'rg006dc_ch_Tot', 'rg008dc_ch_Tot', 'rg009dc_ch_Tot', 'rg004tb_ch_Tot']
shape: (8_640, 3)
┌─────────────────────┬───────────┬────────┐
│ TIMESTAMP           ┆ Air_T_Avg ┆ RH_Avg │
│ ---                 ┆ ---       ┆ ---    │
│ datetime[μs]        ┆ f64       ┆ f64    │
╞═════════════════════╪═══════════╪════════╡
│ 2024-12-06 00:00:10 ┆ 281.29    ┆ 75.7   │
│ 2024-12-06 00:00:20 ┆ 281.27    ┆ 76.26  │
│ 2024-12-06 00:00:30 ┆ 281.27    ┆ 76.04  │
│ 2024-12-06 00:00:40 ┆ 281.25    ┆ 75.66  │
│ 2024-12-06 00:00:50 ┆ 281.25    ┆ 74.96  │
│ …                   ┆ …         ┆ …      │
│ 2024-12-06 23:59:20 ┆ 286.19    ┆ 93.4   │
│ 2024-12-06 23:59:30 ┆ 286.19    ┆ 93.2   │
│ 2024-12-06 23:59:40 ┆ 286.19    ┆ 92.98  │
│ 2024-12-06 23:59:50 ┆ 286.19    ┆ 92.7   │
│ 2024-12-07 00:00:00 ┆ 286.17    ┆ 92.2   │
└─────────────────────┴───────────┴────────┘
[INFO] Correcting the 'time' variable in the NetCDF file.
<class 'netCDF4.Variable'>
float64 time(time)
    units: seconds since 1970-01-01 00:00:00
    standard_name: time
    long_name: Time (seconds since 1970-01-01 00:00:00)
    axis: T
    valid_min: 1733443210.0
    valid_max: 1733529600.0
    calendar: standard
unlimited dimensions: 
current shape = (8640,)
filling on, default _FillValue of 9.969209968386869e+36 used
Flagged 0 points where air_temperature < 245.0K as bad data (qc_flag = 2).
Found 0 points already flagged as bad data (flag=2)
QC flags successfully added to /gws/pw/j07/ncas_obs_vol2/cao/processing/ncas-temperature-rh-1/data/long-term/level1d/2024/stfc-temperature-rh-1_cao_20241206_surface-met_v1.1.nc.
Updated time units to 'seconds since 1970-01-01 00:00:00' in /gws/pw/j07/ncas_obs_vol2/cao/processing/ncas-temperature-rh-1/data/long-term/level1d/2024/stfc-temperature-rh-1_cao_20241206_surface-met_v1.1.nc
/gws/pw/j07/ncas_obs_vol2/cao/raw_data/met_cao/data/long-term/2024/202412/CR1000XSeries_Chilbolton_Rxcabinmet1_20241207.dat
Parsed column names: ['TIMESTAMP', 'RECORD', 'BattV_Avg', 'PTemp_C_Avg', 'Air_T_Avg', 'RH_Avg', 'BP_mbar_Avg', 'WS_Avg', 'WD_Avg', 'SlrW_Avg', 'rg001dc_ch_Tot', 'rg006dc_ch_Tot', 'rg008dc_ch_Tot', 'rg009dc_ch_Tot', 'rg004tb_ch_Tot']
shape: (8_640, 3)
┌─────────────────────┬───────────┬────────┐
│ TIMESTAMP           ┆ Air_T_Avg ┆ RH_Avg │
│ ---                 ┆ ---       ┆ ---    │
│ datetime[μs]        ┆ f64       ┆ f64    │
╞═════════════════════╪═══════════╪════════╡
│ 2024-12-07 00:00:10 ┆ 286.15    ┆ 92.24  │
│ 2024-12-07 00:00:20 ┆ 286.15    ┆ 92.5   │
│ 2024-12-07 00:00:30 ┆ 286.11    ┆ 92.8   │
│ 2024-12-07 00:00:40 ┆ 286.11    ┆ 92.96  │
│ 2024-12-07 00:00:50 ┆ 286.15    ┆ 93.16  │
│ …                   ┆ …         ┆ …      │
│ 2024-12-07 23:59:20 ┆ 279.67    ┆ 78.36  │
│ 2024-12-07 23:59:30 ┆ 279.65    ┆ 78.84  │
│ 2024-12-07 23:59:40 ┆ 279.63    ┆ 79.34  │
│ 2024-12-07 23:59:50 ┆ 279.61    ┆ 79.9   │
│ 2024-12-08 00:00:00 ┆ 279.59    ┆ 80.22  │
└─────────────────────┴───────────┴────────┘
[INFO] Correcting the 'time' variable in the NetCDF file.
<class 'netCDF4.Variable'>
float64 time(time)
    units: seconds since 1970-01-01 00:00:00
    standard_name: time
    long_name: Time (seconds since 1970-01-01 00:00:00)
    axis: T
    valid_min: 1733529610.0
    valid_max: 1733616000.0
    calendar: standard
unlimited dimensions: 
current shape = (8640,)
filling on, default _FillValue of 9.969209968386869e+36 used
Flagged 0 points where air_temperature < 245.0K as bad data (qc_flag = 2).
Found 0 points already flagged as bad data (flag=2)
QC flags successfully added to /gws/pw/j07/ncas_obs_vol2/cao/processing/ncas-temperature-rh-1/data/long-term/level1d/2024/stfc-temperature-rh-1_cao_20241207_surface-met_v1.1.nc.
Updated time units to 'seconds since 1970-01-01 00:00:00' in /gws/pw/j07/ncas_obs_vol2/cao/processing/ncas-temperature-rh-1/data/long-term/level1d/2024/stfc-temperature-rh-1_cao_20241207_surface-met_v1.1.nc
/gws/pw/j07/ncas_obs_vol2/cao/raw_data/met_cao/data/long-term/2024/202412/CR1000XSeries_Chilbolton_Rxcabinmet1_20241208.dat
Parsed column names: ['TIMESTAMP', 'RECORD', 'BattV_Avg', 'PTemp_C_Avg', 'Air_T_Avg', 'RH_Avg', 'BP_mbar_Avg', 'WS_Avg', 'WD_Avg', 'SlrW_Avg', 'rg001dc_ch_Tot', 'rg006dc_ch_Tot', 'rg008dc_ch_Tot', 'rg009dc_ch_Tot', 'rg004tb_ch_Tot']
shape: (8_640, 3)
┌─────────────────────┬───────────┬────────┐
│ TIMESTAMP           ┆ Air_T_Avg ┆ RH_Avg │
│ ---                 ┆ ---       ┆ ---    │
│ datetime[μs]        ┆ f64       ┆ f64    │
╞═════════════════════╪═══════════╪════════╡
│ 2024-12-08 00:00:10 ┆ 279.59    ┆ 80.2   │
│ 2024-12-08 00:00:20 ┆ 279.61    ┆ 79.9   │
│ 2024-12-08 00:00:30 ┆ 279.61    ┆ 79.78  │
│ 2024-12-08 00:00:40 ┆ 279.63    ┆ 79.48  │
│ 2024-12-08 00:00:50 ┆ 279.75    ┆ 78.68  │
│ …                   ┆ …         ┆ …      │
│ 2024-12-08 23:59:20 ┆ 280.23    ┆ 84.42  │
│ 2024-12-08 23:59:30 ┆ 280.29    ┆ 84.36  │
│ 2024-12-08 23:59:40 ┆ 280.29    ┆ 84.7   │
│ 2024-12-08 23:59:50 ┆ 280.27    ┆ 85.2   │
│ 2024-12-09 00:00:00 ┆ 280.27    ┆ 85.4   │
└─────────────────────┴───────────┴────────┘
[INFO] Correcting the 'time' variable in the NetCDF file.
<class 'netCDF4.Variable'>
float64 time(time)
    units: seconds since 1970-01-01 00:00:00
    standard_name: time
    long_name: Time (seconds since 1970-01-01 00:00:00)
    axis: T
    valid_min: 1733616010.0
    valid_max: 1733702400.0
    calendar: standard
unlimited dimensions: 
current shape = (8640,)
filling on, default _FillValue of 9.969209968386869e+36 used
Flagged 0 points where air_temperature < 245.0K as bad data (qc_flag = 2).
Found 0 points already flagged as bad data (flag=2)
QC flags successfully added to /gws/pw/j07/ncas_obs_vol2/cao/processing/ncas-temperature-rh-1/data/long-term/level1d/2024/stfc-temperature-rh-1_cao_20241208_surface-met_v1.1.nc.
Updated time units to 'seconds since 1970-01-01 00:00:00' in /gws/pw/j07/ncas_obs_vol2/cao/processing/ncas-temperature-rh-1/data/long-term/level1d/2024/stfc-temperature-rh-1_cao_20241208_surface-met_v1.1.nc
/gws/pw/j07/ncas_obs_vol2/cao/raw_data/met_cao/data/long-term/2024/202412/CR1000XSeries_Chilbolton_Rxcabinmet1_20241209.dat
Parsed column names: ['TIMESTAMP', 'RECORD', 'BattV_Avg', 'PTemp_C_Avg', 'Air_T_Avg', 'RH_Avg', 'BP_mbar_Avg', 'WS_Avg', 'WD_Avg', 'SlrW_Avg', 'rg001dc_ch_Tot', 'rg006dc_ch_Tot', 'rg008dc_ch_Tot', 'rg009dc_ch_Tot', 'rg004tb_ch_Tot']
shape: (8_640, 3)
┌─────────────────────┬───────────┬────────┐
│ TIMESTAMP           ┆ Air_T_Avg ┆ RH_Avg │
│ ---                 ┆ ---       ┆ ---    │
│ datetime[μs]        ┆ f64       ┆ f64    │
╞═════════════════════╪═══════════╪════════╡
│ 2024-12-09 00:00:10 ┆ 280.27    ┆ 85.2   │
│ 2024-12-09 00:00:20 ┆ 280.27    ┆ 85.02  │
│ 2024-12-09 00:00:30 ┆ 280.25    ┆ 84.76  │
│ 2024-12-09 00:00:40 ┆ 280.27    ┆ 84.38  │
│ 2024-12-09 00:00:50 ┆ 280.27    ┆ 84.1   │
│ …                   ┆ …         ┆ …      │
│ 2024-12-09 23:59:20 ┆ 279.71    ┆ 75.34  │
│ 2024-12-09 23:59:30 ┆ 279.71    ┆ 75.4   │
│ 2024-12-09 23:59:40 ┆ 279.73    ┆ 75.52  │
│ 2024-12-09 23:59:50 ┆ 279.75    ┆ 75.6   │
│ 2024-12-10 00:00:00 ┆ 279.75    ┆ 75.66  │
└─────────────────────┴───────────┴────────┘
[INFO] Correcting the 'time' variable in the NetCDF file.
<class 'netCDF4.Variable'>
float64 time(time)
    units: seconds since 1970-01-01 00:00:00
    standard_name: time
    long_name: Time (seconds since 1970-01-01 00:00:00)
    axis: T
    valid_min: 1733702410.0
    valid_max: 1733788800.0
    calendar: standard
unlimited dimensions: 
current shape = (8640,)
filling on, default _FillValue of 9.969209968386869e+36 used
Flagged 0 points where air_temperature < 245.0K as bad data (qc_flag = 2).
Found 0 points already flagged as bad data (flag=2)
QC flags successfully added to /gws/pw/j07/ncas_obs_vol2/cao/processing/ncas-temperature-rh-1/data/long-term/level1d/2024/stfc-temperature-rh-1_cao_20241209_surface-met_v1.1.nc.
Updated time units to 'seconds since 1970-01-01 00:00:00' in /gws/pw/j07/ncas_obs_vol2/cao/processing/ncas-temperature-rh-1/data/long-term/level1d/2024/stfc-temperature-rh-1_cao_20241209_surface-met_v1.1.nc
/gws/pw/j07/ncas_obs_vol2/cao/raw_data/met_cao/data/long-term/2024/202412/CR1000XSeries_Chilbolton_Rxcabinmet1_20241210.dat
Parsed column names: ['TIMESTAMP', 'RECORD', 'BattV_Avg', 'PTemp_C_Avg', 'Air_T_Avg', 'RH_Avg', 'BP_mbar_Avg', 'WS_Avg', 'WD_Avg', 'SlrW_Avg', 'rg001dc_ch_Tot', 'rg006dc_ch_Tot', 'rg008dc_ch_Tot', 'rg009dc_ch_Tot', 'rg004tb_ch_Tot']
shape: (8_640, 3)
┌─────────────────────┬───────────┬────────┐
│ TIMESTAMP           ┆ Air_T_Avg ┆ RH_Avg │
│ ---                 ┆ ---       ┆ ---    │
│ datetime[μs]        ┆ f64       ┆ f64    │
╞═════════════════════╪═══════════╪════════╡
│ 2024-12-10 00:00:10 ┆ 279.75    ┆ 75.56  │
│ 2024-12-10 00:00:20 ┆ 279.75    ┆ 75.52  │
│ 2024-12-10 00:00:30 ┆ 279.75    ┆ 75.5   │
│ 2024-12-10 00:00:40 ┆ 279.73    ┆ 75.42  │
│ 2024-12-10 00:00:50 ┆ 279.71    ┆ 75.38  │
│ …                   ┆ …         ┆ …      │
│ 2024-12-10 23:59:20 ┆ 279.05    ┆ 75.18  │
│ 2024-12-10 23:59:30 ┆ 279.05    ┆ 75.06  │
│ 2024-12-10 23:59:40 ┆ 279.05    ┆ 74.98  │
│ 2024-12-10 23:59:50 ┆ 279.05    ┆ 74.92  │
│ 2024-12-11 00:00:00 ┆ 279.07    ┆ 74.92  │
└─────────────────────┴───────────┴────────┘
[INFO] Correcting the 'time' variable in the NetCDF file.
<class 'netCDF4.Variable'>
float64 time(time)
    units: seconds since 1970-01-01 00:00:00
    standard_name: time
    long_name: Time (seconds since 1970-01-01 00:00:00)
    axis: T
    valid_min: 1733788810.0
    valid_max: 1733875200.0
    calendar: standard
unlimited dimensions: 
current shape = (8640,)
filling on, default _FillValue of 9.969209968386869e+36 used
Flagged 0 points where air_temperature < 245.0K as bad data (qc_flag = 2).
Found 0 points already flagged as bad data (flag=2)
QC flags successfully added to /gws/pw/j07/ncas_obs_vol2/cao/processing/ncas-temperature-rh-1/data/long-term/level1d/2024/stfc-temperature-rh-1_cao_20241210_surface-met_v1.1.nc.
Updated time units to 'seconds since 1970-01-01 00:00:00' in /gws/pw/j07/ncas_obs_vol2/cao/processing/ncas-temperature-rh-1/data/long-term/level1d/2024/stfc-temperature-rh-1_cao_20241210_surface-met_v1.1.nc
/gws/pw/j07/ncas_obs_vol2/cao/raw_data/met_cao/data/long-term/2024/202412/CR1000XSeries_Chilbolton_Rxcabinmet1_20241211.dat
Parsed column names: ['TIMESTAMP', 'RECORD', 'BattV_Avg', 'PTemp_C_Avg', 'Air_T_Avg', 'RH_Avg', 'BP_mbar_Avg', 'WS_Avg', 'WD_Avg', 'SlrW_Avg', 'rg001dc_ch_Tot', 'rg006dc_ch_Tot', 'rg008dc_ch_Tot', 'rg009dc_ch_Tot', 'rg004tb_ch_Tot']
shape: (8_640, 3)
┌─────────────────────┬───────────┬────────┐
│ TIMESTAMP           ┆ Air_T_Avg ┆ RH_Avg │
│ ---                 ┆ ---       ┆ ---    │
│ datetime[μs]        ┆ f64       ┆ f64    │
╞═════════════════════╪═══════════╪════════╡
│ 2024-12-11 00:00:10 ┆ 279.07    ┆ 74.98  │
│ 2024-12-11 00:00:20 ┆ 279.05    ┆ 75.14  │
│ 2024-12-11 00:00:30 ┆ 279.05    ┆ 75.36  │
│ 2024-12-11 00:00:40 ┆ 279.05    ┆ 75.44  │
│ 2024-12-11 00:00:50 ┆ 279.05    ┆ 75.4   │
│ …                   ┆ …         ┆ …      │
│ 2024-12-11 23:59:20 ┆ 278.59    ┆ 83.14  │
│ 2024-12-11 23:59:30 ┆ 278.59    ┆ 83.22  │
│ 2024-12-11 23:59:40 ┆ 278.57    ┆ 83.24  │
│ 2024-12-11 23:59:50 ┆ 278.57    ┆ 83.18  │
│ 2024-12-12 00:00:00 ┆ 278.57    ┆ 83.06  │
└─────────────────────┴───────────┴────────┘
[INFO] Correcting the 'time' variable in the NetCDF file.
<class 'netCDF4.Variable'>
float64 time(time)
    units: seconds since 1970-01-01 00:00:00
    standard_name: time
    long_name: Time (seconds since 1970-01-01 00:00:00)
    axis: T
    valid_min: 1733875210.0
    valid_max: 1733961600.0
    calendar: standard
unlimited dimensions: 
current shape = (8640,)
filling on, default _FillValue of 9.969209968386869e+36 used
Flagged 0 points where air_temperature < 245.0K as bad data (qc_flag = 2).
Found 0 points already flagged as bad data (flag=2)
QC flags successfully added to /gws/pw/j07/ncas_obs_vol2/cao/processing/ncas-temperature-rh-1/data/long-term/level1d/2024/stfc-temperature-rh-1_cao_20241211_surface-met_v1.1.nc.
Updated time units to 'seconds since 1970-01-01 00:00:00' in /gws/pw/j07/ncas_obs_vol2/cao/processing/ncas-temperature-rh-1/data/long-term/level1d/2024/stfc-temperature-rh-1_cao_20241211_surface-met_v1.1.nc
/gws/pw/j07/ncas_obs_vol2/cao/raw_data/met_cao/data/long-term/2024/202412/CR1000XSeries_Chilbolton_Rxcabinmet1_20241212.dat
Parsed column names: ['TIMESTAMP', 'RECORD', 'BattV_Avg', 'PTemp_C_Avg', 'Air_T_Avg', 'RH_Avg', 'BP_mbar_Avg', 'WS_Avg', 'WD_Avg', 'SlrW_Avg', 'rg001dc_ch_Tot', 'rg006dc_ch_Tot', 'rg008dc_ch_Tot', 'rg009dc_ch_Tot', 'rg004tb_ch_Tot']
shape: (8_640, 3)
┌─────────────────────┬───────────┬────────┐
│ TIMESTAMP           ┆ Air_T_Avg ┆ RH_Avg │
│ ---                 ┆ ---       ┆ ---    │
│ datetime[μs]        ┆ f64       ┆ f64    │
╞═════════════════════╪═══════════╪════════╡
│ 2024-12-12 00:00:10 ┆ 278.57    ┆ 82.92  │
│ 2024-12-12 00:00:20 ┆ 278.57    ┆ 82.8   │
│ 2024-12-12 00:00:30 ┆ 278.57    ┆ 82.7   │
│ 2024-12-12 00:00:40 ┆ 278.57    ┆ 82.72  │
│ 2024-12-12 00:00:50 ┆ 278.57    ┆ 82.82  │
│ …                   ┆ …         ┆ …      │
│ 2024-12-12 23:59:20 ┆ 279.49    ┆ 99.02  │
│ 2024-12-12 23:59:30 ┆ 279.47    ┆ 99.16  │
│ 2024-12-12 23:59:40 ┆ 279.47    ┆ 99.34  │
│ 2024-12-12 23:59:50 ┆ 279.47    ┆ 99.58  │
│ 2024-12-13 00:00:00 ┆ 279.47    ┆ 99.8   │
└─────────────────────┴───────────┴────────┘
[INFO] Correcting the 'time' variable in the NetCDF file.
<class 'netCDF4.Variable'>
float64 time(time)
    units: seconds since 1970-01-01 00:00:00
    standard_name: time
    long_name: Time (seconds since 1970-01-01 00:00:00)
    axis: T
    valid_min: 1733961610.0
    valid_max: 1734048000.0
    calendar: standard
unlimited dimensions: 
current shape = (8640,)
filling on, default _FillValue of 9.969209968386869e+36 used
Flagged 0 points where air_temperature < 245.0K as bad data (qc_flag = 2).
Found 0 points already flagged as bad data (flag=2)
QC flags successfully added to /gws/pw/j07/ncas_obs_vol2/cao/processing/ncas-temperature-rh-1/data/long-term/level1d/2024/stfc-temperature-rh-1_cao_20241212_surface-met_v1.1.nc.
Updated time units to 'seconds since 1970-01-01 00:00:00' in /gws/pw/j07/ncas_obs_vol2/cao/processing/ncas-temperature-rh-1/data/long-term/level1d/2024/stfc-temperature-rh-1_cao_20241212_surface-met_v1.1.nc
/gws/pw/j07/ncas_obs_vol2/cao/raw_data/met_cao/data/long-term/2024/202412/CR1000XSeries_Chilbolton_Rxcabinmet1_20241213.dat
Parsed column names: ['TIMESTAMP', 'RECORD', 'BattV_Avg', 'PTemp_C_Avg', 'Air_T_Avg', 'RH_Avg', 'BP_mbar_Avg', 'WS_Avg', 'WD_Avg', 'SlrW_Avg', 'rg001dc_ch_Tot', 'rg006dc_ch_Tot', 'rg008dc_ch_Tot', 'rg009dc_ch_Tot', 'rg004tb_ch_Tot']
shape: (3_870, 3)
┌─────────────────────┬───────────┬────────┐
│ TIMESTAMP           ┆ Air_T_Avg ┆ RH_Avg │
│ ---                 ┆ ---       ┆ ---    │
│ datetime[μs]        ┆ f64       ┆ f64    │
╞═════════════════════╪═══════════╪════════╡
│ 2024-12-13 00:00:10 ┆ 279.47    ┆ 99.8   │
│ 2024-12-13 00:00:20 ┆ 279.47    ┆ 99.68  │
│ 2024-12-13 00:00:30 ┆ 279.47    ┆ 99.58  │
│ 2024-12-13 00:00:40 ┆ 279.47    ┆ 99.52  │
│ 2024-12-13 00:00:50 ┆ 279.47    ┆ 99.42  │
│ …                   ┆ …         ┆ …      │
│ 2024-12-13 10:44:20 ┆ 278.13    ┆ 94.36  │
│ 2024-12-13 10:44:30 ┆ 278.13    ┆ 94.04  │
│ 2024-12-13 10:44:40 ┆ 278.11    ┆ 93.56  │
│ 2024-12-13 10:44:50 ┆ 278.13    ┆ 93.3   │
│ 2024-12-13 10:45:00 ┆ 278.11    ┆ 93.38  │
└─────────────────────┴───────────┴────────┘
[INFO] Correcting the 'time' variable in the NetCDF file.
<class 'netCDF4.Variable'>
float64 time(time)
    units: seconds since 1970-01-01 00:00:00
    standard_name: time
    long_name: Time (seconds since 1970-01-01 00:00:00)
    axis: T
    valid_min: 1734048010.0
    valid_max: 1734086700.0
    calendar: standard
unlimited dimensions: 
current shape = (3870,)
filling on, default _FillValue of 9.969209968386869e+36 used
Flagged 0 points where air_temperature < 245.0K as bad data (qc_flag = 2).
Found 0 points already flagged as bad data (flag=2)
Applied previous day's purge timing: 12:14 - 12:23
QC flags successfully added to /gws/pw/j07/ncas_obs_vol2/cao/processing/ncas-temperature-rh-1/data/long-term/level1d/2024/stfc-temperature-rh-1_cao_20241213_surface-met_v1.1.nc.
Updated time units to 'seconds since 1970-01-01 00:00:00' in /gws/pw/j07/ncas_obs_vol2/cao/processing/ncas-temperature-rh-1/data/long-term/level1d/2024/stfc-temperature-rh-1_cao_20241213_surface-met_v1.1.nc
Warning: Input file not found: /gws/pw/j07/ncas_obs_vol2/cao/raw_data/met_cao/data/long-term/2024/202412/CR1000XSeries_Chilbolton_Rxcabinmet1_20241214.dat
Warning: Input file not found: /gws/pw/j07/ncas_obs_vol2/cao/raw_data/met_cao/data/long-term/2024/202412/CR1000XSeries_Chilbolton_Rxcabinmet1_20241215.dat
Warning: Input file not found: /gws/pw/j07/ncas_obs_vol2/cao/raw_data/met_cao/data/long-term/2024/202412/CR1000XSeries_Chilbolton_Rxcabinmet1_20241216.dat
Warning: Input file not found: /gws/pw/j07/ncas_obs_vol2/cao/raw_data/met_cao/data/long-term/2024/202412/CR1000XSeries_Chilbolton_Rxcabinmet1_20241217.dat
Warning: Input file not found: /gws/pw/j07/ncas_obs_vol2/cao/raw_data/met_cao/data/long-term/2024/202412/CR1000XSeries_Chilbolton_Rxcabinmet1_20241218.dat
Warning: Input file not found: /gws/pw/j07/ncas_obs_vol2/cao/raw_data/met_cao/data/long-term/2024/202412/CR1000XSeries_Chilbolton_Rxcabinmet1_20241219.dat
Warning: Input file not found: /gws/pw/j07/ncas_obs_vol2/cao/raw_data/met_cao/data/long-term/2024/202412/CR1000XSeries_Chilbolton_Rxcabinmet1_20241220.dat
Warning: Input file not found: /gws/pw/j07/ncas_obs_vol2/cao/raw_data/met_cao/data/long-term/2024/202412/CR1000XSeries_Chilbolton_Rxcabinmet1_20241221.dat
Warning: Input file not found: /gws/pw/j07/ncas_obs_vol2/cao/raw_data/met_cao/data/long-term/2024/202412/CR1000XSeries_Chilbolton_Rxcabinmet1_20241222.dat
Warning: Input file not found: /gws/pw/j07/ncas_obs_vol2/cao/raw_data/met_cao/data/long-term/2024/202412/CR1000XSeries_Chilbolton_Rxcabinmet1_20241223.dat
Warning: Input file not found: /gws/pw/j07/ncas_obs_vol2/cao/raw_data/met_cao/data/long-term/2024/202412/CR1000XSeries_Chilbolton_Rxcabinmet1_20241224.dat
Warning: Input file not found: /gws/pw/j07/ncas_obs_vol2/cao/raw_data/met_cao/data/long-term/2024/202412/CR1000XSeries_Chilbolton_Rxcabinmet1_20241225.dat
/gws/pw/j07/ncas_obs_vol2/cao/raw_data/met_cao/data/long-term/2024/202412/CR1000XSeries_Chilbolton_Rxcabinmet1_20241226.dat
Parsed column names: ['TIMESTAMP', 'RECORD', 'BattV_Avg', 'PTemp_C_Avg', 'Air_T_Avg', 'RH_Avg', 'BP_mbar_Avg', 'WS_Avg', 'WD_Avg', 'SlrW_Avg', 'rg001dc_ch_Tot', 'rg006dc_ch_Tot', 'rg008dc_ch_Tot', 'rg009dc_ch_Tot', 'rg004tb_ch_Tot']
shape: (4_527, 3)
┌─────────────────────┬───────────┬────────┐
│ TIMESTAMP           ┆ Air_T_Avg ┆ RH_Avg │
│ ---                 ┆ ---       ┆ ---    │
│ datetime[μs]        ┆ f64       ┆ f64    │
╞═════════════════════╪═══════════╪════════╡
│ 2024-12-26 11:25:30 ┆ 279.13    ┆ 97.98  │
│ 2024-12-26 11:25:40 ┆ 279.13    ┆ 97.76  │
│ 2024-12-26 11:25:50 ┆ 279.15    ┆ 97.58  │
│ 2024-12-26 11:26:00 ┆ 279.15    ┆ 97.66  │
│ 2024-12-26 11:26:10 ┆ 279.13    ┆ 97.74  │
│ …                   ┆ …         ┆ …      │
│ 2024-12-26 23:59:10 ┆ 279.21    ┆ 96.82  │
│ 2024-12-26 23:59:20 ┆ 279.23    ┆ 96.86  │
│ 2024-12-26 23:59:30 ┆ 279.23    ┆ 96.98  │
│ 2024-12-26 23:59:40 ┆ 279.23    ┆ 97.0   │
│ 2024-12-26 23:59:50 ┆ 279.23    ┆ 96.88  │
└─────────────────────┴───────────┴────────┘
[INFO] Correcting the 'time' variable in the NetCDF file.
<class 'netCDF4.Variable'>
float64 time(time)
    units: seconds since 1970-01-01 00:00:00
    standard_name: time
    long_name: Time (seconds since 1970-01-01 00:00:00)
    axis: T
    valid_min: 1735212330.0
    valid_max: 1735257590.0
    calendar: standard
unlimited dimensions: 
current shape = (4527,)
filling on, default _FillValue of 9.969209968386869e+36 used
Flagged 0 points where air_temperature < 245.0K as bad data (qc_flag = 2).
Found 0 points already flagged as bad data (flag=2)
QC flags successfully added to /gws/pw/j07/ncas_obs_vol2/cao/processing/ncas-temperature-rh-1/data/long-term/level1d/2024/stfc-temperature-rh-1_cao_20241226_surface-met_v1.1.nc.
Updated time units to 'seconds since 1970-01-01 00:00:00' in /gws/pw/j07/ncas_obs_vol2/cao/processing/ncas-temperature-rh-1/data/long-term/level1d/2024/stfc-temperature-rh-1_cao_20241226_surface-met_v1.1.nc
/gws/pw/j07/ncas_obs_vol2/cao/raw_data/met_cao/data/long-term/2024/202412/CR1000XSeries_Chilbolton_Rxcabinmet1_20241227.dat
Parsed column names: ['TIMESTAMP', 'RECORD', 'BattV_Avg', 'PTemp_C_Avg', 'Air_T_Avg', 'RH_Avg', 'BP_mbar_Avg', 'WS_Avg', 'WD_Avg', 'SlrW_Avg', 'rg001dc_ch_Tot', 'rg006dc_ch_Tot', 'rg008dc_ch_Tot', 'rg009dc_ch_Tot', 'rg004tb_ch_Tot']
shape: (8_640, 3)
┌─────────────────────┬───────────┬────────┐
│ TIMESTAMP           ┆ Air_T_Avg ┆ RH_Avg │
│ ---                 ┆ ---       ┆ ---    │
│ datetime[μs]        ┆ f64       ┆ f64    │
╞═════════════════════╪═══════════╪════════╡
│ 2024-12-27 00:00:00 ┆ 279.23    ┆ 96.7   │
│ 2024-12-27 00:00:10 ┆ 279.21    ┆ 96.5   │
│ 2024-12-27 00:00:20 ┆ 279.21    ┆ 96.22  │
│ 2024-12-27 00:00:30 ┆ 279.21    ┆ 96.08  │
│ 2024-12-27 00:00:40 ┆ 279.21    ┆ 95.96  │
│ …                   ┆ …         ┆ …      │
│ 2024-12-27 23:59:10 ┆ 278.23    ┆ 99.96  │
│ 2024-12-27 23:59:20 ┆ 278.23    ┆ 99.96  │
│ 2024-12-27 23:59:30 ┆ 278.23    ┆ 99.96  │
│ 2024-12-27 23:59:40 ┆ 278.23    ┆ 99.98  │
│ 2024-12-27 23:59:50 ┆ 278.23    ┆ 99.98  │
└─────────────────────┴───────────┴────────┘
[INFO] Correcting the 'time' variable in the NetCDF file.
<class 'netCDF4.Variable'>
float64 time(time)
    units: seconds since 1970-01-01 00:00:00
    standard_name: time
    long_name: Time (seconds since 1970-01-01 00:00:00)
    axis: T
    valid_min: 1735257600.0
    valid_max: 1735343990.0
    calendar: standard
unlimited dimensions: 
current shape = (8640,)
filling on, default _FillValue of 9.969209968386869e+36 used
Flagged 0 points where air_temperature < 245.0K as bad data (qc_flag = 2).
Found 0 points already flagged as bad data (flag=2)
QC flags successfully added to /gws/pw/j07/ncas_obs_vol2/cao/processing/ncas-temperature-rh-1/data/long-term/level1d/2024/stfc-temperature-rh-1_cao_20241227_surface-met_v1.1.nc.
Updated time units to 'seconds since 1970-01-01 00:00:00' in /gws/pw/j07/ncas_obs_vol2/cao/processing/ncas-temperature-rh-1/data/long-term/level1d/2024/stfc-temperature-rh-1_cao_20241227_surface-met_v1.1.nc
/gws/pw/j07/ncas_obs_vol2/cao/raw_data/met_cao/data/long-term/2024/202412/CR1000XSeries_Chilbolton_Rxcabinmet1_20241228.dat
Parsed column names: ['TIMESTAMP', 'RECORD', 'BattV_Avg', 'PTemp_C_Avg', 'Air_T_Avg', 'RH_Avg', 'BP_mbar_Avg', 'WS_Avg', 'WD_Avg', 'SlrW_Avg', 'rg001dc_ch_Tot', 'rg006dc_ch_Tot', 'rg008dc_ch_Tot', 'rg009dc_ch_Tot', 'rg004tb_ch_Tot']
shape: (8_640, 3)
┌─────────────────────┬───────────┬────────┐
│ TIMESTAMP           ┆ Air_T_Avg ┆ RH_Avg │
│ ---                 ┆ ---       ┆ ---    │
│ datetime[μs]        ┆ f64       ┆ f64    │
╞═════════════════════╪═══════════╪════════╡
│ 2024-12-28 00:00:00 ┆ 278.23    ┆ 99.98  │
│ 2024-12-28 00:00:10 ┆ 278.23    ┆ 99.96  │
│ 2024-12-28 00:00:20 ┆ 278.23    ┆ 99.96  │
│ 2024-12-28 00:00:30 ┆ 278.23    ┆ 99.96  │
│ 2024-12-28 00:00:40 ┆ 278.23    ┆ 99.96  │
│ …                   ┆ …         ┆ …      │
│ 2024-12-28 23:59:10 ┆ 275.55    ┆ 99.82  │
│ 2024-12-28 23:59:20 ┆ 275.55    ┆ 99.96  │
│ 2024-12-28 23:59:30 ┆ 275.55    ┆ 99.96  │
│ 2024-12-28 23:59:40 ┆ 275.53    ┆ 99.98  │
│ 2024-12-28 23:59:50 ┆ 275.49    ┆ 99.96  │
└─────────────────────┴───────────┴────────┘
[INFO] Correcting the 'time' variable in the NetCDF file.
<class 'netCDF4.Variable'>
float64 time(time)
    units: seconds since 1970-01-01 00:00:00
    standard_name: time
    long_name: Time (seconds since 1970-01-01 00:00:00)
    axis: T
    valid_min: 1735344000.0
    valid_max: 1735430390.0
    calendar: standard
unlimited dimensions: 
current shape = (8640,)
filling on, default _FillValue of 9.969209968386869e+36 used
Flagged 0 points where air_temperature < 245.0K as bad data (qc_flag = 2).
Found 0 points already flagged as bad data (flag=2)
QC flags successfully added to /gws/pw/j07/ncas_obs_vol2/cao/processing/ncas-temperature-rh-1/data/long-term/level1d/2024/stfc-temperature-rh-1_cao_20241228_surface-met_v1.1.nc.
Updated time units to 'seconds since 1970-01-01 00:00:00' in /gws/pw/j07/ncas_obs_vol2/cao/processing/ncas-temperature-rh-1/data/long-term/level1d/2024/stfc-temperature-rh-1_cao_20241228_surface-met_v1.1.nc
/gws/pw/j07/ncas_obs_vol2/cao/raw_data/met_cao/data/long-term/2024/202412/CR1000XSeries_Chilbolton_Rxcabinmet1_20241229.dat
Parsed column names: ['TIMESTAMP', 'RECORD', 'BattV_Avg', 'PTemp_C_Avg', 'Air_T_Avg', 'RH_Avg', 'BP_mbar_Avg', 'WS_Avg', 'WD_Avg', 'SlrW_Avg', 'rg001dc_ch_Tot', 'rg006dc_ch_Tot', 'rg008dc_ch_Tot', 'rg009dc_ch_Tot', 'rg004tb_ch_Tot']
shape: (8_640, 3)
┌─────────────────────┬───────────┬────────┐
│ TIMESTAMP           ┆ Air_T_Avg ┆ RH_Avg │
│ ---                 ┆ ---       ┆ ---    │
│ datetime[μs]        ┆ f64       ┆ f64    │
╞═════════════════════╪═══════════╪════════╡
│ 2024-12-29 00:00:00 ┆ 275.49    ┆ 99.96  │
│ 2024-12-29 00:00:10 ┆ 275.49    ┆ 99.96  │
│ 2024-12-29 00:00:20 ┆ 275.49    ┆ 99.52  │
│ 2024-12-29 00:00:30 ┆ 275.49    ┆ 99.4   │
│ 2024-12-29 00:00:40 ┆ 275.51    ┆ 99.6   │
│ …                   ┆ …         ┆ …      │
│ 2024-12-29 23:59:10 ┆ 280.43    ┆ 88.5   │
│ 2024-12-29 23:59:20 ┆ 280.41    ┆ 88.58  │
│ 2024-12-29 23:59:30 ┆ 280.41    ┆ 88.58  │
│ 2024-12-29 23:59:40 ┆ 280.41    ┆ 88.5   │
│ 2024-12-29 23:59:50 ┆ 280.41    ┆ 88.54  │
└─────────────────────┴───────────┴────────┘
[INFO] Correcting the 'time' variable in the NetCDF file.
<class 'netCDF4.Variable'>
float64 time(time)
    units: seconds since 1970-01-01 00:00:00
    standard_name: time
    long_name: Time (seconds since 1970-01-01 00:00:00)
    axis: T
    valid_min: 1735430400.0
    valid_max: 1735516790.0
    calendar: standard
unlimited dimensions: 
current shape = (8640,)
filling on, default _FillValue of 9.969209968386869e+36 used
Flagged 0 points where air_temperature < 245.0K as bad data (qc_flag = 2).
Found 0 points already flagged as bad data (flag=2)
Applied previous day's purge timing: 12:10 - 12:19
QC flags successfully added to /gws/pw/j07/ncas_obs_vol2/cao/processing/ncas-temperature-rh-1/data/long-term/level1d/2024/stfc-temperature-rh-1_cao_20241229_surface-met_v1.1.nc.
Updated time units to 'seconds since 1970-01-01 00:00:00' in /gws/pw/j07/ncas_obs_vol2/cao/processing/ncas-temperature-rh-1/data/long-term/level1d/2024/stfc-temperature-rh-1_cao_20241229_surface-met_v1.1.nc
/gws/pw/j07/ncas_obs_vol2/cao/raw_data/met_cao/data/long-term/2024/202412/CR1000XSeries_Chilbolton_Rxcabinmet1_20241230.dat
Parsed column names: ['TIMESTAMP', 'RECORD', 'BattV_Avg', 'PTemp_C_Avg', 'Air_T_Avg', 'RH_Avg', 'BP_mbar_Avg', 'WS_Avg', 'WD_Avg', 'SlrW_Avg', 'rg001dc_ch_Tot', 'rg006dc_ch_Tot', 'rg008dc_ch_Tot', 'rg009dc_ch_Tot', 'rg004tb_ch_Tot']
shape: (8_640, 3)
┌─────────────────────┬───────────┬────────┐
│ TIMESTAMP           ┆ Air_T_Avg ┆ RH_Avg │
│ ---                 ┆ ---       ┆ ---    │
│ datetime[μs]        ┆ f64       ┆ f64    │
╞═════════════════════╪═══════════╪════════╡
│ 2024-12-30 00:00:00 ┆ 280.41    ┆ 88.62  │
│ 2024-12-30 00:00:10 ┆ 280.39    ┆ 88.7   │
│ 2024-12-30 00:00:20 ┆ 280.39    ┆ 88.76  │
│ 2024-12-30 00:00:30 ┆ 280.39    ┆ 88.82  │
│ 2024-12-30 00:00:40 ┆ 280.39    ┆ 88.84  │
│ …                   ┆ …         ┆ …      │
│ 2024-12-30 23:59:10 ┆ 281.03    ┆ 88.24  │
│ 2024-12-30 23:59:20 ┆ 281.03    ┆ 87.86  │
│ 2024-12-30 23:59:30 ┆ 281.03    ┆ 87.6   │
│ 2024-12-30 23:59:40 ┆ 281.01    ┆ 87.66  │
│ 2024-12-30 23:59:50 ┆ 281.03    ┆ 87.78  │
└─────────────────────┴───────────┴────────┘
[INFO] Correcting the 'time' variable in the NetCDF file.
<class 'netCDF4.Variable'>
float64 time(time)
    units: seconds since 1970-01-01 00:00:00
    standard_name: time
    long_name: Time (seconds since 1970-01-01 00:00:00)
    axis: T
    valid_min: 1735516800.0
    valid_max: 1735603190.0
    calendar: standard
unlimited dimensions: 
current shape = (8640,)
filling on, default _FillValue of 9.969209968386869e+36 used
Flagged 0 points where air_temperature < 245.0K as bad data (qc_flag = 2).
Found 0 points already flagged as bad data (flag=2)
QC flags successfully added to /gws/pw/j07/ncas_obs_vol2/cao/processing/ncas-temperature-rh-1/data/long-term/level1d/2024/stfc-temperature-rh-1_cao_20241230_surface-met_v1.1.nc.
Updated time units to 'seconds since 1970-01-01 00:00:00' in /gws/pw/j07/ncas_obs_vol2/cao/processing/ncas-temperature-rh-1/data/long-term/level1d/2024/stfc-temperature-rh-1_cao_20241230_surface-met_v1.1.nc
/gws/pw/j07/ncas_obs_vol2/cao/raw_data/met_cao/data/long-term/2024/202412/CR1000XSeries_Chilbolton_Rxcabinmet1_20241231.dat
Parsed column names: ['TIMESTAMP', 'RECORD', 'BattV_Avg', 'PTemp_C_Avg', 'Air_T_Avg', 'RH_Avg', 'BP_mbar_Avg', 'WS_Avg', 'WD_Avg', 'SlrW_Avg', 'rg001dc_ch_Tot', 'rg006dc_ch_Tot', 'rg008dc_ch_Tot', 'rg009dc_ch_Tot', 'rg004tb_ch_Tot']
shape: (8_640, 3)
┌─────────────────────┬───────────┬────────┐
│ TIMESTAMP           ┆ Air_T_Avg ┆ RH_Avg │
│ ---                 ┆ ---       ┆ ---    │
│ datetime[μs]        ┆ f64       ┆ f64    │
╞═════════════════════╪═══════════╪════════╡
│ 2024-12-31 00:00:00 ┆ 281.03    ┆ 87.92  │
│ 2024-12-31 00:00:10 ┆ 281.03    ┆ 88.2   │
│ 2024-12-31 00:00:20 ┆ 281.03    ┆ 88.52  │
│ 2024-12-31 00:00:30 ┆ 281.03    ┆ 88.7   │
│ 2024-12-31 00:00:40 ┆ 281.05    ┆ 88.6   │
│ …                   ┆ …         ┆ …      │
│ 2024-12-31 23:59:10 ┆ 284.35    ┆ 77.6   │
│ 2024-12-31 23:59:20 ┆ 284.35    ┆ 77.7   │
│ 2024-12-31 23:59:30 ┆ 284.35    ┆ 77.92  │
│ 2024-12-31 23:59:40 ┆ 284.35    ┆ 78.36  │
│ 2024-12-31 23:59:50 ┆ 284.33    ┆ 78.56  │
└─────────────────────┴───────────┴────────┘
[INFO] Correcting the 'time' variable in the NetCDF file.
<class 'netCDF4.Variable'>
float64 time(time)
    units: seconds since 1970-01-01 00:00:00
    standard_name: time
    long_name: Time (seconds since 1970-01-01 00:00:00)
    axis: T
    valid_min: 1735603200.0
    valid_max: 1735689590.0
    calendar: standard
unlimited dimensions: 
current shape = (8640,)
filling on, default _FillValue of 9.969209968386869e+36 used
Flagged 0 points where air_temperature < 245.0K as bad data (qc_flag = 2).
Found 0 points already flagged as bad data (flag=2)
QC flags successfully added to /gws/pw/j07/ncas_obs_vol2/cao/processing/ncas-temperature-rh-1/data/long-term/level1d/2024/stfc-temperature-rh-1_cao_20241231_surface-met_v1.1.nc.
Updated time units to 'seconds since 1970-01-01 00:00:00' in /gws/pw/j07/ncas_obs_vol2/cao/processing/ncas-temperature-rh-1/data/long-term/level1d/2024/stfc-temperature-rh-1_cao_20241231_surface-met_v1.1.nc

Processing complete for year 2024
