/gws/pw/j07/ncas_obs_vol2/cao/raw_data/met_cao/data/long-term/2025/202501/CR1000XSeries_Chilbolton_Rxcabinmet1_20250101.dat
Parsed column names: ['TIMESTAMP', 'RECORD', 'BattV_Avg', 'PTemp_C_Avg', 'Air_T_Avg', 'RH_Avg', 'BP_mbar_Avg', 'WS_Avg', 'WD_Avg', 'SlrW_Avg', 'rg001dc_ch_Tot', 'rg006dc_ch_Tot', 'rg008dc_ch_Tot', 'rg009dc_ch_Tot', 'rg004tb_ch_Tot']
shape: (8_640, 3)
┌─────────────────────┬───────────┬────────┐
│ TIMESTAMP           ┆ Air_T_Avg ┆ RH_Avg │
│ ---                 ┆ ---       ┆ ---    │
│ datetime[μs]        ┆ f64       ┆ f64    │
╞═════════════════════╪═══════════╪════════╡
│ 2025-01-01 00:00:10 ┆ 284.33    ┆ 78.36  │
│ 2025-01-01 00:00:20 ┆ 284.31    ┆ 78.28  │
│ 2025-01-01 00:00:30 ┆ 284.29    ┆ 78.1   │
│ 2025-01-01 00:00:40 ┆ 284.27    ┆ 78.18  │
│ 2025-01-01 00:00:50 ┆ 284.25    ┆ 78.32  │
│ …                   ┆ …         ┆ …      │
│ 2025-01-01 23:59:20 ┆ 276.23    ┆ 99.1   │
│ 2025-01-01 23:59:30 ┆ 276.21    ┆ 99.12  │
│ 2025-01-01 23:59:40 ┆ 276.19    ┆ 99.2   │
│ 2025-01-01 23:59:50 ┆ 276.17    ┆ 99.12  │
│ 2025-01-02 00:00:00 ┆ 276.19    ┆ 99.0   │
└─────────────────────┴───────────┴────────┘
[INFO] Correcting the 'time' variable in the NetCDF file.
<class 'netCDF4.Variable'>
float64 time(time)
    units: seconds since 1970-01-01 00:00:00
    standard_name: time
    long_name: Time (seconds since 1970-01-01 00:00:00)
    axis: T
    valid_min: 1735689610.0
    valid_max: 1735776000.0
    calendar: standard
unlimited dimensions: 
current shape = (8640,)
filling on, default _FillValue of 9.969209968386869e+36 used
Flagged 0 points where air_temperature < 245.0K as bad data (qc_flag = 2).
Found 0 points already flagged as bad data (flag=2)
QC flags successfully added to /gws/pw/j07/ncas_obs_vol2/cao/processing/ncas-temperature-rh-1/data/long-term/level1d/2025/stfc-temperature-rh-1_cao_20250101_surface-met_v1.1.nc.
Updated time units to 'seconds since 1970-01-01 00:00:00' in /gws/pw/j07/ncas_obs_vol2/cao/processing/ncas-temperature-rh-1/data/long-term/level1d/2025/stfc-temperature-rh-1_cao_20250101_surface-met_v1.1.nc
/gws/pw/j07/ncas_obs_vol2/cao/raw_data/met_cao/data/long-term/2025/202501/CR1000XSeries_Chilbolton_Rxcabinmet1_20250102.dat
Parsed column names: ['TIMESTAMP', 'RECORD', 'BattV_Avg', 'PTemp_C_Avg', 'Air_T_Avg', 'RH_Avg', 'BP_mbar_Avg', 'WS_Avg', 'WD_Avg', 'SlrW_Avg', 'rg001dc_ch_Tot', 'rg006dc_ch_Tot', 'rg008dc_ch_Tot', 'rg009dc_ch_Tot', 'rg004tb_ch_Tot']
shape: (8_640, 3)
┌─────────────────────┬───────────┬────────┐
│ TIMESTAMP           ┆ Air_T_Avg ┆ RH_Avg │
│ ---                 ┆ ---       ┆ ---    │
│ datetime[μs]        ┆ f64       ┆ f64    │
╞═════════════════════╪═══════════╪════════╡
│ 2025-01-02 00:00:10 ┆ 276.15    ┆ 99.04  │
│ 2025-01-02 00:00:20 ┆ 276.15    ┆ 99.22  │
│ 2025-01-02 00:00:30 ┆ 276.13    ┆ 99.48  │
│ 2025-01-02 00:00:40 ┆ 276.13    ┆ 99.72  │
│ 2025-01-02 00:00:50 ┆ 276.11    ┆ 99.92  │
│ …                   ┆ …         ┆ …      │
│ 2025-01-02 23:59:20 ┆ 271.21    ┆ 91.74  │
│ 2025-01-02 23:59:30 ┆ 271.21    ┆ 91.72  │
│ 2025-01-02 23:59:40 ┆ 271.19    ┆ 91.68  │
│ 2025-01-02 23:59:50 ┆ 271.19    ┆ 91.62  │
│ 2025-01-03 00:00:00 ┆ 271.19    ┆ 91.58  │
└─────────────────────┴───────────┴────────┘
[INFO] Correcting the 'time' variable in the NetCDF file.
<class 'netCDF4.Variable'>
float64 time(time)
    units: seconds since 1970-01-01 00:00:00
    standard_name: time
    long_name: Time (seconds since 1970-01-01 00:00:00)
    axis: T
    valid_min: 1735776010.0
    valid_max: 1735862400.0
    calendar: standard
unlimited dimensions: 
current shape = (8640,)
filling on, default _FillValue of 9.969209968386869e+36 used
Flagged 0 points where air_temperature < 245.0K as bad data (qc_flag = 2).
Found 0 points already flagged as bad data (flag=2)
QC flags successfully added to /gws/pw/j07/ncas_obs_vol2/cao/processing/ncas-temperature-rh-1/data/long-term/level1d/2025/stfc-temperature-rh-1_cao_20250102_surface-met_v1.1.nc.
Updated time units to 'seconds since 1970-01-01 00:00:00' in /gws/pw/j07/ncas_obs_vol2/cao/processing/ncas-temperature-rh-1/data/long-term/level1d/2025/stfc-temperature-rh-1_cao_20250102_surface-met_v1.1.nc
/gws/pw/j07/ncas_obs_vol2/cao/raw_data/met_cao/data/long-term/2025/202501/CR1000XSeries_Chilbolton_Rxcabinmet1_20250103.dat
Parsed column names: ['TIMESTAMP', 'RECORD', 'BattV_Avg', 'PTemp_C_Avg', 'Air_T_Avg', 'RH_Avg', 'BP_mbar_Avg', 'WS_Avg', 'WD_Avg', 'SlrW_Avg', 'rg001dc_ch_Tot', 'rg006dc_ch_Tot', 'rg008dc_ch_Tot', 'rg009dc_ch_Tot', 'rg004tb_ch_Tot']
shape: (8_640, 3)
┌─────────────────────┬───────────┬────────┐
│ TIMESTAMP           ┆ Air_T_Avg ┆ RH_Avg │
│ ---                 ┆ ---       ┆ ---    │
│ datetime[μs]        ┆ f64       ┆ f64    │
╞═════════════════════╪═══════════╪════════╡
│ 2025-01-03 00:00:10 ┆ 271.19    ┆ 91.54  │
│ 2025-01-03 00:00:20 ┆ 271.19    ┆ 91.56  │
│ 2025-01-03 00:00:30 ┆ 271.17    ┆ 91.54  │
│ 2025-01-03 00:00:40 ┆ 271.19    ┆ 91.66  │
│ 2025-01-03 00:00:50 ┆ 271.19    ┆ 91.78  │
│ …                   ┆ …         ┆ …      │
│ 2025-01-03 23:59:20 ┆ 269.95    ┆ 98.74  │
│ 2025-01-03 23:59:30 ┆ 269.95    ┆ 98.52  │
│ 2025-01-03 23:59:40 ┆ 269.93    ┆ 98.7   │
│ 2025-01-03 23:59:50 ┆ 269.91    ┆ 99.12  │
│ 2025-01-04 00:00:00 ┆ 269.89    ┆ 99.62  │
└─────────────────────┴───────────┴────────┘
[INFO] Correcting the 'time' variable in the NetCDF file.
<class 'netCDF4.Variable'>
float64 time(time)
    units: seconds since 1970-01-01 00:00:00
    standard_name: time
    long_name: Time (seconds since 1970-01-01 00:00:00)
    axis: T
    valid_min: 1735862410.0
    valid_max: 1735948800.0
    calendar: standard
unlimited dimensions: 
current shape = (8640,)
filling on, default _FillValue of 9.969209968386869e+36 used
Flagged 0 points where air_temperature < 245.0K as bad data (qc_flag = 2).
Found 0 points already flagged as bad data (flag=2)
QC flags successfully added to /gws/pw/j07/ncas_obs_vol2/cao/processing/ncas-temperature-rh-1/data/long-term/level1d/2025/stfc-temperature-rh-1_cao_20250103_surface-met_v1.1.nc.
Updated time units to 'seconds since 1970-01-01 00:00:00' in /gws/pw/j07/ncas_obs_vol2/cao/processing/ncas-temperature-rh-1/data/long-term/level1d/2025/stfc-temperature-rh-1_cao_20250103_surface-met_v1.1.nc
/gws/pw/j07/ncas_obs_vol2/cao/raw_data/met_cao/data/long-term/2025/202501/CR1000XSeries_Chilbolton_Rxcabinmet1_20250104.dat
Parsed column names: ['TIMESTAMP', 'RECORD', 'BattV_Avg', 'PTemp_C_Avg', 'Air_T_Avg', 'RH_Avg', 'BP_mbar_Avg', 'WS_Avg', 'WD_Avg', 'SlrW_Avg', 'rg001dc_ch_Tot', 'rg006dc_ch_Tot', 'rg008dc_ch_Tot', 'rg009dc_ch_Tot', 'rg004tb_ch_Tot']
shape: (8_640, 3)
┌─────────────────────┬───────────┬────────┐
│ TIMESTAMP           ┆ Air_T_Avg ┆ RH_Avg │
│ ---                 ┆ ---       ┆ ---    │
│ datetime[μs]        ┆ f64       ┆ f64    │
╞═════════════════════╪═══════════╪════════╡
│ 2025-01-04 00:00:10 ┆ 269.87    ┆ 99.92  │
│ 2025-01-04 00:00:20 ┆ 269.87    ┆ 99.94  │
│ 2025-01-04 00:00:30 ┆ 269.87    ┆ 99.94  │
│ 2025-01-04 00:00:40 ┆ 269.89    ┆ 99.88  │
│ 2025-01-04 00:00:50 ┆ 269.91    ┆ 99.48  │
│ …                   ┆ …         ┆ …      │
│ 2025-01-04 23:59:20 ┆ 274.19    ┆ 99.7   │
│ 2025-01-04 23:59:30 ┆ 274.19    ┆ 99.96  │
│ 2025-01-04 23:59:40 ┆ 274.19    ┆ 99.96  │
│ 2025-01-04 23:59:50 ┆ 274.19    ┆ 99.98  │
│ 2025-01-05 00:00:00 ┆ 274.19    ┆ 99.96  │
└─────────────────────┴───────────┴────────┘
[INFO] Correcting the 'time' variable in the NetCDF file.
<class 'netCDF4.Variable'>
float64 time(time)
    units: seconds since 1970-01-01 00:00:00
    standard_name: time
    long_name: Time (seconds since 1970-01-01 00:00:00)
    axis: T
    valid_min: 1735948810.0
    valid_max: 1736035200.0
    calendar: standard
unlimited dimensions: 
current shape = (8640,)
filling on, default _FillValue of 9.969209968386869e+36 used
Flagged 0 points where air_temperature < 245.0K as bad data (qc_flag = 2).
Found 0 points already flagged as bad data (flag=2)
QC flags successfully added to /gws/pw/j07/ncas_obs_vol2/cao/processing/ncas-temperature-rh-1/data/long-term/level1d/2025/stfc-temperature-rh-1_cao_20250104_surface-met_v1.1.nc.
Updated time units to 'seconds since 1970-01-01 00:00:00' in /gws/pw/j07/ncas_obs_vol2/cao/processing/ncas-temperature-rh-1/data/long-term/level1d/2025/stfc-temperature-rh-1_cao_20250104_surface-met_v1.1.nc
/gws/pw/j07/ncas_obs_vol2/cao/raw_data/met_cao/data/long-term/2025/202501/CR1000XSeries_Chilbolton_Rxcabinmet1_20250105.dat
Parsed column names: ['TIMESTAMP', 'RECORD', 'BattV_Avg', 'PTemp_C_Avg', 'Air_T_Avg', 'RH_Avg', 'BP_mbar_Avg', 'WS_Avg', 'WD_Avg', 'SlrW_Avg', 'rg001dc_ch_Tot', 'rg006dc_ch_Tot', 'rg008dc_ch_Tot', 'rg009dc_ch_Tot', 'rg004tb_ch_Tot']
shape: (8_640, 3)
┌─────────────────────┬───────────┬────────┐
│ TIMESTAMP           ┆ Air_T_Avg ┆ RH_Avg │
│ ---                 ┆ ---       ┆ ---    │
│ datetime[μs]        ┆ f64       ┆ f64    │
╞═════════════════════╪═══════════╪════════╡
│ 2025-01-05 00:00:10 ┆ 274.19    ┆ 99.94  │
│ 2025-01-05 00:00:20 ┆ 274.19    ┆ 99.94  │
│ 2025-01-05 00:00:30 ┆ 274.19    ┆ 99.88  │
│ 2025-01-05 00:00:40 ┆ 274.19    ┆ 99.6   │
│ 2025-01-05 00:00:50 ┆ 274.19    ┆ 99.72  │
│ …                   ┆ …         ┆ …      │
│ 2025-01-05 23:59:20 ┆ 284.83    ┆ 93.6   │
│ 2025-01-05 23:59:30 ┆ 284.83    ┆ 93.96  │
│ 2025-01-05 23:59:40 ┆ 284.81    ┆ 93.98  │
│ 2025-01-05 23:59:50 ┆ 284.81    ┆ 93.8   │
│ 2025-01-06 00:00:00 ┆ 284.81    ┆ 93.62  │
└─────────────────────┴───────────┴────────┘
[INFO] Correcting the 'time' variable in the NetCDF file.
<class 'netCDF4.Variable'>
float64 time(time)
    units: seconds since 1970-01-01 00:00:00
    standard_name: time
    long_name: Time (seconds since 1970-01-01 00:00:00)
    axis: T
    valid_min: 1736035210.0
    valid_max: 1736121600.0
    calendar: standard
unlimited dimensions: 
current shape = (8640,)
filling on, default _FillValue of 9.969209968386869e+36 used
Flagged 0 points where air_temperature < 245.0K as bad data (qc_flag = 2).
Found 0 points already flagged as bad data (flag=2)
QC flags successfully added to /gws/pw/j07/ncas_obs_vol2/cao/processing/ncas-temperature-rh-1/data/long-term/level1d/2025/stfc-temperature-rh-1_cao_20250105_surface-met_v1.1.nc.
Updated time units to 'seconds since 1970-01-01 00:00:00' in /gws/pw/j07/ncas_obs_vol2/cao/processing/ncas-temperature-rh-1/data/long-term/level1d/2025/stfc-temperature-rh-1_cao_20250105_surface-met_v1.1.nc
/gws/pw/j07/ncas_obs_vol2/cao/raw_data/met_cao/data/long-term/2025/202501/CR1000XSeries_Chilbolton_Rxcabinmet1_20250106.dat
Parsed column names: ['TIMESTAMP', 'RECORD', 'BattV_Avg', 'PTemp_C_Avg', 'Air_T_Avg', 'RH_Avg', 'BP_mbar_Avg', 'WS_Avg', 'WD_Avg', 'SlrW_Avg', 'rg001dc_ch_Tot', 'rg006dc_ch_Tot', 'rg008dc_ch_Tot', 'rg009dc_ch_Tot', 'rg004tb_ch_Tot']
shape: (8_640, 3)
┌─────────────────────┬───────────┬────────┐
│ TIMESTAMP           ┆ Air_T_Avg ┆ RH_Avg │
│ ---                 ┆ ---       ┆ ---    │
│ datetime[μs]        ┆ f64       ┆ f64    │
╞═════════════════════╪═══════════╪════════╡
│ 2025-01-06 00:00:10 ┆ 284.83    ┆ 93.24  │
│ 2025-01-06 00:00:20 ┆ 284.83    ┆ 92.86  │
│ 2025-01-06 00:00:30 ┆ 284.85    ┆ 92.86  │
│ 2025-01-06 00:00:40 ┆ 284.83    ┆ 93.06  │
│ 2025-01-06 00:00:50 ┆ 284.83    ┆ 93.2   │
│ …                   ┆ …         ┆ …      │
│ 2025-01-06 23:59:20 ┆ 275.31    ┆ 90.28  │
│ 2025-01-06 23:59:30 ┆ 275.29    ┆ 90.46  │
│ 2025-01-06 23:59:40 ┆ 275.29    ┆ 90.7   │
│ 2025-01-06 23:59:50 ┆ 275.29    ┆ 90.92  │
│ 2025-01-07 00:00:00 ┆ 275.27    ┆ 91.2   │
└─────────────────────┴───────────┴────────┘
[INFO] Correcting the 'time' variable in the NetCDF file.
<class 'netCDF4.Variable'>
float64 time(time)
    units: seconds since 1970-01-01 00:00:00
    standard_name: time
    long_name: Time (seconds since 1970-01-01 00:00:00)
    axis: T
    valid_min: 1736121610.0
    valid_max: 1736208000.0
    calendar: standard
unlimited dimensions: 
current shape = (8640,)
filling on, default _FillValue of 9.969209968386869e+36 used
Flagged 0 points where air_temperature < 245.0K as bad data (qc_flag = 2).
Found 0 points already flagged as bad data (flag=2)
QC flags successfully added to /gws/pw/j07/ncas_obs_vol2/cao/processing/ncas-temperature-rh-1/data/long-term/level1d/2025/stfc-temperature-rh-1_cao_20250106_surface-met_v1.1.nc.
Updated time units to 'seconds since 1970-01-01 00:00:00' in /gws/pw/j07/ncas_obs_vol2/cao/processing/ncas-temperature-rh-1/data/long-term/level1d/2025/stfc-temperature-rh-1_cao_20250106_surface-met_v1.1.nc
/gws/pw/j07/ncas_obs_vol2/cao/raw_data/met_cao/data/long-term/2025/202501/CR1000XSeries_Chilbolton_Rxcabinmet1_20250107.dat
Parsed column names: ['TIMESTAMP', 'RECORD', 'BattV_Avg', 'PTemp_C_Avg', 'Air_T_Avg', 'RH_Avg', 'BP_mbar_Avg', 'WS_Avg', 'WD_Avg', 'SlrW_Avg', 'rg001dc_ch_Tot', 'rg006dc_ch_Tot', 'rg008dc_ch_Tot', 'rg009dc_ch_Tot', 'rg004tb_ch_Tot']
shape: (8_640, 3)
┌─────────────────────┬───────────┬────────┐
│ TIMESTAMP           ┆ Air_T_Avg ┆ RH_Avg │
│ ---                 ┆ ---       ┆ ---    │
│ datetime[μs]        ┆ f64       ┆ f64    │
╞═════════════════════╪═══════════╪════════╡
│ 2025-01-07 00:00:10 ┆ 275.27    ┆ 91.48  │
│ 2025-01-07 00:00:20 ┆ 275.27    ┆ 91.6   │
│ 2025-01-07 00:00:30 ┆ 275.27    ┆ 91.6   │
│ 2025-01-07 00:00:40 ┆ 275.29    ┆ 91.42  │
│ 2025-01-07 00:00:50 ┆ 275.29    ┆ 91.26  │
│ …                   ┆ …         ┆ …      │
│ 2025-01-07 23:59:20 ┆ 272.25    ┆ 96.06  │
│ 2025-01-07 23:59:30 ┆ 272.25    ┆ 96.3   │
│ 2025-01-07 23:59:40 ┆ 272.25    ┆ 96.62  │
│ 2025-01-07 23:59:50 ┆ 272.25    ┆ 97.1   │
│ 2025-01-08 00:00:00 ┆ 272.23    ┆ 97.38  │
└─────────────────────┴───────────┴────────┘
[INFO] Correcting the 'time' variable in the NetCDF file.
<class 'netCDF4.Variable'>
float64 time(time)
    units: seconds since 1970-01-01 00:00:00
    standard_name: time
    long_name: Time (seconds since 1970-01-01 00:00:00)
    axis: T
    valid_min: 1736208010.0
    valid_max: 1736294400.0
    calendar: standard
unlimited dimensions: 
current shape = (8640,)
filling on, default _FillValue of 9.969209968386869e+36 used
Flagged 0 points where air_temperature < 245.0K as bad data (qc_flag = 2).
Found 0 points already flagged as bad data (flag=2)
QC flags successfully added to /gws/pw/j07/ncas_obs_vol2/cao/processing/ncas-temperature-rh-1/data/long-term/level1d/2025/stfc-temperature-rh-1_cao_20250107_surface-met_v1.1.nc.
Updated time units to 'seconds since 1970-01-01 00:00:00' in /gws/pw/j07/ncas_obs_vol2/cao/processing/ncas-temperature-rh-1/data/long-term/level1d/2025/stfc-temperature-rh-1_cao_20250107_surface-met_v1.1.nc
/gws/pw/j07/ncas_obs_vol2/cao/raw_data/met_cao/data/long-term/2025/202501/CR1000XSeries_Chilbolton_Rxcabinmet1_20250108.dat
Parsed column names: ['TIMESTAMP', 'RECORD', 'BattV_Avg', 'PTemp_C_Avg', 'Air_T_Avg', 'RH_Avg', 'BP_mbar_Avg', 'WS_Avg', 'WD_Avg', 'SlrW_Avg', 'rg001dc_ch_Tot', 'rg006dc_ch_Tot', 'rg008dc_ch_Tot', 'rg009dc_ch_Tot', 'rg004tb_ch_Tot']
shape: (8_640, 3)
┌─────────────────────┬───────────┬────────┐
│ TIMESTAMP           ┆ Air_T_Avg ┆ RH_Avg │
│ ---                 ┆ ---       ┆ ---    │
│ datetime[μs]        ┆ f64       ┆ f64    │
╞═════════════════════╪═══════════╪════════╡
│ 2025-01-08 00:00:10 ┆ 272.25    ┆ 97.24  │
│ 2025-01-08 00:00:20 ┆ 272.25    ┆ 96.92  │
│ 2025-01-08 00:00:30 ┆ 272.27    ┆ 96.54  │
│ 2025-01-08 00:00:40 ┆ 272.27    ┆ 96.06  │
│ 2025-01-08 00:00:50 ┆ 272.27    ┆ 95.76  │
│ …                   ┆ …         ┆ …      │
│ 2025-01-08 23:59:20 ┆ 273.83    ┆ 95.6   │
│ 2025-01-08 23:59:30 ┆ 273.83    ┆ 95.98  │
│ 2025-01-08 23:59:40 ┆ 273.83    ┆ 96.54  │
│ 2025-01-08 23:59:50 ┆ 273.83    ┆ 96.74  │
│ 2025-01-09 00:00:00 ┆ 273.83    ┆ 96.58  │
└─────────────────────┴───────────┴────────┘
[INFO] Correcting the 'time' variable in the NetCDF file.
<class 'netCDF4.Variable'>
float64 time(time)
    units: seconds since 1970-01-01 00:00:00
    standard_name: time
    long_name: Time (seconds since 1970-01-01 00:00:00)
    axis: T
    valid_min: 1736294410.0
    valid_max: 1736380800.0
    calendar: standard
unlimited dimensions: 
current shape = (8640,)
filling on, default _FillValue of 9.969209968386869e+36 used
Flagged 0 points where air_temperature < 245.0K as bad data (qc_flag = 2).
Found 0 points already flagged as bad data (flag=2)
QC flags successfully added to /gws/pw/j07/ncas_obs_vol2/cao/processing/ncas-temperature-rh-1/data/long-term/level1d/2025/stfc-temperature-rh-1_cao_20250108_surface-met_v1.1.nc.
Updated time units to 'seconds since 1970-01-01 00:00:00' in /gws/pw/j07/ncas_obs_vol2/cao/processing/ncas-temperature-rh-1/data/long-term/level1d/2025/stfc-temperature-rh-1_cao_20250108_surface-met_v1.1.nc
/gws/pw/j07/ncas_obs_vol2/cao/raw_data/met_cao/data/long-term/2025/202501/CR1000XSeries_Chilbolton_Rxcabinmet1_20250109.dat
Parsed column names: ['TIMESTAMP', 'RECORD', 'BattV_Avg', 'PTemp_C_Avg', 'Air_T_Avg', 'RH_Avg', 'BP_mbar_Avg', 'WS_Avg', 'WD_Avg', 'SlrW_Avg', 'rg001dc_ch_Tot', 'rg006dc_ch_Tot', 'rg008dc_ch_Tot', 'rg009dc_ch_Tot', 'rg004tb_ch_Tot']
shape: (8_640, 3)
┌─────────────────────┬───────────┬────────┐
│ TIMESTAMP           ┆ Air_T_Avg ┆ RH_Avg │
│ ---                 ┆ ---       ┆ ---    │
│ datetime[μs]        ┆ f64       ┆ f64    │
╞═════════════════════╪═══════════╪════════╡
│ 2025-01-09 00:00:10 ┆ 273.83    ┆ 96.32  │
│ 2025-01-09 00:00:20 ┆ 273.83    ┆ 95.94  │
│ 2025-01-09 00:00:30 ┆ 273.83    ┆ 95.56  │
│ 2025-01-09 00:00:40 ┆ 273.83    ┆ 95.38  │
│ 2025-01-09 00:00:50 ┆ 273.83    ┆ 95.48  │
│ …                   ┆ …         ┆ …      │
│ 2025-01-09 23:59:20 ┆ 270.87    ┆ 97.76  │
│ 2025-01-09 23:59:30 ┆ 270.87    ┆ 97.98  │
│ 2025-01-09 23:59:40 ┆ 270.85    ┆ 98.32  │
│ 2025-01-09 23:59:50 ┆ 270.85    ┆ 98.66  │
│ 2025-01-10 00:00:00 ┆ 270.85    ┆ 99.06  │
└─────────────────────┴───────────┴────────┘
[INFO] Correcting the 'time' variable in the NetCDF file.
<class 'netCDF4.Variable'>
float64 time(time)
    units: seconds since 1970-01-01 00:00:00
    standard_name: time
    long_name: Time (seconds since 1970-01-01 00:00:00)
    axis: T
    valid_min: 1736380810.0
    valid_max: 1736467200.0
    calendar: standard
unlimited dimensions: 
current shape = (8640,)
filling on, default _FillValue of 9.969209968386869e+36 used
Flagged 0 points where air_temperature < 245.0K as bad data (qc_flag = 2).
Found 0 points already flagged as bad data (flag=2)
QC flags successfully added to /gws/pw/j07/ncas_obs_vol2/cao/processing/ncas-temperature-rh-1/data/long-term/level1d/2025/stfc-temperature-rh-1_cao_20250109_surface-met_v1.1.nc.
Updated time units to 'seconds since 1970-01-01 00:00:00' in /gws/pw/j07/ncas_obs_vol2/cao/processing/ncas-temperature-rh-1/data/long-term/level1d/2025/stfc-temperature-rh-1_cao_20250109_surface-met_v1.1.nc
/gws/pw/j07/ncas_obs_vol2/cao/raw_data/met_cao/data/long-term/2025/202501/CR1000XSeries_Chilbolton_Rxcabinmet1_20250110.dat
Parsed column names: ['TIMESTAMP', 'RECORD', 'BattV_Avg', 'PTemp_C_Avg', 'Air_T_Avg', 'RH_Avg', 'BP_mbar_Avg', 'WS_Avg', 'WD_Avg', 'SlrW_Avg', 'rg001dc_ch_Tot', 'rg006dc_ch_Tot', 'rg008dc_ch_Tot', 'rg009dc_ch_Tot', 'rg004tb_ch_Tot']
shape: (8_640, 3)
┌─────────────────────┬───────────┬────────┐
│ TIMESTAMP           ┆ Air_T_Avg ┆ RH_Avg │
│ ---                 ┆ ---       ┆ ---    │
│ datetime[μs]        ┆ f64       ┆ f64    │
╞═════════════════════╪═══════════╪════════╡
│ 2025-01-10 00:00:10 ┆ 270.87    ┆ 99.16  │
│ 2025-01-10 00:00:20 ┆ 270.89    ┆ 99.28  │
│ 2025-01-10 00:00:30 ┆ 270.91    ┆ 99.22  │
│ 2025-01-10 00:00:40 ┆ 270.93    ┆ 99.18  │
│ 2025-01-10 00:00:50 ┆ 270.93    ┆ 98.96  │
│ …                   ┆ …         ┆ …      │
│ 2025-01-10 23:59:20 ┆ 270.17    ┆ 91.52  │
│ 2025-01-10 23:59:30 ┆ 270.17    ┆ 91.74  │
│ 2025-01-10 23:59:40 ┆ 270.17    ┆ 91.96  │
│ 2025-01-10 23:59:50 ┆ 270.17    ┆ 92.0   │
│ 2025-01-11 00:00:00 ┆ 270.19    ┆ 91.92  │
└─────────────────────┴───────────┴────────┘
[INFO] Correcting the 'time' variable in the NetCDF file.
<class 'netCDF4.Variable'>
float64 time(time)
    units: seconds since 1970-01-01 00:00:00
    standard_name: time
    long_name: Time (seconds since 1970-01-01 00:00:00)
    axis: T
    valid_min: 1736467210.0
    valid_max: 1736553600.0
    calendar: standard
unlimited dimensions: 
current shape = (8640,)
filling on, default _FillValue of 9.969209968386869e+36 used
Flagged 0 points where air_temperature < 245.0K as bad data (qc_flag = 2).
Found 0 points already flagged as bad data (flag=2)
QC flags successfully added to /gws/pw/j07/ncas_obs_vol2/cao/processing/ncas-temperature-rh-1/data/long-term/level1d/2025/stfc-temperature-rh-1_cao_20250110_surface-met_v1.1.nc.
Updated time units to 'seconds since 1970-01-01 00:00:00' in /gws/pw/j07/ncas_obs_vol2/cao/processing/ncas-temperature-rh-1/data/long-term/level1d/2025/stfc-temperature-rh-1_cao_20250110_surface-met_v1.1.nc
/gws/pw/j07/ncas_obs_vol2/cao/raw_data/met_cao/data/long-term/2025/202501/CR1000XSeries_Chilbolton_Rxcabinmet1_20250111.dat
Parsed column names: ['TIMESTAMP', 'RECORD', 'BattV_Avg', 'PTemp_C_Avg', 'Air_T_Avg', 'RH_Avg', 'BP_mbar_Avg', 'WS_Avg', 'WD_Avg', 'SlrW_Avg', 'rg001dc_ch_Tot', 'rg006dc_ch_Tot', 'rg008dc_ch_Tot', 'rg009dc_ch_Tot', 'rg004tb_ch_Tot']
shape: (8_640, 3)
┌─────────────────────┬───────────┬────────┐
│ TIMESTAMP           ┆ Air_T_Avg ┆ RH_Avg │
│ ---                 ┆ ---       ┆ ---    │
│ datetime[μs]        ┆ f64       ┆ f64    │
╞═════════════════════╪═══════════╪════════╡
│ 2025-01-11 00:00:10 ┆ 270.19    ┆ 91.74  │
│ 2025-01-11 00:00:20 ┆ 270.21    ┆ 91.54  │
│ 2025-01-11 00:00:30 ┆ 270.21    ┆ 91.34  │
│ 2025-01-11 00:00:40 ┆ 270.21    ┆ 91.3   │
│ 2025-01-11 00:00:50 ┆ 270.21    ┆ 91.3   │
│ …                   ┆ …         ┆ …      │
│ 2025-01-11 23:59:20 ┆ 272.73    ┆ 95.88  │
│ 2025-01-11 23:59:30 ┆ 272.73    ┆ 95.38  │
│ 2025-01-11 23:59:40 ┆ 272.73    ┆ 95.1   │
│ 2025-01-11 23:59:50 ┆ 272.75    ┆ 95.12  │
│ 2025-01-12 00:00:00 ┆ 272.75    ┆ 95.28  │
└─────────────────────┴───────────┴────────┘
[INFO] Correcting the 'time' variable in the NetCDF file.
<class 'netCDF4.Variable'>
float64 time(time)
    units: seconds since 1970-01-01 00:00:00
    standard_name: time
    long_name: Time (seconds since 1970-01-01 00:00:00)
    axis: T
    valid_min: 1736553610.0
    valid_max: 1736640000.0
    calendar: standard
unlimited dimensions: 
current shape = (8640,)
filling on, default _FillValue of 9.969209968386869e+36 used
Flagged 0 points where air_temperature < 245.0K as bad data (qc_flag = 2).
Found 0 points already flagged as bad data (flag=2)
QC flags successfully added to /gws/pw/j07/ncas_obs_vol2/cao/processing/ncas-temperature-rh-1/data/long-term/level1d/2025/stfc-temperature-rh-1_cao_20250111_surface-met_v1.1.nc.
Updated time units to 'seconds since 1970-01-01 00:00:00' in /gws/pw/j07/ncas_obs_vol2/cao/processing/ncas-temperature-rh-1/data/long-term/level1d/2025/stfc-temperature-rh-1_cao_20250111_surface-met_v1.1.nc
/gws/pw/j07/ncas_obs_vol2/cao/raw_data/met_cao/data/long-term/2025/202501/CR1000XSeries_Chilbolton_Rxcabinmet1_20250112.dat
Parsed column names: ['TIMESTAMP', 'RECORD', 'BattV_Avg', 'PTemp_C_Avg', 'Air_T_Avg', 'RH_Avg', 'BP_mbar_Avg', 'WS_Avg', 'WD_Avg', 'SlrW_Avg', 'rg001dc_ch_Tot', 'rg006dc_ch_Tot', 'rg008dc_ch_Tot', 'rg009dc_ch_Tot', 'rg004tb_ch_Tot']
shape: (8_640, 3)
┌─────────────────────┬───────────┬────────┐
│ TIMESTAMP           ┆ Air_T_Avg ┆ RH_Avg │
│ ---                 ┆ ---       ┆ ---    │
│ datetime[μs]        ┆ f64       ┆ f64    │
╞═════════════════════╪═══════════╪════════╡
│ 2025-01-12 00:00:10 ┆ 272.75    ┆ 95.54  │
│ 2025-01-12 00:00:20 ┆ 272.75    ┆ 95.92  │
│ 2025-01-12 00:00:30 ┆ 272.75    ┆ 96.18  │
│ 2025-01-12 00:00:40 ┆ 272.75    ┆ 96.26  │
│ 2025-01-12 00:00:50 ┆ 272.75    ┆ 96.08  │
│ …                   ┆ …         ┆ …      │
│ 2025-01-12 23:59:20 ┆ 277.51    ┆ 85.8   │
│ 2025-01-12 23:59:30 ┆ 277.51    ┆ 85.7   │
│ 2025-01-12 23:59:40 ┆ 277.51    ┆ 85.7   │
│ 2025-01-12 23:59:50 ┆ 277.47    ┆ 85.86  │
│ 2025-01-13 00:00:00 ┆ 277.47    ┆ 86.08  │
└─────────────────────┴───────────┴────────┘
[INFO] Correcting the 'time' variable in the NetCDF file.
<class 'netCDF4.Variable'>
float64 time(time)
    units: seconds since 1970-01-01 00:00:00
    standard_name: time
    long_name: Time (seconds since 1970-01-01 00:00:00)
    axis: T
    valid_min: 1736640010.0
    valid_max: 1736726400.0
    calendar: standard
unlimited dimensions: 
current shape = (8640,)
filling on, default _FillValue of 9.969209968386869e+36 used
Flagged 0 points where air_temperature < 245.0K as bad data (qc_flag = 2).
Found 0 points already flagged as bad data (flag=2)
QC flags successfully added to /gws/pw/j07/ncas_obs_vol2/cao/processing/ncas-temperature-rh-1/data/long-term/level1d/2025/stfc-temperature-rh-1_cao_20250112_surface-met_v1.1.nc.
Updated time units to 'seconds since 1970-01-01 00:00:00' in /gws/pw/j07/ncas_obs_vol2/cao/processing/ncas-temperature-rh-1/data/long-term/level1d/2025/stfc-temperature-rh-1_cao_20250112_surface-met_v1.1.nc
/gws/pw/j07/ncas_obs_vol2/cao/raw_data/met_cao/data/long-term/2025/202501/CR1000XSeries_Chilbolton_Rxcabinmet1_20250113.dat
Parsed column names: ['TIMESTAMP', 'RECORD', 'BattV_Avg', 'PTemp_C_Avg', 'Air_T_Avg', 'RH_Avg', 'BP_mbar_Avg', 'WS_Avg', 'WD_Avg', 'SlrW_Avg', 'rg001dc_ch_Tot', 'rg006dc_ch_Tot', 'rg008dc_ch_Tot', 'rg009dc_ch_Tot', 'rg004tb_ch_Tot']
shape: (8_640, 3)
┌─────────────────────┬───────────┬────────┐
│ TIMESTAMP           ┆ Air_T_Avg ┆ RH_Avg │
│ ---                 ┆ ---       ┆ ---    │
│ datetime[μs]        ┆ f64       ┆ f64    │
╞═════════════════════╪═══════════╪════════╡
│ 2025-01-13 00:00:10 ┆ 277.47    ┆ 86.32  │
│ 2025-01-13 00:00:20 ┆ 277.45    ┆ 86.54  │
│ 2025-01-13 00:00:30 ┆ 277.45    ┆ 86.62  │
│ 2025-01-13 00:00:40 ┆ 277.47    ┆ 86.56  │
│ 2025-01-13 00:00:50 ┆ 277.47    ┆ 86.4   │
│ …                   ┆ …         ┆ …      │
│ 2025-01-13 23:59:20 ┆ 276.69    ┆ 89.28  │
│ 2025-01-13 23:59:30 ┆ 276.69    ┆ 88.98  │
│ 2025-01-13 23:59:40 ┆ 276.71    ┆ 88.82  │
│ 2025-01-13 23:59:50 ┆ 276.75    ┆ 88.84  │
│ 2025-01-14 00:00:00 ┆ 276.75    ┆ 88.98  │
└─────────────────────┴───────────┴────────┘
[INFO] Correcting the 'time' variable in the NetCDF file.
<class 'netCDF4.Variable'>
float64 time(time)
    units: seconds since 1970-01-01 00:00:00
    standard_name: time
    long_name: Time (seconds since 1970-01-01 00:00:00)
    axis: T
    valid_min: 1736726410.0
    valid_max: 1736812800.0
    calendar: standard
unlimited dimensions: 
current shape = (8640,)
filling on, default _FillValue of 9.969209968386869e+36 used
Flagged 0 points where air_temperature < 245.0K as bad data (qc_flag = 2).
Found 0 points already flagged as bad data (flag=2)
QC flags successfully added to /gws/pw/j07/ncas_obs_vol2/cao/processing/ncas-temperature-rh-1/data/long-term/level1d/2025/stfc-temperature-rh-1_cao_20250113_surface-met_v1.1.nc.
Updated time units to 'seconds since 1970-01-01 00:00:00' in /gws/pw/j07/ncas_obs_vol2/cao/processing/ncas-temperature-rh-1/data/long-term/level1d/2025/stfc-temperature-rh-1_cao_20250113_surface-met_v1.1.nc
/gws/pw/j07/ncas_obs_vol2/cao/raw_data/met_cao/data/long-term/2025/202501/CR1000XSeries_Chilbolton_Rxcabinmet1_20250114.dat
Parsed column names: ['TIMESTAMP', 'RECORD', 'BattV_Avg', 'PTemp_C_Avg', 'Air_T_Avg', 'RH_Avg', 'BP_mbar_Avg', 'WS_Avg', 'WD_Avg', 'SlrW_Avg', 'rg001dc_ch_Tot', 'rg006dc_ch_Tot', 'rg008dc_ch_Tot', 'rg009dc_ch_Tot', 'rg004tb_ch_Tot']
shape: (8_640, 3)
┌─────────────────────┬───────────┬────────┐
│ TIMESTAMP           ┆ Air_T_Avg ┆ RH_Avg │
│ ---                 ┆ ---       ┆ ---    │
│ datetime[μs]        ┆ f64       ┆ f64    │
╞═════════════════════╪═══════════╪════════╡
│ 2025-01-14 00:00:10 ┆ 276.75    ┆ 89.46  │
│ 2025-01-14 00:00:20 ┆ 276.75    ┆ 89.98  │
│ 2025-01-14 00:00:30 ┆ 276.75    ┆ 90.12  │
│ 2025-01-14 00:00:40 ┆ 276.75    ┆ 89.92  │
│ 2025-01-14 00:00:50 ┆ 276.75    ┆ 89.66  │
│ …                   ┆ …         ┆ …      │
│ 2025-01-14 23:59:20 ┆ 280.99    ┆ 99.98  │
│ 2025-01-14 23:59:30 ┆ 280.99    ┆ 99.98  │
│ 2025-01-14 23:59:40 ┆ 280.99    ┆ 99.98  │
│ 2025-01-14 23:59:50 ┆ 280.99    ┆ 99.98  │
│ 2025-01-15 00:00:00 ┆ 280.99    ┆ 99.98  │
└─────────────────────┴───────────┴────────┘
[INFO] Correcting the 'time' variable in the NetCDF file.
<class 'netCDF4.Variable'>
float64 time(time)
    units: seconds since 1970-01-01 00:00:00
    standard_name: time
    long_name: Time (seconds since 1970-01-01 00:00:00)
    axis: T
    valid_min: 1736812810.0
    valid_max: 1736899200.0
    calendar: standard
unlimited dimensions: 
current shape = (8640,)
filling on, default _FillValue of 9.969209968386869e+36 used
Flagged 0 points where air_temperature < 245.0K as bad data (qc_flag = 2).
Found 0 points already flagged as bad data (flag=2)
QC flags successfully added to /gws/pw/j07/ncas_obs_vol2/cao/processing/ncas-temperature-rh-1/data/long-term/level1d/2025/stfc-temperature-rh-1_cao_20250114_surface-met_v1.1.nc.
Updated time units to 'seconds since 1970-01-01 00:00:00' in /gws/pw/j07/ncas_obs_vol2/cao/processing/ncas-temperature-rh-1/data/long-term/level1d/2025/stfc-temperature-rh-1_cao_20250114_surface-met_v1.1.nc
/gws/pw/j07/ncas_obs_vol2/cao/raw_data/met_cao/data/long-term/2025/202501/CR1000XSeries_Chilbolton_Rxcabinmet1_20250115.dat
Parsed column names: ['TIMESTAMP', 'RECORD', 'BattV_Avg', 'PTemp_C_Avg', 'Air_T_Avg', 'RH_Avg', 'BP_mbar_Avg', 'WS_Avg', 'WD_Avg', 'SlrW_Avg', 'rg001dc_ch_Tot', 'rg006dc_ch_Tot', 'rg008dc_ch_Tot', 'rg009dc_ch_Tot', 'rg004tb_ch_Tot']
shape: (8_640, 3)
┌─────────────────────┬───────────┬────────┐
│ TIMESTAMP           ┆ Air_T_Avg ┆ RH_Avg │
│ ---                 ┆ ---       ┆ ---    │
│ datetime[μs]        ┆ f64       ┆ f64    │
╞═════════════════════╪═══════════╪════════╡
│ 2025-01-15 00:00:10 ┆ 280.97    ┆ 99.98  │
│ 2025-01-15 00:00:20 ┆ 280.97    ┆ 99.98  │
│ 2025-01-15 00:00:30 ┆ 280.95    ┆ 99.98  │
│ 2025-01-15 00:00:40 ┆ 280.95    ┆ 99.98  │
│ 2025-01-15 00:00:50 ┆ 280.95    ┆ 99.98  │
│ …                   ┆ …         ┆ …      │
│ 2025-01-15 23:59:20 ┆ 276.19    ┆ 99.96  │
│ 2025-01-15 23:59:30 ┆ 276.17    ┆ 99.96  │
│ 2025-01-15 23:59:40 ┆ 276.15    ┆ 99.96  │
│ 2025-01-15 23:59:50 ┆ 276.15    ┆ 99.96  │
│ 2025-01-16 00:00:00 ┆ 276.15    ┆ 99.96  │
└─────────────────────┴───────────┴────────┘
[INFO] Correcting the 'time' variable in the NetCDF file.
<class 'netCDF4.Variable'>
float64 time(time)
    units: seconds since 1970-01-01 00:00:00
    standard_name: time
    long_name: Time (seconds since 1970-01-01 00:00:00)
    axis: T
    valid_min: 1736899210.0
    valid_max: 1736985600.0
    calendar: standard
unlimited dimensions: 
current shape = (8640,)
filling on, default _FillValue of 9.969209968386869e+36 used
Flagged 0 points where air_temperature < 245.0K as bad data (qc_flag = 2).
Found 0 points already flagged as bad data (flag=2)
QC flags successfully added to /gws/pw/j07/ncas_obs_vol2/cao/processing/ncas-temperature-rh-1/data/long-term/level1d/2025/stfc-temperature-rh-1_cao_20250115_surface-met_v1.1.nc.
Updated time units to 'seconds since 1970-01-01 00:00:00' in /gws/pw/j07/ncas_obs_vol2/cao/processing/ncas-temperature-rh-1/data/long-term/level1d/2025/stfc-temperature-rh-1_cao_20250115_surface-met_v1.1.nc
/gws/pw/j07/ncas_obs_vol2/cao/raw_data/met_cao/data/long-term/2025/202501/CR1000XSeries_Chilbolton_Rxcabinmet1_20250116.dat
Parsed column names: ['TIMESTAMP', 'RECORD', 'BattV_Avg', 'PTemp_C_Avg', 'Air_T_Avg', 'RH_Avg', 'BP_mbar_Avg', 'WS_Avg', 'WD_Avg', 'SlrW_Avg', 'rg001dc_ch_Tot', 'rg006dc_ch_Tot', 'rg008dc_ch_Tot', 'rg009dc_ch_Tot', 'rg004tb_ch_Tot']
shape: (8_640, 3)
┌─────────────────────┬───────────┬────────┐
│ TIMESTAMP           ┆ Air_T_Avg ┆ RH_Avg │
│ ---                 ┆ ---       ┆ ---    │
│ datetime[μs]        ┆ f64       ┆ f64    │
╞═════════════════════╪═══════════╪════════╡
│ 2025-01-16 00:00:10 ┆ 276.13    ┆ 99.94  │
│ 2025-01-16 00:00:20 ┆ 276.13    ┆ 99.98  │
│ 2025-01-16 00:00:30 ┆ 276.13    ┆ 99.96  │
│ 2025-01-16 00:00:40 ┆ 276.13    ┆ 99.98  │
│ 2025-01-16 00:00:50 ┆ 276.13    ┆ 99.98  │
│ …                   ┆ …         ┆ …      │
│ 2025-01-16 23:59:20 ┆ 279.43    ┆ 84.8   │
│ 2025-01-16 23:59:30 ┆ 279.43    ┆ 84.66  │
│ 2025-01-16 23:59:40 ┆ 279.43    ┆ 84.48  │
│ 2025-01-16 23:59:50 ┆ 279.43    ┆ 84.4   │
│ 2025-01-17 00:00:00 ┆ 279.45    ┆ 84.4   │
└─────────────────────┴───────────┴────────┘
[INFO] Correcting the 'time' variable in the NetCDF file.
<class 'netCDF4.Variable'>
float64 time(time)
    units: seconds since 1970-01-01 00:00:00
    standard_name: time
    long_name: Time (seconds since 1970-01-01 00:00:00)
    axis: T
    valid_min: 1736985610.0
    valid_max: 1737072000.0
    calendar: standard
unlimited dimensions: 
current shape = (8640,)
filling on, default _FillValue of 9.969209968386869e+36 used
Flagged 0 points where air_temperature < 245.0K as bad data (qc_flag = 2).
Found 0 points already flagged as bad data (flag=2)
QC flags successfully added to /gws/pw/j07/ncas_obs_vol2/cao/processing/ncas-temperature-rh-1/data/long-term/level1d/2025/stfc-temperature-rh-1_cao_20250116_surface-met_v1.1.nc.
Updated time units to 'seconds since 1970-01-01 00:00:00' in /gws/pw/j07/ncas_obs_vol2/cao/processing/ncas-temperature-rh-1/data/long-term/level1d/2025/stfc-temperature-rh-1_cao_20250116_surface-met_v1.1.nc
/gws/pw/j07/ncas_obs_vol2/cao/raw_data/met_cao/data/long-term/2025/202501/CR1000XSeries_Chilbolton_Rxcabinmet1_20250117.dat
Parsed column names: ['TIMESTAMP', 'RECORD', 'BattV_Avg', 'PTemp_C_Avg', 'Air_T_Avg', 'RH_Avg', 'BP_mbar_Avg', 'WS_Avg', 'WD_Avg', 'SlrW_Avg', 'rg001dc_ch_Tot', 'rg006dc_ch_Tot', 'rg008dc_ch_Tot', 'rg009dc_ch_Tot', 'rg004tb_ch_Tot']
shape: (8_640, 3)
┌─────────────────────┬───────────┬────────┐
│ TIMESTAMP           ┆ Air_T_Avg ┆ RH_Avg │
│ ---                 ┆ ---       ┆ ---    │
│ datetime[μs]        ┆ f64       ┆ f64    │
╞═════════════════════╪═══════════╪════════╡
│ 2025-01-17 00:00:10 ┆ 279.45    ┆ 84.38  │
│ 2025-01-17 00:00:20 ┆ 279.45    ┆ 84.46  │
│ 2025-01-17 00:00:30 ┆ 279.45    ┆ 84.58  │
│ 2025-01-17 00:00:40 ┆ 279.43    ┆ 84.64  │
│ 2025-01-17 00:00:50 ┆ 279.43    ┆ 84.6   │
│ …                   ┆ …         ┆ …      │
│ 2025-01-17 23:59:20 ┆ 276.35    ┆ 87.98  │
│ 2025-01-17 23:59:30 ┆ 276.35    ┆ 87.92  │
│ 2025-01-17 23:59:40 ┆ 276.33    ┆ 87.92  │
│ 2025-01-17 23:59:50 ┆ 276.33    ┆ 87.92  │
│ 2025-01-18 00:00:00 ┆ 276.33    ┆ 88.02  │
└─────────────────────┴───────────┴────────┘
[INFO] Correcting the 'time' variable in the NetCDF file.
<class 'netCDF4.Variable'>
float64 time(time)
    units: seconds since 1970-01-01 00:00:00
    standard_name: time
    long_name: Time (seconds since 1970-01-01 00:00:00)
    axis: T
    valid_min: 1737072010.0
    valid_max: 1737158400.0
    calendar: standard
unlimited dimensions: 
current shape = (8640,)
filling on, default _FillValue of 9.969209968386869e+36 used
Flagged 0 points where air_temperature < 245.0K as bad data (qc_flag = 2).
Found 0 points already flagged as bad data (flag=2)
QC flags successfully added to /gws/pw/j07/ncas_obs_vol2/cao/processing/ncas-temperature-rh-1/data/long-term/level1d/2025/stfc-temperature-rh-1_cao_20250117_surface-met_v1.1.nc.
Updated time units to 'seconds since 1970-01-01 00:00:00' in /gws/pw/j07/ncas_obs_vol2/cao/processing/ncas-temperature-rh-1/data/long-term/level1d/2025/stfc-temperature-rh-1_cao_20250117_surface-met_v1.1.nc
/gws/pw/j07/ncas_obs_vol2/cao/raw_data/met_cao/data/long-term/2025/202501/CR1000XSeries_Chilbolton_Rxcabinmet1_20250118.dat
Parsed column names: ['TIMESTAMP', 'RECORD', 'BattV_Avg', 'PTemp_C_Avg', 'Air_T_Avg', 'RH_Avg', 'BP_mbar_Avg', 'WS_Avg', 'WD_Avg', 'SlrW_Avg', 'rg001dc_ch_Tot', 'rg006dc_ch_Tot', 'rg008dc_ch_Tot', 'rg009dc_ch_Tot', 'rg004tb_ch_Tot']
shape: (8_640, 3)
┌─────────────────────┬───────────┬────────┐
│ TIMESTAMP           ┆ Air_T_Avg ┆ RH_Avg │
│ ---                 ┆ ---       ┆ ---    │
│ datetime[μs]        ┆ f64       ┆ f64    │
╞═════════════════════╪═══════════╪════════╡
│ 2025-01-18 00:00:10 ┆ 276.33    ┆ 88.12  │
│ 2025-01-18 00:00:20 ┆ 276.33    ┆ 88.2   │
│ 2025-01-18 00:00:30 ┆ 276.33    ┆ 88.24  │
│ 2025-01-18 00:00:40 ┆ 276.35    ┆ 88.24  │
│ 2025-01-18 00:00:50 ┆ 276.33    ┆ 88.22  │
│ …                   ┆ …         ┆ …      │
│ 2025-01-18 23:59:20 ┆ 274.11    ┆ 95.04  │
│ 2025-01-18 23:59:30 ┆ 274.11    ┆ 94.88  │
│ 2025-01-18 23:59:40 ┆ 274.13    ┆ 94.9   │
│ 2025-01-18 23:59:50 ┆ 274.13    ┆ 95.02  │
│ 2025-01-19 00:00:00 ┆ 274.13    ┆ 95.14  │
└─────────────────────┴───────────┴────────┘
[INFO] Correcting the 'time' variable in the NetCDF file.
<class 'netCDF4.Variable'>
float64 time(time)
    units: seconds since 1970-01-01 00:00:00
    standard_name: time
    long_name: Time (seconds since 1970-01-01 00:00:00)
    axis: T
    valid_min: 1737158410.0
    valid_max: 1737244800.0
    calendar: standard
unlimited dimensions: 
current shape = (8640,)
filling on, default _FillValue of 9.969209968386869e+36 used
Flagged 0 points where air_temperature < 245.0K as bad data (qc_flag = 2).
Found 0 points already flagged as bad data (flag=2)
QC flags successfully added to /gws/pw/j07/ncas_obs_vol2/cao/processing/ncas-temperature-rh-1/data/long-term/level1d/2025/stfc-temperature-rh-1_cao_20250118_surface-met_v1.1.nc.
Updated time units to 'seconds since 1970-01-01 00:00:00' in /gws/pw/j07/ncas_obs_vol2/cao/processing/ncas-temperature-rh-1/data/long-term/level1d/2025/stfc-temperature-rh-1_cao_20250118_surface-met_v1.1.nc
/gws/pw/j07/ncas_obs_vol2/cao/raw_data/met_cao/data/long-term/2025/202501/CR1000XSeries_Chilbolton_Rxcabinmet1_20250119.dat
Parsed column names: ['TIMESTAMP', 'RECORD', 'BattV_Avg', 'PTemp_C_Avg', 'Air_T_Avg', 'RH_Avg', 'BP_mbar_Avg', 'WS_Avg', 'WD_Avg', 'SlrW_Avg', 'rg001dc_ch_Tot', 'rg006dc_ch_Tot', 'rg008dc_ch_Tot', 'rg009dc_ch_Tot', 'rg004tb_ch_Tot']
shape: (8_640, 3)
┌─────────────────────┬───────────┬────────┐
│ TIMESTAMP           ┆ Air_T_Avg ┆ RH_Avg │
│ ---                 ┆ ---       ┆ ---    │
│ datetime[μs]        ┆ f64       ┆ f64    │
╞═════════════════════╪═══════════╪════════╡
│ 2025-01-19 00:00:10 ┆ 274.13    ┆ 95.28  │
│ 2025-01-19 00:00:20 ┆ 274.13    ┆ 95.46  │
│ 2025-01-19 00:00:30 ┆ 274.13    ┆ 95.62  │
│ 2025-01-19 00:00:40 ┆ 274.13    ┆ 95.72  │
│ 2025-01-19 00:00:50 ┆ 274.13    ┆ 95.66  │
│ …                   ┆ …         ┆ …      │
│ 2025-01-19 23:59:20 ┆ 275.11    ┆ 93.48  │
│ 2025-01-19 23:59:30 ┆ 275.11    ┆ 93.52  │
│ 2025-01-19 23:59:40 ┆ 275.11    ┆ 93.52  │
│ 2025-01-19 23:59:50 ┆ 275.11    ┆ 93.52  │
│ 2025-01-20 00:00:00 ┆ 275.11    ┆ 93.5   │
└─────────────────────┴───────────┴────────┘
[INFO] Correcting the 'time' variable in the NetCDF file.
<class 'netCDF4.Variable'>
float64 time(time)
    units: seconds since 1970-01-01 00:00:00
    standard_name: time
    long_name: Time (seconds since 1970-01-01 00:00:00)
    axis: T
    valid_min: 1737244810.0
    valid_max: 1737331200.0
    calendar: standard
unlimited dimensions: 
current shape = (8640,)
filling on, default _FillValue of 9.969209968386869e+36 used
Flagged 0 points where air_temperature < 245.0K as bad data (qc_flag = 2).
Found 0 points already flagged as bad data (flag=2)
QC flags successfully added to /gws/pw/j07/ncas_obs_vol2/cao/processing/ncas-temperature-rh-1/data/long-term/level1d/2025/stfc-temperature-rh-1_cao_20250119_surface-met_v1.1.nc.
Updated time units to 'seconds since 1970-01-01 00:00:00' in /gws/pw/j07/ncas_obs_vol2/cao/processing/ncas-temperature-rh-1/data/long-term/level1d/2025/stfc-temperature-rh-1_cao_20250119_surface-met_v1.1.nc
/gws/pw/j07/ncas_obs_vol2/cao/raw_data/met_cao/data/long-term/2025/202501/CR1000XSeries_Chilbolton_Rxcabinmet1_20250120.dat
Parsed column names: ['TIMESTAMP', 'RECORD', 'BattV_Avg', 'PTemp_C_Avg', 'Air_T_Avg', 'RH_Avg', 'BP_mbar_Avg', 'WS_Avg', 'WD_Avg', 'SlrW_Avg', 'rg001dc_ch_Tot', 'rg006dc_ch_Tot', 'rg008dc_ch_Tot', 'rg009dc_ch_Tot', 'rg004tb_ch_Tot']
shape: (8_640, 3)
┌─────────────────────┬───────────┬────────┐
│ TIMESTAMP           ┆ Air_T_Avg ┆ RH_Avg │
│ ---                 ┆ ---       ┆ ---    │
│ datetime[μs]        ┆ f64       ┆ f64    │
╞═════════════════════╪═══════════╪════════╡
│ 2025-01-20 00:00:10 ┆ 275.11    ┆ 93.48  │
│ 2025-01-20 00:00:20 ┆ 275.11    ┆ 93.48  │
│ 2025-01-20 00:00:30 ┆ 275.11    ┆ 93.44  │
│ 2025-01-20 00:00:40 ┆ 275.11    ┆ 93.42  │
│ 2025-01-20 00:00:50 ┆ 275.11    ┆ 93.36  │
│ …                   ┆ …         ┆ …      │
│ 2025-01-20 23:59:20 ┆ 274.63    ┆ 99.74  │
│ 2025-01-20 23:59:30 ┆ 274.63    ┆ 99.9   │
│ 2025-01-20 23:59:40 ┆ 274.67    ┆ 99.96  │
│ 2025-01-20 23:59:50 ┆ 274.69    ┆ 99.96  │
│ 2025-01-21 00:00:00 ┆ 274.69    ┆ 99.96  │
└─────────────────────┴───────────┴────────┘
[INFO] Correcting the 'time' variable in the NetCDF file.
<class 'netCDF4.Variable'>
float64 time(time)
    units: seconds since 1970-01-01 00:00:00
    standard_name: time
    long_name: Time (seconds since 1970-01-01 00:00:00)
    axis: T
    valid_min: 1737331210.0
    valid_max: 1737417600.0
    calendar: standard
unlimited dimensions: 
current shape = (8640,)
filling on, default _FillValue of 9.969209968386869e+36 used
Flagged 0 points where air_temperature < 245.0K as bad data (qc_flag = 2).
Found 0 points already flagged as bad data (flag=2)
QC flags successfully added to /gws/pw/j07/ncas_obs_vol2/cao/processing/ncas-temperature-rh-1/data/long-term/level1d/2025/stfc-temperature-rh-1_cao_20250120_surface-met_v1.1.nc.
Updated time units to 'seconds since 1970-01-01 00:00:00' in /gws/pw/j07/ncas_obs_vol2/cao/processing/ncas-temperature-rh-1/data/long-term/level1d/2025/stfc-temperature-rh-1_cao_20250120_surface-met_v1.1.nc
/gws/pw/j07/ncas_obs_vol2/cao/raw_data/met_cao/data/long-term/2025/202501/CR1000XSeries_Chilbolton_Rxcabinmet1_20250121.dat
Parsed column names: ['TIMESTAMP', 'RECORD', 'BattV_Avg', 'PTemp_C_Avg', 'Air_T_Avg', 'RH_Avg', 'BP_mbar_Avg', 'WS_Avg', 'WD_Avg', 'SlrW_Avg', 'rg001dc_ch_Tot', 'rg006dc_ch_Tot', 'rg008dc_ch_Tot', 'rg009dc_ch_Tot', 'rg004tb_ch_Tot']
shape: (8_640, 3)
┌─────────────────────┬───────────┬────────┐
│ TIMESTAMP           ┆ Air_T_Avg ┆ RH_Avg │
│ ---                 ┆ ---       ┆ ---    │
│ datetime[μs]        ┆ f64       ┆ f64    │
╞═════════════════════╪═══════════╪════════╡
│ 2025-01-21 00:00:10 ┆ 274.67    ┆ 99.96  │
│ 2025-01-21 00:00:20 ┆ 274.65    ┆ 99.96  │
│ 2025-01-21 00:00:30 ┆ 274.65    ┆ 99.96  │
│ 2025-01-21 00:00:40 ┆ 274.61    ┆ 99.94  │
│ 2025-01-21 00:00:50 ┆ 274.59    ┆ 99.96  │
│ …                   ┆ …         ┆ …      │
│ 2025-01-21 23:59:20 ┆ 275.81    ┆ 97.14  │
│ 2025-01-21 23:59:30 ┆ 275.81    ┆ 96.82  │
│ 2025-01-21 23:59:40 ┆ 275.81    ┆ 96.54  │
│ 2025-01-21 23:59:50 ┆ 275.81    ┆ 96.54  │
│ 2025-01-22 00:00:00 ┆ 275.79    ┆ 96.6   │
└─────────────────────┴───────────┴────────┘
[INFO] Correcting the 'time' variable in the NetCDF file.
<class 'netCDF4.Variable'>
float64 time(time)
    units: seconds since 1970-01-01 00:00:00
    standard_name: time
    long_name: Time (seconds since 1970-01-01 00:00:00)
    axis: T
    valid_min: 1737417610.0
    valid_max: 1737504000.0
    calendar: standard
unlimited dimensions: 
current shape = (8640,)
filling on, default _FillValue of 9.969209968386869e+36 used
Flagged 0 points where air_temperature < 245.0K as bad data (qc_flag = 2).
Found 0 points already flagged as bad data (flag=2)
QC flags successfully added to /gws/pw/j07/ncas_obs_vol2/cao/processing/ncas-temperature-rh-1/data/long-term/level1d/2025/stfc-temperature-rh-1_cao_20250121_surface-met_v1.1.nc.
Updated time units to 'seconds since 1970-01-01 00:00:00' in /gws/pw/j07/ncas_obs_vol2/cao/processing/ncas-temperature-rh-1/data/long-term/level1d/2025/stfc-temperature-rh-1_cao_20250121_surface-met_v1.1.nc
/gws/pw/j07/ncas_obs_vol2/cao/raw_data/met_cao/data/long-term/2025/202501/CR1000XSeries_Chilbolton_Rxcabinmet1_20250122.dat
Parsed column names: ['TIMESTAMP', 'RECORD', 'BattV_Avg', 'PTemp_C_Avg', 'Air_T_Avg', 'RH_Avg', 'BP_mbar_Avg', 'WS_Avg', 'WD_Avg', 'SlrW_Avg', 'rg001dc_ch_Tot', 'rg006dc_ch_Tot', 'rg008dc_ch_Tot', 'rg009dc_ch_Tot', 'rg004tb_ch_Tot']
shape: (8_640, 3)
┌─────────────────────┬───────────┬────────┐
│ TIMESTAMP           ┆ Air_T_Avg ┆ RH_Avg │
│ ---                 ┆ ---       ┆ ---    │
│ datetime[μs]        ┆ f64       ┆ f64    │
╞═════════════════════╪═══════════╪════════╡
│ 2025-01-22 00:00:10 ┆ 275.81    ┆ 96.82  │
│ 2025-01-22 00:00:20 ┆ 275.81    ┆ 97.1   │
│ 2025-01-22 00:00:30 ┆ 275.81    ┆ 97.42  │
│ 2025-01-22 00:00:40 ┆ 275.79    ┆ 97.64  │
│ 2025-01-22 00:00:50 ┆ 275.81    ┆ 97.56  │
│ …                   ┆ …         ┆ …      │
│ 2025-01-22 23:59:20 ┆ 275.07    ┆ 99.96  │
│ 2025-01-22 23:59:30 ┆ 275.07    ┆ 99.96  │
│ 2025-01-22 23:59:40 ┆ 275.07    ┆ 99.96  │
│ 2025-01-22 23:59:50 ┆ 275.07    ┆ 99.94  │
│ 2025-01-23 00:00:00 ┆ 275.07    ┆ 99.96  │
└─────────────────────┴───────────┴────────┘
[INFO] Correcting the 'time' variable in the NetCDF file.
<class 'netCDF4.Variable'>
float64 time(time)
    units: seconds since 1970-01-01 00:00:00
    standard_name: time
    long_name: Time (seconds since 1970-01-01 00:00:00)
    axis: T
    valid_min: 1737504010.0
    valid_max: 1737590400.0
    calendar: standard
unlimited dimensions: 
current shape = (8640,)
filling on, default _FillValue of 9.969209968386869e+36 used
Flagged 0 points where air_temperature < 245.0K as bad data (qc_flag = 2).
Found 0 points already flagged as bad data (flag=2)
QC flags successfully added to /gws/pw/j07/ncas_obs_vol2/cao/processing/ncas-temperature-rh-1/data/long-term/level1d/2025/stfc-temperature-rh-1_cao_20250122_surface-met_v1.1.nc.
Updated time units to 'seconds since 1970-01-01 00:00:00' in /gws/pw/j07/ncas_obs_vol2/cao/processing/ncas-temperature-rh-1/data/long-term/level1d/2025/stfc-temperature-rh-1_cao_20250122_surface-met_v1.1.nc
/gws/pw/j07/ncas_obs_vol2/cao/raw_data/met_cao/data/long-term/2025/202501/CR1000XSeries_Chilbolton_Rxcabinmet1_20250123.dat
Parsed column names: ['TIMESTAMP', 'RECORD', 'BattV_Avg', 'PTemp_C_Avg', 'Air_T_Avg', 'RH_Avg', 'BP_mbar_Avg', 'WS_Avg', 'WD_Avg', 'SlrW_Avg', 'rg001dc_ch_Tot', 'rg006dc_ch_Tot', 'rg008dc_ch_Tot', 'rg009dc_ch_Tot', 'rg004tb_ch_Tot']
shape: (8_640, 3)
┌─────────────────────┬───────────┬────────┐
│ TIMESTAMP           ┆ Air_T_Avg ┆ RH_Avg │
│ ---                 ┆ ---       ┆ ---    │
│ datetime[μs]        ┆ f64       ┆ f64    │
╞═════════════════════╪═══════════╪════════╡
│ 2025-01-23 00:00:10 ┆ 275.07    ┆ 99.96  │
│ 2025-01-23 00:00:20 ┆ 275.07    ┆ 99.96  │
│ 2025-01-23 00:00:30 ┆ 275.07    ┆ 99.96  │
│ 2025-01-23 00:00:40 ┆ 275.07    ┆ 99.98  │
│ 2025-01-23 00:00:50 ┆ 275.07    ┆ 99.96  │
│ …                   ┆ …         ┆ …      │
│ 2025-01-23 23:59:20 ┆ 281.43    ┆ 88.68  │
│ 2025-01-23 23:59:30 ┆ 281.41    ┆ 88.68  │
│ 2025-01-23 23:59:40 ┆ 281.39    ┆ 88.58  │
│ 2025-01-23 23:59:50 ┆ 281.39    ┆ 88.42  │
│ 2025-01-24 00:00:00 ┆ 281.37    ┆ 88.18  │
└─────────────────────┴───────────┴────────┘
[INFO] Correcting the 'time' variable in the NetCDF file.
<class 'netCDF4.Variable'>
float64 time(time)
    units: seconds since 1970-01-01 00:00:00
    standard_name: time
    long_name: Time (seconds since 1970-01-01 00:00:00)
    axis: T
    valid_min: 1737590410.0
    valid_max: 1737676800.0
    calendar: standard
unlimited dimensions: 
current shape = (8640,)
filling on, default _FillValue of 9.969209968386869e+36 used
Flagged 0 points where air_temperature < 245.0K as bad data (qc_flag = 2).
Found 0 points already flagged as bad data (flag=2)
QC flags successfully added to /gws/pw/j07/ncas_obs_vol2/cao/processing/ncas-temperature-rh-1/data/long-term/level1d/2025/stfc-temperature-rh-1_cao_20250123_surface-met_v1.1.nc.
Updated time units to 'seconds since 1970-01-01 00:00:00' in /gws/pw/j07/ncas_obs_vol2/cao/processing/ncas-temperature-rh-1/data/long-term/level1d/2025/stfc-temperature-rh-1_cao_20250123_surface-met_v1.1.nc
/gws/pw/j07/ncas_obs_vol2/cao/raw_data/met_cao/data/long-term/2025/202501/CR1000XSeries_Chilbolton_Rxcabinmet1_20250124.dat
Parsed column names: ['TIMESTAMP', 'RECORD', 'BattV_Avg', 'PTemp_C_Avg', 'Air_T_Avg', 'RH_Avg', 'BP_mbar_Avg', 'WS_Avg', 'WD_Avg', 'SlrW_Avg', 'rg001dc_ch_Tot', 'rg006dc_ch_Tot', 'rg008dc_ch_Tot', 'rg009dc_ch_Tot', 'rg004tb_ch_Tot']
shape: (8_640, 3)
┌─────────────────────┬───────────┬────────┐
│ TIMESTAMP           ┆ Air_T_Avg ┆ RH_Avg │
│ ---                 ┆ ---       ┆ ---    │
│ datetime[μs]        ┆ f64       ┆ f64    │
╞═════════════════════╪═══════════╪════════╡
│ 2025-01-24 00:00:10 ┆ 281.39    ┆ 88.04  │
│ 2025-01-24 00:00:20 ┆ 281.39    ┆ 88.1   │
│ 2025-01-24 00:00:30 ┆ 281.37    ┆ 88.26  │
│ 2025-01-24 00:00:40 ┆ 281.37    ┆ 88.54  │
│ 2025-01-24 00:00:50 ┆ 281.37    ┆ 88.86  │
│ …                   ┆ …         ┆ …      │
│ 2025-01-24 23:59:20 ┆ 281.29    ┆ 86.24  │
│ 2025-01-24 23:59:30 ┆ 281.31    ┆ 86.14  │
│ 2025-01-24 23:59:40 ┆ 281.31    ┆ 86.02  │
│ 2025-01-24 23:59:50 ┆ 281.31    ┆ 86.04  │
│ 2025-01-25 00:00:00 ┆ 281.31    ┆ 86.12  │
└─────────────────────┴───────────┴────────┘
[INFO] Correcting the 'time' variable in the NetCDF file.
<class 'netCDF4.Variable'>
float64 time(time)
    units: seconds since 1970-01-01 00:00:00
    standard_name: time
    long_name: Time (seconds since 1970-01-01 00:00:00)
    axis: T
    valid_min: 1737676810.0
    valid_max: 1737763200.0
    calendar: standard
unlimited dimensions: 
current shape = (8640,)
filling on, default _FillValue of 9.969209968386869e+36 used
Flagged 0 points where air_temperature < 245.0K as bad data (qc_flag = 2).
Found 0 points already flagged as bad data (flag=2)
QC flags successfully added to /gws/pw/j07/ncas_obs_vol2/cao/processing/ncas-temperature-rh-1/data/long-term/level1d/2025/stfc-temperature-rh-1_cao_20250124_surface-met_v1.1.nc.
Updated time units to 'seconds since 1970-01-01 00:00:00' in /gws/pw/j07/ncas_obs_vol2/cao/processing/ncas-temperature-rh-1/data/long-term/level1d/2025/stfc-temperature-rh-1_cao_20250124_surface-met_v1.1.nc
/gws/pw/j07/ncas_obs_vol2/cao/raw_data/met_cao/data/long-term/2025/202501/CR1000XSeries_Chilbolton_Rxcabinmet1_20250125.dat
Parsed column names: ['TIMESTAMP', 'RECORD', 'BattV_Avg', 'PTemp_C_Avg', 'Air_T_Avg', 'RH_Avg', 'BP_mbar_Avg', 'WS_Avg', 'WD_Avg', 'SlrW_Avg', 'rg001dc_ch_Tot', 'rg006dc_ch_Tot', 'rg008dc_ch_Tot', 'rg009dc_ch_Tot', 'rg004tb_ch_Tot']
shape: (8_640, 3)
┌─────────────────────┬───────────┬────────┐
│ TIMESTAMP           ┆ Air_T_Avg ┆ RH_Avg │
│ ---                 ┆ ---       ┆ ---    │
│ datetime[μs]        ┆ f64       ┆ f64    │
╞═════════════════════╪═══════════╪════════╡
│ 2025-01-25 00:00:10 ┆ 281.31    ┆ 86.12  │
│ 2025-01-25 00:00:20 ┆ 281.33    ┆ 86.14  │
│ 2025-01-25 00:00:30 ┆ 281.33    ┆ 86.16  │
│ 2025-01-25 00:00:40 ┆ 281.33    ┆ 86.28  │
│ 2025-01-25 00:00:50 ┆ 281.33    ┆ 86.34  │
│ …                   ┆ …         ┆ …      │
│ 2025-01-25 23:59:20 ┆ 275.55    ┆ 83.16  │
│ 2025-01-25 23:59:30 ┆ 275.55    ┆ 83.16  │
│ 2025-01-25 23:59:40 ┆ 275.51    ┆ 83.26  │
│ 2025-01-25 23:59:50 ┆ 275.51    ┆ 83.34  │
│ 2025-01-26 00:00:00 ┆ 275.51    ┆ 83.38  │
└─────────────────────┴───────────┴────────┘
[INFO] Correcting the 'time' variable in the NetCDF file.
<class 'netCDF4.Variable'>
float64 time(time)
    units: seconds since 1970-01-01 00:00:00
    standard_name: time
    long_name: Time (seconds since 1970-01-01 00:00:00)
    axis: T
    valid_min: 1737763210.0
    valid_max: 1737849600.0
    calendar: standard
unlimited dimensions: 
current shape = (8640,)
filling on, default _FillValue of 9.969209968386869e+36 used
Flagged 0 points where air_temperature < 245.0K as bad data (qc_flag = 2).
Found 0 points already flagged as bad data (flag=2)
QC flags successfully added to /gws/pw/j07/ncas_obs_vol2/cao/processing/ncas-temperature-rh-1/data/long-term/level1d/2025/stfc-temperature-rh-1_cao_20250125_surface-met_v1.1.nc.
Updated time units to 'seconds since 1970-01-01 00:00:00' in /gws/pw/j07/ncas_obs_vol2/cao/processing/ncas-temperature-rh-1/data/long-term/level1d/2025/stfc-temperature-rh-1_cao_20250125_surface-met_v1.1.nc
/gws/pw/j07/ncas_obs_vol2/cao/raw_data/met_cao/data/long-term/2025/202501/CR1000XSeries_Chilbolton_Rxcabinmet1_20250126.dat
Parsed column names: ['TIMESTAMP', 'RECORD', 'BattV_Avg', 'PTemp_C_Avg', 'Air_T_Avg', 'RH_Avg', 'BP_mbar_Avg', 'WS_Avg', 'WD_Avg', 'SlrW_Avg', 'rg001dc_ch_Tot', 'rg006dc_ch_Tot', 'rg008dc_ch_Tot', 'rg009dc_ch_Tot', 'rg004tb_ch_Tot']
shape: (8_640, 3)
┌─────────────────────┬───────────┬────────┐
│ TIMESTAMP           ┆ Air_T_Avg ┆ RH_Avg │
│ ---                 ┆ ---       ┆ ---    │
│ datetime[μs]        ┆ f64       ┆ f64    │
╞═════════════════════╪═══════════╪════════╡
│ 2025-01-26 00:00:10 ┆ 275.51    ┆ 83.38  │
│ 2025-01-26 00:00:20 ┆ 275.49    ┆ 83.28  │
│ 2025-01-26 00:00:30 ┆ 275.49    ┆ 83.26  │
│ 2025-01-26 00:00:40 ┆ 275.49    ┆ 83.26  │
│ 2025-01-26 00:00:50 ┆ 275.51    ┆ 83.22  │
│ …                   ┆ …         ┆ …      │
│ 2025-01-26 23:59:20 ┆ 280.69    ┆ 99.98  │
│ 2025-01-26 23:59:30 ┆ 280.69    ┆ 99.98  │
│ 2025-01-26 23:59:40 ┆ 280.69    ┆ 99.9   │
│ 2025-01-26 23:59:50 ┆ 280.71    ┆ 99.68  │
│ 2025-01-27 00:00:00 ┆ 280.71    ┆ 99.84  │
└─────────────────────┴───────────┴────────┘
[INFO] Correcting the 'time' variable in the NetCDF file.
<class 'netCDF4.Variable'>
float64 time(time)
    units: seconds since 1970-01-01 00:00:00
    standard_name: time
    long_name: Time (seconds since 1970-01-01 00:00:00)
    axis: T
    valid_min: 1737849610.0
    valid_max: 1737936000.0
    calendar: standard
unlimited dimensions: 
current shape = (8640,)
filling on, default _FillValue of 9.969209968386869e+36 used
Flagged 0 points where air_temperature < 245.0K as bad data (qc_flag = 2).
Found 0 points already flagged as bad data (flag=2)
QC flags successfully added to /gws/pw/j07/ncas_obs_vol2/cao/processing/ncas-temperature-rh-1/data/long-term/level1d/2025/stfc-temperature-rh-1_cao_20250126_surface-met_v1.1.nc.
Updated time units to 'seconds since 1970-01-01 00:00:00' in /gws/pw/j07/ncas_obs_vol2/cao/processing/ncas-temperature-rh-1/data/long-term/level1d/2025/stfc-temperature-rh-1_cao_20250126_surface-met_v1.1.nc
/gws/pw/j07/ncas_obs_vol2/cao/raw_data/met_cao/data/long-term/2025/202501/CR1000XSeries_Chilbolton_Rxcabinmet1_20250127.dat
Parsed column names: ['TIMESTAMP', 'RECORD', 'BattV_Avg', 'PTemp_C_Avg', 'Air_T_Avg', 'RH_Avg', 'BP_mbar_Avg', 'WS_Avg', 'WD_Avg', 'SlrW_Avg', 'rg001dc_ch_Tot', 'rg006dc_ch_Tot', 'rg008dc_ch_Tot', 'rg009dc_ch_Tot', 'rg004tb_ch_Tot']
shape: (8_640, 3)
┌─────────────────────┬───────────┬────────┐
│ TIMESTAMP           ┆ Air_T_Avg ┆ RH_Avg │
│ ---                 ┆ ---       ┆ ---    │
│ datetime[μs]        ┆ f64       ┆ f64    │
╞═════════════════════╪═══════════╪════════╡
│ 2025-01-27 00:00:10 ┆ 280.71    ┆ 99.98  │
│ 2025-01-27 00:00:20 ┆ 280.71    ┆ 99.98  │
│ 2025-01-27 00:00:30 ┆ 280.69    ┆ 99.98  │
│ 2025-01-27 00:00:40 ┆ 280.71    ┆ 99.98  │
│ 2025-01-27 00:00:50 ┆ 280.71    ┆ 99.98  │
│ …                   ┆ …         ┆ …      │
│ 2025-01-27 23:59:20 ┆ 280.81    ┆ 88.32  │
│ 2025-01-27 23:59:30 ┆ 280.81    ┆ 88.42  │
│ 2025-01-27 23:59:40 ┆ 280.83    ┆ 88.46  │
│ 2025-01-27 23:59:50 ┆ 280.83    ┆ 88.62  │
│ 2025-01-28 00:00:00 ┆ 280.83    ┆ 88.96  │
└─────────────────────┴───────────┴────────┘
[INFO] Correcting the 'time' variable in the NetCDF file.
<class 'netCDF4.Variable'>
float64 time(time)
    units: seconds since 1970-01-01 00:00:00
    standard_name: time
    long_name: Time (seconds since 1970-01-01 00:00:00)
    axis: T
    valid_min: 1737936010.0
    valid_max: 1738022400.0
    calendar: standard
unlimited dimensions: 
current shape = (8640,)
filling on, default _FillValue of 9.969209968386869e+36 used
Flagged 0 points where air_temperature < 245.0K as bad data (qc_flag = 2).
Found 0 points already flagged as bad data (flag=2)
QC flags successfully added to /gws/pw/j07/ncas_obs_vol2/cao/processing/ncas-temperature-rh-1/data/long-term/level1d/2025/stfc-temperature-rh-1_cao_20250127_surface-met_v1.1.nc.
Updated time units to 'seconds since 1970-01-01 00:00:00' in /gws/pw/j07/ncas_obs_vol2/cao/processing/ncas-temperature-rh-1/data/long-term/level1d/2025/stfc-temperature-rh-1_cao_20250127_surface-met_v1.1.nc
/gws/pw/j07/ncas_obs_vol2/cao/raw_data/met_cao/data/long-term/2025/202501/CR1000XSeries_Chilbolton_Rxcabinmet1_20250128.dat
Parsed column names: ['TIMESTAMP', 'RECORD', 'BattV_Avg', 'PTemp_C_Avg', 'Air_T_Avg', 'RH_Avg', 'BP_mbar_Avg', 'WS_Avg', 'WD_Avg', 'SlrW_Avg', 'rg001dc_ch_Tot', 'rg006dc_ch_Tot', 'rg008dc_ch_Tot', 'rg009dc_ch_Tot', 'rg004tb_ch_Tot']
shape: (8_640, 3)
┌─────────────────────┬───────────┬────────┐
│ TIMESTAMP           ┆ Air_T_Avg ┆ RH_Avg │
│ ---                 ┆ ---       ┆ ---    │
│ datetime[μs]        ┆ f64       ┆ f64    │
╞═════════════════════╪═══════════╪════════╡
│ 2025-01-28 00:00:10 ┆ 280.81    ┆ 89.34  │
│ 2025-01-28 00:00:20 ┆ 280.79    ┆ 89.44  │
│ 2025-01-28 00:00:30 ┆ 280.79    ┆ 89.36  │
│ 2025-01-28 00:00:40 ┆ 280.79    ┆ 89.02  │
│ 2025-01-28 00:00:50 ┆ 280.79    ┆ 88.68  │
│ …                   ┆ …         ┆ …      │
│ 2025-01-28 23:59:20 ┆ 278.63    ┆ 88.24  │
│ 2025-01-28 23:59:30 ┆ 278.61    ┆ 88.1   │
│ 2025-01-28 23:59:40 ┆ 278.59    ┆ 87.64  │
│ 2025-01-28 23:59:50 ┆ 278.57    ┆ 87.0   │
│ 2025-01-29 00:00:00 ┆ 278.61    ┆ 86.68  │
└─────────────────────┴───────────┴────────┘
[INFO] Correcting the 'time' variable in the NetCDF file.
<class 'netCDF4.Variable'>
float64 time(time)
    units: seconds since 1970-01-01 00:00:00
    standard_name: time
    long_name: Time (seconds since 1970-01-01 00:00:00)
    axis: T
    valid_min: 1738022410.0
    valid_max: 1738108800.0
    calendar: standard
unlimited dimensions: 
current shape = (8640,)
filling on, default _FillValue of 9.969209968386869e+36 used
Flagged 0 points where air_temperature < 245.0K as bad data (qc_flag = 2).
Found 0 points already flagged as bad data (flag=2)
QC flags successfully added to /gws/pw/j07/ncas_obs_vol2/cao/processing/ncas-temperature-rh-1/data/long-term/level1d/2025/stfc-temperature-rh-1_cao_20250128_surface-met_v1.1.nc.
Updated time units to 'seconds since 1970-01-01 00:00:00' in /gws/pw/j07/ncas_obs_vol2/cao/processing/ncas-temperature-rh-1/data/long-term/level1d/2025/stfc-temperature-rh-1_cao_20250128_surface-met_v1.1.nc
/gws/pw/j07/ncas_obs_vol2/cao/raw_data/met_cao/data/long-term/2025/202501/CR1000XSeries_Chilbolton_Rxcabinmet1_20250129.dat
Parsed column names: ['TIMESTAMP', 'RECORD', 'BattV_Avg', 'PTemp_C_Avg', 'Air_T_Avg', 'RH_Avg', 'BP_mbar_Avg', 'WS_Avg', 'WD_Avg', 'SlrW_Avg', 'rg001dc_ch_Tot', 'rg006dc_ch_Tot', 'rg008dc_ch_Tot', 'rg009dc_ch_Tot', 'rg004tb_ch_Tot']
shape: (8_640, 3)
┌─────────────────────┬───────────┬────────┐
│ TIMESTAMP           ┆ Air_T_Avg ┆ RH_Avg │
│ ---                 ┆ ---       ┆ ---    │
│ datetime[μs]        ┆ f64       ┆ f64    │
╞═════════════════════╪═══════════╪════════╡
│ 2025-01-29 00:00:10 ┆ 278.61    ┆ 86.88  │
│ 2025-01-29 00:00:20 ┆ 278.59    ┆ 87.36  │
│ 2025-01-29 00:00:30 ┆ 278.53    ┆ 88.12  │
│ 2025-01-29 00:00:40 ┆ 278.51    ┆ 88.66  │
│ 2025-01-29 00:00:50 ┆ 278.49    ┆ 88.72  │
│ …                   ┆ …         ┆ …      │
│ 2025-01-29 23:59:20 ┆ 278.67    ┆ 80.68  │
│ 2025-01-29 23:59:30 ┆ 278.67    ┆ 80.54  │
│ 2025-01-29 23:59:40 ┆ 278.67    ┆ 80.14  │
│ 2025-01-29 23:59:50 ┆ 278.65    ┆ 79.68  │
│ 2025-01-30 00:00:00 ┆ 278.65    ┆ 79.36  │
└─────────────────────┴───────────┴────────┘
[INFO] Correcting the 'time' variable in the NetCDF file.
<class 'netCDF4.Variable'>
float64 time(time)
    units: seconds since 1970-01-01 00:00:00
    standard_name: time
    long_name: Time (seconds since 1970-01-01 00:00:00)
    axis: T
    valid_min: 1738108810.0
    valid_max: 1738195200.0
    calendar: standard
unlimited dimensions: 
current shape = (8640,)
filling on, default _FillValue of 9.969209968386869e+36 used
Flagged 0 points where air_temperature < 245.0K as bad data (qc_flag = 2).
Found 0 points already flagged as bad data (flag=2)
QC flags successfully added to /gws/pw/j07/ncas_obs_vol2/cao/processing/ncas-temperature-rh-1/data/long-term/level1d/2025/stfc-temperature-rh-1_cao_20250129_surface-met_v1.1.nc.
Updated time units to 'seconds since 1970-01-01 00:00:00' in /gws/pw/j07/ncas_obs_vol2/cao/processing/ncas-temperature-rh-1/data/long-term/level1d/2025/stfc-temperature-rh-1_cao_20250129_surface-met_v1.1.nc
/gws/pw/j07/ncas_obs_vol2/cao/raw_data/met_cao/data/long-term/2025/202501/CR1000XSeries_Chilbolton_Rxcabinmet1_20250130.dat
Parsed column names: ['TIMESTAMP', 'RECORD', 'BattV_Avg', 'PTemp_C_Avg', 'Air_T_Avg', 'RH_Avg', 'BP_mbar_Avg', 'WS_Avg', 'WD_Avg', 'SlrW_Avg', 'rg001dc_ch_Tot', 'rg006dc_ch_Tot', 'rg008dc_ch_Tot', 'rg009dc_ch_Tot', 'rg004tb_ch_Tot']
shape: (8_640, 3)
┌─────────────────────┬───────────┬────────┐
│ TIMESTAMP           ┆ Air_T_Avg ┆ RH_Avg │
│ ---                 ┆ ---       ┆ ---    │
│ datetime[μs]        ┆ f64       ┆ f64    │
╞═════════════════════╪═══════════╪════════╡
│ 2025-01-30 00:00:10 ┆ 278.63    ┆ 79.62  │
│ 2025-01-30 00:00:20 ┆ 278.63    ┆ 79.9   │
│ 2025-01-30 00:00:30 ┆ 278.63    ┆ 80.22  │
│ 2025-01-30 00:00:40 ┆ 278.63    ┆ 80.74  │
│ 2025-01-30 00:00:50 ┆ 278.61    ┆ 81.1   │
│ …                   ┆ …         ┆ …      │
│ 2025-01-30 23:59:20 ┆ 276.35    ┆ 81.64  │
│ 2025-01-30 23:59:30 ┆ 276.35    ┆ 81.3   │
│ 2025-01-30 23:59:40 ┆ 276.33    ┆ 81.26  │
│ 2025-01-30 23:59:50 ┆ 276.31    ┆ 81.42  │
│ 2025-01-31 00:00:00 ┆ 276.31    ┆ 81.52  │
└─────────────────────┴───────────┴────────┘
[INFO] Correcting the 'time' variable in the NetCDF file.
<class 'netCDF4.Variable'>
float64 time(time)
    units: seconds since 1970-01-01 00:00:00
    standard_name: time
    long_name: Time (seconds since 1970-01-01 00:00:00)
    axis: T
    valid_min: 1738195210.0
    valid_max: 1738281600.0
    calendar: standard
unlimited dimensions: 
current shape = (8640,)
filling on, default _FillValue of 9.969209968386869e+36 used
Flagged 0 points where air_temperature < 245.0K as bad data (qc_flag = 2).
Found 0 points already flagged as bad data (flag=2)
QC flags successfully added to /gws/pw/j07/ncas_obs_vol2/cao/processing/ncas-temperature-rh-1/data/long-term/level1d/2025/stfc-temperature-rh-1_cao_20250130_surface-met_v1.1.nc.
Updated time units to 'seconds since 1970-01-01 00:00:00' in /gws/pw/j07/ncas_obs_vol2/cao/processing/ncas-temperature-rh-1/data/long-term/level1d/2025/stfc-temperature-rh-1_cao_20250130_surface-met_v1.1.nc
/gws/pw/j07/ncas_obs_vol2/cao/raw_data/met_cao/data/long-term/2025/202501/CR1000XSeries_Chilbolton_Rxcabinmet1_20250131.dat
Parsed column names: ['TIMESTAMP', 'RECORD', 'BattV_Avg', 'PTemp_C_Avg', 'Air_T_Avg', 'RH_Avg', 'BP_mbar_Avg', 'WS_Avg', 'WD_Avg', 'SlrW_Avg', 'rg001dc_ch_Tot', 'rg006dc_ch_Tot', 'rg008dc_ch_Tot', 'rg009dc_ch_Tot', 'rg004tb_ch_Tot']
shape: (8_640, 3)
┌─────────────────────┬───────────┬────────┐
│ TIMESTAMP           ┆ Air_T_Avg ┆ RH_Avg │
│ ---                 ┆ ---       ┆ ---    │
│ datetime[μs]        ┆ f64       ┆ f64    │
╞═════════════════════╪═══════════╪════════╡
│ 2025-01-31 00:00:10 ┆ 276.31    ┆ 81.6   │
│ 2025-01-31 00:00:20 ┆ 276.31    ┆ 81.76  │
│ 2025-01-31 00:00:30 ┆ 276.31    ┆ 81.94  │
│ 2025-01-31 00:00:40 ┆ 276.29    ┆ 82.1   │
│ 2025-01-31 00:00:50 ┆ 276.27    ┆ 82.18  │
│ …                   ┆ …         ┆ …      │
│ 2025-01-31 23:59:20 ┆ 278.93    ┆ 89.12  │
│ 2025-01-31 23:59:30 ┆ 278.95    ┆ 89.24  │
│ 2025-01-31 23:59:40 ┆ 278.95    ┆ 89.12  │
│ 2025-01-31 23:59:50 ┆ 278.95    ┆ 89.02  │
│ 2025-02-01 00:00:00 ┆ 278.95    ┆ 88.92  │
└─────────────────────┴───────────┴────────┘
[INFO] Correcting the 'time' variable in the NetCDF file.
<class 'netCDF4.Variable'>
float64 time(time)
    units: seconds since 1970-01-01 00:00:00
    standard_name: time
    long_name: Time (seconds since 1970-01-01 00:00:00)
    axis: T
    valid_min: 1738281610.0
    valid_max: 1738368000.0
    calendar: standard
unlimited dimensions: 
current shape = (8640,)
filling on, default _FillValue of 9.969209968386869e+36 used
Flagged 0 points where air_temperature < 245.0K as bad data (qc_flag = 2).
Found 0 points already flagged as bad data (flag=2)
QC flags successfully added to /gws/pw/j07/ncas_obs_vol2/cao/processing/ncas-temperature-rh-1/data/long-term/level1d/2025/stfc-temperature-rh-1_cao_20250131_surface-met_v1.1.nc.
Updated time units to 'seconds since 1970-01-01 00:00:00' in /gws/pw/j07/ncas_obs_vol2/cao/processing/ncas-temperature-rh-1/data/long-term/level1d/2025/stfc-temperature-rh-1_cao_20250131_surface-met_v1.1.nc
/gws/pw/j07/ncas_obs_vol2/cao/raw_data/met_cao/data/long-term/2025/202502/CR1000XSeries_Chilbolton_Rxcabinmet1_20250201.dat
Parsed column names: ['TIMESTAMP', 'RECORD', 'BattV_Avg', 'PTemp_C_Avg', 'Air_T_Avg', 'RH_Avg', 'BP_mbar_Avg', 'WS_Avg', 'WD_Avg', 'SlrW_Avg', 'rg001dc_ch_Tot', 'rg006dc_ch_Tot', 'rg008dc_ch_Tot', 'rg009dc_ch_Tot', 'rg004tb_ch_Tot']
shape: (8_640, 3)
┌─────────────────────┬───────────┬────────┐
│ TIMESTAMP           ┆ Air_T_Avg ┆ RH_Avg │
│ ---                 ┆ ---       ┆ ---    │
│ datetime[μs]        ┆ f64       ┆ f64    │
╞═════════════════════╪═══════════╪════════╡
│ 2025-02-01 00:00:10 ┆ 278.95    ┆ 88.86  │
│ 2025-02-01 00:00:20 ┆ 278.95    ┆ 88.84  │
│ 2025-02-01 00:00:30 ┆ 278.95    ┆ 88.84  │
│ 2025-02-01 00:00:40 ┆ 278.95    ┆ 88.96  │
│ 2025-02-01 00:00:50 ┆ 278.95    ┆ 89.08  │
│ …                   ┆ …         ┆ …      │
│ 2025-02-01 23:59:20 ┆ 276.91    ┆ 85.26  │
│ 2025-02-01 23:59:30 ┆ 276.91    ┆ 85.42  │
│ 2025-02-01 23:59:40 ┆ 276.91    ┆ 85.68  │
│ 2025-02-01 23:59:50 ┆ 276.91    ┆ 85.76  │
│ 2025-02-02 00:00:00 ┆ 276.91    ┆ 85.7   │
└─────────────────────┴───────────┴────────┘
[INFO] Correcting the 'time' variable in the NetCDF file.
<class 'netCDF4.Variable'>
float64 time(time)
    units: seconds since 1970-01-01 00:00:00
    standard_name: time
    long_name: Time (seconds since 1970-01-01 00:00:00)
    axis: T
    valid_min: 1738368010.0
    valid_max: 1738454400.0
    calendar: standard
unlimited dimensions: 
current shape = (8640,)
filling on, default _FillValue of 9.969209968386869e+36 used
Flagged 0 points where air_temperature < 245.0K as bad data (qc_flag = 2).
Found 0 points already flagged as bad data (flag=2)
QC flags successfully added to /gws/pw/j07/ncas_obs_vol2/cao/processing/ncas-temperature-rh-1/data/long-term/level1d/2025/stfc-temperature-rh-1_cao_20250201_surface-met_v1.1.nc.
Updated time units to 'seconds since 1970-01-01 00:00:00' in /gws/pw/j07/ncas_obs_vol2/cao/processing/ncas-temperature-rh-1/data/long-term/level1d/2025/stfc-temperature-rh-1_cao_20250201_surface-met_v1.1.nc
/gws/pw/j07/ncas_obs_vol2/cao/raw_data/met_cao/data/long-term/2025/202502/CR1000XSeries_Chilbolton_Rxcabinmet1_20250202.dat
Parsed column names: ['TIMESTAMP', 'RECORD', 'BattV_Avg', 'PTemp_C_Avg', 'Air_T_Avg', 'RH_Avg', 'BP_mbar_Avg', 'WS_Avg', 'WD_Avg', 'SlrW_Avg', 'rg001dc_ch_Tot', 'rg006dc_ch_Tot', 'rg008dc_ch_Tot', 'rg009dc_ch_Tot', 'rg004tb_ch_Tot']
shape: (8_640, 3)
┌─────────────────────┬───────────┬────────┐
│ TIMESTAMP           ┆ Air_T_Avg ┆ RH_Avg │
│ ---                 ┆ ---       ┆ ---    │
│ datetime[μs]        ┆ f64       ┆ f64    │
╞═════════════════════╪═══════════╪════════╡
│ 2025-02-02 00:00:10 ┆ 276.91    ┆ 85.56  │
│ 2025-02-02 00:00:20 ┆ 276.91    ┆ 85.44  │
│ 2025-02-02 00:00:30 ┆ 276.89    ┆ 85.22  │
│ 2025-02-02 00:00:40 ┆ 276.89    ┆ 84.98  │
│ 2025-02-02 00:00:50 ┆ 276.89    ┆ 85.02  │
│ …                   ┆ …         ┆ …      │
│ 2025-02-02 23:59:20 ┆ 275.59    ┆ 88.14  │
│ 2025-02-02 23:59:30 ┆ 275.55    ┆ 88.94  │
│ 2025-02-02 23:59:40 ┆ 275.53    ┆ 89.62  │
│ 2025-02-02 23:59:50 ┆ 275.53    ┆ 89.44  │
│ 2025-02-03 00:00:00 ┆ 275.51    ┆ 89.22  │
└─────────────────────┴───────────┴────────┘
[INFO] Correcting the 'time' variable in the NetCDF file.
<class 'netCDF4.Variable'>
float64 time(time)
    units: seconds since 1970-01-01 00:00:00
    standard_name: time
    long_name: Time (seconds since 1970-01-01 00:00:00)
    axis: T
    valid_min: 1738454410.0
    valid_max: 1738540800.0
    calendar: standard
unlimited dimensions: 
current shape = (8640,)
filling on, default _FillValue of 9.969209968386869e+36 used
Flagged 0 points where air_temperature < 245.0K as bad data (qc_flag = 2).
Found 0 points already flagged as bad data (flag=2)
QC flags successfully added to /gws/pw/j07/ncas_obs_vol2/cao/processing/ncas-temperature-rh-1/data/long-term/level1d/2025/stfc-temperature-rh-1_cao_20250202_surface-met_v1.1.nc.
Updated time units to 'seconds since 1970-01-01 00:00:00' in /gws/pw/j07/ncas_obs_vol2/cao/processing/ncas-temperature-rh-1/data/long-term/level1d/2025/stfc-temperature-rh-1_cao_20250202_surface-met_v1.1.nc
/gws/pw/j07/ncas_obs_vol2/cao/raw_data/met_cao/data/long-term/2025/202502/CR1000XSeries_Chilbolton_Rxcabinmet1_20250203.dat
Parsed column names: ['TIMESTAMP', 'RECORD', 'BattV_Avg', 'PTemp_C_Avg', 'Air_T_Avg', 'RH_Avg', 'BP_mbar_Avg', 'WS_Avg', 'WD_Avg', 'SlrW_Avg', 'rg001dc_ch_Tot', 'rg006dc_ch_Tot', 'rg008dc_ch_Tot', 'rg009dc_ch_Tot', 'rg004tb_ch_Tot']
shape: (8_640, 3)
┌─────────────────────┬───────────┬────────┐
│ TIMESTAMP           ┆ Air_T_Avg ┆ RH_Avg │
│ ---                 ┆ ---       ┆ ---    │
│ datetime[μs]        ┆ f64       ┆ f64    │
╞═════════════════════╪═══════════╪════════╡
│ 2025-02-03 00:00:10 ┆ 275.45    ┆ 88.68  │
│ 2025-02-03 00:00:20 ┆ 275.45    ┆ 87.96  │
│ 2025-02-03 00:00:30 ┆ 275.43    ┆ 87.7   │
│ 2025-02-03 00:00:40 ┆ 275.41    ┆ 87.86  │
│ 2025-02-03 00:00:50 ┆ 275.41    ┆ 88.24  │
│ …                   ┆ …         ┆ …      │
│ 2025-02-03 23:59:20 ┆ 280.01    ┆ 99.62  │
│ 2025-02-03 23:59:30 ┆ 279.99    ┆ 98.58  │
│ 2025-02-03 23:59:40 ┆ 279.99    ┆ 98.1   │
│ 2025-02-03 23:59:50 ┆ 279.99    ┆ 98.1   │
│ 2025-02-04 00:00:00 ┆ 280.01    ┆ 98.46  │
└─────────────────────┴───────────┴────────┘
[INFO] Correcting the 'time' variable in the NetCDF file.
<class 'netCDF4.Variable'>
float64 time(time)
    units: seconds since 1970-01-01 00:00:00
    standard_name: time
    long_name: Time (seconds since 1970-01-01 00:00:00)
    axis: T
    valid_min: 1738540810.0
    valid_max: 1738627200.0
    calendar: standard
unlimited dimensions: 
current shape = (8640,)
filling on, default _FillValue of 9.969209968386869e+36 used
Flagged 0 points where air_temperature < 245.0K as bad data (qc_flag = 2).
Found 0 points already flagged as bad data (flag=2)
QC flags successfully added to /gws/pw/j07/ncas_obs_vol2/cao/processing/ncas-temperature-rh-1/data/long-term/level1d/2025/stfc-temperature-rh-1_cao_20250203_surface-met_v1.1.nc.
Updated time units to 'seconds since 1970-01-01 00:00:00' in /gws/pw/j07/ncas_obs_vol2/cao/processing/ncas-temperature-rh-1/data/long-term/level1d/2025/stfc-temperature-rh-1_cao_20250203_surface-met_v1.1.nc
/gws/pw/j07/ncas_obs_vol2/cao/raw_data/met_cao/data/long-term/2025/202502/CR1000XSeries_Chilbolton_Rxcabinmet1_20250204.dat
Parsed column names: ['TIMESTAMP', 'RECORD', 'BattV_Avg', 'PTemp_C_Avg', 'Air_T_Avg', 'RH_Avg', 'BP_mbar_Avg', 'WS_Avg', 'WD_Avg', 'SlrW_Avg', 'rg001dc_ch_Tot', 'rg006dc_ch_Tot', 'rg008dc_ch_Tot', 'rg009dc_ch_Tot', 'rg004tb_ch_Tot']
shape: (8_640, 3)
┌─────────────────────┬───────────┬────────┐
│ TIMESTAMP           ┆ Air_T_Avg ┆ RH_Avg │
│ ---                 ┆ ---       ┆ ---    │
│ datetime[μs]        ┆ f64       ┆ f64    │
╞═════════════════════╪═══════════╪════════╡
│ 2025-02-04 00:00:10 ┆ 279.99    ┆ 99.04  │
│ 2025-02-04 00:00:20 ┆ 279.99    ┆ 99.86  │
│ 2025-02-04 00:00:30 ┆ 280.01    ┆ 99.98  │
│ 2025-02-04 00:00:40 ┆ 279.99    ┆ 99.98  │
│ 2025-02-04 00:00:50 ┆ 279.99    ┆ 99.76  │
│ …                   ┆ …         ┆ …      │
│ 2025-02-04 23:59:20 ┆ 278.47    ┆ 90.84  │
│ 2025-02-04 23:59:30 ┆ 278.53    ┆ 90.16  │
│ 2025-02-04 23:59:40 ┆ 278.57    ┆ 89.86  │
│ 2025-02-04 23:59:50 ┆ 278.57    ┆ 89.82  │
│ 2025-02-05 00:00:00 ┆ 278.53    ┆ 90.02  │
└─────────────────────┴───────────┴────────┘
[INFO] Correcting the 'time' variable in the NetCDF file.
<class 'netCDF4.Variable'>
float64 time(time)
    units: seconds since 1970-01-01 00:00:00
    standard_name: time
    long_name: Time (seconds since 1970-01-01 00:00:00)
    axis: T
    valid_min: 1738627210.0
    valid_max: 1738713600.0
    calendar: standard
unlimited dimensions: 
current shape = (8640,)
filling on, default _FillValue of 9.969209968386869e+36 used
Flagged 0 points where air_temperature < 245.0K as bad data (qc_flag = 2).
Found 0 points already flagged as bad data (flag=2)
QC flags successfully added to /gws/pw/j07/ncas_obs_vol2/cao/processing/ncas-temperature-rh-1/data/long-term/level1d/2025/stfc-temperature-rh-1_cao_20250204_surface-met_v1.1.nc.
Updated time units to 'seconds since 1970-01-01 00:00:00' in /gws/pw/j07/ncas_obs_vol2/cao/processing/ncas-temperature-rh-1/data/long-term/level1d/2025/stfc-temperature-rh-1_cao_20250204_surface-met_v1.1.nc
/gws/pw/j07/ncas_obs_vol2/cao/raw_data/met_cao/data/long-term/2025/202502/CR1000XSeries_Chilbolton_Rxcabinmet1_20250205.dat
Parsed column names: ['TIMESTAMP', 'RECORD', 'BattV_Avg', 'PTemp_C_Avg', 'Air_T_Avg', 'RH_Avg', 'BP_mbar_Avg', 'WS_Avg', 'WD_Avg', 'SlrW_Avg', 'rg001dc_ch_Tot', 'rg006dc_ch_Tot', 'rg008dc_ch_Tot', 'rg009dc_ch_Tot', 'rg004tb_ch_Tot']
shape: (8_640, 3)
┌─────────────────────┬───────────┬────────┐
│ TIMESTAMP           ┆ Air_T_Avg ┆ RH_Avg │
│ ---                 ┆ ---       ┆ ---    │
│ datetime[μs]        ┆ f64       ┆ f64    │
╞═════════════════════╪═══════════╪════════╡
│ 2025-02-05 00:00:10 ┆ 278.45    ┆ 90.44  │
│ 2025-02-05 00:00:20 ┆ 278.43    ┆ 90.62  │
│ 2025-02-05 00:00:30 ┆ 278.41    ┆ 90.6   │
│ 2025-02-05 00:00:40 ┆ 278.35    ┆ 90.76  │
│ 2025-02-05 00:00:50 ┆ 278.31    ┆ 90.82  │
│ …                   ┆ …         ┆ …      │
│ 2025-02-05 23:59:20 ┆ 276.55    ┆ 93.66  │
│ 2025-02-05 23:59:30 ┆ 276.53    ┆ 93.86  │
│ 2025-02-05 23:59:40 ┆ 276.53    ┆ 94.08  │
│ 2025-02-05 23:59:50 ┆ 276.51    ┆ 94.16  │
│ 2025-02-06 00:00:00 ┆ 276.51    ┆ 94.24  │
└─────────────────────┴───────────┴────────┘
[INFO] Correcting the 'time' variable in the NetCDF file.
<class 'netCDF4.Variable'>
float64 time(time)
    units: seconds since 1970-01-01 00:00:00
    standard_name: time
    long_name: Time (seconds since 1970-01-01 00:00:00)
    axis: T
    valid_min: 1738713610.0
    valid_max: 1738800000.0
    calendar: standard
unlimited dimensions: 
current shape = (8640,)
filling on, default _FillValue of 9.969209968386869e+36 used
Flagged 0 points where air_temperature < 245.0K as bad data (qc_flag = 2).
Found 0 points already flagged as bad data (flag=2)
QC flags successfully added to /gws/pw/j07/ncas_obs_vol2/cao/processing/ncas-temperature-rh-1/data/long-term/level1d/2025/stfc-temperature-rh-1_cao_20250205_surface-met_v1.1.nc.
Updated time units to 'seconds since 1970-01-01 00:00:00' in /gws/pw/j07/ncas_obs_vol2/cao/processing/ncas-temperature-rh-1/data/long-term/level1d/2025/stfc-temperature-rh-1_cao_20250205_surface-met_v1.1.nc
/gws/pw/j07/ncas_obs_vol2/cao/raw_data/met_cao/data/long-term/2025/202502/CR1000XSeries_Chilbolton_Rxcabinmet1_20250206.dat
Parsed column names: ['TIMESTAMP', 'RECORD', 'BattV_Avg', 'PTemp_C_Avg', 'Air_T_Avg', 'RH_Avg', 'BP_mbar_Avg', 'WS_Avg', 'WD_Avg', 'SlrW_Avg', 'rg001dc_ch_Tot', 'rg006dc_ch_Tot', 'rg008dc_ch_Tot', 'rg009dc_ch_Tot', 'rg004tb_ch_Tot']
shape: (8_640, 3)
┌─────────────────────┬───────────┬────────┐
│ TIMESTAMP           ┆ Air_T_Avg ┆ RH_Avg │
│ ---                 ┆ ---       ┆ ---    │
│ datetime[μs]        ┆ f64       ┆ f64    │
╞═════════════════════╪═══════════╪════════╡
│ 2025-02-06 00:00:10 ┆ 276.49    ┆ 94.32  │
│ 2025-02-06 00:00:20 ┆ 276.47    ┆ 94.28  │
│ 2025-02-06 00:00:30 ┆ 276.45    ┆ 94.12  │
│ 2025-02-06 00:00:40 ┆ 276.45    ┆ 94.02  │
│ 2025-02-06 00:00:50 ┆ 276.43    ┆ 93.98  │
│ …                   ┆ …         ┆ …      │
│ 2025-02-06 23:59:20 ┆ 276.61    ┆ 86.0   │
│ 2025-02-06 23:59:30 ┆ 276.61    ┆ 86.0   │
│ 2025-02-06 23:59:40 ┆ 276.61    ┆ 85.96  │
│ 2025-02-06 23:59:50 ┆ 276.61    ┆ 86.0   │
│ 2025-02-07 00:00:00 ┆ 276.61    ┆ 86.06  │
└─────────────────────┴───────────┴────────┘
[INFO] Correcting the 'time' variable in the NetCDF file.
<class 'netCDF4.Variable'>
float64 time(time)
    units: seconds since 1970-01-01 00:00:00
    standard_name: time
    long_name: Time (seconds since 1970-01-01 00:00:00)
    axis: T
    valid_min: 1738800010.0
    valid_max: 1738886400.0
    calendar: standard
unlimited dimensions: 
current shape = (8640,)
filling on, default _FillValue of 9.969209968386869e+36 used
Flagged 0 points where air_temperature < 245.0K as bad data (qc_flag = 2).
Found 0 points already flagged as bad data (flag=2)
QC flags successfully added to /gws/pw/j07/ncas_obs_vol2/cao/processing/ncas-temperature-rh-1/data/long-term/level1d/2025/stfc-temperature-rh-1_cao_20250206_surface-met_v1.1.nc.
Updated time units to 'seconds since 1970-01-01 00:00:00' in /gws/pw/j07/ncas_obs_vol2/cao/processing/ncas-temperature-rh-1/data/long-term/level1d/2025/stfc-temperature-rh-1_cao_20250206_surface-met_v1.1.nc
/gws/pw/j07/ncas_obs_vol2/cao/raw_data/met_cao/data/long-term/2025/202502/CR1000XSeries_Chilbolton_Rxcabinmet1_20250207.dat
Parsed column names: ['TIMESTAMP', 'RECORD', 'BattV_Avg', 'PTemp_C_Avg', 'Air_T_Avg', 'RH_Avg', 'BP_mbar_Avg', 'WS_Avg', 'WD_Avg', 'SlrW_Avg', 'rg001dc_ch_Tot', 'rg006dc_ch_Tot', 'rg008dc_ch_Tot', 'rg009dc_ch_Tot', 'rg004tb_ch_Tot']
shape: (8_640, 3)
┌─────────────────────┬───────────┬────────┐
│ TIMESTAMP           ┆ Air_T_Avg ┆ RH_Avg │
│ ---                 ┆ ---       ┆ ---    │
│ datetime[μs]        ┆ f64       ┆ f64    │
╞═════════════════════╪═══════════╪════════╡
│ 2025-02-07 00:00:10 ┆ 276.63    ┆ 86.12  │
│ 2025-02-07 00:00:20 ┆ 276.63    ┆ 86.24  │
│ 2025-02-07 00:00:30 ┆ 276.61    ┆ 86.3   │
│ 2025-02-07 00:00:40 ┆ 276.59    ┆ 86.36  │
│ 2025-02-07 00:00:50 ┆ 276.57    ┆ 86.42  │
│ …                   ┆ …         ┆ …      │
│ 2025-02-07 23:59:20 ┆ 275.13    ┆ 96.58  │
│ 2025-02-07 23:59:30 ┆ 275.13    ┆ 96.54  │
│ 2025-02-07 23:59:40 ┆ 275.13    ┆ 96.36  │
│ 2025-02-07 23:59:50 ┆ 275.15    ┆ 96.16  │
│ 2025-02-08 00:00:00 ┆ 275.15    ┆ 95.78  │
└─────────────────────┴───────────┴────────┘
[INFO] Correcting the 'time' variable in the NetCDF file.
<class 'netCDF4.Variable'>
float64 time(time)
    units: seconds since 1970-01-01 00:00:00
    standard_name: time
    long_name: Time (seconds since 1970-01-01 00:00:00)
    axis: T
    valid_min: 1738886410.0
    valid_max: 1738972800.0
    calendar: standard
unlimited dimensions: 
current shape = (8640,)
filling on, default _FillValue of 9.969209968386869e+36 used
Flagged 0 points where air_temperature < 245.0K as bad data (qc_flag = 2).
Found 0 points already flagged as bad data (flag=2)
QC flags successfully added to /gws/pw/j07/ncas_obs_vol2/cao/processing/ncas-temperature-rh-1/data/long-term/level1d/2025/stfc-temperature-rh-1_cao_20250207_surface-met_v1.1.nc.
Updated time units to 'seconds since 1970-01-01 00:00:00' in /gws/pw/j07/ncas_obs_vol2/cao/processing/ncas-temperature-rh-1/data/long-term/level1d/2025/stfc-temperature-rh-1_cao_20250207_surface-met_v1.1.nc
/gws/pw/j07/ncas_obs_vol2/cao/raw_data/met_cao/data/long-term/2025/202502/CR1000XSeries_Chilbolton_Rxcabinmet1_20250208.dat
Parsed column names: ['TIMESTAMP', 'RECORD', 'BattV_Avg', 'PTemp_C_Avg', 'Air_T_Avg', 'RH_Avg', 'BP_mbar_Avg', 'WS_Avg', 'WD_Avg', 'SlrW_Avg', 'rg001dc_ch_Tot', 'rg006dc_ch_Tot', 'rg008dc_ch_Tot', 'rg009dc_ch_Tot', 'rg004tb_ch_Tot']
shape: (8_640, 3)
┌─────────────────────┬───────────┬────────┐
│ TIMESTAMP           ┆ Air_T_Avg ┆ RH_Avg │
│ ---                 ┆ ---       ┆ ---    │
│ datetime[μs]        ┆ f64       ┆ f64    │
╞═════════════════════╪═══════════╪════════╡
│ 2025-02-08 00:00:10 ┆ 275.15    ┆ 95.6   │
│ 2025-02-08 00:00:20 ┆ 275.15    ┆ 95.56  │
│ 2025-02-08 00:00:30 ┆ 275.15    ┆ 95.68  │
│ 2025-02-08 00:00:40 ┆ 275.17    ┆ 95.86  │
│ 2025-02-08 00:00:50 ┆ 275.17    ┆ 96.12  │
│ …                   ┆ …         ┆ …      │
│ 2025-02-08 23:59:20 ┆ 274.21    ┆ 97.9   │
│ 2025-02-08 23:59:30 ┆ 274.25    ┆ 98.38  │
│ 2025-02-08 23:59:40 ┆ 274.29    ┆ 99.12  │
│ 2025-02-08 23:59:50 ┆ 274.37    ┆ 99.48  │
│ 2025-02-09 00:00:00 ┆ 274.39    ┆ 99.56  │
└─────────────────────┴───────────┴────────┘
[INFO] Correcting the 'time' variable in the NetCDF file.
<class 'netCDF4.Variable'>
float64 time(time)
    units: seconds since 1970-01-01 00:00:00
    standard_name: time
    long_name: Time (seconds since 1970-01-01 00:00:00)
    axis: T
    valid_min: 1738972810.0
    valid_max: 1739059200.0
    calendar: standard
unlimited dimensions: 
current shape = (8640,)
filling on, default _FillValue of 9.969209968386869e+36 used
Flagged 0 points where air_temperature < 245.0K as bad data (qc_flag = 2).
Found 0 points already flagged as bad data (flag=2)
QC flags successfully added to /gws/pw/j07/ncas_obs_vol2/cao/processing/ncas-temperature-rh-1/data/long-term/level1d/2025/stfc-temperature-rh-1_cao_20250208_surface-met_v1.1.nc.
Updated time units to 'seconds since 1970-01-01 00:00:00' in /gws/pw/j07/ncas_obs_vol2/cao/processing/ncas-temperature-rh-1/data/long-term/level1d/2025/stfc-temperature-rh-1_cao_20250208_surface-met_v1.1.nc
/gws/pw/j07/ncas_obs_vol2/cao/raw_data/met_cao/data/long-term/2025/202502/CR1000XSeries_Chilbolton_Rxcabinmet1_20250209.dat
Parsed column names: ['TIMESTAMP', 'RECORD', 'BattV_Avg', 'PTemp_C_Avg', 'Air_T_Avg', 'RH_Avg', 'BP_mbar_Avg', 'WS_Avg', 'WD_Avg', 'SlrW_Avg', 'rg001dc_ch_Tot', 'rg006dc_ch_Tot', 'rg008dc_ch_Tot', 'rg009dc_ch_Tot', 'rg004tb_ch_Tot']
shape: (8_640, 3)
┌─────────────────────┬───────────┬────────┐
│ TIMESTAMP           ┆ Air_T_Avg ┆ RH_Avg │
│ ---                 ┆ ---       ┆ ---    │
│ datetime[μs]        ┆ f64       ┆ f64    │
╞═════════════════════╪═══════════╪════════╡
│ 2025-02-09 00:00:10 ┆ 274.39    ┆ 99.4   │
│ 2025-02-09 00:00:20 ┆ 274.41    ┆ 99.32  │
│ 2025-02-09 00:00:30 ┆ 274.39    ┆ 99.14  │
│ 2025-02-09 00:00:40 ┆ 274.39    ┆ 98.8   │
│ 2025-02-09 00:00:50 ┆ 274.37    ┆ 98.68  │
│ …                   ┆ …         ┆ …      │
│ 2025-02-09 23:59:20 ┆ 276.31    ┆ 94.2   │
│ 2025-02-09 23:59:30 ┆ 276.31    ┆ 94.24  │
│ 2025-02-09 23:59:40 ┆ 276.31    ┆ 94.0   │
│ 2025-02-09 23:59:50 ┆ 276.29    ┆ 93.74  │
│ 2025-02-10 00:00:00 ┆ 276.31    ┆ 93.28  │
└─────────────────────┴───────────┴────────┘
[INFO] Correcting the 'time' variable in the NetCDF file.
<class 'netCDF4.Variable'>
float64 time(time)
    units: seconds since 1970-01-01 00:00:00
    standard_name: time
    long_name: Time (seconds since 1970-01-01 00:00:00)
    axis: T
    valid_min: 1739059210.0
    valid_max: 1739145600.0
    calendar: standard
unlimited dimensions: 
current shape = (8640,)
filling on, default _FillValue of 9.969209968386869e+36 used
Flagged 0 points where air_temperature < 245.0K as bad data (qc_flag = 2).
Found 0 points already flagged as bad data (flag=2)
QC flags successfully added to /gws/pw/j07/ncas_obs_vol2/cao/processing/ncas-temperature-rh-1/data/long-term/level1d/2025/stfc-temperature-rh-1_cao_20250209_surface-met_v1.1.nc.
Updated time units to 'seconds since 1970-01-01 00:00:00' in /gws/pw/j07/ncas_obs_vol2/cao/processing/ncas-temperature-rh-1/data/long-term/level1d/2025/stfc-temperature-rh-1_cao_20250209_surface-met_v1.1.nc
/gws/pw/j07/ncas_obs_vol2/cao/raw_data/met_cao/data/long-term/2025/202502/CR1000XSeries_Chilbolton_Rxcabinmet1_20250210.dat
Parsed column names: ['TIMESTAMP', 'RECORD', 'BattV_Avg', 'PTemp_C_Avg', 'Air_T_Avg', 'RH_Avg', 'BP_mbar_Avg', 'WS_Avg', 'WD_Avg', 'SlrW_Avg', 'rg001dc_ch_Tot', 'rg006dc_ch_Tot', 'rg008dc_ch_Tot', 'rg009dc_ch_Tot', 'rg004tb_ch_Tot']
shape: (8_640, 3)
┌─────────────────────┬───────────┬────────┐
│ TIMESTAMP           ┆ Air_T_Avg ┆ RH_Avg │
│ ---                 ┆ ---       ┆ ---    │
│ datetime[μs]        ┆ f64       ┆ f64    │
╞═════════════════════╪═══════════╪════════╡
│ 2025-02-10 00:00:10 ┆ 276.29    ┆ 92.96  │
│ 2025-02-10 00:00:20 ┆ 276.29    ┆ 93.0   │
│ 2025-02-10 00:00:30 ┆ 276.29    ┆ 93.2   │
│ 2025-02-10 00:00:40 ┆ 276.29    ┆ 93.48  │
│ 2025-02-10 00:00:50 ┆ 276.29    ┆ 93.9   │
│ …                   ┆ …         ┆ …      │
│ 2025-02-10 23:59:20 ┆ 275.91    ┆ 88.04  │
│ 2025-02-10 23:59:30 ┆ 275.93    ┆ 87.96  │
│ 2025-02-10 23:59:40 ┆ 275.93    ┆ 88.08  │
│ 2025-02-10 23:59:50 ┆ 275.91    ┆ 88.3   │
│ 2025-02-11 00:00:00 ┆ 275.91    ┆ 88.56  │
└─────────────────────┴───────────┴────────┘
[INFO] Correcting the 'time' variable in the NetCDF file.
<class 'netCDF4.Variable'>
float64 time(time)
    units: seconds since 1970-01-01 00:00:00
    standard_name: time
    long_name: Time (seconds since 1970-01-01 00:00:00)
    axis: T
    valid_min: 1739145610.0
    valid_max: 1739232000.0
    calendar: standard
unlimited dimensions: 
current shape = (8640,)
filling on, default _FillValue of 9.969209968386869e+36 used
Flagged 0 points where air_temperature < 245.0K as bad data (qc_flag = 2).
Found 0 points already flagged as bad data (flag=2)
QC flags successfully added to /gws/pw/j07/ncas_obs_vol2/cao/processing/ncas-temperature-rh-1/data/long-term/level1d/2025/stfc-temperature-rh-1_cao_20250210_surface-met_v1.1.nc.
Updated time units to 'seconds since 1970-01-01 00:00:00' in /gws/pw/j07/ncas_obs_vol2/cao/processing/ncas-temperature-rh-1/data/long-term/level1d/2025/stfc-temperature-rh-1_cao_20250210_surface-met_v1.1.nc
/gws/pw/j07/ncas_obs_vol2/cao/raw_data/met_cao/data/long-term/2025/202502/CR1000XSeries_Chilbolton_Rxcabinmet1_20250211.dat
Parsed column names: ['TIMESTAMP', 'RECORD', 'BattV_Avg', 'PTemp_C_Avg', 'Air_T_Avg', 'RH_Avg', 'BP_mbar_Avg', 'WS_Avg', 'WD_Avg', 'SlrW_Avg', 'rg001dc_ch_Tot', 'rg006dc_ch_Tot', 'rg008dc_ch_Tot', 'rg009dc_ch_Tot', 'rg004tb_ch_Tot']
shape: (8_640, 3)
┌─────────────────────┬───────────┬────────┐
│ TIMESTAMP           ┆ Air_T_Avg ┆ RH_Avg │
│ ---                 ┆ ---       ┆ ---    │
│ datetime[μs]        ┆ f64       ┆ f64    │
╞═════════════════════╪═══════════╪════════╡
│ 2025-02-11 00:00:10 ┆ 275.91    ┆ 88.86  │
│ 2025-02-11 00:00:20 ┆ 275.91    ┆ 88.88  │
│ 2025-02-11 00:00:30 ┆ 275.93    ┆ 88.64  │
│ 2025-02-11 00:00:40 ┆ 275.93    ┆ 88.44  │
│ 2025-02-11 00:00:50 ┆ 275.93    ┆ 88.3   │
│ …                   ┆ …         ┆ …      │
│ 2025-02-11 23:59:20 ┆ 276.21    ┆ 94.4   │
│ 2025-02-11 23:59:30 ┆ 276.21    ┆ 94.66  │
│ 2025-02-11 23:59:40 ┆ 276.21    ┆ 94.72  │
│ 2025-02-11 23:59:50 ┆ 276.21    ┆ 94.7   │
│ 2025-02-12 00:00:00 ┆ 276.21    ┆ 94.58  │
└─────────────────────┴───────────┴────────┘
[INFO] Correcting the 'time' variable in the NetCDF file.
<class 'netCDF4.Variable'>
float64 time(time)
    units: seconds since 1970-01-01 00:00:00
    standard_name: time
    long_name: Time (seconds since 1970-01-01 00:00:00)
    axis: T
    valid_min: 1739232010.0
    valid_max: 1739318400.0
    calendar: standard
unlimited dimensions: 
current shape = (8640,)
filling on, default _FillValue of 9.969209968386869e+36 used
Flagged 0 points where air_temperature < 245.0K as bad data (qc_flag = 2).
Found 0 points already flagged as bad data (flag=2)
QC flags successfully added to /gws/pw/j07/ncas_obs_vol2/cao/processing/ncas-temperature-rh-1/data/long-term/level1d/2025/stfc-temperature-rh-1_cao_20250211_surface-met_v1.1.nc.
Updated time units to 'seconds since 1970-01-01 00:00:00' in /gws/pw/j07/ncas_obs_vol2/cao/processing/ncas-temperature-rh-1/data/long-term/level1d/2025/stfc-temperature-rh-1_cao_20250211_surface-met_v1.1.nc
/gws/pw/j07/ncas_obs_vol2/cao/raw_data/met_cao/data/long-term/2025/202502/CR1000XSeries_Chilbolton_Rxcabinmet1_20250212.dat
Parsed column names: ['TIMESTAMP', 'RECORD', 'BattV_Avg', 'PTemp_C_Avg', 'Air_T_Avg', 'RH_Avg', 'BP_mbar_Avg', 'WS_Avg', 'WD_Avg', 'SlrW_Avg', 'rg001dc_ch_Tot', 'rg006dc_ch_Tot', 'rg008dc_ch_Tot', 'rg009dc_ch_Tot', 'rg004tb_ch_Tot']
shape: (8_640, 3)
┌─────────────────────┬───────────┬────────┐
│ TIMESTAMP           ┆ Air_T_Avg ┆ RH_Avg │
│ ---                 ┆ ---       ┆ ---    │
│ datetime[μs]        ┆ f64       ┆ f64    │
╞═════════════════════╪═══════════╪════════╡
│ 2025-02-12 00:00:10 ┆ 276.19    ┆ 94.5   │
│ 2025-02-12 00:00:20 ┆ 276.19    ┆ 94.34  │
│ 2025-02-12 00:00:30 ┆ 276.19    ┆ 94.2   │
│ 2025-02-12 00:00:40 ┆ 276.19    ┆ 94.2   │
│ 2025-02-12 00:00:50 ┆ 276.19    ┆ 94.28  │
│ …                   ┆ …         ┆ …      │
│ 2025-02-12 23:59:20 ┆ 276.43    ┆ 91.84  │
│ 2025-02-12 23:59:30 ┆ 276.43    ┆ 91.88  │
│ 2025-02-12 23:59:40 ┆ 276.41    ┆ 91.92  │
│ 2025-02-12 23:59:50 ┆ 276.41    ┆ 92.02  │
│ 2025-02-13 00:00:00 ┆ 276.41    ┆ 92.12  │
└─────────────────────┴───────────┴────────┘
[INFO] Correcting the 'time' variable in the NetCDF file.
<class 'netCDF4.Variable'>
float64 time(time)
    units: seconds since 1970-01-01 00:00:00
    standard_name: time
    long_name: Time (seconds since 1970-01-01 00:00:00)
    axis: T
    valid_min: 1739318410.0
    valid_max: 1739404800.0
    calendar: standard
unlimited dimensions: 
current shape = (8640,)
filling on, default _FillValue of 9.969209968386869e+36 used
Flagged 0 points where air_temperature < 245.0K as bad data (qc_flag = 2).
Found 0 points already flagged as bad data (flag=2)
QC flags successfully added to /gws/pw/j07/ncas_obs_vol2/cao/processing/ncas-temperature-rh-1/data/long-term/level1d/2025/stfc-temperature-rh-1_cao_20250212_surface-met_v1.1.nc.
Updated time units to 'seconds since 1970-01-01 00:00:00' in /gws/pw/j07/ncas_obs_vol2/cao/processing/ncas-temperature-rh-1/data/long-term/level1d/2025/stfc-temperature-rh-1_cao_20250212_surface-met_v1.1.nc
/gws/pw/j07/ncas_obs_vol2/cao/raw_data/met_cao/data/long-term/2025/202502/CR1000XSeries_Chilbolton_Rxcabinmet1_20250213.dat
Parsed column names: ['TIMESTAMP', 'RECORD', 'BattV_Avg', 'PTemp_C_Avg', 'Air_T_Avg', 'RH_Avg', 'BP_mbar_Avg', 'WS_Avg', 'WD_Avg', 'SlrW_Avg', 'rg001dc_ch_Tot', 'rg006dc_ch_Tot', 'rg008dc_ch_Tot', 'rg009dc_ch_Tot', 'rg004tb_ch_Tot']
shape: (8_640, 3)
┌─────────────────────┬───────────┬────────┐
│ TIMESTAMP           ┆ Air_T_Avg ┆ RH_Avg │
│ ---                 ┆ ---       ┆ ---    │
│ datetime[μs]        ┆ f64       ┆ f64    │
╞═════════════════════╪═══════════╪════════╡
│ 2025-02-13 00:00:10 ┆ 276.41    ┆ 92.18  │
│ 2025-02-13 00:00:20 ┆ 276.39    ┆ 92.24  │
│ 2025-02-13 00:00:30 ┆ 276.39    ┆ 92.24  │
│ 2025-02-13 00:00:40 ┆ 276.39    ┆ 92.1   │
│ 2025-02-13 00:00:50 ┆ 276.39    ┆ 92.0   │
│ …                   ┆ …         ┆ …      │
│ 2025-02-13 23:59:20 ┆ 275.71    ┆ 68.84  │
│ 2025-02-13 23:59:30 ┆ 275.71    ┆ 68.24  │
│ 2025-02-13 23:59:40 ┆ 275.69    ┆ 67.82  │
│ 2025-02-13 23:59:50 ┆ 275.69    ┆ 67.88  │
│ 2025-02-14 00:00:00 ┆ 275.69    ┆ 68.08  │
└─────────────────────┴───────────┴────────┘
[INFO] Correcting the 'time' variable in the NetCDF file.
<class 'netCDF4.Variable'>
float64 time(time)
    units: seconds since 1970-01-01 00:00:00
    standard_name: time
    long_name: Time (seconds since 1970-01-01 00:00:00)
    axis: T
    valid_min: 1739404810.0
    valid_max: 1739491200.0
    calendar: standard
unlimited dimensions: 
current shape = (8640,)
filling on, default _FillValue of 9.969209968386869e+36 used
Flagged 0 points where air_temperature < 245.0K as bad data (qc_flag = 2).
Found 0 points already flagged as bad data (flag=2)
QC flags successfully added to /gws/pw/j07/ncas_obs_vol2/cao/processing/ncas-temperature-rh-1/data/long-term/level1d/2025/stfc-temperature-rh-1_cao_20250213_surface-met_v1.1.nc.
Updated time units to 'seconds since 1970-01-01 00:00:00' in /gws/pw/j07/ncas_obs_vol2/cao/processing/ncas-temperature-rh-1/data/long-term/level1d/2025/stfc-temperature-rh-1_cao_20250213_surface-met_v1.1.nc
/gws/pw/j07/ncas_obs_vol2/cao/raw_data/met_cao/data/long-term/2025/202502/CR1000XSeries_Chilbolton_Rxcabinmet1_20250214.dat
Parsed column names: ['TIMESTAMP', 'RECORD', 'BattV_Avg', 'PTemp_C_Avg', 'Air_T_Avg', 'RH_Avg', 'BP_mbar_Avg', 'WS_Avg', 'WD_Avg', 'SlrW_Avg', 'rg001dc_ch_Tot', 'rg006dc_ch_Tot', 'rg008dc_ch_Tot', 'rg009dc_ch_Tot', 'rg004tb_ch_Tot']
shape: (8_640, 3)
┌─────────────────────┬───────────┬────────┐
│ TIMESTAMP           ┆ Air_T_Avg ┆ RH_Avg │
│ ---                 ┆ ---       ┆ ---    │
│ datetime[μs]        ┆ f64       ┆ f64    │
╞═════════════════════╪═══════════╪════════╡
│ 2025-02-14 00:00:10 ┆ 275.67    ┆ 68.36  │
│ 2025-02-14 00:00:20 ┆ 275.67    ┆ 68.78  │
│ 2025-02-14 00:00:30 ┆ 275.67    ┆ 69.42  │
│ 2025-02-14 00:00:40 ┆ 275.65    ┆ 69.8   │
│ 2025-02-14 00:00:50 ┆ 275.65    ┆ 69.72  │
│ …                   ┆ …         ┆ …      │
│ 2025-02-14 23:59:20 ┆ 277.87    ┆ 77.3   │
│ 2025-02-14 23:59:30 ┆ 277.87    ┆ 77.4   │
│ 2025-02-14 23:59:40 ┆ 277.87    ┆ 77.46  │
│ 2025-02-14 23:59:50 ┆ 277.87    ┆ 77.52  │
│ 2025-02-15 00:00:00 ┆ 277.87    ┆ 77.58  │
└─────────────────────┴───────────┴────────┘
[INFO] Correcting the 'time' variable in the NetCDF file.
<class 'netCDF4.Variable'>
float64 time(time)
    units: seconds since 1970-01-01 00:00:00
    standard_name: time
    long_name: Time (seconds since 1970-01-01 00:00:00)
    axis: T
    valid_min: 1739491210.0
    valid_max: 1739577600.0
    calendar: standard
unlimited dimensions: 
current shape = (8640,)
filling on, default _FillValue of 9.969209968386869e+36 used
Flagged 0 points where air_temperature < 245.0K as bad data (qc_flag = 2).
Found 0 points already flagged as bad data (flag=2)
QC flags successfully added to /gws/pw/j07/ncas_obs_vol2/cao/processing/ncas-temperature-rh-1/data/long-term/level1d/2025/stfc-temperature-rh-1_cao_20250214_surface-met_v1.1.nc.
Updated time units to 'seconds since 1970-01-01 00:00:00' in /gws/pw/j07/ncas_obs_vol2/cao/processing/ncas-temperature-rh-1/data/long-term/level1d/2025/stfc-temperature-rh-1_cao_20250214_surface-met_v1.1.nc
/gws/pw/j07/ncas_obs_vol2/cao/raw_data/met_cao/data/long-term/2025/202502/CR1000XSeries_Chilbolton_Rxcabinmet1_20250215.dat
Parsed column names: ['TIMESTAMP', 'RECORD', 'BattV_Avg', 'PTemp_C_Avg', 'Air_T_Avg', 'RH_Avg', 'BP_mbar_Avg', 'WS_Avg', 'WD_Avg', 'SlrW_Avg', 'rg001dc_ch_Tot', 'rg006dc_ch_Tot', 'rg008dc_ch_Tot', 'rg009dc_ch_Tot', 'rg004tb_ch_Tot']
shape: (8_640, 3)
┌─────────────────────┬───────────┬────────┐
│ TIMESTAMP           ┆ Air_T_Avg ┆ RH_Avg │
│ ---                 ┆ ---       ┆ ---    │
│ datetime[μs]        ┆ f64       ┆ f64    │
╞═════════════════════╪═══════════╪════════╡
│ 2025-02-15 00:00:10 ┆ 277.85    ┆ 77.56  │
│ 2025-02-15 00:00:20 ┆ 277.85    ┆ 77.52  │
│ 2025-02-15 00:00:30 ┆ 277.85    ┆ 77.48  │
│ 2025-02-15 00:00:40 ┆ 277.85    ┆ 77.5   │
│ 2025-02-15 00:00:50 ┆ 277.85    ┆ 77.56  │
│ …                   ┆ …         ┆ …      │
│ 2025-02-15 23:59:20 ┆ 276.15    ┆ 85.36  │
│ 2025-02-15 23:59:30 ┆ 276.13    ┆ 85.5   │
│ 2025-02-15 23:59:40 ┆ 276.15    ┆ 85.62  │
│ 2025-02-15 23:59:50 ┆ 276.13    ┆ 85.72  │
│ 2025-02-16 00:00:00 ┆ 276.13    ┆ 85.86  │
└─────────────────────┴───────────┴────────┘
[INFO] Correcting the 'time' variable in the NetCDF file.
<class 'netCDF4.Variable'>
float64 time(time)
    units: seconds since 1970-01-01 00:00:00
    standard_name: time
    long_name: Time (seconds since 1970-01-01 00:00:00)
    axis: T
    valid_min: 1739577610.0
    valid_max: 1739664000.0
    calendar: standard
unlimited dimensions: 
current shape = (8640,)
filling on, default _FillValue of 9.969209968386869e+36 used
Flagged 0 points where air_temperature < 245.0K as bad data (qc_flag = 2).
Found 0 points already flagged as bad data (flag=2)
QC flags successfully added to /gws/pw/j07/ncas_obs_vol2/cao/processing/ncas-temperature-rh-1/data/long-term/level1d/2025/stfc-temperature-rh-1_cao_20250215_surface-met_v1.1.nc.
Updated time units to 'seconds since 1970-01-01 00:00:00' in /gws/pw/j07/ncas_obs_vol2/cao/processing/ncas-temperature-rh-1/data/long-term/level1d/2025/stfc-temperature-rh-1_cao_20250215_surface-met_v1.1.nc
/gws/pw/j07/ncas_obs_vol2/cao/raw_data/met_cao/data/long-term/2025/202502/CR1000XSeries_Chilbolton_Rxcabinmet1_20250216.dat
Parsed column names: ['TIMESTAMP', 'RECORD', 'BattV_Avg', 'PTemp_C_Avg', 'Air_T_Avg', 'RH_Avg', 'BP_mbar_Avg', 'WS_Avg', 'WD_Avg', 'SlrW_Avg', 'rg001dc_ch_Tot', 'rg006dc_ch_Tot', 'rg008dc_ch_Tot', 'rg009dc_ch_Tot', 'rg004tb_ch_Tot']
shape: (8_640, 3)
┌─────────────────────┬───────────┬────────┐
│ TIMESTAMP           ┆ Air_T_Avg ┆ RH_Avg │
│ ---                 ┆ ---       ┆ ---    │
│ datetime[μs]        ┆ f64       ┆ f64    │
╞═════════════════════╪═══════════╪════════╡
│ 2025-02-16 00:00:10 ┆ 276.13    ┆ 85.94  │
│ 2025-02-16 00:00:20 ┆ 276.13    ┆ 85.94  │
│ 2025-02-16 00:00:30 ┆ 276.13    ┆ 85.88  │
│ 2025-02-16 00:00:40 ┆ 276.13    ┆ 85.84  │
│ 2025-02-16 00:00:50 ┆ 276.13    ┆ 85.78  │
│ …                   ┆ …         ┆ …      │
│ 2025-02-16 23:59:20 ┆ 272.73    ┆ 88.32  │
│ 2025-02-16 23:59:30 ┆ 272.73    ┆ 88.16  │
│ 2025-02-16 23:59:40 ┆ 272.73    ┆ 87.92  │
│ 2025-02-16 23:59:50 ┆ 272.73    ┆ 87.68  │
│ 2025-02-17 00:00:00 ┆ 272.73    ┆ 87.58  │
└─────────────────────┴───────────┴────────┘
[INFO] Correcting the 'time' variable in the NetCDF file.
<class 'netCDF4.Variable'>
float64 time(time)
    units: seconds since 1970-01-01 00:00:00
    standard_name: time
    long_name: Time (seconds since 1970-01-01 00:00:00)
    axis: T
    valid_min: 1739664010.0
    valid_max: 1739750400.0
    calendar: standard
unlimited dimensions: 
current shape = (8640,)
filling on, default _FillValue of 9.969209968386869e+36 used
Flagged 0 points where air_temperature < 245.0K as bad data (qc_flag = 2).
Found 0 points already flagged as bad data (flag=2)
QC flags successfully added to /gws/pw/j07/ncas_obs_vol2/cao/processing/ncas-temperature-rh-1/data/long-term/level1d/2025/stfc-temperature-rh-1_cao_20250216_surface-met_v1.1.nc.
Updated time units to 'seconds since 1970-01-01 00:00:00' in /gws/pw/j07/ncas_obs_vol2/cao/processing/ncas-temperature-rh-1/data/long-term/level1d/2025/stfc-temperature-rh-1_cao_20250216_surface-met_v1.1.nc
/gws/pw/j07/ncas_obs_vol2/cao/raw_data/met_cao/data/long-term/2025/202502/CR1000XSeries_Chilbolton_Rxcabinmet1_20250217.dat
Parsed column names: ['TIMESTAMP', 'RECORD', 'BattV_Avg', 'PTemp_C_Avg', 'Air_T_Avg', 'RH_Avg', 'BP_mbar_Avg', 'WS_Avg', 'WD_Avg', 'SlrW_Avg', 'rg001dc_ch_Tot', 'rg006dc_ch_Tot', 'rg008dc_ch_Tot', 'rg009dc_ch_Tot', 'rg004tb_ch_Tot']
shape: (8_640, 3)
┌─────────────────────┬───────────┬────────┐
│ TIMESTAMP           ┆ Air_T_Avg ┆ RH_Avg │
│ ---                 ┆ ---       ┆ ---    │
│ datetime[μs]        ┆ f64       ┆ f64    │
╞═════════════════════╪═══════════╪════════╡
│ 2025-02-17 00:00:10 ┆ 272.73    ┆ 87.68  │
│ 2025-02-17 00:00:20 ┆ 272.73    ┆ 87.8   │
│ 2025-02-17 00:00:30 ┆ 272.73    ┆ 88.0   │
│ 2025-02-17 00:00:40 ┆ 272.73    ┆ 88.3   │
│ 2025-02-17 00:00:50 ┆ 272.73    ┆ 88.44  │
│ …                   ┆ …         ┆ …      │
│ 2025-02-17 23:59:20 ┆ 274.01    ┆ 79.48  │
│ 2025-02-17 23:59:30 ┆ 274.01    ┆ 79.6   │
│ 2025-02-17 23:59:40 ┆ 273.99    ┆ 79.78  │
│ 2025-02-17 23:59:50 ┆ 273.99    ┆ 80.0   │
│ 2025-02-18 00:00:00 ┆ 273.99    ┆ 80.12  │
└─────────────────────┴───────────┴────────┘
[INFO] Correcting the 'time' variable in the NetCDF file.
<class 'netCDF4.Variable'>
float64 time(time)
    units: seconds since 1970-01-01 00:00:00
    standard_name: time
    long_name: Time (seconds since 1970-01-01 00:00:00)
    axis: T
    valid_min: 1739750410.0
    valid_max: 1739836800.0
    calendar: standard
unlimited dimensions: 
current shape = (8640,)
filling on, default _FillValue of 9.969209968386869e+36 used
Flagged 0 points where air_temperature < 245.0K as bad data (qc_flag = 2).
Found 0 points already flagged as bad data (flag=2)
QC flags successfully added to /gws/pw/j07/ncas_obs_vol2/cao/processing/ncas-temperature-rh-1/data/long-term/level1d/2025/stfc-temperature-rh-1_cao_20250217_surface-met_v1.1.nc.
Updated time units to 'seconds since 1970-01-01 00:00:00' in /gws/pw/j07/ncas_obs_vol2/cao/processing/ncas-temperature-rh-1/data/long-term/level1d/2025/stfc-temperature-rh-1_cao_20250217_surface-met_v1.1.nc
/gws/pw/j07/ncas_obs_vol2/cao/raw_data/met_cao/data/long-term/2025/202502/CR1000XSeries_Chilbolton_Rxcabinmet1_20250218.dat
Parsed column names: ['TIMESTAMP', 'RECORD', 'BattV_Avg', 'PTemp_C_Avg', 'Air_T_Avg', 'RH_Avg', 'BP_mbar_Avg', 'WS_Avg', 'WD_Avg', 'SlrW_Avg', 'rg001dc_ch_Tot', 'rg006dc_ch_Tot', 'rg008dc_ch_Tot', 'rg009dc_ch_Tot', 'rg004tb_ch_Tot']
shape: (8_640, 3)
┌─────────────────────┬───────────┬────────┐
│ TIMESTAMP           ┆ Air_T_Avg ┆ RH_Avg │
│ ---                 ┆ ---       ┆ ---    │
│ datetime[μs]        ┆ f64       ┆ f64    │
╞═════════════════════╪═══════════╪════════╡
│ 2025-02-18 00:00:10 ┆ 273.99    ┆ 80.14  │
│ 2025-02-18 00:00:20 ┆ 273.99    ┆ 80.08  │
│ 2025-02-18 00:00:30 ┆ 273.97    ┆ 80.0   │
│ 2025-02-18 00:00:40 ┆ 273.97    ┆ 79.94  │
│ 2025-02-18 00:00:50 ┆ 273.95    ┆ 79.9   │
│ …                   ┆ …         ┆ …      │
│ 2025-02-18 23:59:20 ┆ 274.55    ┆ 84.06  │
│ 2025-02-18 23:59:30 ┆ 274.57    ┆ 84.1   │
│ 2025-02-18 23:59:40 ┆ 274.55    ┆ 84.22  │
│ 2025-02-18 23:59:50 ┆ 274.57    ┆ 84.36  │
│ 2025-02-19 00:00:00 ┆ 274.57    ┆ 84.68  │
└─────────────────────┴───────────┴────────┘
[INFO] Correcting the 'time' variable in the NetCDF file.
<class 'netCDF4.Variable'>
float64 time(time)
    units: seconds since 1970-01-01 00:00:00
    standard_name: time
    long_name: Time (seconds since 1970-01-01 00:00:00)
    axis: T
    valid_min: 1739836810.0
    valid_max: 1739923200.0
    calendar: standard
unlimited dimensions: 
current shape = (8640,)
filling on, default _FillValue of 9.969209968386869e+36 used
Flagged 0 points where air_temperature < 245.0K as bad data (qc_flag = 2).
Found 0 points already flagged as bad data (flag=2)
QC flags successfully added to /gws/pw/j07/ncas_obs_vol2/cao/processing/ncas-temperature-rh-1/data/long-term/level1d/2025/stfc-temperature-rh-1_cao_20250218_surface-met_v1.1.nc.
Updated time units to 'seconds since 1970-01-01 00:00:00' in /gws/pw/j07/ncas_obs_vol2/cao/processing/ncas-temperature-rh-1/data/long-term/level1d/2025/stfc-temperature-rh-1_cao_20250218_surface-met_v1.1.nc
/gws/pw/j07/ncas_obs_vol2/cao/raw_data/met_cao/data/long-term/2025/202502/CR1000XSeries_Chilbolton_Rxcabinmet1_20250219.dat
Parsed column names: ['TIMESTAMP', 'RECORD', 'BattV_Avg', 'PTemp_C_Avg', 'Air_T_Avg', 'RH_Avg', 'BP_mbar_Avg', 'WS_Avg', 'WD_Avg', 'SlrW_Avg', 'rg001dc_ch_Tot', 'rg006dc_ch_Tot', 'rg008dc_ch_Tot', 'rg009dc_ch_Tot', 'rg004tb_ch_Tot']
shape: (8_640, 3)
┌─────────────────────┬───────────┬────────┐
│ TIMESTAMP           ┆ Air_T_Avg ┆ RH_Avg │
│ ---                 ┆ ---       ┆ ---    │
│ datetime[μs]        ┆ f64       ┆ f64    │
╞═════════════════════╪═══════════╪════════╡
│ 2025-02-19 00:00:10 ┆ 274.59    ┆ 84.92  │
│ 2025-02-19 00:00:20 ┆ 274.59    ┆ 84.86  │
│ 2025-02-19 00:00:30 ┆ 274.59    ┆ 84.72  │
│ 2025-02-19 00:00:40 ┆ 274.59    ┆ 84.58  │
│ 2025-02-19 00:00:50 ┆ 274.59    ┆ 84.16  │
│ …                   ┆ …         ┆ …      │
│ 2025-02-19 23:59:20 ┆ 282.37    ┆ 97.16  │
│ 2025-02-19 23:59:30 ┆ 282.37    ┆ 97.58  │
│ 2025-02-19 23:59:40 ┆ 282.37    ┆ 97.72  │
│ 2025-02-19 23:59:50 ┆ 282.35    ┆ 97.72  │
│ 2025-02-20 00:00:00 ┆ 282.33    ┆ 97.56  │
└─────────────────────┴───────────┴────────┘
[INFO] Correcting the 'time' variable in the NetCDF file.
<class 'netCDF4.Variable'>
float64 time(time)
    units: seconds since 1970-01-01 00:00:00
    standard_name: time
    long_name: Time (seconds since 1970-01-01 00:00:00)
    axis: T
    valid_min: 1739923210.0
    valid_max: 1740009600.0
    calendar: standard
unlimited dimensions: 
current shape = (8640,)
filling on, default _FillValue of 9.969209968386869e+36 used
Flagged 0 points where air_temperature < 245.0K as bad data (qc_flag = 2).
Found 0 points already flagged as bad data (flag=2)
QC flags successfully added to /gws/pw/j07/ncas_obs_vol2/cao/processing/ncas-temperature-rh-1/data/long-term/level1d/2025/stfc-temperature-rh-1_cao_20250219_surface-met_v1.1.nc.
Updated time units to 'seconds since 1970-01-01 00:00:00' in /gws/pw/j07/ncas_obs_vol2/cao/processing/ncas-temperature-rh-1/data/long-term/level1d/2025/stfc-temperature-rh-1_cao_20250219_surface-met_v1.1.nc
/gws/pw/j07/ncas_obs_vol2/cao/raw_data/met_cao/data/long-term/2025/202502/CR1000XSeries_Chilbolton_Rxcabinmet1_20250220.dat
Parsed column names: ['TIMESTAMP', 'RECORD', 'BattV_Avg', 'PTemp_C_Avg', 'Air_T_Avg', 'RH_Avg', 'BP_mbar_Avg', 'WS_Avg', 'WD_Avg', 'SlrW_Avg', 'rg001dc_ch_Tot', 'rg006dc_ch_Tot', 'rg008dc_ch_Tot', 'rg009dc_ch_Tot', 'rg004tb_ch_Tot']
shape: (8_640, 3)
┌─────────────────────┬───────────┬────────┐
│ TIMESTAMP           ┆ Air_T_Avg ┆ RH_Avg │
│ ---                 ┆ ---       ┆ ---    │
│ datetime[μs]        ┆ f64       ┆ f64    │
╞═════════════════════╪═══════════╪════════╡
│ 2025-02-20 00:00:10 ┆ 282.33    ┆ 97.26  │
│ 2025-02-20 00:00:20 ┆ 282.35    ┆ 96.64  │
│ 2025-02-20 00:00:30 ┆ 282.37    ┆ 96.44  │
│ 2025-02-20 00:00:40 ┆ 282.37    ┆ 96.58  │
│ 2025-02-20 00:00:50 ┆ 282.41    ┆ 96.78  │
│ …                   ┆ …         ┆ …      │
│ 2025-02-20 23:59:20 ┆ 284.27    ┆ 99.18  │
│ 2025-02-20 23:59:30 ┆ 284.27    ┆ 99.14  │
│ 2025-02-20 23:59:40 ┆ 284.27    ┆ 99.2   │
│ 2025-02-20 23:59:50 ┆ 284.27    ┆ 99.3   │
│ 2025-02-21 00:00:00 ┆ 284.27    ┆ 99.4   │
└─────────────────────┴───────────┴────────┘
[INFO] Correcting the 'time' variable in the NetCDF file.
<class 'netCDF4.Variable'>
float64 time(time)
    units: seconds since 1970-01-01 00:00:00
    standard_name: time
    long_name: Time (seconds since 1970-01-01 00:00:00)
    axis: T
    valid_min: 1740009610.0
    valid_max: 1740096000.0
    calendar: standard
unlimited dimensions: 
current shape = (8640,)
filling on, default _FillValue of 9.969209968386869e+36 used
Flagged 0 points where air_temperature < 245.0K as bad data (qc_flag = 2).
Found 0 points already flagged as bad data (flag=2)
QC flags successfully added to /gws/pw/j07/ncas_obs_vol2/cao/processing/ncas-temperature-rh-1/data/long-term/level1d/2025/stfc-temperature-rh-1_cao_20250220_surface-met_v1.1.nc.
Updated time units to 'seconds since 1970-01-01 00:00:00' in /gws/pw/j07/ncas_obs_vol2/cao/processing/ncas-temperature-rh-1/data/long-term/level1d/2025/stfc-temperature-rh-1_cao_20250220_surface-met_v1.1.nc
/gws/pw/j07/ncas_obs_vol2/cao/raw_data/met_cao/data/long-term/2025/202502/CR1000XSeries_Chilbolton_Rxcabinmet1_20250221.dat
Parsed column names: ['TIMESTAMP', 'RECORD', 'BattV_Avg', 'PTemp_C_Avg', 'Air_T_Avg', 'RH_Avg', 'BP_mbar_Avg', 'WS_Avg', 'WD_Avg', 'SlrW_Avg', 'rg001dc_ch_Tot', 'rg006dc_ch_Tot', 'rg008dc_ch_Tot', 'rg009dc_ch_Tot', 'rg004tb_ch_Tot']
shape: (8_640, 3)
┌─────────────────────┬───────────┬────────┐
│ TIMESTAMP           ┆ Air_T_Avg ┆ RH_Avg │
│ ---                 ┆ ---       ┆ ---    │
│ datetime[μs]        ┆ f64       ┆ f64    │
╞═════════════════════╪═══════════╪════════╡
│ 2025-02-21 00:00:10 ┆ 284.27    ┆ 99.36  │
│ 2025-02-21 00:00:20 ┆ 284.27    ┆ 99.32  │
│ 2025-02-21 00:00:30 ┆ 284.27    ┆ 99.26  │
│ 2025-02-21 00:00:40 ┆ 284.27    ┆ 99.18  │
│ 2025-02-21 00:00:50 ┆ 284.27    ┆ 99.14  │
│ …                   ┆ …         ┆ …      │
│ 2025-02-21 23:59:20 ┆ 283.35    ┆ 98.68  │
│ 2025-02-21 23:59:30 ┆ 283.35    ┆ 98.74  │
│ 2025-02-21 23:59:40 ┆ 283.35    ┆ 98.58  │
│ 2025-02-21 23:59:50 ┆ 283.35    ┆ 98.46  │
│ 2025-02-22 00:00:00 ┆ 283.35    ┆ 98.26  │
└─────────────────────┴───────────┴────────┘
[INFO] Correcting the 'time' variable in the NetCDF file.
<class 'netCDF4.Variable'>
float64 time(time)
    units: seconds since 1970-01-01 00:00:00
    standard_name: time
    long_name: Time (seconds since 1970-01-01 00:00:00)
    axis: T
    valid_min: 1740096010.0
    valid_max: 1740182400.0
    calendar: standard
unlimited dimensions: 
current shape = (8640,)
filling on, default _FillValue of 9.969209968386869e+36 used
Flagged 0 points where air_temperature < 245.0K as bad data (qc_flag = 2).
Found 0 points already flagged as bad data (flag=2)
QC flags successfully added to /gws/pw/j07/ncas_obs_vol2/cao/processing/ncas-temperature-rh-1/data/long-term/level1d/2025/stfc-temperature-rh-1_cao_20250221_surface-met_v1.1.nc.
Updated time units to 'seconds since 1970-01-01 00:00:00' in /gws/pw/j07/ncas_obs_vol2/cao/processing/ncas-temperature-rh-1/data/long-term/level1d/2025/stfc-temperature-rh-1_cao_20250221_surface-met_v1.1.nc
/gws/pw/j07/ncas_obs_vol2/cao/raw_data/met_cao/data/long-term/2025/202502/CR1000XSeries_Chilbolton_Rxcabinmet1_20250222.dat
Parsed column names: ['TIMESTAMP', 'RECORD', 'BattV_Avg', 'PTemp_C_Avg', 'Air_T_Avg', 'RH_Avg', 'BP_mbar_Avg', 'WS_Avg', 'WD_Avg', 'SlrW_Avg', 'rg001dc_ch_Tot', 'rg006dc_ch_Tot', 'rg008dc_ch_Tot', 'rg009dc_ch_Tot', 'rg004tb_ch_Tot']
shape: (8_640, 3)
┌─────────────────────┬───────────┬────────┐
│ TIMESTAMP           ┆ Air_T_Avg ┆ RH_Avg │
│ ---                 ┆ ---       ┆ ---    │
│ datetime[μs]        ┆ f64       ┆ f64    │
╞═════════════════════╪═══════════╪════════╡
│ 2025-02-22 00:00:10 ┆ 283.35    ┆ 98.0   │
│ 2025-02-22 00:00:20 ┆ 283.35    ┆ 97.82  │
│ 2025-02-22 00:00:30 ┆ 283.35    ┆ 97.82  │
│ 2025-02-22 00:00:40 ┆ 283.35    ┆ 97.98  │
│ 2025-02-22 00:00:50 ┆ 283.35    ┆ 98.08  │
│ …                   ┆ …         ┆ …      │
│ 2025-02-22 23:59:20 ┆ 280.43    ┆ 99.98  │
│ 2025-02-22 23:59:30 ┆ 280.43    ┆ 99.98  │
│ 2025-02-22 23:59:40 ┆ 280.45    ┆ 99.98  │
│ 2025-02-22 23:59:50 ┆ 280.45    ┆ 99.98  │
│ 2025-02-23 00:00:00 ┆ 280.45    ┆ 99.98  │
└─────────────────────┴───────────┴────────┘
[INFO] Correcting the 'time' variable in the NetCDF file.
<class 'netCDF4.Variable'>
float64 time(time)
    units: seconds since 1970-01-01 00:00:00
    standard_name: time
    long_name: Time (seconds since 1970-01-01 00:00:00)
    axis: T
    valid_min: 1740182410.0
    valid_max: 1740268800.0
    calendar: standard
unlimited dimensions: 
current shape = (8640,)
filling on, default _FillValue of 9.969209968386869e+36 used
Flagged 0 points where air_temperature < 245.0K as bad data (qc_flag = 2).
Found 0 points already flagged as bad data (flag=2)
QC flags successfully added to /gws/pw/j07/ncas_obs_vol2/cao/processing/ncas-temperature-rh-1/data/long-term/level1d/2025/stfc-temperature-rh-1_cao_20250222_surface-met_v1.1.nc.
Updated time units to 'seconds since 1970-01-01 00:00:00' in /gws/pw/j07/ncas_obs_vol2/cao/processing/ncas-temperature-rh-1/data/long-term/level1d/2025/stfc-temperature-rh-1_cao_20250222_surface-met_v1.1.nc
/gws/pw/j07/ncas_obs_vol2/cao/raw_data/met_cao/data/long-term/2025/202502/CR1000XSeries_Chilbolton_Rxcabinmet1_20250223.dat
Parsed column names: ['TIMESTAMP', 'RECORD', 'BattV_Avg', 'PTemp_C_Avg', 'Air_T_Avg', 'RH_Avg', 'BP_mbar_Avg', 'WS_Avg', 'WD_Avg', 'SlrW_Avg', 'rg001dc_ch_Tot', 'rg006dc_ch_Tot', 'rg008dc_ch_Tot', 'rg009dc_ch_Tot', 'rg004tb_ch_Tot']
shape: (8_640, 3)
┌─────────────────────┬───────────┬────────┐
│ TIMESTAMP           ┆ Air_T_Avg ┆ RH_Avg │
│ ---                 ┆ ---       ┆ ---    │
│ datetime[μs]        ┆ f64       ┆ f64    │
╞═════════════════════╪═══════════╪════════╡
│ 2025-02-23 00:00:10 ┆ 280.45    ┆ 99.98  │
│ 2025-02-23 00:00:20 ┆ 280.45    ┆ 100.0  │
│ 2025-02-23 00:00:30 ┆ 280.47    ┆ 99.98  │
│ 2025-02-23 00:00:40 ┆ 280.47    ┆ 99.98  │
│ 2025-02-23 00:00:50 ┆ 280.47    ┆ 100.0  │
│ …                   ┆ …         ┆ …      │
│ 2025-02-23 23:59:20 ┆ 283.27    ┆ 95.32  │
│ 2025-02-23 23:59:30 ┆ 283.27    ┆ 95.4   │
│ 2025-02-23 23:59:40 ┆ 283.27    ┆ 95.24  │
│ 2025-02-23 23:59:50 ┆ 283.27    ┆ 95.08  │
│ 2025-02-24 00:00:00 ┆ 283.27    ┆ 94.9   │
└─────────────────────┴───────────┴────────┘
[INFO] Correcting the 'time' variable in the NetCDF file.
<class 'netCDF4.Variable'>
float64 time(time)
    units: seconds since 1970-01-01 00:00:00
    standard_name: time
    long_name: Time (seconds since 1970-01-01 00:00:00)
    axis: T
    valid_min: 1740268810.0
    valid_max: 1740355200.0
    calendar: standard
unlimited dimensions: 
current shape = (8640,)
filling on, default _FillValue of 9.969209968386869e+36 used
Flagged 0 points where air_temperature < 245.0K as bad data (qc_flag = 2).
Found 0 points already flagged as bad data (flag=2)
QC flags successfully added to /gws/pw/j07/ncas_obs_vol2/cao/processing/ncas-temperature-rh-1/data/long-term/level1d/2025/stfc-temperature-rh-1_cao_20250223_surface-met_v1.1.nc.
Updated time units to 'seconds since 1970-01-01 00:00:00' in /gws/pw/j07/ncas_obs_vol2/cao/processing/ncas-temperature-rh-1/data/long-term/level1d/2025/stfc-temperature-rh-1_cao_20250223_surface-met_v1.1.nc
/gws/pw/j07/ncas_obs_vol2/cao/raw_data/met_cao/data/long-term/2025/202502/CR1000XSeries_Chilbolton_Rxcabinmet1_20250224.dat
Parsed column names: ['TIMESTAMP', 'RECORD', 'BattV_Avg', 'PTemp_C_Avg', 'Air_T_Avg', 'RH_Avg', 'BP_mbar_Avg', 'WS_Avg', 'WD_Avg', 'SlrW_Avg', 'rg001dc_ch_Tot', 'rg006dc_ch_Tot', 'rg008dc_ch_Tot', 'rg009dc_ch_Tot', 'rg004tb_ch_Tot']
shape: (8_640, 3)
┌─────────────────────┬───────────┬────────┐
│ TIMESTAMP           ┆ Air_T_Avg ┆ RH_Avg │
│ ---                 ┆ ---       ┆ ---    │
│ datetime[μs]        ┆ f64       ┆ f64    │
╞═════════════════════╪═══════════╪════════╡
│ 2025-02-24 00:00:10 ┆ 283.27    ┆ 94.7   │
│ 2025-02-24 00:00:20 ┆ 283.27    ┆ 94.58  │
│ 2025-02-24 00:00:30 ┆ 283.27    ┆ 94.62  │
│ 2025-02-24 00:00:40 ┆ 283.25    ┆ 94.76  │
│ 2025-02-24 00:00:50 ┆ 283.25    ┆ 94.92  │
│ …                   ┆ …         ┆ …      │
│ 2025-02-24 23:59:20 ┆ 281.97    ┆ 93.84  │
│ 2025-02-24 23:59:30 ┆ 281.99    ┆ 93.7   │
│ 2025-02-24 23:59:40 ┆ 281.99    ┆ 93.7   │
│ 2025-02-24 23:59:50 ┆ 281.99    ┆ 93.74  │
│ 2025-02-25 00:00:00 ┆ 281.99    ┆ 93.84  │
└─────────────────────┴───────────┴────────┘
[INFO] Correcting the 'time' variable in the NetCDF file.
<class 'netCDF4.Variable'>
float64 time(time)
    units: seconds since 1970-01-01 00:00:00
    standard_name: time
    long_name: Time (seconds since 1970-01-01 00:00:00)
    axis: T
    valid_min: 1740355210.0
    valid_max: 1740441600.0
    calendar: standard
unlimited dimensions: 
current shape = (8640,)
filling on, default _FillValue of 9.969209968386869e+36 used
Flagged 0 points where air_temperature < 245.0K as bad data (qc_flag = 2).
Found 0 points already flagged as bad data (flag=2)
QC flags successfully added to /gws/pw/j07/ncas_obs_vol2/cao/processing/ncas-temperature-rh-1/data/long-term/level1d/2025/stfc-temperature-rh-1_cao_20250224_surface-met_v1.1.nc.
Updated time units to 'seconds since 1970-01-01 00:00:00' in /gws/pw/j07/ncas_obs_vol2/cao/processing/ncas-temperature-rh-1/data/long-term/level1d/2025/stfc-temperature-rh-1_cao_20250224_surface-met_v1.1.nc
/gws/pw/j07/ncas_obs_vol2/cao/raw_data/met_cao/data/long-term/2025/202502/CR1000XSeries_Chilbolton_Rxcabinmet1_20250225.dat
Parsed column names: ['TIMESTAMP', 'RECORD', 'BattV_Avg', 'PTemp_C_Avg', 'Air_T_Avg', 'RH_Avg', 'BP_mbar_Avg', 'WS_Avg', 'WD_Avg', 'SlrW_Avg', 'rg001dc_ch_Tot', 'rg006dc_ch_Tot', 'rg008dc_ch_Tot', 'rg009dc_ch_Tot', 'rg004tb_ch_Tot']
shape: (8_640, 3)
┌─────────────────────┬───────────┬────────┐
│ TIMESTAMP           ┆ Air_T_Avg ┆ RH_Avg │
│ ---                 ┆ ---       ┆ ---    │
│ datetime[μs]        ┆ f64       ┆ f64    │
╞═════════════════════╪═══════════╪════════╡
│ 2025-02-25 00:00:10 ┆ 281.99    ┆ 93.96  │
│ 2025-02-25 00:00:20 ┆ 281.99    ┆ 94.12  │
│ 2025-02-25 00:00:30 ┆ 281.99    ┆ 94.18  │
│ 2025-02-25 00:00:40 ┆ 281.99    ┆ 94.08  │
│ 2025-02-25 00:00:50 ┆ 281.99    ┆ 94.06  │
│ …                   ┆ …         ┆ …      │
│ 2025-02-25 23:59:20 ┆ 276.93    ┆ 90.2   │
│ 2025-02-25 23:59:30 ┆ 276.93    ┆ 89.94  │
│ 2025-02-25 23:59:40 ┆ 276.93    ┆ 89.96  │
│ 2025-02-25 23:59:50 ┆ 276.93    ┆ 90.22  │
│ 2025-02-26 00:00:00 ┆ 276.91    ┆ 90.5   │
└─────────────────────┴───────────┴────────┘
[INFO] Correcting the 'time' variable in the NetCDF file.
<class 'netCDF4.Variable'>
float64 time(time)
    units: seconds since 1970-01-01 00:00:00
    standard_name: time
    long_name: Time (seconds since 1970-01-01 00:00:00)
    axis: T
    valid_min: 1740441610.0
    valid_max: 1740528000.0
    calendar: standard
unlimited dimensions: 
current shape = (8640,)
filling on, default _FillValue of 9.969209968386869e+36 used
Flagged 0 points where air_temperature < 245.0K as bad data (qc_flag = 2).
Found 0 points already flagged as bad data (flag=2)
QC flags successfully added to /gws/pw/j07/ncas_obs_vol2/cao/processing/ncas-temperature-rh-1/data/long-term/level1d/2025/stfc-temperature-rh-1_cao_20250225_surface-met_v1.1.nc.
Updated time units to 'seconds since 1970-01-01 00:00:00' in /gws/pw/j07/ncas_obs_vol2/cao/processing/ncas-temperature-rh-1/data/long-term/level1d/2025/stfc-temperature-rh-1_cao_20250225_surface-met_v1.1.nc
/gws/pw/j07/ncas_obs_vol2/cao/raw_data/met_cao/data/long-term/2025/202502/CR1000XSeries_Chilbolton_Rxcabinmet1_20250226.dat
Parsed column names: ['TIMESTAMP', 'RECORD', 'BattV_Avg', 'PTemp_C_Avg', 'Air_T_Avg', 'RH_Avg', 'BP_mbar_Avg', 'WS_Avg', 'WD_Avg', 'SlrW_Avg', 'rg001dc_ch_Tot', 'rg006dc_ch_Tot', 'rg008dc_ch_Tot', 'rg009dc_ch_Tot', 'rg004tb_ch_Tot']
shape: (8_640, 3)
┌─────────────────────┬───────────┬────────┐
│ TIMESTAMP           ┆ Air_T_Avg ┆ RH_Avg │
│ ---                 ┆ ---       ┆ ---    │
│ datetime[μs]        ┆ f64       ┆ f64    │
╞═════════════════════╪═══════════╪════════╡
│ 2025-02-26 00:00:10 ┆ 276.89    ┆ 90.84  │
│ 2025-02-26 00:00:20 ┆ 276.89    ┆ 91.0   │
│ 2025-02-26 00:00:30 ┆ 276.87    ┆ 90.98  │
│ 2025-02-26 00:00:40 ┆ 276.85    ┆ 91.04  │
│ 2025-02-26 00:00:50 ┆ 276.81    ┆ 91.08  │
│ …                   ┆ …         ┆ …      │
│ 2025-02-26 23:59:20 ┆ 277.09    ┆ 85.88  │
│ 2025-02-26 23:59:30 ┆ 277.09    ┆ 85.98  │
│ 2025-02-26 23:59:40 ┆ 277.09    ┆ 85.94  │
│ 2025-02-26 23:59:50 ┆ 277.09    ┆ 85.74  │
│ 2025-02-27 00:00:00 ┆ 277.13    ┆ 85.34  │
└─────────────────────┴───────────┴────────┘
[INFO] Correcting the 'time' variable in the NetCDF file.
<class 'netCDF4.Variable'>
float64 time(time)
    units: seconds since 1970-01-01 00:00:00
    standard_name: time
    long_name: Time (seconds since 1970-01-01 00:00:00)
    axis: T
    valid_min: 1740528010.0
    valid_max: 1740614400.0
    calendar: standard
unlimited dimensions: 
current shape = (8640,)
filling on, default _FillValue of 9.969209968386869e+36 used
Flagged 0 points where air_temperature < 245.0K as bad data (qc_flag = 2).
Found 0 points already flagged as bad data (flag=2)
QC flags successfully added to /gws/pw/j07/ncas_obs_vol2/cao/processing/ncas-temperature-rh-1/data/long-term/level1d/2025/stfc-temperature-rh-1_cao_20250226_surface-met_v1.1.nc.
Updated time units to 'seconds since 1970-01-01 00:00:00' in /gws/pw/j07/ncas_obs_vol2/cao/processing/ncas-temperature-rh-1/data/long-term/level1d/2025/stfc-temperature-rh-1_cao_20250226_surface-met_v1.1.nc
/gws/pw/j07/ncas_obs_vol2/cao/raw_data/met_cao/data/long-term/2025/202502/CR1000XSeries_Chilbolton_Rxcabinmet1_20250227.dat
Parsed column names: ['TIMESTAMP', 'RECORD', 'BattV_Avg', 'PTemp_C_Avg', 'Air_T_Avg', 'RH_Avg', 'BP_mbar_Avg', 'WS_Avg', 'WD_Avg', 'SlrW_Avg', 'rg001dc_ch_Tot', 'rg006dc_ch_Tot', 'rg008dc_ch_Tot', 'rg009dc_ch_Tot', 'rg004tb_ch_Tot']
shape: (8_640, 3)
┌─────────────────────┬───────────┬────────┐
│ TIMESTAMP           ┆ Air_T_Avg ┆ RH_Avg │
│ ---                 ┆ ---       ┆ ---    │
│ datetime[μs]        ┆ f64       ┆ f64    │
╞═════════════════════╪═══════════╪════════╡
│ 2025-02-27 00:00:10 ┆ 277.17    ┆ 85.04  │
│ 2025-02-27 00:00:20 ┆ 277.17    ┆ 84.9   │
│ 2025-02-27 00:00:30 ┆ 277.19    ┆ 84.9   │
│ 2025-02-27 00:00:40 ┆ 277.21    ┆ 85.12  │
│ 2025-02-27 00:00:50 ┆ 277.19    ┆ 85.54  │
│ …                   ┆ …         ┆ …      │
│ 2025-02-27 23:59:20 ┆ 275.59    ┆ 80.98  │
│ 2025-02-27 23:59:30 ┆ 275.61    ┆ 81.12  │
│ 2025-02-27 23:59:40 ┆ 275.61    ┆ 81.38  │
│ 2025-02-27 23:59:50 ┆ 275.61    ┆ 81.42  │
│ 2025-02-28 00:00:00 ┆ 275.61    ┆ 81.42  │
└─────────────────────┴───────────┴────────┘
[INFO] Correcting the 'time' variable in the NetCDF file.
<class 'netCDF4.Variable'>
float64 time(time)
    units: seconds since 1970-01-01 00:00:00
    standard_name: time
    long_name: Time (seconds since 1970-01-01 00:00:00)
    axis: T
    valid_min: 1740614410.0
    valid_max: 1740700800.0
    calendar: standard
unlimited dimensions: 
current shape = (8640,)
filling on, default _FillValue of 9.969209968386869e+36 used
Flagged 0 points where air_temperature < 245.0K as bad data (qc_flag = 2).
Found 0 points already flagged as bad data (flag=2)
QC flags successfully added to /gws/pw/j07/ncas_obs_vol2/cao/processing/ncas-temperature-rh-1/data/long-term/level1d/2025/stfc-temperature-rh-1_cao_20250227_surface-met_v1.1.nc.
Updated time units to 'seconds since 1970-01-01 00:00:00' in /gws/pw/j07/ncas_obs_vol2/cao/processing/ncas-temperature-rh-1/data/long-term/level1d/2025/stfc-temperature-rh-1_cao_20250227_surface-met_v1.1.nc
/gws/pw/j07/ncas_obs_vol2/cao/raw_data/met_cao/data/long-term/2025/202502/CR1000XSeries_Chilbolton_Rxcabinmet1_20250228.dat
Parsed column names: ['TIMESTAMP', 'RECORD', 'BattV_Avg', 'PTemp_C_Avg', 'Air_T_Avg', 'RH_Avg', 'BP_mbar_Avg', 'WS_Avg', 'WD_Avg', 'SlrW_Avg', 'rg001dc_ch_Tot', 'rg006dc_ch_Tot', 'rg008dc_ch_Tot', 'rg009dc_ch_Tot', 'rg004tb_ch_Tot']
shape: (8_640, 3)
┌─────────────────────┬───────────┬────────┐
│ TIMESTAMP           ┆ Air_T_Avg ┆ RH_Avg │
│ ---                 ┆ ---       ┆ ---    │
│ datetime[μs]        ┆ f64       ┆ f64    │
╞═════════════════════╪═══════════╪════════╡
│ 2025-02-28 00:00:10 ┆ 275.61    ┆ 81.42  │
│ 2025-02-28 00:00:20 ┆ 275.59    ┆ 81.4   │
│ 2025-02-28 00:00:30 ┆ 275.55    ┆ 81.46  │
│ 2025-02-28 00:00:40 ┆ 275.51    ┆ 81.32  │
│ 2025-02-28 00:00:50 ┆ 275.49    ┆ 81.14  │
│ …                   ┆ …         ┆ …      │
│ 2025-02-28 23:59:20 ┆ 274.69    ┆ 92.0   │
│ 2025-02-28 23:59:30 ┆ 274.69    ┆ 92.1   │
│ 2025-02-28 23:59:40 ┆ 274.67    ┆ 92.16  │
│ 2025-02-28 23:59:50 ┆ 274.65    ┆ 91.98  │
│ 2025-03-01 00:00:00 ┆ 274.65    ┆ 91.64  │
└─────────────────────┴───────────┴────────┘
[INFO] Correcting the 'time' variable in the NetCDF file.
<class 'netCDF4.Variable'>
float64 time(time)
    units: seconds since 1970-01-01 00:00:00
    standard_name: time
    long_name: Time (seconds since 1970-01-01 00:00:00)
    axis: T
    valid_min: 1740700810.0
    valid_max: 1740787200.0
    calendar: standard
unlimited dimensions: 
current shape = (8640,)
filling on, default _FillValue of 9.969209968386869e+36 used
Flagged 0 points where air_temperature < 245.0K as bad data (qc_flag = 2).
Found 0 points already flagged as bad data (flag=2)
QC flags successfully added to /gws/pw/j07/ncas_obs_vol2/cao/processing/ncas-temperature-rh-1/data/long-term/level1d/2025/stfc-temperature-rh-1_cao_20250228_surface-met_v1.1.nc.
Updated time units to 'seconds since 1970-01-01 00:00:00' in /gws/pw/j07/ncas_obs_vol2/cao/processing/ncas-temperature-rh-1/data/long-term/level1d/2025/stfc-temperature-rh-1_cao_20250228_surface-met_v1.1.nc
/gws/pw/j07/ncas_obs_vol2/cao/raw_data/met_cao/data/long-term/2025/202503/CR1000XSeries_Chilbolton_Rxcabinmet1_20250301.dat
Parsed column names: ['TIMESTAMP', 'RECORD', 'BattV_Avg', 'PTemp_C_Avg', 'Air_T_Avg', 'RH_Avg', 'BP_mbar_Avg', 'WS_Avg', 'WD_Avg', 'SlrW_Avg', 'rg001dc_ch_Tot', 'rg006dc_ch_Tot', 'rg008dc_ch_Tot', 'rg009dc_ch_Tot', 'rg004tb_ch_Tot']
shape: (8_640, 3)
┌─────────────────────┬───────────┬────────┐
│ TIMESTAMP           ┆ Air_T_Avg ┆ RH_Avg │
│ ---                 ┆ ---       ┆ ---    │
│ datetime[μs]        ┆ f64       ┆ f64    │
╞═════════════════════╪═══════════╪════════╡
│ 2025-03-01 00:00:10 ┆ 274.67    ┆ 91.34  │
│ 2025-03-01 00:00:20 ┆ 274.65    ┆ 91.38  │
│ 2025-03-01 00:00:30 ┆ 274.65    ┆ 91.52  │
│ 2025-03-01 00:00:40 ┆ 274.65    ┆ 91.7   │
│ 2025-03-01 00:00:50 ┆ 274.65    ┆ 91.86  │
│ …                   ┆ …         ┆ …      │
│ 2025-03-01 23:59:20 ┆ 273.85    ┆ 88.94  │
│ 2025-03-01 23:59:30 ┆ 273.85    ┆ 88.52  │
│ 2025-03-01 23:59:40 ┆ 273.85    ┆ 88.4   │
│ 2025-03-01 23:59:50 ┆ 273.85    ┆ 88.48  │
│ 2025-03-02 00:00:00 ┆ 273.85    ┆ 88.74  │
└─────────────────────┴───────────┴────────┘
[INFO] Correcting the 'time' variable in the NetCDF file.
<class 'netCDF4.Variable'>
float64 time(time)
    units: seconds since 1970-01-01 00:00:00
    standard_name: time
    long_name: Time (seconds since 1970-01-01 00:00:00)
    axis: T
    valid_min: 1740787210.0
    valid_max: 1740873600.0
    calendar: standard
unlimited dimensions: 
current shape = (8640,)
filling on, default _FillValue of 9.969209968386869e+36 used
Flagged 0 points where air_temperature < 245.0K as bad data (qc_flag = 2).
Found 0 points already flagged as bad data (flag=2)
QC flags successfully added to /gws/pw/j07/ncas_obs_vol2/cao/processing/ncas-temperature-rh-1/data/long-term/level1d/2025/stfc-temperature-rh-1_cao_20250301_surface-met_v1.1.nc.
Updated time units to 'seconds since 1970-01-01 00:00:00' in /gws/pw/j07/ncas_obs_vol2/cao/processing/ncas-temperature-rh-1/data/long-term/level1d/2025/stfc-temperature-rh-1_cao_20250301_surface-met_v1.1.nc
/gws/pw/j07/ncas_obs_vol2/cao/raw_data/met_cao/data/long-term/2025/202503/CR1000XSeries_Chilbolton_Rxcabinmet1_20250302.dat
Parsed column names: ['TIMESTAMP', 'RECORD', 'BattV_Avg', 'PTemp_C_Avg', 'Air_T_Avg', 'RH_Avg', 'BP_mbar_Avg', 'WS_Avg', 'WD_Avg', 'SlrW_Avg', 'rg001dc_ch_Tot', 'rg006dc_ch_Tot', 'rg008dc_ch_Tot', 'rg009dc_ch_Tot', 'rg004tb_ch_Tot']
shape: (8_640, 3)
┌─────────────────────┬───────────┬────────┐
│ TIMESTAMP           ┆ Air_T_Avg ┆ RH_Avg │
│ ---                 ┆ ---       ┆ ---    │
│ datetime[μs]        ┆ f64       ┆ f64    │
╞═════════════════════╪═══════════╪════════╡
│ 2025-03-02 00:00:10 ┆ 273.85    ┆ 89.16  │
│ 2025-03-02 00:00:20 ┆ 273.85    ┆ 89.6   │
│ 2025-03-02 00:00:30 ┆ 273.85    ┆ 89.76  │
│ 2025-03-02 00:00:40 ┆ 273.85    ┆ 89.7   │
│ 2025-03-02 00:00:50 ┆ 273.85    ┆ 89.48  │
│ …                   ┆ …         ┆ …      │
│ 2025-03-02 23:59:20 ┆ 272.95    ┆ 92.2   │
│ 2025-03-02 23:59:30 ┆ 272.97    ┆ 91.8   │
│ 2025-03-02 23:59:40 ┆ 272.97    ┆ 91.5   │
│ 2025-03-02 23:59:50 ┆ 272.97    ┆ 91.6   │
│ 2025-03-03 00:00:00 ┆ 272.97    ┆ 91.78  │
└─────────────────────┴───────────┴────────┘
[INFO] Correcting the 'time' variable in the NetCDF file.
<class 'netCDF4.Variable'>
float64 time(time)
    units: seconds since 1970-01-01 00:00:00
    standard_name: time
    long_name: Time (seconds since 1970-01-01 00:00:00)
    axis: T
    valid_min: 1740873610.0
    valid_max: 1740960000.0
    calendar: standard
unlimited dimensions: 
current shape = (8640,)
filling on, default _FillValue of 9.969209968386869e+36 used
Flagged 0 points where air_temperature < 245.0K as bad data (qc_flag = 2).
Found 0 points already flagged as bad data (flag=2)
QC flags successfully added to /gws/pw/j07/ncas_obs_vol2/cao/processing/ncas-temperature-rh-1/data/long-term/level1d/2025/stfc-temperature-rh-1_cao_20250302_surface-met_v1.1.nc.
Updated time units to 'seconds since 1970-01-01 00:00:00' in /gws/pw/j07/ncas_obs_vol2/cao/processing/ncas-temperature-rh-1/data/long-term/level1d/2025/stfc-temperature-rh-1_cao_20250302_surface-met_v1.1.nc
/gws/pw/j07/ncas_obs_vol2/cao/raw_data/met_cao/data/long-term/2025/202503/CR1000XSeries_Chilbolton_Rxcabinmet1_20250303.dat
Parsed column names: ['TIMESTAMP', 'RECORD', 'BattV_Avg', 'PTemp_C_Avg', 'Air_T_Avg', 'RH_Avg', 'BP_mbar_Avg', 'WS_Avg', 'WD_Avg', 'SlrW_Avg', 'rg001dc_ch_Tot', 'rg006dc_ch_Tot', 'rg008dc_ch_Tot', 'rg009dc_ch_Tot', 'rg004tb_ch_Tot']
shape: (8_640, 3)
┌─────────────────────┬───────────┬────────┐
│ TIMESTAMP           ┆ Air_T_Avg ┆ RH_Avg │
│ ---                 ┆ ---       ┆ ---    │
│ datetime[μs]        ┆ f64       ┆ f64    │
╞═════════════════════╪═══════════╪════════╡
│ 2025-03-03 00:00:10 ┆ 272.99    ┆ 92.1   │
│ 2025-03-03 00:00:20 ┆ 273.01    ┆ 92.44  │
│ 2025-03-03 00:00:30 ┆ 273.01    ┆ 92.7   │
│ 2025-03-03 00:00:40 ┆ 273.05    ┆ 92.52  │
│ 2025-03-03 00:00:50 ┆ 273.07    ┆ 92.34  │
│ …                   ┆ …         ┆ …      │
│ 2025-03-03 23:59:20 ┆ 272.81    ┆ 95.02  │
│ 2025-03-03 23:59:30 ┆ 272.81    ┆ 94.96  │
│ 2025-03-03 23:59:40 ┆ 272.79    ┆ 94.86  │
│ 2025-03-03 23:59:50 ┆ 272.77    ┆ 94.58  │
│ 2025-03-04 00:00:00 ┆ 272.77    ┆ 94.34  │
└─────────────────────┴───────────┴────────┘
[INFO] Correcting the 'time' variable in the NetCDF file.
<class 'netCDF4.Variable'>
float64 time(time)
    units: seconds since 1970-01-01 00:00:00
    standard_name: time
    long_name: Time (seconds since 1970-01-01 00:00:00)
    axis: T
    valid_min: 1740960010.0
    valid_max: 1741046400.0
    calendar: standard
unlimited dimensions: 
current shape = (8640,)
filling on, default _FillValue of 9.969209968386869e+36 used
Flagged 0 points where air_temperature < 245.0K as bad data (qc_flag = 2).
Found 0 points already flagged as bad data (flag=2)
QC flags successfully added to /gws/pw/j07/ncas_obs_vol2/cao/processing/ncas-temperature-rh-1/data/long-term/level1d/2025/stfc-temperature-rh-1_cao_20250303_surface-met_v1.1.nc.
Updated time units to 'seconds since 1970-01-01 00:00:00' in /gws/pw/j07/ncas_obs_vol2/cao/processing/ncas-temperature-rh-1/data/long-term/level1d/2025/stfc-temperature-rh-1_cao_20250303_surface-met_v1.1.nc
/gws/pw/j07/ncas_obs_vol2/cao/raw_data/met_cao/data/long-term/2025/202503/CR1000XSeries_Chilbolton_Rxcabinmet1_20250304.dat
Parsed column names: ['TIMESTAMP', 'RECORD', 'BattV_Avg', 'PTemp_C_Avg', 'Air_T_Avg', 'RH_Avg', 'BP_mbar_Avg', 'WS_Avg', 'WD_Avg', 'SlrW_Avg', 'rg001dc_ch_Tot', 'rg006dc_ch_Tot', 'rg008dc_ch_Tot', 'rg009dc_ch_Tot', 'rg004tb_ch_Tot']
shape: (8_640, 3)
┌─────────────────────┬───────────┬────────┐
│ TIMESTAMP           ┆ Air_T_Avg ┆ RH_Avg │
│ ---                 ┆ ---       ┆ ---    │
│ datetime[μs]        ┆ f64       ┆ f64    │
╞═════════════════════╪═══════════╪════════╡
│ 2025-03-04 00:00:10 ┆ 272.75    ┆ 94.32  │
│ 2025-03-04 00:00:20 ┆ 272.75    ┆ 94.4   │
│ 2025-03-04 00:00:30 ┆ 272.73    ┆ 94.62  │
│ 2025-03-04 00:00:40 ┆ 272.73    ┆ 94.78  │
│ 2025-03-04 00:00:50 ┆ 272.71    ┆ 94.94  │
│ …                   ┆ …         ┆ …      │
│ 2025-03-04 23:59:20 ┆ 273.29    ┆ 99.96  │
│ 2025-03-04 23:59:30 ┆ 273.27    ┆ 99.94  │
│ 2025-03-04 23:59:40 ┆ 273.23    ┆ 99.96  │
│ 2025-03-04 23:59:50 ┆ 273.19    ┆ 99.96  │
│ 2025-03-05 00:00:00 ┆ 273.17    ┆ 99.94  │
└─────────────────────┴───────────┴────────┘
[INFO] Correcting the 'time' variable in the NetCDF file.
<class 'netCDF4.Variable'>
float64 time(time)
    units: seconds since 1970-01-01 00:00:00
    standard_name: time
    long_name: Time (seconds since 1970-01-01 00:00:00)
    axis: T
    valid_min: 1741046410.0
    valid_max: 1741132800.0
    calendar: standard
unlimited dimensions: 
current shape = (8640,)
filling on, default _FillValue of 9.969209968386869e+36 used
Flagged 0 points where air_temperature < 245.0K as bad data (qc_flag = 2).
Found 0 points already flagged as bad data (flag=2)
QC flags successfully added to /gws/pw/j07/ncas_obs_vol2/cao/processing/ncas-temperature-rh-1/data/long-term/level1d/2025/stfc-temperature-rh-1_cao_20250304_surface-met_v1.1.nc.
Updated time units to 'seconds since 1970-01-01 00:00:00' in /gws/pw/j07/ncas_obs_vol2/cao/processing/ncas-temperature-rh-1/data/long-term/level1d/2025/stfc-temperature-rh-1_cao_20250304_surface-met_v1.1.nc
/gws/pw/j07/ncas_obs_vol2/cao/raw_data/met_cao/data/long-term/2025/202503/CR1000XSeries_Chilbolton_Rxcabinmet1_20250305.dat
Parsed column names: ['TIMESTAMP', 'RECORD', 'BattV_Avg', 'PTemp_C_Avg', 'Air_T_Avg', 'RH_Avg', 'BP_mbar_Avg', 'WS_Avg', 'WD_Avg', 'SlrW_Avg', 'rg001dc_ch_Tot', 'rg006dc_ch_Tot', 'rg008dc_ch_Tot', 'rg009dc_ch_Tot', 'rg004tb_ch_Tot']
shape: (8_640, 3)
┌─────────────────────┬───────────┬────────┐
│ TIMESTAMP           ┆ Air_T_Avg ┆ RH_Avg │
│ ---                 ┆ ---       ┆ ---    │
│ datetime[μs]        ┆ f64       ┆ f64    │
╞═════════════════════╪═══════════╪════════╡
│ 2025-03-05 00:00:10 ┆ 273.15    ┆ 99.96  │
│ 2025-03-05 00:00:20 ┆ 273.13    ┆ 99.96  │
│ 2025-03-05 00:00:30 ┆ 273.11    ┆ 99.94  │
│ 2025-03-05 00:00:40 ┆ 273.09    ┆ 99.98  │
│ 2025-03-05 00:00:50 ┆ 273.09    ┆ 99.96  │
│ …                   ┆ …         ┆ …      │
│ 2025-03-05 23:59:20 ┆ 275.55    ┆ 99.98  │
│ 2025-03-05 23:59:30 ┆ 275.55    ┆ 99.96  │
│ 2025-03-05 23:59:40 ┆ 275.55    ┆ 99.98  │
│ 2025-03-05 23:59:50 ┆ 275.53    ┆ 99.98  │
│ 2025-03-06 00:00:00 ┆ 275.53    ┆ 99.96  │
└─────────────────────┴───────────┴────────┘
[INFO] Correcting the 'time' variable in the NetCDF file.
<class 'netCDF4.Variable'>
float64 time(time)
    units: seconds since 1970-01-01 00:00:00
    standard_name: time
    long_name: Time (seconds since 1970-01-01 00:00:00)
    axis: T
    valid_min: 1741132810.0
    valid_max: 1741219200.0
    calendar: standard
unlimited dimensions: 
current shape = (8640,)
filling on, default _FillValue of 9.969209968386869e+36 used
Flagged 0 points where air_temperature < 245.0K as bad data (qc_flag = 2).
Found 0 points already flagged as bad data (flag=2)
QC flags successfully added to /gws/pw/j07/ncas_obs_vol2/cao/processing/ncas-temperature-rh-1/data/long-term/level1d/2025/stfc-temperature-rh-1_cao_20250305_surface-met_v1.1.nc.
Updated time units to 'seconds since 1970-01-01 00:00:00' in /gws/pw/j07/ncas_obs_vol2/cao/processing/ncas-temperature-rh-1/data/long-term/level1d/2025/stfc-temperature-rh-1_cao_20250305_surface-met_v1.1.nc
/gws/pw/j07/ncas_obs_vol2/cao/raw_data/met_cao/data/long-term/2025/202503/CR1000XSeries_Chilbolton_Rxcabinmet1_20250306.dat
Parsed column names: ['TIMESTAMP', 'RECORD', 'BattV_Avg', 'PTemp_C_Avg', 'Air_T_Avg', 'RH_Avg', 'BP_mbar_Avg', 'WS_Avg', 'WD_Avg', 'SlrW_Avg', 'rg001dc_ch_Tot', 'rg006dc_ch_Tot', 'rg008dc_ch_Tot', 'rg009dc_ch_Tot', 'rg004tb_ch_Tot']
shape: (8_640, 3)
┌─────────────────────┬───────────┬────────┐
│ TIMESTAMP           ┆ Air_T_Avg ┆ RH_Avg │
│ ---                 ┆ ---       ┆ ---    │
│ datetime[μs]        ┆ f64       ┆ f64    │
╞═════════════════════╪═══════════╪════════╡
│ 2025-03-06 00:00:10 ┆ 275.51    ┆ 99.96  │
│ 2025-03-06 00:00:20 ┆ 275.51    ┆ 99.96  │
│ 2025-03-06 00:00:30 ┆ 275.49    ┆ 99.98  │
│ 2025-03-06 00:00:40 ┆ 275.49    ┆ 99.96  │
│ 2025-03-06 00:00:50 ┆ 275.49    ┆ 99.96  │
│ …                   ┆ …         ┆ …      │
│ 2025-03-06 23:59:20 ┆ 283.15    ┆ 79.2   │
│ 2025-03-06 23:59:30 ┆ 283.13    ┆ 79.22  │
│ 2025-03-06 23:59:40 ┆ 283.13    ┆ 79.32  │
│ 2025-03-06 23:59:50 ┆ 283.13    ┆ 79.42  │
│ 2025-03-07 00:00:00 ┆ 283.11    ┆ 79.54  │
└─────────────────────┴───────────┴────────┘
[INFO] Correcting the 'time' variable in the NetCDF file.
<class 'netCDF4.Variable'>
float64 time(time)
    units: seconds since 1970-01-01 00:00:00
    standard_name: time
    long_name: Time (seconds since 1970-01-01 00:00:00)
    axis: T
    valid_min: 1741219210.0
    valid_max: 1741305600.0
    calendar: standard
unlimited dimensions: 
current shape = (8640,)
filling on, default _FillValue of 9.969209968386869e+36 used
Flagged 0 points where air_temperature < 245.0K as bad data (qc_flag = 2).
Found 0 points already flagged as bad data (flag=2)
QC flags successfully added to /gws/pw/j07/ncas_obs_vol2/cao/processing/ncas-temperature-rh-1/data/long-term/level1d/2025/stfc-temperature-rh-1_cao_20250306_surface-met_v1.1.nc.
Updated time units to 'seconds since 1970-01-01 00:00:00' in /gws/pw/j07/ncas_obs_vol2/cao/processing/ncas-temperature-rh-1/data/long-term/level1d/2025/stfc-temperature-rh-1_cao_20250306_surface-met_v1.1.nc
/gws/pw/j07/ncas_obs_vol2/cao/raw_data/met_cao/data/long-term/2025/202503/CR1000XSeries_Chilbolton_Rxcabinmet1_20250307.dat
Parsed column names: ['TIMESTAMP', 'RECORD', 'BattV_Avg', 'PTemp_C_Avg', 'Air_T_Avg', 'RH_Avg', 'BP_mbar_Avg', 'WS_Avg', 'WD_Avg', 'SlrW_Avg', 'rg001dc_ch_Tot', 'rg006dc_ch_Tot', 'rg008dc_ch_Tot', 'rg009dc_ch_Tot', 'rg004tb_ch_Tot']
shape: (8_640, 3)
┌─────────────────────┬───────────┬────────┐
│ TIMESTAMP           ┆ Air_T_Avg ┆ RH_Avg │
│ ---                 ┆ ---       ┆ ---    │
│ datetime[μs]        ┆ f64       ┆ f64    │
╞═════════════════════╪═══════════╪════════╡
│ 2025-03-07 00:00:10 ┆ 283.11    ┆ 79.62  │
│ 2025-03-07 00:00:20 ┆ 283.11    ┆ 79.78  │
│ 2025-03-07 00:00:30 ┆ 283.11    ┆ 79.88  │
│ 2025-03-07 00:00:40 ┆ 283.11    ┆ 80.0   │
│ 2025-03-07 00:00:50 ┆ 283.09    ┆ 80.1   │
│ …                   ┆ …         ┆ …      │
│ 2025-03-07 23:59:20 ┆ 281.55    ┆ 84.72  │
│ 2025-03-07 23:59:30 ┆ 281.55    ┆ 84.44  │
│ 2025-03-07 23:59:40 ┆ 281.53    ┆ 84.32  │
│ 2025-03-07 23:59:50 ┆ 281.53    ┆ 84.46  │
│ 2025-03-08 00:00:00 ┆ 281.53    ┆ 84.64  │
└─────────────────────┴───────────┴────────┘
[INFO] Correcting the 'time' variable in the NetCDF file.
<class 'netCDF4.Variable'>
float64 time(time)
    units: seconds since 1970-01-01 00:00:00
    standard_name: time
    long_name: Time (seconds since 1970-01-01 00:00:00)
    axis: T
    valid_min: 1741305610.0
    valid_max: 1741392000.0
    calendar: standard
unlimited dimensions: 
current shape = (8640,)
filling on, default _FillValue of 9.969209968386869e+36 used
Flagged 0 points where air_temperature < 245.0K as bad data (qc_flag = 2).
Found 0 points already flagged as bad data (flag=2)
QC flags successfully added to /gws/pw/j07/ncas_obs_vol2/cao/processing/ncas-temperature-rh-1/data/long-term/level1d/2025/stfc-temperature-rh-1_cao_20250307_surface-met_v1.1.nc.
Updated time units to 'seconds since 1970-01-01 00:00:00' in /gws/pw/j07/ncas_obs_vol2/cao/processing/ncas-temperature-rh-1/data/long-term/level1d/2025/stfc-temperature-rh-1_cao_20250307_surface-met_v1.1.nc
/gws/pw/j07/ncas_obs_vol2/cao/raw_data/met_cao/data/long-term/2025/202503/CR1000XSeries_Chilbolton_Rxcabinmet1_20250308.dat
Parsed column names: ['TIMESTAMP', 'RECORD', 'BattV_Avg', 'PTemp_C_Avg', 'Air_T_Avg', 'RH_Avg', 'BP_mbar_Avg', 'WS_Avg', 'WD_Avg', 'SlrW_Avg', 'rg001dc_ch_Tot', 'rg006dc_ch_Tot', 'rg008dc_ch_Tot', 'rg009dc_ch_Tot', 'rg004tb_ch_Tot']
shape: (8_640, 3)
┌─────────────────────┬───────────┬────────┐
│ TIMESTAMP           ┆ Air_T_Avg ┆ RH_Avg │
│ ---                 ┆ ---       ┆ ---    │
│ datetime[μs]        ┆ f64       ┆ f64    │
╞═════════════════════╪═══════════╪════════╡
│ 2025-03-08 00:00:10 ┆ 281.53    ┆ 84.74  │
│ 2025-03-08 00:00:20 ┆ 281.53    ┆ 85.14  │
│ 2025-03-08 00:00:30 ┆ 281.53    ┆ 85.3   │
│ 2025-03-08 00:00:40 ┆ 281.55    ┆ 85.28  │
│ 2025-03-08 00:00:50 ┆ 281.55    ┆ 85.08  │
│ …                   ┆ …         ┆ …      │
│ 2025-03-08 23:59:20 ┆ 280.33    ┆ 83.46  │
│ 2025-03-08 23:59:30 ┆ 280.33    ┆ 83.3   │
│ 2025-03-08 23:59:40 ┆ 280.35    ┆ 83.2   │
│ 2025-03-08 23:59:50 ┆ 280.35    ┆ 82.98  │
│ 2025-03-09 00:00:00 ┆ 280.39    ┆ 82.8   │
└─────────────────────┴───────────┴────────┘
[INFO] Correcting the 'time' variable in the NetCDF file.
<class 'netCDF4.Variable'>
float64 time(time)
    units: seconds since 1970-01-01 00:00:00
    standard_name: time
    long_name: Time (seconds since 1970-01-01 00:00:00)
    axis: T
    valid_min: 1741392010.0
    valid_max: 1741478400.0
    calendar: standard
unlimited dimensions: 
current shape = (8640,)
filling on, default _FillValue of 9.969209968386869e+36 used
Flagged 0 points where air_temperature < 245.0K as bad data (qc_flag = 2).
Found 0 points already flagged as bad data (flag=2)
QC flags successfully added to /gws/pw/j07/ncas_obs_vol2/cao/processing/ncas-temperature-rh-1/data/long-term/level1d/2025/stfc-temperature-rh-1_cao_20250308_surface-met_v1.1.nc.
Updated time units to 'seconds since 1970-01-01 00:00:00' in /gws/pw/j07/ncas_obs_vol2/cao/processing/ncas-temperature-rh-1/data/long-term/level1d/2025/stfc-temperature-rh-1_cao_20250308_surface-met_v1.1.nc
/gws/pw/j07/ncas_obs_vol2/cao/raw_data/met_cao/data/long-term/2025/202503/CR1000XSeries_Chilbolton_Rxcabinmet1_20250309.dat
Parsed column names: ['TIMESTAMP', 'RECORD', 'BattV_Avg', 'PTemp_C_Avg', 'Air_T_Avg', 'RH_Avg', 'BP_mbar_Avg', 'WS_Avg', 'WD_Avg', 'SlrW_Avg', 'rg001dc_ch_Tot', 'rg006dc_ch_Tot', 'rg008dc_ch_Tot', 'rg009dc_ch_Tot', 'rg004tb_ch_Tot']
shape: (8_640, 3)
┌─────────────────────┬───────────┬────────┐
│ TIMESTAMP           ┆ Air_T_Avg ┆ RH_Avg │
│ ---                 ┆ ---       ┆ ---    │
│ datetime[μs]        ┆ f64       ┆ f64    │
╞═════════════════════╪═══════════╪════════╡
│ 2025-03-09 00:00:10 ┆ 280.37    ┆ 82.96  │
│ 2025-03-09 00:00:20 ┆ 280.37    ┆ 83.2   │
│ 2025-03-09 00:00:30 ┆ 280.37    ┆ 83.54  │
│ 2025-03-09 00:00:40 ┆ 280.37    ┆ 83.52  │
│ 2025-03-09 00:00:50 ┆ 280.39    ┆ 83.48  │
│ …                   ┆ …         ┆ …      │
│ 2025-03-09 23:59:20 ┆ 283.71    ┆ 70.96  │
│ 2025-03-09 23:59:30 ┆ 283.73    ┆ 70.72  │
│ 2025-03-09 23:59:40 ┆ 283.75    ┆ 70.62  │
│ 2025-03-09 23:59:50 ┆ 283.77    ┆ 70.48  │
│ 2025-03-10 00:00:00 ┆ 283.79    ┆ 70.48  │
└─────────────────────┴───────────┴────────┘
[INFO] Correcting the 'time' variable in the NetCDF file.
<class 'netCDF4.Variable'>
float64 time(time)
    units: seconds since 1970-01-01 00:00:00
    standard_name: time
    long_name: Time (seconds since 1970-01-01 00:00:00)
    axis: T
    valid_min: 1741478410.0
    valid_max: 1741564800.0
    calendar: standard
unlimited dimensions: 
current shape = (8640,)
filling on, default _FillValue of 9.969209968386869e+36 used
Flagged 0 points where air_temperature < 245.0K as bad data (qc_flag = 2).
Found 0 points already flagged as bad data (flag=2)
QC flags successfully added to /gws/pw/j07/ncas_obs_vol2/cao/processing/ncas-temperature-rh-1/data/long-term/level1d/2025/stfc-temperature-rh-1_cao_20250309_surface-met_v1.1.nc.
Updated time units to 'seconds since 1970-01-01 00:00:00' in /gws/pw/j07/ncas_obs_vol2/cao/processing/ncas-temperature-rh-1/data/long-term/level1d/2025/stfc-temperature-rh-1_cao_20250309_surface-met_v1.1.nc
/gws/pw/j07/ncas_obs_vol2/cao/raw_data/met_cao/data/long-term/2025/202503/CR1000XSeries_Chilbolton_Rxcabinmet1_20250310.dat
Parsed column names: ['TIMESTAMP', 'RECORD', 'BattV_Avg', 'PTemp_C_Avg', 'Air_T_Avg', 'RH_Avg', 'BP_mbar_Avg', 'WS_Avg', 'WD_Avg', 'SlrW_Avg', 'rg001dc_ch_Tot', 'rg006dc_ch_Tot', 'rg008dc_ch_Tot', 'rg009dc_ch_Tot', 'rg004tb_ch_Tot']
shape: (8_640, 3)
┌─────────────────────┬───────────┬────────┐
│ TIMESTAMP           ┆ Air_T_Avg ┆ RH_Avg │
│ ---                 ┆ ---       ┆ ---    │
│ datetime[μs]        ┆ f64       ┆ f64    │
╞═════════════════════╪═══════════╪════════╡
│ 2025-03-10 00:00:10 ┆ 283.79    ┆ 70.38  │
│ 2025-03-10 00:00:20 ┆ 283.83    ┆ 70.2   │
│ 2025-03-10 00:00:30 ┆ 283.83    ┆ 69.94  │
│ 2025-03-10 00:00:40 ┆ 283.85    ┆ 69.74  │
│ 2025-03-10 00:00:50 ┆ 283.85    ┆ 69.56  │
│ …                   ┆ …         ┆ …      │
│ 2025-03-10 23:59:20 ┆ 280.11    ┆ 81.98  │
│ 2025-03-10 23:59:30 ┆ 280.11    ┆ 81.9   │
│ 2025-03-10 23:59:40 ┆ 280.11    ┆ 82.06  │
│ 2025-03-10 23:59:50 ┆ 280.11    ┆ 82.24  │
│ 2025-03-11 00:00:00 ┆ 280.11    ┆ 82.44  │
└─────────────────────┴───────────┴────────┘
[INFO] Correcting the 'time' variable in the NetCDF file.
<class 'netCDF4.Variable'>
float64 time(time)
    units: seconds since 1970-01-01 00:00:00
    standard_name: time
    long_name: Time (seconds since 1970-01-01 00:00:00)
    axis: T
    valid_min: 1741564810.0
    valid_max: 1741651200.0
    calendar: standard
unlimited dimensions: 
current shape = (8640,)
filling on, default _FillValue of 9.969209968386869e+36 used
Flagged 0 points where air_temperature < 245.0K as bad data (qc_flag = 2).
Found 0 points already flagged as bad data (flag=2)
QC flags successfully added to /gws/pw/j07/ncas_obs_vol2/cao/processing/ncas-temperature-rh-1/data/long-term/level1d/2025/stfc-temperature-rh-1_cao_20250310_surface-met_v1.1.nc.
Updated time units to 'seconds since 1970-01-01 00:00:00' in /gws/pw/j07/ncas_obs_vol2/cao/processing/ncas-temperature-rh-1/data/long-term/level1d/2025/stfc-temperature-rh-1_cao_20250310_surface-met_v1.1.nc
/gws/pw/j07/ncas_obs_vol2/cao/raw_data/met_cao/data/long-term/2025/202503/CR1000XSeries_Chilbolton_Rxcabinmet1_20250311.dat
Parsed column names: ['TIMESTAMP', 'RECORD', 'BattV_Avg', 'PTemp_C_Avg', 'Air_T_Avg', 'RH_Avg', 'BP_mbar_Avg', 'WS_Avg', 'WD_Avg', 'SlrW_Avg', 'rg001dc_ch_Tot', 'rg006dc_ch_Tot', 'rg008dc_ch_Tot', 'rg009dc_ch_Tot', 'rg004tb_ch_Tot']
shape: (8_640, 3)
┌─────────────────────┬───────────┬────────┐
│ TIMESTAMP           ┆ Air_T_Avg ┆ RH_Avg │
│ ---                 ┆ ---       ┆ ---    │
│ datetime[μs]        ┆ f64       ┆ f64    │
╞═════════════════════╪═══════════╪════════╡
│ 2025-03-11 00:00:10 ┆ 280.09    ┆ 82.6   │
│ 2025-03-11 00:00:20 ┆ 280.09    ┆ 82.58  │
│ 2025-03-11 00:00:30 ┆ 280.09    ┆ 82.48  │
│ 2025-03-11 00:00:40 ┆ 280.09    ┆ 82.34  │
│ 2025-03-11 00:00:50 ┆ 280.09    ┆ 82.26  │
│ …                   ┆ …         ┆ …      │
│ 2025-03-11 23:59:20 ┆ 276.61    ┆ 81.22  │
│ 2025-03-11 23:59:30 ┆ 276.63    ┆ 81.04  │
│ 2025-03-11 23:59:40 ┆ 276.63    ┆ 80.92  │
│ 2025-03-11 23:59:50 ┆ 276.63    ┆ 80.78  │
│ 2025-03-12 00:00:00 ┆ 276.63    ┆ 80.72  │
└─────────────────────┴───────────┴────────┘
[INFO] Correcting the 'time' variable in the NetCDF file.
<class 'netCDF4.Variable'>
float64 time(time)
    units: seconds since 1970-01-01 00:00:00
    standard_name: time
    long_name: Time (seconds since 1970-01-01 00:00:00)
    axis: T
    valid_min: 1741651210.0
    valid_max: 1741737600.0
    calendar: standard
unlimited dimensions: 
current shape = (8640,)
filling on, default _FillValue of 9.969209968386869e+36 used
Flagged 0 points where air_temperature < 245.0K as bad data (qc_flag = 2).
Found 0 points already flagged as bad data (flag=2)
QC flags successfully added to /gws/pw/j07/ncas_obs_vol2/cao/processing/ncas-temperature-rh-1/data/long-term/level1d/2025/stfc-temperature-rh-1_cao_20250311_surface-met_v1.1.nc.
Updated time units to 'seconds since 1970-01-01 00:00:00' in /gws/pw/j07/ncas_obs_vol2/cao/processing/ncas-temperature-rh-1/data/long-term/level1d/2025/stfc-temperature-rh-1_cao_20250311_surface-met_v1.1.nc
/gws/pw/j07/ncas_obs_vol2/cao/raw_data/met_cao/data/long-term/2025/202503/CR1000XSeries_Chilbolton_Rxcabinmet1_20250312.dat
Parsed column names: ['TIMESTAMP', 'RECORD', 'BattV_Avg', 'PTemp_C_Avg', 'Air_T_Avg', 'RH_Avg', 'BP_mbar_Avg', 'WS_Avg', 'WD_Avg', 'SlrW_Avg', 'rg001dc_ch_Tot', 'rg006dc_ch_Tot', 'rg008dc_ch_Tot', 'rg009dc_ch_Tot', 'rg004tb_ch_Tot']
shape: (8_640, 3)
┌─────────────────────┬───────────┬────────┐
│ TIMESTAMP           ┆ Air_T_Avg ┆ RH_Avg │
│ ---                 ┆ ---       ┆ ---    │
│ datetime[μs]        ┆ f64       ┆ f64    │
╞═════════════════════╪═══════════╪════════╡
│ 2025-03-12 00:00:10 ┆ 276.63    ┆ 80.68  │
│ 2025-03-12 00:00:20 ┆ 276.63    ┆ 80.66  │
│ 2025-03-12 00:00:30 ┆ 276.63    ┆ 80.64  │
│ 2025-03-12 00:00:40 ┆ 276.65    ┆ 80.68  │
│ 2025-03-12 00:00:50 ┆ 276.65    ┆ 80.7   │
│ …                   ┆ …         ┆ …      │
│ 2025-03-12 23:59:20 ┆ 276.47    ┆ 85.86  │
│ 2025-03-12 23:59:30 ┆ 276.43    ┆ 85.74  │
│ 2025-03-12 23:59:40 ┆ 276.41    ┆ 85.48  │
│ 2025-03-12 23:59:50 ┆ 276.39    ┆ 85.12  │
│ 2025-03-13 00:00:00 ┆ 276.39    ┆ 84.88  │
└─────────────────────┴───────────┴────────┘
[INFO] Correcting the 'time' variable in the NetCDF file.
<class 'netCDF4.Variable'>
float64 time(time)
    units: seconds since 1970-01-01 00:00:00
    standard_name: time
    long_name: Time (seconds since 1970-01-01 00:00:00)
    axis: T
    valid_min: 1741737610.0
    valid_max: 1741824000.0
    calendar: standard
unlimited dimensions: 
current shape = (8640,)
filling on, default _FillValue of 9.969209968386869e+36 used
Flagged 0 points where air_temperature < 245.0K as bad data (qc_flag = 2).
Found 0 points already flagged as bad data (flag=2)
QC flags successfully added to /gws/pw/j07/ncas_obs_vol2/cao/processing/ncas-temperature-rh-1/data/long-term/level1d/2025/stfc-temperature-rh-1_cao_20250312_surface-met_v1.1.nc.
Updated time units to 'seconds since 1970-01-01 00:00:00' in /gws/pw/j07/ncas_obs_vol2/cao/processing/ncas-temperature-rh-1/data/long-term/level1d/2025/stfc-temperature-rh-1_cao_20250312_surface-met_v1.1.nc
/gws/pw/j07/ncas_obs_vol2/cao/raw_data/met_cao/data/long-term/2025/202503/CR1000XSeries_Chilbolton_Rxcabinmet1_20250313.dat
Parsed column names: ['TIMESTAMP', 'RECORD', 'BattV_Avg', 'PTemp_C_Avg', 'Air_T_Avg', 'RH_Avg', 'BP_mbar_Avg', 'WS_Avg', 'WD_Avg', 'SlrW_Avg', 'rg001dc_ch_Tot', 'rg006dc_ch_Tot', 'rg008dc_ch_Tot', 'rg009dc_ch_Tot', 'rg004tb_ch_Tot']
shape: (8_640, 3)
┌─────────────────────┬───────────┬────────┐
│ TIMESTAMP           ┆ Air_T_Avg ┆ RH_Avg │
│ ---                 ┆ ---       ┆ ---    │
│ datetime[μs]        ┆ f64       ┆ f64    │
╞═════════════════════╪═══════════╪════════╡
│ 2025-03-13 00:00:10 ┆ 276.37    ┆ 84.86  │
│ 2025-03-13 00:00:20 ┆ 276.37    ┆ 85.12  │
│ 2025-03-13 00:00:30 ┆ 276.35    ┆ 85.42  │
│ 2025-03-13 00:00:40 ┆ 276.33    ┆ 85.96  │
│ 2025-03-13 00:00:50 ┆ 276.29    ┆ 86.42  │
│ …                   ┆ …         ┆ …      │
│ 2025-03-13 23:59:20 ┆ 273.23    ┆ 93.76  │
│ 2025-03-13 23:59:30 ┆ 273.29    ┆ 94.34  │
│ 2025-03-13 23:59:40 ┆ 273.31    ┆ 95.02  │
│ 2025-03-13 23:59:50 ┆ 273.33    ┆ 95.02  │
│ 2025-03-14 00:00:00 ┆ 273.33    ┆ 94.68  │
└─────────────────────┴───────────┴────────┘
[INFO] Correcting the 'time' variable in the NetCDF file.
<class 'netCDF4.Variable'>
float64 time(time)
    units: seconds since 1970-01-01 00:00:00
    standard_name: time
    long_name: Time (seconds since 1970-01-01 00:00:00)
    axis: T
    valid_min: 1741824010.0
    valid_max: 1741910400.0
    calendar: standard
unlimited dimensions: 
current shape = (8640,)
filling on, default _FillValue of 9.969209968386869e+36 used
Flagged 0 points where air_temperature < 245.0K as bad data (qc_flag = 2).
Found 0 points already flagged as bad data (flag=2)
QC flags successfully added to /gws/pw/j07/ncas_obs_vol2/cao/processing/ncas-temperature-rh-1/data/long-term/level1d/2025/stfc-temperature-rh-1_cao_20250313_surface-met_v1.1.nc.
Updated time units to 'seconds since 1970-01-01 00:00:00' in /gws/pw/j07/ncas_obs_vol2/cao/processing/ncas-temperature-rh-1/data/long-term/level1d/2025/stfc-temperature-rh-1_cao_20250313_surface-met_v1.1.nc
/gws/pw/j07/ncas_obs_vol2/cao/raw_data/met_cao/data/long-term/2025/202503/CR1000XSeries_Chilbolton_Rxcabinmet1_20250314.dat
Parsed column names: ['TIMESTAMP', 'RECORD', 'BattV_Avg', 'PTemp_C_Avg', 'Air_T_Avg', 'RH_Avg', 'BP_mbar_Avg', 'WS_Avg', 'WD_Avg', 'SlrW_Avg', 'rg001dc_ch_Tot', 'rg006dc_ch_Tot', 'rg008dc_ch_Tot', 'rg009dc_ch_Tot', 'rg004tb_ch_Tot']
shape: (8_640, 3)
┌─────────────────────┬───────────┬────────┐
│ TIMESTAMP           ┆ Air_T_Avg ┆ RH_Avg │
│ ---                 ┆ ---       ┆ ---    │
│ datetime[μs]        ┆ f64       ┆ f64    │
╞═════════════════════╪═══════════╪════════╡
│ 2025-03-14 00:00:10 ┆ 273.35    ┆ 94.34  │
│ 2025-03-14 00:00:20 ┆ 273.35    ┆ 93.9   │
│ 2025-03-14 00:00:30 ┆ 273.35    ┆ 93.4   │
│ 2025-03-14 00:00:40 ┆ 273.33    ┆ 93.1   │
│ 2025-03-14 00:00:50 ┆ 273.31    ┆ 93.16  │
│ …                   ┆ …         ┆ …      │
│ 2025-03-14 23:59:20 ┆ 276.41    ┆ 80.64  │
│ 2025-03-14 23:59:30 ┆ 276.37    ┆ 80.08  │
│ 2025-03-14 23:59:40 ┆ 276.35    ┆ 79.92  │
│ 2025-03-14 23:59:50 ┆ 276.33    ┆ 80.14  │
│ 2025-03-15 00:00:00 ┆ 276.31    ┆ 80.48  │
└─────────────────────┴───────────┴────────┘
[INFO] Correcting the 'time' variable in the NetCDF file.
<class 'netCDF4.Variable'>
float64 time(time)
    units: seconds since 1970-01-01 00:00:00
    standard_name: time
    long_name: Time (seconds since 1970-01-01 00:00:00)
    axis: T
    valid_min: 1741910410.0
    valid_max: 1741996800.0
    calendar: standard
unlimited dimensions: 
current shape = (8640,)
filling on, default _FillValue of 9.969209968386869e+36 used
Flagged 0 points where air_temperature < 245.0K as bad data (qc_flag = 2).
Found 0 points already flagged as bad data (flag=2)
QC flags successfully added to /gws/pw/j07/ncas_obs_vol2/cao/processing/ncas-temperature-rh-1/data/long-term/level1d/2025/stfc-temperature-rh-1_cao_20250314_surface-met_v1.1.nc.
Updated time units to 'seconds since 1970-01-01 00:00:00' in /gws/pw/j07/ncas_obs_vol2/cao/processing/ncas-temperature-rh-1/data/long-term/level1d/2025/stfc-temperature-rh-1_cao_20250314_surface-met_v1.1.nc
/gws/pw/j07/ncas_obs_vol2/cao/raw_data/met_cao/data/long-term/2025/202503/CR1000XSeries_Chilbolton_Rxcabinmet1_20250315.dat
Parsed column names: ['TIMESTAMP', 'RECORD', 'BattV_Avg', 'PTemp_C_Avg', 'Air_T_Avg', 'RH_Avg', 'BP_mbar_Avg', 'WS_Avg', 'WD_Avg', 'SlrW_Avg', 'rg001dc_ch_Tot', 'rg006dc_ch_Tot', 'rg008dc_ch_Tot', 'rg009dc_ch_Tot', 'rg004tb_ch_Tot']
shape: (8_640, 3)
┌─────────────────────┬───────────┬────────┐
│ TIMESTAMP           ┆ Air_T_Avg ┆ RH_Avg │
│ ---                 ┆ ---       ┆ ---    │
│ datetime[μs]        ┆ f64       ┆ f64    │
╞═════════════════════╪═══════════╪════════╡
│ 2025-03-15 00:00:10 ┆ 276.31    ┆ 80.74  │
│ 2025-03-15 00:00:20 ┆ 276.37    ┆ 80.82  │
│ 2025-03-15 00:00:30 ┆ 276.39    ┆ 81.16  │
│ 2025-03-15 00:00:40 ┆ 276.39    ┆ 81.42  │
│ 2025-03-15 00:00:50 ┆ 276.39    ┆ 81.3   │
│ …                   ┆ …         ┆ …      │
│ 2025-03-15 23:59:20 ┆ 273.23    ┆ 79.7   │
│ 2025-03-15 23:59:30 ┆ 273.27    ┆ 80.14  │
│ 2025-03-15 23:59:40 ┆ 273.25    ┆ 80.12  │
│ 2025-03-15 23:59:50 ┆ 273.19    ┆ 80.06  │
│ 2025-03-16 00:00:00 ┆ 273.17    ┆ 79.64  │
└─────────────────────┴───────────┴────────┘
[INFO] Correcting the 'time' variable in the NetCDF file.
<class 'netCDF4.Variable'>
float64 time(time)
    units: seconds since 1970-01-01 00:00:00
    standard_name: time
    long_name: Time (seconds since 1970-01-01 00:00:00)
    axis: T
    valid_min: 1741996810.0
    valid_max: 1742083200.0
    calendar: standard
unlimited dimensions: 
current shape = (8640,)
filling on, default _FillValue of 9.969209968386869e+36 used
Flagged 0 points where air_temperature < 245.0K as bad data (qc_flag = 2).
Found 0 points already flagged as bad data (flag=2)
QC flags successfully added to /gws/pw/j07/ncas_obs_vol2/cao/processing/ncas-temperature-rh-1/data/long-term/level1d/2025/stfc-temperature-rh-1_cao_20250315_surface-met_v1.1.nc.
Updated time units to 'seconds since 1970-01-01 00:00:00' in /gws/pw/j07/ncas_obs_vol2/cao/processing/ncas-temperature-rh-1/data/long-term/level1d/2025/stfc-temperature-rh-1_cao_20250315_surface-met_v1.1.nc
/gws/pw/j07/ncas_obs_vol2/cao/raw_data/met_cao/data/long-term/2025/202503/CR1000XSeries_Chilbolton_Rxcabinmet1_20250316.dat
Parsed column names: ['TIMESTAMP', 'RECORD', 'BattV_Avg', 'PTemp_C_Avg', 'Air_T_Avg', 'RH_Avg', 'BP_mbar_Avg', 'WS_Avg', 'WD_Avg', 'SlrW_Avg', 'rg001dc_ch_Tot', 'rg006dc_ch_Tot', 'rg008dc_ch_Tot', 'rg009dc_ch_Tot', 'rg004tb_ch_Tot']
shape: (8_640, 3)
┌─────────────────────┬───────────┬────────┐
│ TIMESTAMP           ┆ Air_T_Avg ┆ RH_Avg │
│ ---                 ┆ ---       ┆ ---    │
│ datetime[μs]        ┆ f64       ┆ f64    │
╞═════════════════════╪═══════════╪════════╡
│ 2025-03-16 00:00:10 ┆ 273.21    ┆ 78.5   │
│ 2025-03-16 00:00:20 ┆ 273.25    ┆ 77.7   │
│ 2025-03-16 00:00:30 ┆ 273.23    ┆ 77.9   │
│ 2025-03-16 00:00:40 ┆ 273.19    ┆ 78.36  │
│ 2025-03-16 00:00:50 ┆ 273.17    ┆ 79.06  │
│ …                   ┆ …         ┆ …      │
│ 2025-03-16 23:59:20 ┆ 278.75    ┆ 77.94  │
│ 2025-03-16 23:59:30 ┆ 278.73    ┆ 77.92  │
│ 2025-03-16 23:59:40 ┆ 278.75    ┆ 77.88  │
│ 2025-03-16 23:59:50 ┆ 278.75    ┆ 77.76  │
│ 2025-03-17 00:00:00 ┆ 278.75    ┆ 77.68  │
└─────────────────────┴───────────┴────────┘
[INFO] Correcting the 'time' variable in the NetCDF file.
<class 'netCDF4.Variable'>
float64 time(time)
    units: seconds since 1970-01-01 00:00:00
    standard_name: time
    long_name: Time (seconds since 1970-01-01 00:00:00)
    axis: T
    valid_min: 1742083210.0
    valid_max: 1742169600.0
    calendar: standard
unlimited dimensions: 
current shape = (8640,)
filling on, default _FillValue of 9.969209968386869e+36 used
Flagged 0 points where air_temperature < 245.0K as bad data (qc_flag = 2).
Found 0 points already flagged as bad data (flag=2)
QC flags successfully added to /gws/pw/j07/ncas_obs_vol2/cao/processing/ncas-temperature-rh-1/data/long-term/level1d/2025/stfc-temperature-rh-1_cao_20250316_surface-met_v1.1.nc.
Updated time units to 'seconds since 1970-01-01 00:00:00' in /gws/pw/j07/ncas_obs_vol2/cao/processing/ncas-temperature-rh-1/data/long-term/level1d/2025/stfc-temperature-rh-1_cao_20250316_surface-met_v1.1.nc
/gws/pw/j07/ncas_obs_vol2/cao/raw_data/met_cao/data/long-term/2025/202503/CR1000XSeries_Chilbolton_Rxcabinmet1_20250317.dat
Parsed column names: ['TIMESTAMP', 'RECORD', 'BattV_Avg', 'PTemp_C_Avg', 'Air_T_Avg', 'RH_Avg', 'BP_mbar_Avg', 'WS_Avg', 'WD_Avg', 'SlrW_Avg', 'rg001dc_ch_Tot', 'rg006dc_ch_Tot', 'rg008dc_ch_Tot', 'rg009dc_ch_Tot', 'rg004tb_ch_Tot']
shape: (8_640, 3)
┌─────────────────────┬───────────┬────────┐
│ TIMESTAMP           ┆ Air_T_Avg ┆ RH_Avg │
│ ---                 ┆ ---       ┆ ---    │
│ datetime[μs]        ┆ f64       ┆ f64    │
╞═════════════════════╪═══════════╪════════╡
│ 2025-03-17 00:00:10 ┆ 278.75    ┆ 77.74  │
│ 2025-03-17 00:00:20 ┆ 278.75    ┆ 77.76  │
│ 2025-03-17 00:00:30 ┆ 278.75    ┆ 77.86  │
│ 2025-03-17 00:00:40 ┆ 278.73    ┆ 78.0   │
│ 2025-03-17 00:00:50 ┆ 278.73    ┆ 78.12  │
│ …                   ┆ …         ┆ …      │
│ 2025-03-17 23:59:20 ┆ 274.05    ┆ 90.54  │
│ 2025-03-17 23:59:30 ┆ 274.03    ┆ 90.04  │
│ 2025-03-17 23:59:40 ┆ 274.03    ┆ 89.86  │
│ 2025-03-17 23:59:50 ┆ 274.05    ┆ 89.9   │
│ 2025-03-18 00:00:00 ┆ 274.05    ┆ 90.24  │
└─────────────────────┴───────────┴────────┘
[INFO] Correcting the 'time' variable in the NetCDF file.
<class 'netCDF4.Variable'>
float64 time(time)
    units: seconds since 1970-01-01 00:00:00
    standard_name: time
    long_name: Time (seconds since 1970-01-01 00:00:00)
    axis: T
    valid_min: 1742169610.0
    valid_max: 1742256000.0
    calendar: standard
unlimited dimensions: 
current shape = (8640,)
filling on, default _FillValue of 9.969209968386869e+36 used
Flagged 0 points where air_temperature < 245.0K as bad data (qc_flag = 2).
Found 0 points already flagged as bad data (flag=2)
QC flags successfully added to /gws/pw/j07/ncas_obs_vol2/cao/processing/ncas-temperature-rh-1/data/long-term/level1d/2025/stfc-temperature-rh-1_cao_20250317_surface-met_v1.1.nc.
Updated time units to 'seconds since 1970-01-01 00:00:00' in /gws/pw/j07/ncas_obs_vol2/cao/processing/ncas-temperature-rh-1/data/long-term/level1d/2025/stfc-temperature-rh-1_cao_20250317_surface-met_v1.1.nc
/gws/pw/j07/ncas_obs_vol2/cao/raw_data/met_cao/data/long-term/2025/202503/CR1000XSeries_Chilbolton_Rxcabinmet1_20250318.dat
Parsed column names: ['TIMESTAMP', 'RECORD', 'BattV_Avg', 'PTemp_C_Avg', 'Air_T_Avg', 'RH_Avg', 'BP_mbar_Avg', 'WS_Avg', 'WD_Avg', 'SlrW_Avg', 'rg001dc_ch_Tot', 'rg006dc_ch_Tot', 'rg008dc_ch_Tot', 'rg009dc_ch_Tot', 'rg004tb_ch_Tot']
shape: (8_640, 3)
┌─────────────────────┬───────────┬────────┐
│ TIMESTAMP           ┆ Air_T_Avg ┆ RH_Avg │
│ ---                 ┆ ---       ┆ ---    │
│ datetime[μs]        ┆ f64       ┆ f64    │
╞═════════════════════╪═══════════╪════════╡
│ 2025-03-18 00:00:10 ┆ 273.97    ┆ 91.18  │
│ 2025-03-18 00:00:20 ┆ 273.91    ┆ 91.92  │
│ 2025-03-18 00:00:30 ┆ 273.89    ┆ 91.88  │
│ 2025-03-18 00:00:40 ┆ 273.85    ┆ 91.72  │
│ 2025-03-18 00:00:50 ┆ 273.81    ┆ 90.96  │
│ …                   ┆ …         ┆ …      │
│ 2025-03-18 23:59:20 ┆ 273.75    ┆ 82.76  │
│ 2025-03-18 23:59:30 ┆ 273.77    ┆ 82.74  │
│ 2025-03-18 23:59:40 ┆ 273.77    ┆ 82.8   │
│ 2025-03-18 23:59:50 ┆ 273.75    ┆ 82.78  │
│ 2025-03-19 00:00:00 ┆ 273.75    ┆ 82.8   │
└─────────────────────┴───────────┴────────┘
[INFO] Correcting the 'time' variable in the NetCDF file.
<class 'netCDF4.Variable'>
float64 time(time)
    units: seconds since 1970-01-01 00:00:00
    standard_name: time
    long_name: Time (seconds since 1970-01-01 00:00:00)
    axis: T
    valid_min: 1742256010.0
    valid_max: 1742342400.0
    calendar: standard
unlimited dimensions: 
current shape = (8640,)
filling on, default _FillValue of 9.969209968386869e+36 used
Flagged 0 points where air_temperature < 245.0K as bad data (qc_flag = 2).
Found 0 points already flagged as bad data (flag=2)
QC flags successfully added to /gws/pw/j07/ncas_obs_vol2/cao/processing/ncas-temperature-rh-1/data/long-term/level1d/2025/stfc-temperature-rh-1_cao_20250318_surface-met_v1.1.nc.
Updated time units to 'seconds since 1970-01-01 00:00:00' in /gws/pw/j07/ncas_obs_vol2/cao/processing/ncas-temperature-rh-1/data/long-term/level1d/2025/stfc-temperature-rh-1_cao_20250318_surface-met_v1.1.nc
/gws/pw/j07/ncas_obs_vol2/cao/raw_data/met_cao/data/long-term/2025/202503/CR1000XSeries_Chilbolton_Rxcabinmet1_20250319.dat
Parsed column names: ['TIMESTAMP', 'RECORD', 'BattV_Avg', 'PTemp_C_Avg', 'Air_T_Avg', 'RH_Avg', 'BP_mbar_Avg', 'WS_Avg', 'WD_Avg', 'SlrW_Avg', 'rg001dc_ch_Tot', 'rg006dc_ch_Tot', 'rg008dc_ch_Tot', 'rg009dc_ch_Tot', 'rg004tb_ch_Tot']
shape: (8_640, 3)
┌─────────────────────┬───────────┬────────┐
│ TIMESTAMP           ┆ Air_T_Avg ┆ RH_Avg │
│ ---                 ┆ ---       ┆ ---    │
│ datetime[μs]        ┆ f64       ┆ f64    │
╞═════════════════════╪═══════════╪════════╡
│ 2025-03-19 00:00:10 ┆ 273.73    ┆ 82.78  │
│ 2025-03-19 00:00:20 ┆ 273.71    ┆ 82.64  │
│ 2025-03-19 00:00:30 ┆ 273.71    ┆ 82.42  │
│ 2025-03-19 00:00:40 ┆ 273.71    ┆ 82.24  │
│ 2025-03-19 00:00:50 ┆ 273.71    ┆ 82.26  │
│ …                   ┆ …         ┆ …      │
│ 2025-03-19 23:59:20 ┆ 281.21    ┆ 85.58  │
│ 2025-03-19 23:59:30 ┆ 281.23    ┆ 85.56  │
│ 2025-03-19 23:59:40 ┆ 281.23    ┆ 85.48  │
│ 2025-03-19 23:59:50 ┆ 281.23    ┆ 85.34  │
│ 2025-03-20 00:00:00 ┆ 281.25    ┆ 85.08  │
└─────────────────────┴───────────┴────────┘
[INFO] Correcting the 'time' variable in the NetCDF file.
<class 'netCDF4.Variable'>
float64 time(time)
    units: seconds since 1970-01-01 00:00:00
    standard_name: time
    long_name: Time (seconds since 1970-01-01 00:00:00)
    axis: T
    valid_min: 1742342410.0
    valid_max: 1742428800.0
    calendar: standard
unlimited dimensions: 
current shape = (8640,)
filling on, default _FillValue of 9.969209968386869e+36 used
Flagged 0 points where air_temperature < 245.0K as bad data (qc_flag = 2).
Found 0 points already flagged as bad data (flag=2)
QC flags successfully added to /gws/pw/j07/ncas_obs_vol2/cao/processing/ncas-temperature-rh-1/data/long-term/level1d/2025/stfc-temperature-rh-1_cao_20250319_surface-met_v1.1.nc.
Updated time units to 'seconds since 1970-01-01 00:00:00' in /gws/pw/j07/ncas_obs_vol2/cao/processing/ncas-temperature-rh-1/data/long-term/level1d/2025/stfc-temperature-rh-1_cao_20250319_surface-met_v1.1.nc
/gws/pw/j07/ncas_obs_vol2/cao/raw_data/met_cao/data/long-term/2025/202503/CR1000XSeries_Chilbolton_Rxcabinmet1_20250320.dat
Parsed column names: ['TIMESTAMP', 'RECORD', 'BattV_Avg', 'PTemp_C_Avg', 'Air_T_Avg', 'RH_Avg', 'BP_mbar_Avg', 'WS_Avg', 'WD_Avg', 'SlrW_Avg', 'rg001dc_ch_Tot', 'rg006dc_ch_Tot', 'rg008dc_ch_Tot', 'rg009dc_ch_Tot', 'rg004tb_ch_Tot']
shape: (8_640, 3)
┌─────────────────────┬───────────┬────────┐
│ TIMESTAMP           ┆ Air_T_Avg ┆ RH_Avg │
│ ---                 ┆ ---       ┆ ---    │
│ datetime[μs]        ┆ f64       ┆ f64    │
╞═════════════════════╪═══════════╪════════╡
│ 2025-03-20 00:00:10 ┆ 281.27    ┆ 84.86  │
│ 2025-03-20 00:00:20 ┆ 281.29    ┆ 84.68  │
│ 2025-03-20 00:00:30 ┆ 281.31    ┆ 84.62  │
│ 2025-03-20 00:00:40 ┆ 281.31    ┆ 84.6   │
│ 2025-03-20 00:00:50 ┆ 281.31    ┆ 84.68  │
│ …                   ┆ …         ┆ …      │
│ 2025-03-20 23:59:20 ┆ 283.01    ┆ 75.32  │
│ 2025-03-20 23:59:30 ┆ 283.03    ┆ 75.3   │
│ 2025-03-20 23:59:40 ┆ 283.07    ┆ 75.38  │
│ 2025-03-20 23:59:50 ┆ 283.07    ┆ 75.62  │
│ 2025-03-21 00:00:00 ┆ 283.07    ┆ 75.54  │
└─────────────────────┴───────────┴────────┘
[INFO] Correcting the 'time' variable in the NetCDF file.
<class 'netCDF4.Variable'>
float64 time(time)
    units: seconds since 1970-01-01 00:00:00
    standard_name: time
    long_name: Time (seconds since 1970-01-01 00:00:00)
    axis: T
    valid_min: 1742428810.0
    valid_max: 1742515200.0
    calendar: standard
unlimited dimensions: 
current shape = (8640,)
filling on, default _FillValue of 9.969209968386869e+36 used
Flagged 0 points where air_temperature < 245.0K as bad data (qc_flag = 2).
Found 0 points already flagged as bad data (flag=2)
QC flags successfully added to /gws/pw/j07/ncas_obs_vol2/cao/processing/ncas-temperature-rh-1/data/long-term/level1d/2025/stfc-temperature-rh-1_cao_20250320_surface-met_v1.1.nc.
Updated time units to 'seconds since 1970-01-01 00:00:00' in /gws/pw/j07/ncas_obs_vol2/cao/processing/ncas-temperature-rh-1/data/long-term/level1d/2025/stfc-temperature-rh-1_cao_20250320_surface-met_v1.1.nc
/gws/pw/j07/ncas_obs_vol2/cao/raw_data/met_cao/data/long-term/2025/202503/CR1000XSeries_Chilbolton_Rxcabinmet1_20250321.dat
Parsed column names: ['TIMESTAMP', 'RECORD', 'BattV_Avg', 'PTemp_C_Avg', 'Air_T_Avg', 'RH_Avg', 'BP_mbar_Avg', 'WS_Avg', 'WD_Avg', 'SlrW_Avg', 'rg001dc_ch_Tot', 'rg006dc_ch_Tot', 'rg008dc_ch_Tot', 'rg009dc_ch_Tot', 'rg004tb_ch_Tot']
shape: (8_640, 3)
┌─────────────────────┬───────────┬────────┐
│ TIMESTAMP           ┆ Air_T_Avg ┆ RH_Avg │
│ ---                 ┆ ---       ┆ ---    │
│ datetime[μs]        ┆ f64       ┆ f64    │
╞═════════════════════╪═══════════╪════════╡
│ 2025-03-21 00:00:10 ┆ 283.11    ┆ 75.22  │
│ 2025-03-21 00:00:20 ┆ 283.13    ┆ 75.08  │
│ 2025-03-21 00:00:30 ┆ 283.13    ┆ 75.02  │
│ 2025-03-21 00:00:40 ┆ 283.13    ┆ 74.98  │
│ 2025-03-21 00:00:50 ┆ 283.11    ┆ 74.98  │
│ …                   ┆ …         ┆ …      │
│ 2025-03-21 23:59:20 ┆ 284.17    ┆ 87.4   │
│ 2025-03-21 23:59:30 ┆ 284.17    ┆ 87.22  │
│ 2025-03-21 23:59:40 ┆ 284.19    ┆ 87.0   │
│ 2025-03-21 23:59:50 ┆ 284.23    ┆ 86.82  │
│ 2025-03-22 00:00:00 ┆ 284.23    ┆ 86.86  │
└─────────────────────┴───────────┴────────┘
[INFO] Correcting the 'time' variable in the NetCDF file.
<class 'netCDF4.Variable'>
float64 time(time)
    units: seconds since 1970-01-01 00:00:00
    standard_name: time
    long_name: Time (seconds since 1970-01-01 00:00:00)
    axis: T
    valid_min: 1742515210.0
    valid_max: 1742601600.0
    calendar: standard
unlimited dimensions: 
current shape = (8640,)
filling on, default _FillValue of 9.969209968386869e+36 used
Flagged 0 points where air_temperature < 245.0K as bad data (qc_flag = 2).
Found 0 points already flagged as bad data (flag=2)
QC flags successfully added to /gws/pw/j07/ncas_obs_vol2/cao/processing/ncas-temperature-rh-1/data/long-term/level1d/2025/stfc-temperature-rh-1_cao_20250321_surface-met_v1.1.nc.
Updated time units to 'seconds since 1970-01-01 00:00:00' in /gws/pw/j07/ncas_obs_vol2/cao/processing/ncas-temperature-rh-1/data/long-term/level1d/2025/stfc-temperature-rh-1_cao_20250321_surface-met_v1.1.nc
/gws/pw/j07/ncas_obs_vol2/cao/raw_data/met_cao/data/long-term/2025/202503/CR1000XSeries_Chilbolton_Rxcabinmet1_20250322.dat
Parsed column names: ['TIMESTAMP', 'RECORD', 'BattV_Avg', 'PTemp_C_Avg', 'Air_T_Avg', 'RH_Avg', 'BP_mbar_Avg', 'WS_Avg', 'WD_Avg', 'SlrW_Avg', 'rg001dc_ch_Tot', 'rg006dc_ch_Tot', 'rg008dc_ch_Tot', 'rg009dc_ch_Tot', 'rg004tb_ch_Tot']
shape: (8_640, 3)
┌─────────────────────┬───────────┬────────┐
│ TIMESTAMP           ┆ Air_T_Avg ┆ RH_Avg │
│ ---                 ┆ ---       ┆ ---    │
│ datetime[μs]        ┆ f64       ┆ f64    │
╞═════════════════════╪═══════════╪════════╡
│ 2025-03-22 00:00:10 ┆ 284.23    ┆ 86.98  │
│ 2025-03-22 00:00:20 ┆ 284.21    ┆ 87.16  │
│ 2025-03-22 00:00:30 ┆ 284.21    ┆ 87.34  │
│ 2025-03-22 00:00:40 ┆ 284.19    ┆ 87.48  │
│ 2025-03-22 00:00:50 ┆ 284.19    ┆ 87.38  │
│ …                   ┆ …         ┆ …      │
│ 2025-03-22 23:59:20 ┆ 279.59    ┆ 99.96  │
│ 2025-03-22 23:59:30 ┆ 279.57    ┆ 99.98  │
│ 2025-03-22 23:59:40 ┆ 279.53    ┆ 99.98  │
│ 2025-03-22 23:59:50 ┆ 279.53    ┆ 99.9   │
│ 2025-03-23 00:00:00 ┆ 279.55    ┆ 99.46  │
└─────────────────────┴───────────┴────────┘
[INFO] Correcting the 'time' variable in the NetCDF file.
<class 'netCDF4.Variable'>
float64 time(time)
    units: seconds since 1970-01-01 00:00:00
    standard_name: time
    long_name: Time (seconds since 1970-01-01 00:00:00)
    axis: T
    valid_min: 1742601610.0
    valid_max: 1742688000.0
    calendar: standard
unlimited dimensions: 
current shape = (8640,)
filling on, default _FillValue of 9.969209968386869e+36 used
Flagged 0 points where air_temperature < 245.0K as bad data (qc_flag = 2).
Found 0 points already flagged as bad data (flag=2)
QC flags successfully added to /gws/pw/j07/ncas_obs_vol2/cao/processing/ncas-temperature-rh-1/data/long-term/level1d/2025/stfc-temperature-rh-1_cao_20250322_surface-met_v1.1.nc.
Updated time units to 'seconds since 1970-01-01 00:00:00' in /gws/pw/j07/ncas_obs_vol2/cao/processing/ncas-temperature-rh-1/data/long-term/level1d/2025/stfc-temperature-rh-1_cao_20250322_surface-met_v1.1.nc
/gws/pw/j07/ncas_obs_vol2/cao/raw_data/met_cao/data/long-term/2025/202503/CR1000XSeries_Chilbolton_Rxcabinmet1_20250323.dat
Parsed column names: ['TIMESTAMP', 'RECORD', 'BattV_Avg', 'PTemp_C_Avg', 'Air_T_Avg', 'RH_Avg', 'BP_mbar_Avg', 'WS_Avg', 'WD_Avg', 'SlrW_Avg', 'rg001dc_ch_Tot', 'rg006dc_ch_Tot', 'rg008dc_ch_Tot', 'rg009dc_ch_Tot', 'rg004tb_ch_Tot']
shape: (8_640, 3)
┌─────────────────────┬───────────┬────────┐
│ TIMESTAMP           ┆ Air_T_Avg ┆ RH_Avg │
│ ---                 ┆ ---       ┆ ---    │
│ datetime[μs]        ┆ f64       ┆ f64    │
╞═════════════════════╪═══════════╪════════╡
│ 2025-03-23 00:00:10 ┆ 279.53    ┆ 99.58  │
│ 2025-03-23 00:00:20 ┆ 279.49    ┆ 99.82  │
│ 2025-03-23 00:00:30 ┆ 279.47    ┆ 99.98  │
│ 2025-03-23 00:00:40 ┆ 279.45    ┆ 99.96  │
│ 2025-03-23 00:00:50 ┆ 279.47    ┆ 99.82  │
│ …                   ┆ …         ┆ …      │
│ 2025-03-23 23:59:20 ┆ 281.35    ┆ 91.84  │
│ 2025-03-23 23:59:30 ┆ 281.35    ┆ 91.6   │
│ 2025-03-23 23:59:40 ┆ 281.35    ┆ 91.36  │
│ 2025-03-23 23:59:50 ┆ 281.35    ┆ 91.02  │
│ 2025-03-24 00:00:00 ┆ 281.37    ┆ 90.7   │
└─────────────────────┴───────────┴────────┘
[INFO] Correcting the 'time' variable in the NetCDF file.
<class 'netCDF4.Variable'>
float64 time(time)
    units: seconds since 1970-01-01 00:00:00
    standard_name: time
    long_name: Time (seconds since 1970-01-01 00:00:00)
    axis: T
    valid_min: 1742688010.0
    valid_max: 1742774400.0
    calendar: standard
unlimited dimensions: 
current shape = (8640,)
filling on, default _FillValue of 9.969209968386869e+36 used
Flagged 0 points where air_temperature < 245.0K as bad data (qc_flag = 2).
Found 0 points already flagged as bad data (flag=2)
QC flags successfully added to /gws/pw/j07/ncas_obs_vol2/cao/processing/ncas-temperature-rh-1/data/long-term/level1d/2025/stfc-temperature-rh-1_cao_20250323_surface-met_v1.1.nc.
Updated time units to 'seconds since 1970-01-01 00:00:00' in /gws/pw/j07/ncas_obs_vol2/cao/processing/ncas-temperature-rh-1/data/long-term/level1d/2025/stfc-temperature-rh-1_cao_20250323_surface-met_v1.1.nc
/gws/pw/j07/ncas_obs_vol2/cao/raw_data/met_cao/data/long-term/2025/202503/CR1000XSeries_Chilbolton_Rxcabinmet1_20250324.dat
Parsed column names: ['TIMESTAMP', 'RECORD', 'BattV_Avg', 'PTemp_C_Avg', 'Air_T_Avg', 'RH_Avg', 'BP_mbar_Avg', 'WS_Avg', 'WD_Avg', 'SlrW_Avg', 'rg001dc_ch_Tot', 'rg006dc_ch_Tot', 'rg008dc_ch_Tot', 'rg009dc_ch_Tot', 'rg004tb_ch_Tot']
shape: (8_640, 3)
┌─────────────────────┬───────────┬────────┐
│ TIMESTAMP           ┆ Air_T_Avg ┆ RH_Avg │
│ ---                 ┆ ---       ┆ ---    │
│ datetime[μs]        ┆ f64       ┆ f64    │
╞═════════════════════╪═══════════╪════════╡
│ 2025-03-24 00:00:10 ┆ 281.37    ┆ 90.76  │
│ 2025-03-24 00:00:20 ┆ 281.37    ┆ 90.88  │
│ 2025-03-24 00:00:30 ┆ 281.37    ┆ 91.02  │
│ 2025-03-24 00:00:40 ┆ 281.37    ┆ 91.16  │
│ 2025-03-24 00:00:50 ┆ 281.37    ┆ 91.36  │
│ …                   ┆ …         ┆ …      │
│ 2025-03-24 23:59:20 ┆ 276.77    ┆ 99.68  │
│ 2025-03-24 23:59:30 ┆ 276.79    ┆ 99.64  │
│ 2025-03-24 23:59:40 ┆ 276.79    ┆ 99.78  │
│ 2025-03-24 23:59:50 ┆ 276.75    ┆ 99.96  │
│ 2025-03-25 00:00:00 ┆ 276.73    ┆ 99.96  │
└─────────────────────┴───────────┴────────┘
[INFO] Correcting the 'time' variable in the NetCDF file.
<class 'netCDF4.Variable'>
float64 time(time)
    units: seconds since 1970-01-01 00:00:00
    standard_name: time
    long_name: Time (seconds since 1970-01-01 00:00:00)
    axis: T
    valid_min: 1742774410.0
    valid_max: 1742860800.0
    calendar: standard
unlimited dimensions: 
current shape = (8640,)
filling on, default _FillValue of 9.969209968386869e+36 used
Flagged 0 points where air_temperature < 245.0K as bad data (qc_flag = 2).
Found 0 points already flagged as bad data (flag=2)
QC flags successfully added to /gws/pw/j07/ncas_obs_vol2/cao/processing/ncas-temperature-rh-1/data/long-term/level1d/2025/stfc-temperature-rh-1_cao_20250324_surface-met_v1.1.nc.
Updated time units to 'seconds since 1970-01-01 00:00:00' in /gws/pw/j07/ncas_obs_vol2/cao/processing/ncas-temperature-rh-1/data/long-term/level1d/2025/stfc-temperature-rh-1_cao_20250324_surface-met_v1.1.nc
/gws/pw/j07/ncas_obs_vol2/cao/raw_data/met_cao/data/long-term/2025/202503/CR1000XSeries_Chilbolton_Rxcabinmet1_20250325.dat
Parsed column names: ['TIMESTAMP', 'RECORD', 'BattV_Avg', 'PTemp_C_Avg', 'Air_T_Avg', 'RH_Avg', 'BP_mbar_Avg', 'WS_Avg', 'WD_Avg', 'SlrW_Avg', 'rg001dc_ch_Tot', 'rg006dc_ch_Tot', 'rg008dc_ch_Tot', 'rg009dc_ch_Tot', 'rg004tb_ch_Tot']
shape: (8_640, 3)
┌─────────────────────┬───────────┬────────┐
│ TIMESTAMP           ┆ Air_T_Avg ┆ RH_Avg │
│ ---                 ┆ ---       ┆ ---    │
│ datetime[μs]        ┆ f64       ┆ f64    │
╞═════════════════════╪═══════════╪════════╡
│ 2025-03-25 00:00:10 ┆ 276.69    ┆ 99.96  │
│ 2025-03-25 00:00:20 ┆ 276.69    ┆ 99.96  │
│ 2025-03-25 00:00:30 ┆ 276.67    ┆ 99.9   │
│ 2025-03-25 00:00:40 ┆ 276.67    ┆ 99.72  │
│ 2025-03-25 00:00:50 ┆ 276.65    ┆ 99.78  │
│ …                   ┆ …         ┆ …      │
│ 2025-03-25 23:59:20 ┆ 282.73    ┆ 87.92  │
│ 2025-03-25 23:59:30 ┆ 282.73    ┆ 87.88  │
│ 2025-03-25 23:59:40 ┆ 282.71    ┆ 87.82  │
│ 2025-03-25 23:59:50 ┆ 282.71    ┆ 87.62  │
│ 2025-03-26 00:00:00 ┆ 282.69    ┆ 87.28  │
└─────────────────────┴───────────┴────────┘
[INFO] Correcting the 'time' variable in the NetCDF file.
<class 'netCDF4.Variable'>
float64 time(time)
    units: seconds since 1970-01-01 00:00:00
    standard_name: time
    long_name: Time (seconds since 1970-01-01 00:00:00)
    axis: T
    valid_min: 1742860810.0
    valid_max: 1742947200.0
    calendar: standard
unlimited dimensions: 
current shape = (8640,)
filling on, default _FillValue of 9.969209968386869e+36 used
Flagged 0 points where air_temperature < 245.0K as bad data (qc_flag = 2).
Found 0 points already flagged as bad data (flag=2)
QC flags successfully added to /gws/pw/j07/ncas_obs_vol2/cao/processing/ncas-temperature-rh-1/data/long-term/level1d/2025/stfc-temperature-rh-1_cao_20250325_surface-met_v1.1.nc.
Updated time units to 'seconds since 1970-01-01 00:00:00' in /gws/pw/j07/ncas_obs_vol2/cao/processing/ncas-temperature-rh-1/data/long-term/level1d/2025/stfc-temperature-rh-1_cao_20250325_surface-met_v1.1.nc
/gws/pw/j07/ncas_obs_vol2/cao/raw_data/met_cao/data/long-term/2025/202503/CR1000XSeries_Chilbolton_Rxcabinmet1_20250326.dat
Parsed column names: ['TIMESTAMP', 'RECORD', 'BattV_Avg', 'PTemp_C_Avg', 'Air_T_Avg', 'RH_Avg', 'BP_mbar_Avg', 'WS_Avg', 'WD_Avg', 'SlrW_Avg', 'rg001dc_ch_Tot', 'rg006dc_ch_Tot', 'rg008dc_ch_Tot', 'rg009dc_ch_Tot', 'rg004tb_ch_Tot']
shape: (8_640, 3)
┌─────────────────────┬───────────┬────────┐
│ TIMESTAMP           ┆ Air_T_Avg ┆ RH_Avg │
│ ---                 ┆ ---       ┆ ---    │
│ datetime[μs]        ┆ f64       ┆ f64    │
╞═════════════════════╪═══════════╪════════╡
│ 2025-03-26 00:00:10 ┆ 282.69    ┆ 87.14  │
│ 2025-03-26 00:00:20 ┆ 282.69    ┆ 87.2   │
│ 2025-03-26 00:00:30 ┆ 282.69    ┆ 87.32  │
│ 2025-03-26 00:00:40 ┆ 282.67    ┆ 87.58  │
│ 2025-03-26 00:00:50 ┆ 282.65    ┆ 87.9   │
│ …                   ┆ …         ┆ …      │
│ 2025-03-26 23:59:20 ┆ 278.81    ┆ 99.96  │
│ 2025-03-26 23:59:30 ┆ 278.83    ┆ 99.12  │
│ 2025-03-26 23:59:40 ┆ 278.95    ┆ 98.44  │
│ 2025-03-26 23:59:50 ┆ 278.95    ┆ 98.94  │
│ 2025-03-27 00:00:00 ┆ 278.95    ┆ 99.96  │
└─────────────────────┴───────────┴────────┘
[INFO] Correcting the 'time' variable in the NetCDF file.
<class 'netCDF4.Variable'>
float64 time(time)
    units: seconds since 1970-01-01 00:00:00
    standard_name: time
    long_name: Time (seconds since 1970-01-01 00:00:00)
    axis: T
    valid_min: 1742947210.0
    valid_max: 1743033600.0
    calendar: standard
unlimited dimensions: 
current shape = (8640,)
filling on, default _FillValue of 9.969209968386869e+36 used
Flagged 0 points where air_temperature < 245.0K as bad data (qc_flag = 2).
Found 0 points already flagged as bad data (flag=2)
QC flags successfully added to /gws/pw/j07/ncas_obs_vol2/cao/processing/ncas-temperature-rh-1/data/long-term/level1d/2025/stfc-temperature-rh-1_cao_20250326_surface-met_v1.1.nc.
Updated time units to 'seconds since 1970-01-01 00:00:00' in /gws/pw/j07/ncas_obs_vol2/cao/processing/ncas-temperature-rh-1/data/long-term/level1d/2025/stfc-temperature-rh-1_cao_20250326_surface-met_v1.1.nc
/gws/pw/j07/ncas_obs_vol2/cao/raw_data/met_cao/data/long-term/2025/202503/CR1000XSeries_Chilbolton_Rxcabinmet1_20250327.dat
Parsed column names: ['TIMESTAMP', 'RECORD', 'BattV_Avg', 'PTemp_C_Avg', 'Air_T_Avg', 'RH_Avg', 'BP_mbar_Avg', 'WS_Avg', 'WD_Avg', 'SlrW_Avg', 'rg001dc_ch_Tot', 'rg006dc_ch_Tot', 'rg008dc_ch_Tot', 'rg009dc_ch_Tot', 'rg004tb_ch_Tot']
shape: (8_640, 3)
┌─────────────────────┬───────────┬────────┐
│ TIMESTAMP           ┆ Air_T_Avg ┆ RH_Avg │
│ ---                 ┆ ---       ┆ ---    │
│ datetime[μs]        ┆ f64       ┆ f64    │
╞═════════════════════╪═══════════╪════════╡
│ 2025-03-27 00:00:10 ┆ 278.91    ┆ 99.96  │
│ 2025-03-27 00:00:20 ┆ 278.89    ┆ 99.98  │
│ 2025-03-27 00:00:30 ┆ 278.87    ┆ 99.96  │
│ 2025-03-27 00:00:40 ┆ 278.87    ┆ 99.96  │
│ 2025-03-27 00:00:50 ┆ 278.91    ┆ 99.54  │
│ …                   ┆ …         ┆ …      │
│ 2025-03-27 23:59:20 ┆ 281.21    ┆ 95.3   │
│ 2025-03-27 23:59:30 ┆ 281.21    ┆ 95.3   │
│ 2025-03-27 23:59:40 ┆ 281.21    ┆ 95.36  │
│ 2025-03-27 23:59:50 ┆ 281.19    ┆ 95.4   │
│ 2025-03-28 00:00:00 ┆ 281.19    ┆ 95.46  │
└─────────────────────┴───────────┴────────┘
[INFO] Correcting the 'time' variable in the NetCDF file.
<class 'netCDF4.Variable'>
float64 time(time)
    units: seconds since 1970-01-01 00:00:00
    standard_name: time
    long_name: Time (seconds since 1970-01-01 00:00:00)
    axis: T
    valid_min: 1743033610.0
    valid_max: 1743120000.0
    calendar: standard
unlimited dimensions: 
current shape = (8640,)
filling on, default _FillValue of 9.969209968386869e+36 used
Flagged 0 points where air_temperature < 245.0K as bad data (qc_flag = 2).
Found 0 points already flagged as bad data (flag=2)
QC flags successfully added to /gws/pw/j07/ncas_obs_vol2/cao/processing/ncas-temperature-rh-1/data/long-term/level1d/2025/stfc-temperature-rh-1_cao_20250327_surface-met_v1.1.nc.
Updated time units to 'seconds since 1970-01-01 00:00:00' in /gws/pw/j07/ncas_obs_vol2/cao/processing/ncas-temperature-rh-1/data/long-term/level1d/2025/stfc-temperature-rh-1_cao_20250327_surface-met_v1.1.nc
/gws/pw/j07/ncas_obs_vol2/cao/raw_data/met_cao/data/long-term/2025/202503/CR1000XSeries_Chilbolton_Rxcabinmet1_20250328.dat
Parsed column names: ['TIMESTAMP', 'RECORD', 'BattV_Avg', 'PTemp_C_Avg', 'Air_T_Avg', 'RH_Avg', 'BP_mbar_Avg', 'WS_Avg', 'WD_Avg', 'SlrW_Avg', 'rg001dc_ch_Tot', 'rg006dc_ch_Tot', 'rg008dc_ch_Tot', 'rg009dc_ch_Tot', 'rg004tb_ch_Tot']
shape: (8_640, 3)
┌─────────────────────┬───────────┬────────┐
│ TIMESTAMP           ┆ Air_T_Avg ┆ RH_Avg │
│ ---                 ┆ ---       ┆ ---    │
│ datetime[μs]        ┆ f64       ┆ f64    │
╞═════════════════════╪═══════════╪════════╡
│ 2025-03-28 00:00:10 ┆ 281.19    ┆ 95.54  │
│ 2025-03-28 00:00:20 ┆ 281.17    ┆ 95.52  │
│ 2025-03-28 00:00:30 ┆ 281.19    ┆ 95.5   │
│ 2025-03-28 00:00:40 ┆ 281.19    ┆ 95.5   │
│ 2025-03-28 00:00:50 ┆ 281.19    ┆ 95.48  │
│ …                   ┆ …         ┆ …      │
│ 2025-03-28 23:59:20 ┆ 275.71    ┆ 86.36  │
│ 2025-03-28 23:59:30 ┆ 275.67    ┆ 86.5   │
│ 2025-03-28 23:59:40 ┆ 275.65    ┆ 86.92  │
│ 2025-03-28 23:59:50 ┆ 275.65    ┆ 87.24  │
│ 2025-03-29 00:00:00 ┆ 275.73    ┆ 87.28  │
└─────────────────────┴───────────┴────────┘
[INFO] Correcting the 'time' variable in the NetCDF file.
<class 'netCDF4.Variable'>
float64 time(time)
    units: seconds since 1970-01-01 00:00:00
    standard_name: time
    long_name: Time (seconds since 1970-01-01 00:00:00)
    axis: T
    valid_min: 1743120010.0
    valid_max: 1743206400.0
    calendar: standard
unlimited dimensions: 
current shape = (8640,)
filling on, default _FillValue of 9.969209968386869e+36 used
Flagged 0 points where air_temperature < 245.0K as bad data (qc_flag = 2).
Found 0 points already flagged as bad data (flag=2)
QC flags successfully added to /gws/pw/j07/ncas_obs_vol2/cao/processing/ncas-temperature-rh-1/data/long-term/level1d/2025/stfc-temperature-rh-1_cao_20250328_surface-met_v1.1.nc.
Updated time units to 'seconds since 1970-01-01 00:00:00' in /gws/pw/j07/ncas_obs_vol2/cao/processing/ncas-temperature-rh-1/data/long-term/level1d/2025/stfc-temperature-rh-1_cao_20250328_surface-met_v1.1.nc
/gws/pw/j07/ncas_obs_vol2/cao/raw_data/met_cao/data/long-term/2025/202503/CR1000XSeries_Chilbolton_Rxcabinmet1_20250329.dat
Parsed column names: ['TIMESTAMP', 'RECORD', 'BattV_Avg', 'PTemp_C_Avg', 'Air_T_Avg', 'RH_Avg', 'BP_mbar_Avg', 'WS_Avg', 'WD_Avg', 'SlrW_Avg', 'rg001dc_ch_Tot', 'rg006dc_ch_Tot', 'rg008dc_ch_Tot', 'rg009dc_ch_Tot', 'rg004tb_ch_Tot']
shape: (8_640, 3)
┌─────────────────────┬───────────┬────────┐
│ TIMESTAMP           ┆ Air_T_Avg ┆ RH_Avg │
│ ---                 ┆ ---       ┆ ---    │
│ datetime[μs]        ┆ f64       ┆ f64    │
╞═════════════════════╪═══════════╪════════╡
│ 2025-03-29 00:00:10 ┆ 275.77    ┆ 87.56  │
│ 2025-03-29 00:00:20 ┆ 275.85    ┆ 87.34  │
│ 2025-03-29 00:00:30 ┆ 275.89    ┆ 87.32  │
│ 2025-03-29 00:00:40 ┆ 275.91    ┆ 87.44  │
│ 2025-03-29 00:00:50 ┆ 275.91    ┆ 87.56  │
│ …                   ┆ …         ┆ …      │
│ 2025-03-29 23:59:20 ┆ 282.93    ┆ 95.86  │
│ 2025-03-29 23:59:30 ┆ 282.91    ┆ 95.8   │
│ 2025-03-29 23:59:40 ┆ 282.91    ┆ 95.78  │
│ 2025-03-29 23:59:50 ┆ 282.91    ┆ 95.74  │
│ 2025-03-30 00:00:00 ┆ 282.91    ┆ 95.8   │
└─────────────────────┴───────────┴────────┘
[INFO] Correcting the 'time' variable in the NetCDF file.
<class 'netCDF4.Variable'>
float64 time(time)
    units: seconds since 1970-01-01 00:00:00
    standard_name: time
    long_name: Time (seconds since 1970-01-01 00:00:00)
    axis: T
    valid_min: 1743206410.0
    valid_max: 1743292800.0
    calendar: standard
unlimited dimensions: 
current shape = (8640,)
filling on, default _FillValue of 9.969209968386869e+36 used
Flagged 0 points where air_temperature < 245.0K as bad data (qc_flag = 2).
Found 0 points already flagged as bad data (flag=2)
QC flags successfully added to /gws/pw/j07/ncas_obs_vol2/cao/processing/ncas-temperature-rh-1/data/long-term/level1d/2025/stfc-temperature-rh-1_cao_20250329_surface-met_v1.1.nc.
Updated time units to 'seconds since 1970-01-01 00:00:00' in /gws/pw/j07/ncas_obs_vol2/cao/processing/ncas-temperature-rh-1/data/long-term/level1d/2025/stfc-temperature-rh-1_cao_20250329_surface-met_v1.1.nc
/gws/pw/j07/ncas_obs_vol2/cao/raw_data/met_cao/data/long-term/2025/202503/CR1000XSeries_Chilbolton_Rxcabinmet1_20250330.dat
Parsed column names: ['TIMESTAMP', 'RECORD', 'BattV_Avg', 'PTemp_C_Avg', 'Air_T_Avg', 'RH_Avg', 'BP_mbar_Avg', 'WS_Avg', 'WD_Avg', 'SlrW_Avg', 'rg001dc_ch_Tot', 'rg006dc_ch_Tot', 'rg008dc_ch_Tot', 'rg009dc_ch_Tot', 'rg004tb_ch_Tot']
shape: (8_640, 3)
┌─────────────────────┬───────────┬────────┐
│ TIMESTAMP           ┆ Air_T_Avg ┆ RH_Avg │
│ ---                 ┆ ---       ┆ ---    │
│ datetime[μs]        ┆ f64       ┆ f64    │
╞═════════════════════╪═══════════╪════════╡
│ 2025-03-30 00:00:10 ┆ 282.89    ┆ 95.9   │
│ 2025-03-30 00:00:20 ┆ 282.91    ┆ 96.0   │
│ 2025-03-30 00:00:30 ┆ 282.89    ┆ 96.12  │
│ 2025-03-30 00:00:40 ┆ 282.89    ┆ 96.24  │
│ 2025-03-30 00:00:50 ┆ 282.89    ┆ 96.36  │
│ …                   ┆ …         ┆ …      │
│ 2025-03-30 23:59:20 ┆ 279.69    ┆ 72.14  │
│ 2025-03-30 23:59:30 ┆ 279.71    ┆ 72.14  │
│ 2025-03-30 23:59:40 ┆ 279.71    ┆ 72.32  │
│ 2025-03-30 23:59:50 ┆ 279.71    ┆ 72.5   │
│ 2025-03-31 00:00:00 ┆ 279.67    ┆ 72.68  │
└─────────────────────┴───────────┴────────┘
[INFO] Correcting the 'time' variable in the NetCDF file.
<class 'netCDF4.Variable'>
float64 time(time)
    units: seconds since 1970-01-01 00:00:00
    standard_name: time
    long_name: Time (seconds since 1970-01-01 00:00:00)
    axis: T
    valid_min: 1743292810.0
    valid_max: 1743379200.0
    calendar: standard
unlimited dimensions: 
current shape = (8640,)
filling on, default _FillValue of 9.969209968386869e+36 used
Flagged 0 points where air_temperature < 245.0K as bad data (qc_flag = 2).
Found 0 points already flagged as bad data (flag=2)
QC flags successfully added to /gws/pw/j07/ncas_obs_vol2/cao/processing/ncas-temperature-rh-1/data/long-term/level1d/2025/stfc-temperature-rh-1_cao_20250330_surface-met_v1.1.nc.
Updated time units to 'seconds since 1970-01-01 00:00:00' in /gws/pw/j07/ncas_obs_vol2/cao/processing/ncas-temperature-rh-1/data/long-term/level1d/2025/stfc-temperature-rh-1_cao_20250330_surface-met_v1.1.nc
/gws/pw/j07/ncas_obs_vol2/cao/raw_data/met_cao/data/long-term/2025/202503/CR1000XSeries_Chilbolton_Rxcabinmet1_20250331.dat
Parsed column names: ['TIMESTAMP', 'RECORD', 'BattV_Avg', 'PTemp_C_Avg', 'Air_T_Avg', 'RH_Avg', 'BP_mbar_Avg', 'WS_Avg', 'WD_Avg', 'SlrW_Avg', 'rg001dc_ch_Tot', 'rg006dc_ch_Tot', 'rg008dc_ch_Tot', 'rg009dc_ch_Tot', 'rg004tb_ch_Tot']
shape: (8_640, 3)
┌─────────────────────┬───────────┬────────┐
│ TIMESTAMP           ┆ Air_T_Avg ┆ RH_Avg │
│ ---                 ┆ ---       ┆ ---    │
│ datetime[μs]        ┆ f64       ┆ f64    │
╞═════════════════════╪═══════════╪════════╡
│ 2025-03-31 00:00:10 ┆ 279.65    ┆ 72.72  │
│ 2025-03-31 00:00:20 ┆ 279.67    ┆ 72.54  │
│ 2025-03-31 00:00:30 ┆ 279.69    ┆ 72.28  │
│ 2025-03-31 00:00:40 ┆ 279.71    ┆ 72.18  │
│ 2025-03-31 00:00:50 ┆ 279.73    ┆ 72.14  │
│ …                   ┆ …         ┆ …      │
│ 2025-03-31 23:59:20 ┆ 277.35    ┆ 82.18  │
│ 2025-03-31 23:59:30 ┆ 277.31    ┆ 82.5   │
│ 2025-03-31 23:59:40 ┆ 277.25    ┆ 83.02  │
│ 2025-03-31 23:59:50 ┆ 277.17    ┆ 83.62  │
│ 2025-04-01 00:00:00 ┆ 277.17    ┆ 83.66  │
└─────────────────────┴───────────┴────────┘
[INFO] Correcting the 'time' variable in the NetCDF file.
<class 'netCDF4.Variable'>
float64 time(time)
    units: seconds since 1970-01-01 00:00:00
    standard_name: time
    long_name: Time (seconds since 1970-01-01 00:00:00)
    axis: T
    valid_min: 1743379210.0
    valid_max: 1743465600.0
    calendar: standard
unlimited dimensions: 
current shape = (8640,)
filling on, default _FillValue of 9.969209968386869e+36 used
Flagged 0 points where air_temperature < 245.0K as bad data (qc_flag = 2).
Found 0 points already flagged as bad data (flag=2)
QC flags successfully added to /gws/pw/j07/ncas_obs_vol2/cao/processing/ncas-temperature-rh-1/data/long-term/level1d/2025/stfc-temperature-rh-1_cao_20250331_surface-met_v1.1.nc.
Updated time units to 'seconds since 1970-01-01 00:00:00' in /gws/pw/j07/ncas_obs_vol2/cao/processing/ncas-temperature-rh-1/data/long-term/level1d/2025/stfc-temperature-rh-1_cao_20250331_surface-met_v1.1.nc
/gws/pw/j07/ncas_obs_vol2/cao/raw_data/met_cao/data/long-term/2025/202504/CR1000XSeries_Chilbolton_Rxcabinmet1_20250401.dat
Parsed column names: ['TIMESTAMP', 'RECORD', 'BattV_Avg', 'PTemp_C_Avg', 'Air_T_Avg', 'RH_Avg', 'BP_mbar_Avg', 'WS_Avg', 'WD_Avg', 'SlrW_Avg', 'rg001dc_ch_Tot', 'rg006dc_ch_Tot', 'rg008dc_ch_Tot', 'rg009dc_ch_Tot', 'rg004tb_ch_Tot']
shape: (8_640, 3)
┌─────────────────────┬───────────┬────────┐
│ TIMESTAMP           ┆ Air_T_Avg ┆ RH_Avg │
│ ---                 ┆ ---       ┆ ---    │
│ datetime[μs]        ┆ f64       ┆ f64    │
╞═════════════════════╪═══════════╪════════╡
│ 2025-04-01 00:00:10 ┆ 277.17    ┆ 83.68  │
│ 2025-04-01 00:00:20 ┆ 277.17    ┆ 83.58  │
│ 2025-04-01 00:00:30 ┆ 277.19    ┆ 83.26  │
│ 2025-04-01 00:00:40 ┆ 277.21    ┆ 82.96  │
│ 2025-04-01 00:00:50 ┆ 277.23    ┆ 82.76  │
│ …                   ┆ …         ┆ …      │
│ 2025-04-01 23:59:20 ┆ 278.41    ┆ 84.84  │
│ 2025-04-01 23:59:30 ┆ 278.37    ┆ 84.66  │
│ 2025-04-01 23:59:40 ┆ 278.37    ┆ 84.12  │
│ 2025-04-01 23:59:50 ┆ 278.41    ┆ 83.28  │
│ 2025-04-02 00:00:00 ┆ 278.45    ┆ 82.78  │
└─────────────────────┴───────────┴────────┘
[INFO] Correcting the 'time' variable in the NetCDF file.
<class 'netCDF4.Variable'>
float64 time(time)
    units: seconds since 1970-01-01 00:00:00
    standard_name: time
    long_name: Time (seconds since 1970-01-01 00:00:00)
    axis: T
    valid_min: 1743465610.0
    valid_max: 1743552000.0
    calendar: standard
unlimited dimensions: 
current shape = (8640,)
filling on, default _FillValue of 9.969209968386869e+36 used
Flagged 0 points where air_temperature < 245.0K as bad data (qc_flag = 2).
Found 0 points already flagged as bad data (flag=2)
QC flags successfully added to /gws/pw/j07/ncas_obs_vol2/cao/processing/ncas-temperature-rh-1/data/long-term/level1d/2025/stfc-temperature-rh-1_cao_20250401_surface-met_v1.1.nc.
Updated time units to 'seconds since 1970-01-01 00:00:00' in /gws/pw/j07/ncas_obs_vol2/cao/processing/ncas-temperature-rh-1/data/long-term/level1d/2025/stfc-temperature-rh-1_cao_20250401_surface-met_v1.1.nc
/gws/pw/j07/ncas_obs_vol2/cao/raw_data/met_cao/data/long-term/2025/202504/CR1000XSeries_Chilbolton_Rxcabinmet1_20250402.dat
Parsed column names: ['TIMESTAMP', 'RECORD', 'BattV_Avg', 'PTemp_C_Avg', 'Air_T_Avg', 'RH_Avg', 'BP_mbar_Avg', 'WS_Avg', 'WD_Avg', 'SlrW_Avg', 'rg001dc_ch_Tot', 'rg006dc_ch_Tot', 'rg008dc_ch_Tot', 'rg009dc_ch_Tot', 'rg004tb_ch_Tot']
shape: (8_640, 3)
┌─────────────────────┬───────────┬────────┐
│ TIMESTAMP           ┆ Air_T_Avg ┆ RH_Avg │
│ ---                 ┆ ---       ┆ ---    │
│ datetime[μs]        ┆ f64       ┆ f64    │
╞═════════════════════╪═══════════╪════════╡
│ 2025-04-02 00:00:10 ┆ 278.47    ┆ 82.86  │
│ 2025-04-02 00:00:20 ┆ 278.49    ┆ 83.2   │
│ 2025-04-02 00:00:30 ┆ 278.49    ┆ 84.16  │
│ 2025-04-02 00:00:40 ┆ 278.45    ┆ 85.2   │
│ 2025-04-02 00:00:50 ┆ 278.47    ┆ 85.26  │
│ …                   ┆ …         ┆ …      │
│ 2025-04-02 23:59:20 ┆ 281.57    ┆ 73.96  │
│ 2025-04-02 23:59:30 ┆ 281.47    ┆ 74.1   │
│ 2025-04-02 23:59:40 ┆ 281.43    ┆ 73.68  │
│ 2025-04-02 23:59:50 ┆ 281.45    ┆ 72.86  │
│ 2025-04-03 00:00:00 ┆ 281.51    ┆ 72.28  │
└─────────────────────┴───────────┴────────┘
[INFO] Correcting the 'time' variable in the NetCDF file.
<class 'netCDF4.Variable'>
float64 time(time)
    units: seconds since 1970-01-01 00:00:00
    standard_name: time
    long_name: Time (seconds since 1970-01-01 00:00:00)
    axis: T
    valid_min: 1743552010.0
    valid_max: 1743638400.0
    calendar: standard
unlimited dimensions: 
current shape = (8640,)
filling on, default _FillValue of 9.969209968386869e+36 used
Flagged 0 points where air_temperature < 245.0K as bad data (qc_flag = 2).
Found 0 points already flagged as bad data (flag=2)
QC flags successfully added to /gws/pw/j07/ncas_obs_vol2/cao/processing/ncas-temperature-rh-1/data/long-term/level1d/2025/stfc-temperature-rh-1_cao_20250402_surface-met_v1.1.nc.
Updated time units to 'seconds since 1970-01-01 00:00:00' in /gws/pw/j07/ncas_obs_vol2/cao/processing/ncas-temperature-rh-1/data/long-term/level1d/2025/stfc-temperature-rh-1_cao_20250402_surface-met_v1.1.nc
/gws/pw/j07/ncas_obs_vol2/cao/raw_data/met_cao/data/long-term/2025/202504/CR1000XSeries_Chilbolton_Rxcabinmet1_20250403.dat
Parsed column names: ['TIMESTAMP', 'RECORD', 'BattV_Avg', 'PTemp_C_Avg', 'Air_T_Avg', 'RH_Avg', 'BP_mbar_Avg', 'WS_Avg', 'WD_Avg', 'SlrW_Avg', 'rg001dc_ch_Tot', 'rg006dc_ch_Tot', 'rg008dc_ch_Tot', 'rg009dc_ch_Tot', 'rg004tb_ch_Tot']
shape: (8_640, 3)
┌─────────────────────┬───────────┬────────┐
│ TIMESTAMP           ┆ Air_T_Avg ┆ RH_Avg │
│ ---                 ┆ ---       ┆ ---    │
│ datetime[μs]        ┆ f64       ┆ f64    │
╞═════════════════════╪═══════════╪════════╡
│ 2025-04-03 00:00:10 ┆ 281.53    ┆ 72.42  │
│ 2025-04-03 00:00:20 ┆ 281.53    ┆ 72.76  │
│ 2025-04-03 00:00:30 ┆ 281.53    ┆ 73.38  │
│ 2025-04-03 00:00:40 ┆ 281.51    ┆ 74.44  │
│ 2025-04-03 00:00:50 ┆ 281.39    ┆ 74.98  │
│ …                   ┆ …         ┆ …      │
│ 2025-04-03 23:59:20 ┆ 284.45    ┆ 81.24  │
│ 2025-04-03 23:59:30 ┆ 284.45    ┆ 81.22  │
│ 2025-04-03 23:59:40 ┆ 284.43    ┆ 81.16  │
│ 2025-04-03 23:59:50 ┆ 284.41    ┆ 81.18  │
│ 2025-04-04 00:00:00 ┆ 284.41    ┆ 81.3   │
└─────────────────────┴───────────┴────────┘
[INFO] Correcting the 'time' variable in the NetCDF file.
<class 'netCDF4.Variable'>
float64 time(time)
    units: seconds since 1970-01-01 00:00:00
    standard_name: time
    long_name: Time (seconds since 1970-01-01 00:00:00)
    axis: T
    valid_min: 1743638410.0
    valid_max: 1743724800.0
    calendar: standard
unlimited dimensions: 
current shape = (8640,)
filling on, default _FillValue of 9.969209968386869e+36 used
Flagged 0 points where air_temperature < 245.0K as bad data (qc_flag = 2).
Found 0 points already flagged as bad data (flag=2)
QC flags successfully added to /gws/pw/j07/ncas_obs_vol2/cao/processing/ncas-temperature-rh-1/data/long-term/level1d/2025/stfc-temperature-rh-1_cao_20250403_surface-met_v1.1.nc.
Updated time units to 'seconds since 1970-01-01 00:00:00' in /gws/pw/j07/ncas_obs_vol2/cao/processing/ncas-temperature-rh-1/data/long-term/level1d/2025/stfc-temperature-rh-1_cao_20250403_surface-met_v1.1.nc
/gws/pw/j07/ncas_obs_vol2/cao/raw_data/met_cao/data/long-term/2025/202504/CR1000XSeries_Chilbolton_Rxcabinmet1_20250404.dat
Parsed column names: ['TIMESTAMP', 'RECORD', 'BattV_Avg', 'PTemp_C_Avg', 'Air_T_Avg', 'RH_Avg', 'BP_mbar_Avg', 'WS_Avg', 'WD_Avg', 'SlrW_Avg', 'rg001dc_ch_Tot', 'rg006dc_ch_Tot', 'rg008dc_ch_Tot', 'rg009dc_ch_Tot', 'rg004tb_ch_Tot']
shape: (8_640, 3)
┌─────────────────────┬───────────┬────────┐
│ TIMESTAMP           ┆ Air_T_Avg ┆ RH_Avg │
│ ---                 ┆ ---       ┆ ---    │
│ datetime[μs]        ┆ f64       ┆ f64    │
╞═════════════════════╪═══════════╪════════╡
│ 2025-04-04 00:00:10 ┆ 284.39    ┆ 81.6   │
│ 2025-04-04 00:00:20 ┆ 284.37    ┆ 81.92  │
│ 2025-04-04 00:00:30 ┆ 284.35    ┆ 82.18  │
│ 2025-04-04 00:00:40 ┆ 284.33    ┆ 82.44  │
│ 2025-04-04 00:00:50 ┆ 284.31    ┆ 82.52  │
│ …                   ┆ …         ┆ …      │
│ 2025-04-04 23:59:20 ┆ 283.45    ┆ 62.04  │
│ 2025-04-04 23:59:30 ┆ 283.45    ┆ 61.92  │
│ 2025-04-04 23:59:40 ┆ 283.45    ┆ 61.9   │
│ 2025-04-04 23:59:50 ┆ 283.43    ┆ 61.92  │
│ 2025-04-05 00:00:00 ┆ 283.43    ┆ 61.66  │
└─────────────────────┴───────────┴────────┘
[INFO] Correcting the 'time' variable in the NetCDF file.
<class 'netCDF4.Variable'>
float64 time(time)
    units: seconds since 1970-01-01 00:00:00
    standard_name: time
    long_name: Time (seconds since 1970-01-01 00:00:00)
    axis: T
    valid_min: 1743724810.0
    valid_max: 1743811200.0
    calendar: standard
unlimited dimensions: 
current shape = (8640,)
filling on, default _FillValue of 9.969209968386869e+36 used
Flagged 0 points where air_temperature < 245.0K as bad data (qc_flag = 2).
Found 0 points already flagged as bad data (flag=2)
QC flags successfully added to /gws/pw/j07/ncas_obs_vol2/cao/processing/ncas-temperature-rh-1/data/long-term/level1d/2025/stfc-temperature-rh-1_cao_20250404_surface-met_v1.1.nc.
Updated time units to 'seconds since 1970-01-01 00:00:00' in /gws/pw/j07/ncas_obs_vol2/cao/processing/ncas-temperature-rh-1/data/long-term/level1d/2025/stfc-temperature-rh-1_cao_20250404_surface-met_v1.1.nc
/gws/pw/j07/ncas_obs_vol2/cao/raw_data/met_cao/data/long-term/2025/202504/CR1000XSeries_Chilbolton_Rxcabinmet1_20250405.dat
Parsed column names: ['TIMESTAMP', 'RECORD', 'BattV_Avg', 'PTemp_C_Avg', 'Air_T_Avg', 'RH_Avg', 'BP_mbar_Avg', 'WS_Avg', 'WD_Avg', 'SlrW_Avg', 'rg001dc_ch_Tot', 'rg006dc_ch_Tot', 'rg008dc_ch_Tot', 'rg009dc_ch_Tot', 'rg004tb_ch_Tot']
shape: (8_640, 3)
┌─────────────────────┬───────────┬────────┐
│ TIMESTAMP           ┆ Air_T_Avg ┆ RH_Avg │
│ ---                 ┆ ---       ┆ ---    │
│ datetime[μs]        ┆ f64       ┆ f64    │
╞═════════════════════╪═══════════╪════════╡
│ 2025-04-05 00:00:10 ┆ 283.45    ┆ 61.44  │
│ 2025-04-05 00:00:20 ┆ 283.45    ┆ 61.5   │
│ 2025-04-05 00:00:30 ┆ 283.47    ┆ 61.54  │
│ 2025-04-05 00:00:40 ┆ 283.45    ┆ 61.7   │
│ 2025-04-05 00:00:50 ┆ 283.39    ┆ 62.12  │
│ …                   ┆ …         ┆ …      │
│ 2025-04-05 23:59:20 ┆ 279.11    ┆ 58.44  │
│ 2025-04-05 23:59:30 ┆ 279.09    ┆ 58.6   │
│ 2025-04-05 23:59:40 ┆ 279.07    ┆ 58.9   │
│ 2025-04-05 23:59:50 ┆ 278.97    ┆ 59.52  │
│ 2025-04-06 00:00:00 ┆ 278.97    ┆ 59.64  │
└─────────────────────┴───────────┴────────┘
[INFO] Correcting the 'time' variable in the NetCDF file.
<class 'netCDF4.Variable'>
float64 time(time)
    units: seconds since 1970-01-01 00:00:00
    standard_name: time
    long_name: Time (seconds since 1970-01-01 00:00:00)
    axis: T
    valid_min: 1743811210.0
    valid_max: 1743897600.0
    calendar: standard
unlimited dimensions: 
current shape = (8640,)
filling on, default _FillValue of 9.969209968386869e+36 used
Flagged 0 points where air_temperature < 245.0K as bad data (qc_flag = 2).
Found 0 points already flagged as bad data (flag=2)
QC flags successfully added to /gws/pw/j07/ncas_obs_vol2/cao/processing/ncas-temperature-rh-1/data/long-term/level1d/2025/stfc-temperature-rh-1_cao_20250405_surface-met_v1.1.nc.
Updated time units to 'seconds since 1970-01-01 00:00:00' in /gws/pw/j07/ncas_obs_vol2/cao/processing/ncas-temperature-rh-1/data/long-term/level1d/2025/stfc-temperature-rh-1_cao_20250405_surface-met_v1.1.nc
/gws/pw/j07/ncas_obs_vol2/cao/raw_data/met_cao/data/long-term/2025/202504/CR1000XSeries_Chilbolton_Rxcabinmet1_20250406.dat
Parsed column names: ['TIMESTAMP', 'RECORD', 'BattV_Avg', 'PTemp_C_Avg', 'Air_T_Avg', 'RH_Avg', 'BP_mbar_Avg', 'WS_Avg', 'WD_Avg', 'SlrW_Avg', 'rg001dc_ch_Tot', 'rg006dc_ch_Tot', 'rg008dc_ch_Tot', 'rg009dc_ch_Tot', 'rg004tb_ch_Tot']
shape: (8_640, 3)
┌─────────────────────┬───────────┬────────┐
│ TIMESTAMP           ┆ Air_T_Avg ┆ RH_Avg │
│ ---                 ┆ ---       ┆ ---    │
│ datetime[μs]        ┆ f64       ┆ f64    │
╞═════════════════════╪═══════════╪════════╡
│ 2025-04-06 00:00:10 ┆ 278.99    ┆ 59.5   │
│ 2025-04-06 00:00:20 ┆ 279.01    ┆ 59.24  │
│ 2025-04-06 00:00:30 ┆ 279.01    ┆ 59.02  │
│ 2025-04-06 00:00:40 ┆ 279.07    ┆ 58.68  │
│ 2025-04-06 00:00:50 ┆ 279.21    ┆ 58.2   │
│ …                   ┆ …         ┆ …      │
│ 2025-04-06 23:59:20 ┆ 278.13    ┆ 59.88  │
│ 2025-04-06 23:59:30 ┆ 278.17    ┆ 60.58  │
│ 2025-04-06 23:59:40 ┆ 278.11    ┆ 61.44  │
│ 2025-04-06 23:59:50 ┆ 278.09    ┆ 61.6   │
│ 2025-04-07 00:00:00 ┆ 278.09    ┆ 61.18  │
└─────────────────────┴───────────┴────────┘
[INFO] Correcting the 'time' variable in the NetCDF file.
<class 'netCDF4.Variable'>
float64 time(time)
    units: seconds since 1970-01-01 00:00:00
    standard_name: time
    long_name: Time (seconds since 1970-01-01 00:00:00)
    axis: T
    valid_min: 1743897610.0
    valid_max: 1743984000.0
    calendar: standard
unlimited dimensions: 
current shape = (8640,)
filling on, default _FillValue of 9.969209968386869e+36 used
Flagged 0 points where air_temperature < 245.0K as bad data (qc_flag = 2).
Found 0 points already flagged as bad data (flag=2)
QC flags successfully added to /gws/pw/j07/ncas_obs_vol2/cao/processing/ncas-temperature-rh-1/data/long-term/level1d/2025/stfc-temperature-rh-1_cao_20250406_surface-met_v1.1.nc.
Updated time units to 'seconds since 1970-01-01 00:00:00' in /gws/pw/j07/ncas_obs_vol2/cao/processing/ncas-temperature-rh-1/data/long-term/level1d/2025/stfc-temperature-rh-1_cao_20250406_surface-met_v1.1.nc
/gws/pw/j07/ncas_obs_vol2/cao/raw_data/met_cao/data/long-term/2025/202504/CR1000XSeries_Chilbolton_Rxcabinmet1_20250407.dat
Parsed column names: ['TIMESTAMP', 'RECORD', 'BattV_Avg', 'PTemp_C_Avg', 'Air_T_Avg', 'RH_Avg', 'BP_mbar_Avg', 'WS_Avg', 'WD_Avg', 'SlrW_Avg', 'rg001dc_ch_Tot', 'rg006dc_ch_Tot', 'rg008dc_ch_Tot', 'rg009dc_ch_Tot', 'rg004tb_ch_Tot']
shape: (8_640, 3)
┌─────────────────────┬───────────┬────────┐
│ TIMESTAMP           ┆ Air_T_Avg ┆ RH_Avg │
│ ---                 ┆ ---       ┆ ---    │
│ datetime[μs]        ┆ f64       ┆ f64    │
╞═════════════════════╪═══════════╪════════╡
│ 2025-04-07 00:00:10 ┆ 278.11    ┆ 60.46  │
│ 2025-04-07 00:00:20 ┆ 278.13    ┆ 59.7   │
│ 2025-04-07 00:00:30 ┆ 278.13    ┆ 59.18  │
│ 2025-04-07 00:00:40 ┆ 278.09    ┆ 59.24  │
│ 2025-04-07 00:00:50 ┆ 278.15    ┆ 59.34  │
│ …                   ┆ …         ┆ …      │
│ 2025-04-07 23:59:20 ┆ 277.05    ┆ 64.9   │
│ 2025-04-07 23:59:30 ┆ 277.03    ┆ 65.0   │
│ 2025-04-07 23:59:40 ┆ 277.05    ┆ 64.92  │
│ 2025-04-07 23:59:50 ┆ 277.09    ┆ 64.68  │
│ 2025-04-08 00:00:00 ┆ 277.13    ┆ 64.38  │
└─────────────────────┴───────────┴────────┘
[INFO] Correcting the 'time' variable in the NetCDF file.
<class 'netCDF4.Variable'>
float64 time(time)
    units: seconds since 1970-01-01 00:00:00
    standard_name: time
    long_name: Time (seconds since 1970-01-01 00:00:00)
    axis: T
    valid_min: 1743984010.0
    valid_max: 1744070400.0
    calendar: standard
unlimited dimensions: 
current shape = (8640,)
filling on, default _FillValue of 9.969209968386869e+36 used
Flagged 0 points where air_temperature < 245.0K as bad data (qc_flag = 2).
Found 0 points already flagged as bad data (flag=2)
QC flags successfully added to /gws/pw/j07/ncas_obs_vol2/cao/processing/ncas-temperature-rh-1/data/long-term/level1d/2025/stfc-temperature-rh-1_cao_20250407_surface-met_v1.1.nc.
Updated time units to 'seconds since 1970-01-01 00:00:00' in /gws/pw/j07/ncas_obs_vol2/cao/processing/ncas-temperature-rh-1/data/long-term/level1d/2025/stfc-temperature-rh-1_cao_20250407_surface-met_v1.1.nc
/gws/pw/j07/ncas_obs_vol2/cao/raw_data/met_cao/data/long-term/2025/202504/CR1000XSeries_Chilbolton_Rxcabinmet1_20250408.dat
Parsed column names: ['TIMESTAMP', 'RECORD', 'BattV_Avg', 'PTemp_C_Avg', 'Air_T_Avg', 'RH_Avg', 'BP_mbar_Avg', 'WS_Avg', 'WD_Avg', 'SlrW_Avg', 'rg001dc_ch_Tot', 'rg006dc_ch_Tot', 'rg008dc_ch_Tot', 'rg009dc_ch_Tot', 'rg004tb_ch_Tot']
shape: (8_640, 3)
┌─────────────────────┬───────────┬────────┐
│ TIMESTAMP           ┆ Air_T_Avg ┆ RH_Avg │
│ ---                 ┆ ---       ┆ ---    │
│ datetime[μs]        ┆ f64       ┆ f64    │
╞═════════════════════╪═══════════╪════════╡
│ 2025-04-08 00:00:10 ┆ 277.15    ┆ 64.22  │
│ 2025-04-08 00:00:20 ┆ 277.23    ┆ 63.88  │
│ 2025-04-08 00:00:30 ┆ 277.25    ┆ 63.92  │
│ 2025-04-08 00:00:40 ┆ 277.27    ┆ 64.06  │
│ 2025-04-08 00:00:50 ┆ 277.39    ┆ 64.16  │
│ …                   ┆ …         ┆ …      │
│ 2025-04-08 23:59:20 ┆ 278.79    ┆ 65.0   │
│ 2025-04-08 23:59:30 ┆ 278.77    ┆ 65.12  │
│ 2025-04-08 23:59:40 ┆ 278.77    ┆ 65.14  │
│ 2025-04-08 23:59:50 ┆ 278.77    ┆ 65.1   │
│ 2025-04-09 00:00:00 ┆ 278.79    ┆ 65.02  │
└─────────────────────┴───────────┴────────┘
[INFO] Correcting the 'time' variable in the NetCDF file.
<class 'netCDF4.Variable'>
float64 time(time)
    units: seconds since 1970-01-01 00:00:00
    standard_name: time
    long_name: Time (seconds since 1970-01-01 00:00:00)
    axis: T
    valid_min: 1744070410.0
    valid_max: 1744156800.0
    calendar: standard
unlimited dimensions: 
current shape = (8640,)
filling on, default _FillValue of 9.969209968386869e+36 used
Flagged 0 points where air_temperature < 245.0K as bad data (qc_flag = 2).
Found 0 points already flagged as bad data (flag=2)
QC flags successfully added to /gws/pw/j07/ncas_obs_vol2/cao/processing/ncas-temperature-rh-1/data/long-term/level1d/2025/stfc-temperature-rh-1_cao_20250408_surface-met_v1.1.nc.
Updated time units to 'seconds since 1970-01-01 00:00:00' in /gws/pw/j07/ncas_obs_vol2/cao/processing/ncas-temperature-rh-1/data/long-term/level1d/2025/stfc-temperature-rh-1_cao_20250408_surface-met_v1.1.nc
/gws/pw/j07/ncas_obs_vol2/cao/raw_data/met_cao/data/long-term/2025/202504/CR1000XSeries_Chilbolton_Rxcabinmet1_20250409.dat
Parsed column names: ['TIMESTAMP', 'RECORD', 'BattV_Avg', 'PTemp_C_Avg', 'Air_T_Avg', 'RH_Avg', 'BP_mbar_Avg', 'WS_Avg', 'WD_Avg', 'SlrW_Avg', 'rg001dc_ch_Tot', 'rg006dc_ch_Tot', 'rg008dc_ch_Tot', 'rg009dc_ch_Tot', 'rg004tb_ch_Tot']
shape: (8_640, 3)
┌─────────────────────┬───────────┬────────┐
│ TIMESTAMP           ┆ Air_T_Avg ┆ RH_Avg │
│ ---                 ┆ ---       ┆ ---    │
│ datetime[μs]        ┆ f64       ┆ f64    │
╞═════════════════════╪═══════════╪════════╡
│ 2025-04-09 00:00:10 ┆ 278.81    ┆ 64.98  │
│ 2025-04-09 00:00:20 ┆ 278.81    ┆ 64.98  │
│ 2025-04-09 00:00:30 ┆ 278.81    ┆ 64.96  │
│ 2025-04-09 00:00:40 ┆ 278.81    ┆ 65.02  │
│ 2025-04-09 00:00:50 ┆ 278.79    ┆ 65.08  │
│ …                   ┆ …         ┆ …      │
│ 2025-04-09 23:59:20 ┆ 278.45    ┆ 79.0   │
│ 2025-04-09 23:59:30 ┆ 278.47    ┆ 79.24  │
│ 2025-04-09 23:59:40 ┆ 278.51    ┆ 79.44  │
│ 2025-04-09 23:59:50 ┆ 278.47    ┆ 80.44  │
│ 2025-04-10 00:00:00 ┆ 278.39    ┆ 81.56  │
└─────────────────────┴───────────┴────────┘
[INFO] Correcting the 'time' variable in the NetCDF file.
<class 'netCDF4.Variable'>
float64 time(time)
    units: seconds since 1970-01-01 00:00:00
    standard_name: time
    long_name: Time (seconds since 1970-01-01 00:00:00)
    axis: T
    valid_min: 1744156810.0
    valid_max: 1744243200.0
    calendar: standard
unlimited dimensions: 
current shape = (8640,)
filling on, default _FillValue of 9.969209968386869e+36 used
Flagged 0 points where air_temperature < 245.0K as bad data (qc_flag = 2).
Found 0 points already flagged as bad data (flag=2)
QC flags successfully added to /gws/pw/j07/ncas_obs_vol2/cao/processing/ncas-temperature-rh-1/data/long-term/level1d/2025/stfc-temperature-rh-1_cao_20250409_surface-met_v1.1.nc.
Updated time units to 'seconds since 1970-01-01 00:00:00' in /gws/pw/j07/ncas_obs_vol2/cao/processing/ncas-temperature-rh-1/data/long-term/level1d/2025/stfc-temperature-rh-1_cao_20250409_surface-met_v1.1.nc
/gws/pw/j07/ncas_obs_vol2/cao/raw_data/met_cao/data/long-term/2025/202504/CR1000XSeries_Chilbolton_Rxcabinmet1_20250410.dat
Parsed column names: ['TIMESTAMP', 'RECORD', 'BattV_Avg', 'PTemp_C_Avg', 'Air_T_Avg', 'RH_Avg', 'BP_mbar_Avg', 'WS_Avg', 'WD_Avg', 'SlrW_Avg', 'rg001dc_ch_Tot', 'rg006dc_ch_Tot', 'rg008dc_ch_Tot', 'rg009dc_ch_Tot', 'rg004tb_ch_Tot']
shape: (8_640, 3)
┌─────────────────────┬───────────┬────────┐
│ TIMESTAMP           ┆ Air_T_Avg ┆ RH_Avg │
│ ---                 ┆ ---       ┆ ---    │
│ datetime[μs]        ┆ f64       ┆ f64    │
╞═════════════════════╪═══════════╪════════╡
│ 2025-04-10 00:00:10 ┆ 278.35    ┆ 81.56  │
│ 2025-04-10 00:00:20 ┆ 278.33    ┆ 81.26  │
│ 2025-04-10 00:00:30 ┆ 278.27    ┆ 80.66  │
│ 2025-04-10 00:00:40 ┆ 278.25    ┆ 79.72  │
│ 2025-04-10 00:00:50 ┆ 278.29    ┆ 79.32  │
│ …                   ┆ …         ┆ …      │
│ 2025-04-10 23:59:20 ┆ 278.13    ┆ 91.72  │
│ 2025-04-10 23:59:30 ┆ 278.13    ┆ 91.72  │
│ 2025-04-10 23:59:40 ┆ 278.13    ┆ 91.74  │
│ 2025-04-10 23:59:50 ┆ 278.11    ┆ 91.78  │
│ 2025-04-11 00:00:00 ┆ 278.11    ┆ 91.88  │
└─────────────────────┴───────────┴────────┘
[INFO] Correcting the 'time' variable in the NetCDF file.
<class 'netCDF4.Variable'>
float64 time(time)
    units: seconds since 1970-01-01 00:00:00
    standard_name: time
    long_name: Time (seconds since 1970-01-01 00:00:00)
    axis: T
    valid_min: 1744243210.0
    valid_max: 1744329600.0
    calendar: standard
unlimited dimensions: 
current shape = (8640,)
filling on, default _FillValue of 9.969209968386869e+36 used
Flagged 0 points where air_temperature < 245.0K as bad data (qc_flag = 2).
Found 0 points already flagged as bad data (flag=2)
QC flags successfully added to /gws/pw/j07/ncas_obs_vol2/cao/processing/ncas-temperature-rh-1/data/long-term/level1d/2025/stfc-temperature-rh-1_cao_20250410_surface-met_v1.1.nc.
Updated time units to 'seconds since 1970-01-01 00:00:00' in /gws/pw/j07/ncas_obs_vol2/cao/processing/ncas-temperature-rh-1/data/long-term/level1d/2025/stfc-temperature-rh-1_cao_20250410_surface-met_v1.1.nc
/gws/pw/j07/ncas_obs_vol2/cao/raw_data/met_cao/data/long-term/2025/202504/CR1000XSeries_Chilbolton_Rxcabinmet1_20250411.dat
Parsed column names: ['TIMESTAMP', 'RECORD', 'BattV_Avg', 'PTemp_C_Avg', 'Air_T_Avg', 'RH_Avg', 'BP_mbar_Avg', 'WS_Avg', 'WD_Avg', 'SlrW_Avg', 'rg001dc_ch_Tot', 'rg006dc_ch_Tot', 'rg008dc_ch_Tot', 'rg009dc_ch_Tot', 'rg004tb_ch_Tot']
shape: (8_640, 3)
┌─────────────────────┬───────────┬────────┐
│ TIMESTAMP           ┆ Air_T_Avg ┆ RH_Avg │
│ ---                 ┆ ---       ┆ ---    │
│ datetime[μs]        ┆ f64       ┆ f64    │
╞═════════════════════╪═══════════╪════════╡
│ 2025-04-11 00:00:10 ┆ 278.07    ┆ 91.92  │
│ 2025-04-11 00:00:20 ┆ 278.07    ┆ 91.84  │
│ 2025-04-11 00:00:30 ┆ 278.07    ┆ 91.66  │
│ 2025-04-11 00:00:40 ┆ 278.05    ┆ 91.58  │
│ 2025-04-11 00:00:50 ┆ 278.05    ┆ 91.52  │
│ …                   ┆ …         ┆ …      │
│ 2025-04-11 23:59:20 ┆ 280.13    ┆ 84.44  │
│ 2025-04-11 23:59:30 ┆ 280.13    ┆ 84.52  │
│ 2025-04-11 23:59:40 ┆ 280.13    ┆ 84.56  │
│ 2025-04-11 23:59:50 ┆ 280.15    ┆ 84.66  │
│ 2025-04-12 00:00:00 ┆ 280.15    ┆ 84.86  │
└─────────────────────┴───────────┴────────┘
[INFO] Correcting the 'time' variable in the NetCDF file.
<class 'netCDF4.Variable'>
float64 time(time)
    units: seconds since 1970-01-01 00:00:00
    standard_name: time
    long_name: Time (seconds since 1970-01-01 00:00:00)
    axis: T
    valid_min: 1744329610.0
    valid_max: 1744416000.0
    calendar: standard
unlimited dimensions: 
current shape = (8640,)
filling on, default _FillValue of 9.969209968386869e+36 used
Flagged 0 points where air_temperature < 245.0K as bad data (qc_flag = 2).
Found 0 points already flagged as bad data (flag=2)
QC flags successfully added to /gws/pw/j07/ncas_obs_vol2/cao/processing/ncas-temperature-rh-1/data/long-term/level1d/2025/stfc-temperature-rh-1_cao_20250411_surface-met_v1.1.nc.
Updated time units to 'seconds since 1970-01-01 00:00:00' in /gws/pw/j07/ncas_obs_vol2/cao/processing/ncas-temperature-rh-1/data/long-term/level1d/2025/stfc-temperature-rh-1_cao_20250411_surface-met_v1.1.nc
/gws/pw/j07/ncas_obs_vol2/cao/raw_data/met_cao/data/long-term/2025/202504/CR1000XSeries_Chilbolton_Rxcabinmet1_20250412.dat
Parsed column names: ['TIMESTAMP', 'RECORD', 'BattV_Avg', 'PTemp_C_Avg', 'Air_T_Avg', 'RH_Avg', 'BP_mbar_Avg', 'WS_Avg', 'WD_Avg', 'SlrW_Avg', 'rg001dc_ch_Tot', 'rg006dc_ch_Tot', 'rg008dc_ch_Tot', 'rg009dc_ch_Tot', 'rg004tb_ch_Tot']
shape: (8_640, 3)
┌─────────────────────┬───────────┬────────┐
│ TIMESTAMP           ┆ Air_T_Avg ┆ RH_Avg │
│ ---                 ┆ ---       ┆ ---    │
│ datetime[μs]        ┆ f64       ┆ f64    │
╞═════════════════════╪═══════════╪════════╡
│ 2025-04-12 00:00:10 ┆ 280.17    ┆ 84.98  │
│ 2025-04-12 00:00:20 ┆ 280.17    ┆ 84.98  │
│ 2025-04-12 00:00:30 ┆ 280.15    ┆ 84.94  │
│ 2025-04-12 00:00:40 ┆ 280.15    ┆ 84.86  │
│ 2025-04-12 00:00:50 ┆ 280.13    ┆ 84.78  │
│ …                   ┆ …         ┆ …      │
│ 2025-04-12 23:59:20 ┆ 284.35    ┆ 76.42  │
│ 2025-04-12 23:59:30 ┆ 284.37    ┆ 76.34  │
│ 2025-04-12 23:59:40 ┆ 284.35    ┆ 76.24  │
│ 2025-04-12 23:59:50 ┆ 284.35    ┆ 76.1   │
│ 2025-04-13 00:00:00 ┆ 284.33    ┆ 76.04  │
└─────────────────────┴───────────┴────────┘
[INFO] Correcting the 'time' variable in the NetCDF file.
<class 'netCDF4.Variable'>
float64 time(time)
    units: seconds since 1970-01-01 00:00:00
    standard_name: time
    long_name: Time (seconds since 1970-01-01 00:00:00)
    axis: T
    valid_min: 1744416010.0
    valid_max: 1744502400.0
    calendar: standard
unlimited dimensions: 
current shape = (8640,)
filling on, default _FillValue of 9.969209968386869e+36 used
Flagged 0 points where air_temperature < 245.0K as bad data (qc_flag = 2).
Found 0 points already flagged as bad data (flag=2)
QC flags successfully added to /gws/pw/j07/ncas_obs_vol2/cao/processing/ncas-temperature-rh-1/data/long-term/level1d/2025/stfc-temperature-rh-1_cao_20250412_surface-met_v1.1.nc.
Updated time units to 'seconds since 1970-01-01 00:00:00' in /gws/pw/j07/ncas_obs_vol2/cao/processing/ncas-temperature-rh-1/data/long-term/level1d/2025/stfc-temperature-rh-1_cao_20250412_surface-met_v1.1.nc
/gws/pw/j07/ncas_obs_vol2/cao/raw_data/met_cao/data/long-term/2025/202504/CR1000XSeries_Chilbolton_Rxcabinmet1_20250413.dat
Parsed column names: ['TIMESTAMP', 'RECORD', 'BattV_Avg', 'PTemp_C_Avg', 'Air_T_Avg', 'RH_Avg', 'BP_mbar_Avg', 'WS_Avg', 'WD_Avg', 'SlrW_Avg', 'rg001dc_ch_Tot', 'rg006dc_ch_Tot', 'rg008dc_ch_Tot', 'rg009dc_ch_Tot', 'rg004tb_ch_Tot']
shape: (8_640, 3)
┌─────────────────────┬───────────┬────────┐
│ TIMESTAMP           ┆ Air_T_Avg ┆ RH_Avg │
│ ---                 ┆ ---       ┆ ---    │
│ datetime[μs]        ┆ f64       ┆ f64    │
╞═════════════════════╪═══════════╪════════╡
│ 2025-04-13 00:00:10 ┆ 284.31    ┆ 76.1   │
│ 2025-04-13 00:00:20 ┆ 284.31    ┆ 76.16  │
│ 2025-04-13 00:00:30 ┆ 284.31    ┆ 76.22  │
│ 2025-04-13 00:00:40 ┆ 284.35    ┆ 76.02  │
│ 2025-04-13 00:00:50 ┆ 284.37    ┆ 76.0   │
│ …                   ┆ …         ┆ …      │
│ 2025-04-13 23:59:20 ┆ 277.93    ┆ 95.36  │
│ 2025-04-13 23:59:30 ┆ 277.93    ┆ 95.3   │
│ 2025-04-13 23:59:40 ┆ 277.97    ┆ 94.92  │
│ 2025-04-13 23:59:50 ┆ 277.99    ┆ 94.7   │
│ 2025-04-14 00:00:00 ┆ 277.99    ┆ 94.76  │
└─────────────────────┴───────────┴────────┘
[INFO] Correcting the 'time' variable in the NetCDF file.
<class 'netCDF4.Variable'>
float64 time(time)
    units: seconds since 1970-01-01 00:00:00
    standard_name: time
    long_name: Time (seconds since 1970-01-01 00:00:00)
    axis: T
    valid_min: 1744502410.0
    valid_max: 1744588800.0
    calendar: standard
unlimited dimensions: 
current shape = (8640,)
filling on, default _FillValue of 9.969209968386869e+36 used
Flagged 0 points where air_temperature < 245.0K as bad data (qc_flag = 2).
Found 0 points already flagged as bad data (flag=2)
QC flags successfully added to /gws/pw/j07/ncas_obs_vol2/cao/processing/ncas-temperature-rh-1/data/long-term/level1d/2025/stfc-temperature-rh-1_cao_20250413_surface-met_v1.1.nc.
Updated time units to 'seconds since 1970-01-01 00:00:00' in /gws/pw/j07/ncas_obs_vol2/cao/processing/ncas-temperature-rh-1/data/long-term/level1d/2025/stfc-temperature-rh-1_cao_20250413_surface-met_v1.1.nc
/gws/pw/j07/ncas_obs_vol2/cao/raw_data/met_cao/data/long-term/2025/202504/CR1000XSeries_Chilbolton_Rxcabinmet1_20250414.dat
Parsed column names: ['TIMESTAMP', 'RECORD', 'BattV_Avg', 'PTemp_C_Avg', 'Air_T_Avg', 'RH_Avg', 'BP_mbar_Avg', 'WS_Avg', 'WD_Avg', 'SlrW_Avg', 'rg001dc_ch_Tot', 'rg006dc_ch_Tot', 'rg008dc_ch_Tot', 'rg009dc_ch_Tot', 'rg004tb_ch_Tot']
shape: (8_640, 3)
┌─────────────────────┬───────────┬────────┐
│ TIMESTAMP           ┆ Air_T_Avg ┆ RH_Avg │
│ ---                 ┆ ---       ┆ ---    │
│ datetime[μs]        ┆ f64       ┆ f64    │
╞═════════════════════╪═══════════╪════════╡
│ 2025-04-14 00:00:10 ┆ 277.97    ┆ 95.0   │
│ 2025-04-14 00:00:20 ┆ 277.95    ┆ 95.16  │
│ 2025-04-14 00:00:30 ┆ 277.93    ┆ 95.4   │
│ 2025-04-14 00:00:40 ┆ 277.91    ┆ 95.52  │
│ 2025-04-14 00:00:50 ┆ 277.91    ┆ 95.5   │
│ …                   ┆ …         ┆ …      │
│ 2025-04-14 23:59:20 ┆ 281.37    ┆ 94.3   │
│ 2025-04-14 23:59:30 ┆ 281.37    ┆ 94.38  │
│ 2025-04-14 23:59:40 ┆ 281.37    ┆ 94.54  │
│ 2025-04-14 23:59:50 ┆ 281.37    ┆ 94.68  │
│ 2025-04-15 00:00:00 ┆ 281.37    ┆ 94.64  │
└─────────────────────┴───────────┴────────┘
[INFO] Correcting the 'time' variable in the NetCDF file.
<class 'netCDF4.Variable'>
float64 time(time)
    units: seconds since 1970-01-01 00:00:00
    standard_name: time
    long_name: Time (seconds since 1970-01-01 00:00:00)
    axis: T
    valid_min: 1744588810.0
    valid_max: 1744675200.0
    calendar: standard
unlimited dimensions: 
current shape = (8640,)
filling on, default _FillValue of 9.969209968386869e+36 used
Flagged 0 points where air_temperature < 245.0K as bad data (qc_flag = 2).
Found 0 points already flagged as bad data (flag=2)
QC flags successfully added to /gws/pw/j07/ncas_obs_vol2/cao/processing/ncas-temperature-rh-1/data/long-term/level1d/2025/stfc-temperature-rh-1_cao_20250414_surface-met_v1.1.nc.
Updated time units to 'seconds since 1970-01-01 00:00:00' in /gws/pw/j07/ncas_obs_vol2/cao/processing/ncas-temperature-rh-1/data/long-term/level1d/2025/stfc-temperature-rh-1_cao_20250414_surface-met_v1.1.nc
/gws/pw/j07/ncas_obs_vol2/cao/raw_data/met_cao/data/long-term/2025/202504/CR1000XSeries_Chilbolton_Rxcabinmet1_20250415.dat
Parsed column names: ['TIMESTAMP', 'RECORD', 'BattV_Avg', 'PTemp_C_Avg', 'Air_T_Avg', 'RH_Avg', 'BP_mbar_Avg', 'WS_Avg', 'WD_Avg', 'SlrW_Avg', 'rg001dc_ch_Tot', 'rg006dc_ch_Tot', 'rg008dc_ch_Tot', 'rg009dc_ch_Tot', 'rg004tb_ch_Tot']
shape: (8_640, 3)
┌─────────────────────┬───────────┬────────┐
│ TIMESTAMP           ┆ Air_T_Avg ┆ RH_Avg │
│ ---                 ┆ ---       ┆ ---    │
│ datetime[μs]        ┆ f64       ┆ f64    │
╞═════════════════════╪═══════════╪════════╡
│ 2025-04-15 00:00:10 ┆ 281.37    ┆ 94.48  │
│ 2025-04-15 00:00:20 ┆ 281.37    ┆ 94.38  │
│ 2025-04-15 00:00:30 ┆ 281.39    ┆ 94.2   │
│ 2025-04-15 00:00:40 ┆ 281.39    ┆ 94.0   │
│ 2025-04-15 00:00:50 ┆ 281.39    ┆ 93.78  │
│ …                   ┆ …         ┆ …      │
│ 2025-04-15 23:59:20 ┆ 280.81    ┆ 80.46  │
│ 2025-04-15 23:59:30 ┆ 280.81    ┆ 80.48  │
│ 2025-04-15 23:59:40 ┆ 280.81    ┆ 80.48  │
│ 2025-04-15 23:59:50 ┆ 280.81    ┆ 80.32  │
│ 2025-04-16 00:00:00 ┆ 280.79    ┆ 80.24  │
└─────────────────────┴───────────┴────────┘
[INFO] Correcting the 'time' variable in the NetCDF file.
<class 'netCDF4.Variable'>
float64 time(time)
    units: seconds since 1970-01-01 00:00:00
    standard_name: time
    long_name: Time (seconds since 1970-01-01 00:00:00)
    axis: T
    valid_min: 1744675210.0
    valid_max: 1744761600.0
    calendar: standard
unlimited dimensions: 
current shape = (8640,)
filling on, default _FillValue of 9.969209968386869e+36 used
Flagged 0 points where air_temperature < 245.0K as bad data (qc_flag = 2).
Found 0 points already flagged as bad data (flag=2)
QC flags successfully added to /gws/pw/j07/ncas_obs_vol2/cao/processing/ncas-temperature-rh-1/data/long-term/level1d/2025/stfc-temperature-rh-1_cao_20250415_surface-met_v1.1.nc.
Updated time units to 'seconds since 1970-01-01 00:00:00' in /gws/pw/j07/ncas_obs_vol2/cao/processing/ncas-temperature-rh-1/data/long-term/level1d/2025/stfc-temperature-rh-1_cao_20250415_surface-met_v1.1.nc
/gws/pw/j07/ncas_obs_vol2/cao/raw_data/met_cao/data/long-term/2025/202504/CR1000XSeries_Chilbolton_Rxcabinmet1_20250416.dat
Parsed column names: ['TIMESTAMP', 'RECORD', 'BattV_Avg', 'PTemp_C_Avg', 'Air_T_Avg', 'RH_Avg', 'BP_mbar_Avg', 'WS_Avg', 'WD_Avg', 'SlrW_Avg', 'rg001dc_ch_Tot', 'rg006dc_ch_Tot', 'rg008dc_ch_Tot', 'rg009dc_ch_Tot', 'rg004tb_ch_Tot']
shape: (8_640, 3)
┌─────────────────────┬───────────┬────────┐
│ TIMESTAMP           ┆ Air_T_Avg ┆ RH_Avg │
│ ---                 ┆ ---       ┆ ---    │
│ datetime[μs]        ┆ f64       ┆ f64    │
╞═════════════════════╪═══════════╪════════╡
│ 2025-04-16 00:00:10 ┆ 280.79    ┆ 80.18  │
│ 2025-04-16 00:00:20 ┆ 280.79    ┆ 80.12  │
│ 2025-04-16 00:00:30 ┆ 280.79    ┆ 80.06  │
│ 2025-04-16 00:00:40 ┆ 280.79    ┆ 80.02  │
│ 2025-04-16 00:00:50 ┆ 280.79    ┆ 79.96  │
│ …                   ┆ …         ┆ …      │
│ 2025-04-16 23:59:20 ┆ 277.07    ┆ 93.08  │
│ 2025-04-16 23:59:30 ┆ 277.09    ┆ 92.9   │
│ 2025-04-16 23:59:40 ┆ 277.11    ┆ 92.74  │
│ 2025-04-16 23:59:50 ┆ 277.11    ┆ 92.62  │
│ 2025-04-17 00:00:00 ┆ 277.13    ┆ 92.56  │
└─────────────────────┴───────────┴────────┘
[INFO] Correcting the 'time' variable in the NetCDF file.
<class 'netCDF4.Variable'>
float64 time(time)
    units: seconds since 1970-01-01 00:00:00
    standard_name: time
    long_name: Time (seconds since 1970-01-01 00:00:00)
    axis: T
    valid_min: 1744761610.0
    valid_max: 1744848000.0
    calendar: standard
unlimited dimensions: 
current shape = (8640,)
filling on, default _FillValue of 9.969209968386869e+36 used
Flagged 0 points where air_temperature < 245.0K as bad data (qc_flag = 2).
Found 0 points already flagged as bad data (flag=2)
QC flags successfully added to /gws/pw/j07/ncas_obs_vol2/cao/processing/ncas-temperature-rh-1/data/long-term/level1d/2025/stfc-temperature-rh-1_cao_20250416_surface-met_v1.1.nc.
Updated time units to 'seconds since 1970-01-01 00:00:00' in /gws/pw/j07/ncas_obs_vol2/cao/processing/ncas-temperature-rh-1/data/long-term/level1d/2025/stfc-temperature-rh-1_cao_20250416_surface-met_v1.1.nc
/gws/pw/j07/ncas_obs_vol2/cao/raw_data/met_cao/data/long-term/2025/202504/CR1000XSeries_Chilbolton_Rxcabinmet1_20250417.dat
Parsed column names: ['TIMESTAMP', 'RECORD', 'BattV_Avg', 'PTemp_C_Avg', 'Air_T_Avg', 'RH_Avg', 'BP_mbar_Avg', 'WS_Avg', 'WD_Avg', 'SlrW_Avg', 'rg001dc_ch_Tot', 'rg006dc_ch_Tot', 'rg008dc_ch_Tot', 'rg009dc_ch_Tot', 'rg004tb_ch_Tot']
shape: (8_640, 3)
┌─────────────────────┬───────────┬────────┐
│ TIMESTAMP           ┆ Air_T_Avg ┆ RH_Avg │
│ ---                 ┆ ---       ┆ ---    │
│ datetime[μs]        ┆ f64       ┆ f64    │
╞═════════════════════╪═══════════╪════════╡
│ 2025-04-17 00:00:10 ┆ 277.13    ┆ 92.66  │
│ 2025-04-17 00:00:20 ┆ 277.13    ┆ 92.8   │
│ 2025-04-17 00:00:30 ┆ 277.13    ┆ 92.96  │
│ 2025-04-17 00:00:40 ┆ 277.13    ┆ 93.14  │
│ 2025-04-17 00:00:50 ┆ 277.13    ┆ 93.16  │
│ …                   ┆ …         ┆ …      │
│ 2025-04-17 23:59:20 ┆ 280.49    ┆ 93.58  │
│ 2025-04-17 23:59:30 ┆ 280.51    ┆ 93.64  │
│ 2025-04-17 23:59:40 ┆ 280.51    ┆ 93.74  │
│ 2025-04-17 23:59:50 ┆ 280.51    ┆ 93.9   │
│ 2025-04-18 00:00:00 ┆ 280.51    ┆ 93.92  │
└─────────────────────┴───────────┴────────┘
[INFO] Correcting the 'time' variable in the NetCDF file.
<class 'netCDF4.Variable'>
float64 time(time)
    units: seconds since 1970-01-01 00:00:00
    standard_name: time
    long_name: Time (seconds since 1970-01-01 00:00:00)
    axis: T
    valid_min: 1744848010.0
    valid_max: 1744934400.0
    calendar: standard
unlimited dimensions: 
current shape = (8640,)
filling on, default _FillValue of 9.969209968386869e+36 used
Flagged 0 points where air_temperature < 245.0K as bad data (qc_flag = 2).
Found 0 points already flagged as bad data (flag=2)
QC flags successfully added to /gws/pw/j07/ncas_obs_vol2/cao/processing/ncas-temperature-rh-1/data/long-term/level1d/2025/stfc-temperature-rh-1_cao_20250417_surface-met_v1.1.nc.
Updated time units to 'seconds since 1970-01-01 00:00:00' in /gws/pw/j07/ncas_obs_vol2/cao/processing/ncas-temperature-rh-1/data/long-term/level1d/2025/stfc-temperature-rh-1_cao_20250417_surface-met_v1.1.nc
/gws/pw/j07/ncas_obs_vol2/cao/raw_data/met_cao/data/long-term/2025/202504/CR1000XSeries_Chilbolton_Rxcabinmet1_20250418.dat
Parsed column names: ['TIMESTAMP', 'RECORD', 'BattV_Avg', 'PTemp_C_Avg', 'Air_T_Avg', 'RH_Avg', 'BP_mbar_Avg', 'WS_Avg', 'WD_Avg', 'SlrW_Avg', 'rg001dc_ch_Tot', 'rg006dc_ch_Tot', 'rg008dc_ch_Tot', 'rg009dc_ch_Tot', 'rg004tb_ch_Tot']
shape: (8_640, 3)
┌─────────────────────┬───────────┬────────┐
│ TIMESTAMP           ┆ Air_T_Avg ┆ RH_Avg │
│ ---                 ┆ ---       ┆ ---    │
│ datetime[μs]        ┆ f64       ┆ f64    │
╞═════════════════════╪═══════════╪════════╡
│ 2025-04-18 00:00:10 ┆ 280.49    ┆ 93.98  │
│ 2025-04-18 00:00:20 ┆ 280.47    ┆ 93.96  │
│ 2025-04-18 00:00:30 ┆ 280.45    ┆ 93.88  │
│ 2025-04-18 00:00:40 ┆ 280.47    ┆ 93.58  │
│ 2025-04-18 00:00:50 ┆ 280.49    ┆ 93.32  │
│ …                   ┆ …         ┆ …      │
│ 2025-04-18 23:59:20 ┆ 284.37    ┆ 77.34  │
│ 2025-04-18 23:59:30 ┆ 284.35    ┆ 77.66  │
│ 2025-04-18 23:59:40 ┆ 284.31    ┆ 78.18  │
│ 2025-04-18 23:59:50 ┆ 284.29    ┆ 78.52  │
│ 2025-04-19 00:00:00 ┆ 284.33    ┆ 78.42  │
└─────────────────────┴───────────┴────────┘
[INFO] Correcting the 'time' variable in the NetCDF file.
<class 'netCDF4.Variable'>
float64 time(time)
    units: seconds since 1970-01-01 00:00:00
    standard_name: time
    long_name: Time (seconds since 1970-01-01 00:00:00)
    axis: T
    valid_min: 1744934410.0
    valid_max: 1745020800.0
    calendar: standard
unlimited dimensions: 
current shape = (8640,)
filling on, default _FillValue of 9.969209968386869e+36 used
Flagged 0 points where air_temperature < 245.0K as bad data (qc_flag = 2).
Found 0 points already flagged as bad data (flag=2)
QC flags successfully added to /gws/pw/j07/ncas_obs_vol2/cao/processing/ncas-temperature-rh-1/data/long-term/level1d/2025/stfc-temperature-rh-1_cao_20250418_surface-met_v1.1.nc.
Updated time units to 'seconds since 1970-01-01 00:00:00' in /gws/pw/j07/ncas_obs_vol2/cao/processing/ncas-temperature-rh-1/data/long-term/level1d/2025/stfc-temperature-rh-1_cao_20250418_surface-met_v1.1.nc
/gws/pw/j07/ncas_obs_vol2/cao/raw_data/met_cao/data/long-term/2025/202504/CR1000XSeries_Chilbolton_Rxcabinmet1_20250419.dat
Parsed column names: ['TIMESTAMP', 'RECORD', 'BattV_Avg', 'PTemp_C_Avg', 'Air_T_Avg', 'RH_Avg', 'BP_mbar_Avg', 'WS_Avg', 'WD_Avg', 'SlrW_Avg', 'rg001dc_ch_Tot', 'rg006dc_ch_Tot', 'rg008dc_ch_Tot', 'rg009dc_ch_Tot', 'rg004tb_ch_Tot']
shape: (8_640, 3)
┌─────────────────────┬───────────┬────────┐
│ TIMESTAMP           ┆ Air_T_Avg ┆ RH_Avg │
│ ---                 ┆ ---       ┆ ---    │
│ datetime[μs]        ┆ f64       ┆ f64    │
╞═════════════════════╪═══════════╪════════╡
│ 2025-04-19 00:00:10 ┆ 284.39    ┆ 77.82  │
│ 2025-04-19 00:00:20 ┆ 284.41    ┆ 77.52  │
│ 2025-04-19 00:00:30 ┆ 284.41    ┆ 77.58  │
│ 2025-04-19 00:00:40 ┆ 284.37    ┆ 77.88  │
│ 2025-04-19 00:00:50 ┆ 284.37    ┆ 78.06  │
│ …                   ┆ …         ┆ …      │
│ 2025-04-19 23:59:20 ┆ 280.53    ┆ 69.22  │
│ 2025-04-19 23:59:30 ┆ 280.53    ┆ 69.52  │
│ 2025-04-19 23:59:40 ┆ 280.53    ┆ 69.56  │
│ 2025-04-19 23:59:50 ┆ 280.51    ┆ 69.46  │
│ 2025-04-20 00:00:00 ┆ 280.51    ┆ 69.34  │
└─────────────────────┴───────────┴────────┘
[INFO] Correcting the 'time' variable in the NetCDF file.
<class 'netCDF4.Variable'>
float64 time(time)
    units: seconds since 1970-01-01 00:00:00
    standard_name: time
    long_name: Time (seconds since 1970-01-01 00:00:00)
    axis: T
    valid_min: 1745020810.0
    valid_max: 1745107200.0
    calendar: standard
unlimited dimensions: 
current shape = (8640,)
filling on, default _FillValue of 9.969209968386869e+36 used
Flagged 0 points where air_temperature < 245.0K as bad data (qc_flag = 2).
Found 0 points already flagged as bad data (flag=2)
QC flags successfully added to /gws/pw/j07/ncas_obs_vol2/cao/processing/ncas-temperature-rh-1/data/long-term/level1d/2025/stfc-temperature-rh-1_cao_20250419_surface-met_v1.1.nc.
Updated time units to 'seconds since 1970-01-01 00:00:00' in /gws/pw/j07/ncas_obs_vol2/cao/processing/ncas-temperature-rh-1/data/long-term/level1d/2025/stfc-temperature-rh-1_cao_20250419_surface-met_v1.1.nc
/gws/pw/j07/ncas_obs_vol2/cao/raw_data/met_cao/data/long-term/2025/202504/CR1000XSeries_Chilbolton_Rxcabinmet1_20250420.dat
Parsed column names: ['TIMESTAMP', 'RECORD', 'BattV_Avg', 'PTemp_C_Avg', 'Air_T_Avg', 'RH_Avg', 'BP_mbar_Avg', 'WS_Avg', 'WD_Avg', 'SlrW_Avg', 'rg001dc_ch_Tot', 'rg006dc_ch_Tot', 'rg008dc_ch_Tot', 'rg009dc_ch_Tot', 'rg004tb_ch_Tot']
shape: (8_640, 3)
┌─────────────────────┬───────────┬────────┐
│ TIMESTAMP           ┆ Air_T_Avg ┆ RH_Avg │
│ ---                 ┆ ---       ┆ ---    │
│ datetime[μs]        ┆ f64       ┆ f64    │
╞═════════════════════╪═══════════╪════════╡
│ 2025-04-20 00:00:10 ┆ 280.51    ┆ 69.14  │
│ 2025-04-20 00:00:20 ┆ 280.55    ┆ 68.7   │
│ 2025-04-20 00:00:30 ┆ 280.57    ┆ 68.62  │
│ 2025-04-20 00:00:40 ┆ 280.55    ┆ 68.84  │
│ 2025-04-20 00:00:50 ┆ 280.47    ┆ 69.36  │
│ …                   ┆ …         ┆ …      │
│ 2025-04-20 23:59:20 ┆ 283.33    ┆ 89.48  │
│ 2025-04-20 23:59:30 ┆ 283.33    ┆ 89.58  │
│ 2025-04-20 23:59:40 ┆ 283.33    ┆ 89.68  │
│ 2025-04-20 23:59:50 ┆ 283.33    ┆ 89.78  │
│ 2025-04-21 00:00:00 ┆ 283.33    ┆ 89.94  │
└─────────────────────┴───────────┴────────┘
[INFO] Correcting the 'time' variable in the NetCDF file.
<class 'netCDF4.Variable'>
float64 time(time)
    units: seconds since 1970-01-01 00:00:00
    standard_name: time
    long_name: Time (seconds since 1970-01-01 00:00:00)
    axis: T
    valid_min: 1745107210.0
    valid_max: 1745193600.0
    calendar: standard
unlimited dimensions: 
current shape = (8640,)
filling on, default _FillValue of 9.969209968386869e+36 used
Flagged 0 points where air_temperature < 245.0K as bad data (qc_flag = 2).
Found 0 points already flagged as bad data (flag=2)
QC flags successfully added to /gws/pw/j07/ncas_obs_vol2/cao/processing/ncas-temperature-rh-1/data/long-term/level1d/2025/stfc-temperature-rh-1_cao_20250420_surface-met_v1.1.nc.
Updated time units to 'seconds since 1970-01-01 00:00:00' in /gws/pw/j07/ncas_obs_vol2/cao/processing/ncas-temperature-rh-1/data/long-term/level1d/2025/stfc-temperature-rh-1_cao_20250420_surface-met_v1.1.nc
/gws/pw/j07/ncas_obs_vol2/cao/raw_data/met_cao/data/long-term/2025/202504/CR1000XSeries_Chilbolton_Rxcabinmet1_20250421.dat
Parsed column names: ['TIMESTAMP', 'RECORD', 'BattV_Avg', 'PTemp_C_Avg', 'Air_T_Avg', 'RH_Avg', 'BP_mbar_Avg', 'WS_Avg', 'WD_Avg', 'SlrW_Avg', 'rg001dc_ch_Tot', 'rg006dc_ch_Tot', 'rg008dc_ch_Tot', 'rg009dc_ch_Tot', 'rg004tb_ch_Tot']
shape: (8_640, 3)
┌─────────────────────┬───────────┬────────┐
│ TIMESTAMP           ┆ Air_T_Avg ┆ RH_Avg │
│ ---                 ┆ ---       ┆ ---    │
│ datetime[μs]        ┆ f64       ┆ f64    │
╞═════════════════════╪═══════════╪════════╡
│ 2025-04-21 00:00:10 ┆ 283.33    ┆ 90.1   │
│ 2025-04-21 00:00:20 ┆ 283.33    ┆ 90.08  │
│ 2025-04-21 00:00:30 ┆ 283.33    ┆ 90.04  │
│ 2025-04-21 00:00:40 ┆ 283.33    ┆ 89.98  │
│ 2025-04-21 00:00:50 ┆ 283.33    ┆ 89.88  │
│ …                   ┆ …         ┆ …      │
│ 2025-04-21 23:59:20 ┆ 278.73    ┆ 93.36  │
│ 2025-04-21 23:59:30 ┆ 278.73    ┆ 93.36  │
│ 2025-04-21 23:59:40 ┆ 278.73    ┆ 93.38  │
│ 2025-04-21 23:59:50 ┆ 278.71    ┆ 93.4   │
│ 2025-04-22 00:00:00 ┆ 278.69    ┆ 93.44  │
└─────────────────────┴───────────┴────────┘
[INFO] Correcting the 'time' variable in the NetCDF file.
<class 'netCDF4.Variable'>
float64 time(time)
    units: seconds since 1970-01-01 00:00:00
    standard_name: time
    long_name: Time (seconds since 1970-01-01 00:00:00)
    axis: T
    valid_min: 1745193610.0
    valid_max: 1745280000.0
    calendar: standard
unlimited dimensions: 
current shape = (8640,)
filling on, default _FillValue of 9.969209968386869e+36 used
Flagged 0 points where air_temperature < 245.0K as bad data (qc_flag = 2).
Found 0 points already flagged as bad data (flag=2)
QC flags successfully added to /gws/pw/j07/ncas_obs_vol2/cao/processing/ncas-temperature-rh-1/data/long-term/level1d/2025/stfc-temperature-rh-1_cao_20250421_surface-met_v1.1.nc.
Updated time units to 'seconds since 1970-01-01 00:00:00' in /gws/pw/j07/ncas_obs_vol2/cao/processing/ncas-temperature-rh-1/data/long-term/level1d/2025/stfc-temperature-rh-1_cao_20250421_surface-met_v1.1.nc
/gws/pw/j07/ncas_obs_vol2/cao/raw_data/met_cao/data/long-term/2025/202504/CR1000XSeries_Chilbolton_Rxcabinmet1_20250422.dat
Parsed column names: ['TIMESTAMP', 'RECORD', 'BattV_Avg', 'PTemp_C_Avg', 'Air_T_Avg', 'RH_Avg', 'BP_mbar_Avg', 'WS_Avg', 'WD_Avg', 'SlrW_Avg', 'rg001dc_ch_Tot', 'rg006dc_ch_Tot', 'rg008dc_ch_Tot', 'rg009dc_ch_Tot', 'rg004tb_ch_Tot']
shape: (8_640, 3)
┌─────────────────────┬───────────┬────────┐
│ TIMESTAMP           ┆ Air_T_Avg ┆ RH_Avg │
│ ---                 ┆ ---       ┆ ---    │
│ datetime[μs]        ┆ f64       ┆ f64    │
╞═════════════════════╪═══════════╪════════╡
│ 2025-04-22 00:00:10 ┆ 278.69    ┆ 93.42  │
│ 2025-04-22 00:00:20 ┆ 278.69    ┆ 93.4   │
│ 2025-04-22 00:00:30 ┆ 278.69    ┆ 93.36  │
│ 2025-04-22 00:00:40 ┆ 278.67    ┆ 93.38  │
│ 2025-04-22 00:00:50 ┆ 278.67    ┆ 93.3   │
│ …                   ┆ …         ┆ …      │
│ 2025-04-22 23:59:20 ┆ 282.49    ┆ 92.54  │
│ 2025-04-22 23:59:30 ┆ 282.49    ┆ 92.38  │
│ 2025-04-22 23:59:40 ┆ 282.49    ┆ 92.18  │
│ 2025-04-22 23:59:50 ┆ 282.49    ┆ 91.88  │
│ 2025-04-23 00:00:00 ┆ 282.49    ┆ 91.62  │
└─────────────────────┴───────────┴────────┘
[INFO] Correcting the 'time' variable in the NetCDF file.
<class 'netCDF4.Variable'>
float64 time(time)
    units: seconds since 1970-01-01 00:00:00
    standard_name: time
    long_name: Time (seconds since 1970-01-01 00:00:00)
    axis: T
    valid_min: 1745280010.0
    valid_max: 1745366400.0
    calendar: standard
unlimited dimensions: 
current shape = (8640,)
filling on, default _FillValue of 9.969209968386869e+36 used
Flagged 0 points where air_temperature < 245.0K as bad data (qc_flag = 2).
Found 0 points already flagged as bad data (flag=2)
QC flags successfully added to /gws/pw/j07/ncas_obs_vol2/cao/processing/ncas-temperature-rh-1/data/long-term/level1d/2025/stfc-temperature-rh-1_cao_20250422_surface-met_v1.1.nc.
Updated time units to 'seconds since 1970-01-01 00:00:00' in /gws/pw/j07/ncas_obs_vol2/cao/processing/ncas-temperature-rh-1/data/long-term/level1d/2025/stfc-temperature-rh-1_cao_20250422_surface-met_v1.1.nc
/gws/pw/j07/ncas_obs_vol2/cao/raw_data/met_cao/data/long-term/2025/202504/CR1000XSeries_Chilbolton_Rxcabinmet1_20250423.dat
Parsed column names: ['TIMESTAMP', 'RECORD', 'BattV_Avg', 'PTemp_C_Avg', 'Air_T_Avg', 'RH_Avg', 'BP_mbar_Avg', 'WS_Avg', 'WD_Avg', 'SlrW_Avg', 'rg001dc_ch_Tot', 'rg006dc_ch_Tot', 'rg008dc_ch_Tot', 'rg009dc_ch_Tot', 'rg004tb_ch_Tot']
shape: (8_640, 3)
┌─────────────────────┬───────────┬────────┐
│ TIMESTAMP           ┆ Air_T_Avg ┆ RH_Avg │
│ ---                 ┆ ---       ┆ ---    │
│ datetime[μs]        ┆ f64       ┆ f64    │
╞═════════════════════╪═══════════╪════════╡
│ 2025-04-23 00:00:10 ┆ 282.47    ┆ 91.54  │
│ 2025-04-23 00:00:20 ┆ 282.47    ┆ 91.6   │
│ 2025-04-23 00:00:30 ┆ 282.47    ┆ 91.8   │
│ 2025-04-23 00:00:40 ┆ 282.47    ┆ 92.1   │
│ 2025-04-23 00:00:50 ┆ 282.47    ┆ 92.6   │
│ …                   ┆ …         ┆ …      │
│ 2025-04-23 23:59:20 ┆ 280.01    ┆ 94.86  │
│ 2025-04-23 23:59:30 ┆ 279.99    ┆ 94.72  │
│ 2025-04-23 23:59:40 ┆ 279.99    ┆ 94.76  │
│ 2025-04-23 23:59:50 ┆ 279.99    ┆ 94.78  │
│ 2025-04-24 00:00:00 ┆ 280.03    ┆ 94.86  │
└─────────────────────┴───────────┴────────┘
[INFO] Correcting the 'time' variable in the NetCDF file.
<class 'netCDF4.Variable'>
float64 time(time)
    units: seconds since 1970-01-01 00:00:00
    standard_name: time
    long_name: Time (seconds since 1970-01-01 00:00:00)
    axis: T
    valid_min: 1745366410.0
    valid_max: 1745452800.0
    calendar: standard
unlimited dimensions: 
current shape = (8640,)
filling on, default _FillValue of 9.969209968386869e+36 used
Flagged 0 points where air_temperature < 245.0K as bad data (qc_flag = 2).
Found 0 points already flagged as bad data (flag=2)
QC flags successfully added to /gws/pw/j07/ncas_obs_vol2/cao/processing/ncas-temperature-rh-1/data/long-term/level1d/2025/stfc-temperature-rh-1_cao_20250423_surface-met_v1.1.nc.
Updated time units to 'seconds since 1970-01-01 00:00:00' in /gws/pw/j07/ncas_obs_vol2/cao/processing/ncas-temperature-rh-1/data/long-term/level1d/2025/stfc-temperature-rh-1_cao_20250423_surface-met_v1.1.nc
/gws/pw/j07/ncas_obs_vol2/cao/raw_data/met_cao/data/long-term/2025/202504/CR1000XSeries_Chilbolton_Rxcabinmet1_20250424.dat
Parsed column names: ['TIMESTAMP', 'RECORD', 'BattV_Avg', 'PTemp_C_Avg', 'Air_T_Avg', 'RH_Avg', 'BP_mbar_Avg', 'WS_Avg', 'WD_Avg', 'SlrW_Avg', 'rg001dc_ch_Tot', 'rg006dc_ch_Tot', 'rg008dc_ch_Tot', 'rg009dc_ch_Tot', 'rg004tb_ch_Tot']
shape: (8_640, 3)
┌─────────────────────┬───────────┬────────┐
│ TIMESTAMP           ┆ Air_T_Avg ┆ RH_Avg │
│ ---                 ┆ ---       ┆ ---    │
│ datetime[μs]        ┆ f64       ┆ f64    │
╞═════════════════════╪═══════════╪════════╡
│ 2025-04-24 00:00:10 ┆ 280.03    ┆ 95.0   │
│ 2025-04-24 00:00:20 ┆ 280.05    ┆ 95.22  │
│ 2025-04-24 00:00:30 ┆ 280.05    ┆ 95.34  │
│ 2025-04-24 00:00:40 ┆ 280.05    ┆ 95.32  │
│ 2025-04-24 00:00:50 ┆ 280.05    ┆ 95.18  │
│ …                   ┆ …         ┆ …      │
│ 2025-04-24 23:59:20 ┆ 279.53    ┆ 87.48  │
│ 2025-04-24 23:59:30 ┆ 279.53    ┆ 87.64  │
│ 2025-04-24 23:59:40 ┆ 279.51    ┆ 87.8   │
│ 2025-04-24 23:59:50 ┆ 279.45    ┆ 88.0   │
│ 2025-04-25 00:00:00 ┆ 279.45    ┆ 88.02  │
└─────────────────────┴───────────┴────────┘
[INFO] Correcting the 'time' variable in the NetCDF file.
<class 'netCDF4.Variable'>
float64 time(time)
    units: seconds since 1970-01-01 00:00:00
    standard_name: time
    long_name: Time (seconds since 1970-01-01 00:00:00)
    axis: T
    valid_min: 1745452810.0
    valid_max: 1745539200.0
    calendar: standard
unlimited dimensions: 
current shape = (8640,)
filling on, default _FillValue of 9.969209968386869e+36 used
Flagged 0 points where air_temperature < 245.0K as bad data (qc_flag = 2).
Found 0 points already flagged as bad data (flag=2)
QC flags successfully added to /gws/pw/j07/ncas_obs_vol2/cao/processing/ncas-temperature-rh-1/data/long-term/level1d/2025/stfc-temperature-rh-1_cao_20250424_surface-met_v1.1.nc.
Updated time units to 'seconds since 1970-01-01 00:00:00' in /gws/pw/j07/ncas_obs_vol2/cao/processing/ncas-temperature-rh-1/data/long-term/level1d/2025/stfc-temperature-rh-1_cao_20250424_surface-met_v1.1.nc
/gws/pw/j07/ncas_obs_vol2/cao/raw_data/met_cao/data/long-term/2025/202504/CR1000XSeries_Chilbolton_Rxcabinmet1_20250425.dat
Parsed column names: ['TIMESTAMP', 'RECORD', 'BattV_Avg', 'PTemp_C_Avg', 'Air_T_Avg', 'RH_Avg', 'BP_mbar_Avg', 'WS_Avg', 'WD_Avg', 'SlrW_Avg', 'rg001dc_ch_Tot', 'rg006dc_ch_Tot', 'rg008dc_ch_Tot', 'rg009dc_ch_Tot', 'rg004tb_ch_Tot']
shape: (8_640, 3)
┌─────────────────────┬───────────┬────────┐
│ TIMESTAMP           ┆ Air_T_Avg ┆ RH_Avg │
│ ---                 ┆ ---       ┆ ---    │
│ datetime[μs]        ┆ f64       ┆ f64    │
╞═════════════════════╪═══════════╪════════╡
│ 2025-04-25 00:00:10 ┆ 279.41    ┆ 87.7   │
│ 2025-04-25 00:00:20 ┆ 279.43    ┆ 87.02  │
│ 2025-04-25 00:00:30 ┆ 279.43    ┆ 86.54  │
│ 2025-04-25 00:00:40 ┆ 279.43    ┆ 86.62  │
│ 2025-04-25 00:00:50 ┆ 279.41    ┆ 86.98  │
│ …                   ┆ …         ┆ …      │
│ 2025-04-25 23:59:20 ┆ 278.97    ┆ 98.08  │
│ 2025-04-25 23:59:30 ┆ 278.93    ┆ 98.02  │
│ 2025-04-25 23:59:40 ┆ 278.89    ┆ 97.86  │
│ 2025-04-25 23:59:50 ┆ 278.89    ┆ 97.44  │
│ 2025-04-26 00:00:00 ┆ 278.89    ┆ 97.2   │
└─────────────────────┴───────────┴────────┘
[INFO] Correcting the 'time' variable in the NetCDF file.
<class 'netCDF4.Variable'>
float64 time(time)
    units: seconds since 1970-01-01 00:00:00
    standard_name: time
    long_name: Time (seconds since 1970-01-01 00:00:00)
    axis: T
    valid_min: 1745539210.0
    valid_max: 1745625600.0
    calendar: standard
unlimited dimensions: 
current shape = (8640,)
filling on, default _FillValue of 9.969209968386869e+36 used
Flagged 0 points where air_temperature < 245.0K as bad data (qc_flag = 2).
Found 0 points already flagged as bad data (flag=2)
QC flags successfully added to /gws/pw/j07/ncas_obs_vol2/cao/processing/ncas-temperature-rh-1/data/long-term/level1d/2025/stfc-temperature-rh-1_cao_20250425_surface-met_v1.1.nc.
Updated time units to 'seconds since 1970-01-01 00:00:00' in /gws/pw/j07/ncas_obs_vol2/cao/processing/ncas-temperature-rh-1/data/long-term/level1d/2025/stfc-temperature-rh-1_cao_20250425_surface-met_v1.1.nc
/gws/pw/j07/ncas_obs_vol2/cao/raw_data/met_cao/data/long-term/2025/202504/CR1000XSeries_Chilbolton_Rxcabinmet1_20250426.dat
Parsed column names: ['TIMESTAMP', 'RECORD', 'BattV_Avg', 'PTemp_C_Avg', 'Air_T_Avg', 'RH_Avg', 'BP_mbar_Avg', 'WS_Avg', 'WD_Avg', 'SlrW_Avg', 'rg001dc_ch_Tot', 'rg006dc_ch_Tot', 'rg008dc_ch_Tot', 'rg009dc_ch_Tot', 'rg004tb_ch_Tot']
shape: (8_640, 3)
┌─────────────────────┬───────────┬────────┐
│ TIMESTAMP           ┆ Air_T_Avg ┆ RH_Avg │
│ ---                 ┆ ---       ┆ ---    │
│ datetime[μs]        ┆ f64       ┆ f64    │
╞═════════════════════╪═══════════╪════════╡
│ 2025-04-26 00:00:10 ┆ 278.91    ┆ 97.16  │
│ 2025-04-26 00:00:20 ┆ 278.93    ┆ 97.3   │
│ 2025-04-26 00:00:30 ┆ 278.93    ┆ 97.7   │
│ 2025-04-26 00:00:40 ┆ 278.95    ┆ 97.92  │
│ 2025-04-26 00:00:50 ┆ 278.99    ┆ 97.8   │
│ …                   ┆ …         ┆ …      │
│ 2025-04-26 23:59:20 ┆ 284.67    ┆ 85.76  │
│ 2025-04-26 23:59:30 ┆ 284.65    ┆ 85.88  │
│ 2025-04-26 23:59:40 ┆ 284.61    ┆ 86.16  │
│ 2025-04-26 23:59:50 ┆ 284.59    ┆ 86.4   │
│ 2025-04-27 00:00:00 ┆ 284.55    ┆ 86.7   │
└─────────────────────┴───────────┴────────┘
[INFO] Correcting the 'time' variable in the NetCDF file.
<class 'netCDF4.Variable'>
float64 time(time)
    units: seconds since 1970-01-01 00:00:00
    standard_name: time
    long_name: Time (seconds since 1970-01-01 00:00:00)
    axis: T
    valid_min: 1745625610.0
    valid_max: 1745712000.0
    calendar: standard
unlimited dimensions: 
current shape = (8640,)
filling on, default _FillValue of 9.969209968386869e+36 used
Flagged 0 points where air_temperature < 245.0K as bad data (qc_flag = 2).
Found 0 points already flagged as bad data (flag=2)
QC flags successfully added to /gws/pw/j07/ncas_obs_vol2/cao/processing/ncas-temperature-rh-1/data/long-term/level1d/2025/stfc-temperature-rh-1_cao_20250426_surface-met_v1.1.nc.
Updated time units to 'seconds since 1970-01-01 00:00:00' in /gws/pw/j07/ncas_obs_vol2/cao/processing/ncas-temperature-rh-1/data/long-term/level1d/2025/stfc-temperature-rh-1_cao_20250426_surface-met_v1.1.nc
/gws/pw/j07/ncas_obs_vol2/cao/raw_data/met_cao/data/long-term/2025/202504/CR1000XSeries_Chilbolton_Rxcabinmet1_20250427.dat
Parsed column names: ['TIMESTAMP', 'RECORD', 'BattV_Avg', 'PTemp_C_Avg', 'Air_T_Avg', 'RH_Avg', 'BP_mbar_Avg', 'WS_Avg', 'WD_Avg', 'SlrW_Avg', 'rg001dc_ch_Tot', 'rg006dc_ch_Tot', 'rg008dc_ch_Tot', 'rg009dc_ch_Tot', 'rg004tb_ch_Tot']
shape: (8_640, 3)
┌─────────────────────┬───────────┬────────┐
│ TIMESTAMP           ┆ Air_T_Avg ┆ RH_Avg │
│ ---                 ┆ ---       ┆ ---    │
│ datetime[μs]        ┆ f64       ┆ f64    │
╞═════════════════════╪═══════════╪════════╡
│ 2025-04-27 00:00:10 ┆ 284.53    ┆ 86.96  │
│ 2025-04-27 00:00:20 ┆ 284.49    ┆ 87.26  │
│ 2025-04-27 00:00:30 ┆ 284.45    ┆ 87.58  │
│ 2025-04-27 00:00:40 ┆ 284.43    ┆ 87.78  │
│ 2025-04-27 00:00:50 ┆ 284.41    ┆ 87.82  │
│ …                   ┆ …         ┆ …      │
│ 2025-04-27 23:59:20 ┆ 281.71    ┆ 88.18  │
│ 2025-04-27 23:59:30 ┆ 281.71    ┆ 88.38  │
│ 2025-04-27 23:59:40 ┆ 281.71    ┆ 88.42  │
│ 2025-04-27 23:59:50 ┆ 281.69    ┆ 88.4   │
│ 2025-04-28 00:00:00 ┆ 281.69    ┆ 88.26  │
└─────────────────────┴───────────┴────────┘
[INFO] Correcting the 'time' variable in the NetCDF file.
<class 'netCDF4.Variable'>
float64 time(time)
    units: seconds since 1970-01-01 00:00:00
    standard_name: time
    long_name: Time (seconds since 1970-01-01 00:00:00)
    axis: T
    valid_min: 1745712010.0
    valid_max: 1745798400.0
    calendar: standard
unlimited dimensions: 
current shape = (8640,)
filling on, default _FillValue of 9.969209968386869e+36 used
Flagged 0 points where air_temperature < 245.0K as bad data (qc_flag = 2).
Found 0 points already flagged as bad data (flag=2)
QC flags successfully added to /gws/pw/j07/ncas_obs_vol2/cao/processing/ncas-temperature-rh-1/data/long-term/level1d/2025/stfc-temperature-rh-1_cao_20250427_surface-met_v1.1.nc.
Updated time units to 'seconds since 1970-01-01 00:00:00' in /gws/pw/j07/ncas_obs_vol2/cao/processing/ncas-temperature-rh-1/data/long-term/level1d/2025/stfc-temperature-rh-1_cao_20250427_surface-met_v1.1.nc
/gws/pw/j07/ncas_obs_vol2/cao/raw_data/met_cao/data/long-term/2025/202504/CR1000XSeries_Chilbolton_Rxcabinmet1_20250428.dat
Parsed column names: ['TIMESTAMP', 'RECORD', 'BattV_Avg', 'PTemp_C_Avg', 'Air_T_Avg', 'RH_Avg', 'BP_mbar_Avg', 'WS_Avg', 'WD_Avg', 'SlrW_Avg', 'rg001dc_ch_Tot', 'rg006dc_ch_Tot', 'rg008dc_ch_Tot', 'rg009dc_ch_Tot', 'rg004tb_ch_Tot']
shape: (8_640, 3)
┌─────────────────────┬───────────┬────────┐
│ TIMESTAMP           ┆ Air_T_Avg ┆ RH_Avg │
│ ---                 ┆ ---       ┆ ---    │
│ datetime[μs]        ┆ f64       ┆ f64    │
╞═════════════════════╪═══════════╪════════╡
│ 2025-04-28 00:00:10 ┆ 281.67    ┆ 88.1   │
│ 2025-04-28 00:00:20 ┆ 281.67    ┆ 88.12  │
│ 2025-04-28 00:00:30 ┆ 281.67    ┆ 88.2   │
│ 2025-04-28 00:00:40 ┆ 281.67    ┆ 88.34  │
│ 2025-04-28 00:00:50 ┆ 281.65    ┆ 88.5   │
│ …                   ┆ …         ┆ …      │
│ 2025-04-28 23:59:20 ┆ 283.47    ┆ 79.88  │
│ 2025-04-28 23:59:30 ┆ 283.49    ┆ 79.76  │
│ 2025-04-28 23:59:40 ┆ 283.49    ┆ 79.72  │
│ 2025-04-28 23:59:50 ┆ 283.49    ┆ 79.58  │
│ 2025-04-29 00:00:00 ┆ 283.49    ┆ 79.42  │
└─────────────────────┴───────────┴────────┘
[INFO] Correcting the 'time' variable in the NetCDF file.
<class 'netCDF4.Variable'>
float64 time(time)
    units: seconds since 1970-01-01 00:00:00
    standard_name: time
    long_name: Time (seconds since 1970-01-01 00:00:00)
    axis: T
    valid_min: 1745798410.0
    valid_max: 1745884800.0
    calendar: standard
unlimited dimensions: 
current shape = (8640,)
filling on, default _FillValue of 9.969209968386869e+36 used
Flagged 0 points where air_temperature < 245.0K as bad data (qc_flag = 2).
Found 0 points already flagged as bad data (flag=2)
QC flags successfully added to /gws/pw/j07/ncas_obs_vol2/cao/processing/ncas-temperature-rh-1/data/long-term/level1d/2025/stfc-temperature-rh-1_cao_20250428_surface-met_v1.1.nc.
Updated time units to 'seconds since 1970-01-01 00:00:00' in /gws/pw/j07/ncas_obs_vol2/cao/processing/ncas-temperature-rh-1/data/long-term/level1d/2025/stfc-temperature-rh-1_cao_20250428_surface-met_v1.1.nc
/gws/pw/j07/ncas_obs_vol2/cao/raw_data/met_cao/data/long-term/2025/202504/CR1000XSeries_Chilbolton_Rxcabinmet1_20250429.dat
Parsed column names: ['TIMESTAMP', 'RECORD', 'BattV_Avg', 'PTemp_C_Avg', 'Air_T_Avg', 'RH_Avg', 'BP_mbar_Avg', 'WS_Avg', 'WD_Avg', 'SlrW_Avg', 'rg001dc_ch_Tot', 'rg006dc_ch_Tot', 'rg008dc_ch_Tot', 'rg009dc_ch_Tot', 'rg004tb_ch_Tot']
shape: (8_640, 3)
┌─────────────────────┬───────────┬────────┐
│ TIMESTAMP           ┆ Air_T_Avg ┆ RH_Avg │
│ ---                 ┆ ---       ┆ ---    │
│ datetime[μs]        ┆ f64       ┆ f64    │
╞═════════════════════╪═══════════╪════════╡
│ 2025-04-29 00:00:10 ┆ 283.51    ┆ 79.36  │
│ 2025-04-29 00:00:20 ┆ 283.51    ┆ 79.36  │
│ 2025-04-29 00:00:30 ┆ 283.53    ┆ 79.42  │
│ 2025-04-29 00:00:40 ┆ 283.55    ┆ 79.5   │
│ 2025-04-29 00:00:50 ┆ 283.57    ┆ 79.8   │
│ …                   ┆ …         ┆ …      │
│ 2025-04-29 23:59:20 ┆ 283.59    ┆ 80.68  │
│ 2025-04-29 23:59:30 ┆ 283.59    ┆ 80.68  │
│ 2025-04-29 23:59:40 ┆ 283.59    ┆ 80.64  │
│ 2025-04-29 23:59:50 ┆ 283.59    ┆ 80.58  │
│ 2025-04-30 00:00:00 ┆ 283.61    ┆ 80.54  │
└─────────────────────┴───────────┴────────┘
[INFO] Correcting the 'time' variable in the NetCDF file.
<class 'netCDF4.Variable'>
float64 time(time)
    units: seconds since 1970-01-01 00:00:00
    standard_name: time
    long_name: Time (seconds since 1970-01-01 00:00:00)
    axis: T
    valid_min: 1745884810.0
    valid_max: 1745971200.0
    calendar: standard
unlimited dimensions: 
current shape = (8640,)
filling on, default _FillValue of 9.969209968386869e+36 used
Flagged 0 points where air_temperature < 245.0K as bad data (qc_flag = 2).
Found 0 points already flagged as bad data (flag=2)
QC flags successfully added to /gws/pw/j07/ncas_obs_vol2/cao/processing/ncas-temperature-rh-1/data/long-term/level1d/2025/stfc-temperature-rh-1_cao_20250429_surface-met_v1.1.nc.
Updated time units to 'seconds since 1970-01-01 00:00:00' in /gws/pw/j07/ncas_obs_vol2/cao/processing/ncas-temperature-rh-1/data/long-term/level1d/2025/stfc-temperature-rh-1_cao_20250429_surface-met_v1.1.nc
/gws/pw/j07/ncas_obs_vol2/cao/raw_data/met_cao/data/long-term/2025/202504/CR1000XSeries_Chilbolton_Rxcabinmet1_20250430.dat
Parsed column names: ['TIMESTAMP', 'RECORD', 'BattV_Avg', 'PTemp_C_Avg', 'Air_T_Avg', 'RH_Avg', 'BP_mbar_Avg', 'WS_Avg', 'WD_Avg', 'SlrW_Avg', 'rg001dc_ch_Tot', 'rg006dc_ch_Tot', 'rg008dc_ch_Tot', 'rg009dc_ch_Tot', 'rg004tb_ch_Tot']
shape: (8_640, 3)
┌─────────────────────┬───────────┬────────┐
│ TIMESTAMP           ┆ Air_T_Avg ┆ RH_Avg │
│ ---                 ┆ ---       ┆ ---    │
│ datetime[μs]        ┆ f64       ┆ f64    │
╞═════════════════════╪═══════════╪════════╡
│ 2025-04-30 00:00:10 ┆ 283.61    ┆ 80.52  │
│ 2025-04-30 00:00:20 ┆ 283.59    ┆ 80.5   │
│ 2025-04-30 00:00:30 ┆ 283.59    ┆ 80.5   │
│ 2025-04-30 00:00:40 ┆ 283.61    ┆ 80.44  │
│ 2025-04-30 00:00:50 ┆ 283.63    ┆ 80.42  │
│ …                   ┆ …         ┆ …      │
│ 2025-04-30 23:59:20 ┆ 284.33    ┆ 82.44  │
│ 2025-04-30 23:59:30 ┆ 284.33    ┆ 82.48  │
│ 2025-04-30 23:59:40 ┆ 284.33    ┆ 82.58  │
│ 2025-04-30 23:59:50 ┆ 284.33    ┆ 82.62  │
│ 2025-05-01 00:00:00 ┆ 284.33    ┆ 82.66  │
└─────────────────────┴───────────┴────────┘
[INFO] Correcting the 'time' variable in the NetCDF file.
<class 'netCDF4.Variable'>
float64 time(time)
    units: seconds since 1970-01-01 00:00:00
    standard_name: time
    long_name: Time (seconds since 1970-01-01 00:00:00)
    axis: T
    valid_min: 1745971210.0
    valid_max: 1746057600.0
    calendar: standard
unlimited dimensions: 
current shape = (8640,)
filling on, default _FillValue of 9.969209968386869e+36 used
Flagged 0 points where air_temperature < 245.0K as bad data (qc_flag = 2).
Found 0 points already flagged as bad data (flag=2)
QC flags successfully added to /gws/pw/j07/ncas_obs_vol2/cao/processing/ncas-temperature-rh-1/data/long-term/level1d/2025/stfc-temperature-rh-1_cao_20250430_surface-met_v1.1.nc.
Updated time units to 'seconds since 1970-01-01 00:00:00' in /gws/pw/j07/ncas_obs_vol2/cao/processing/ncas-temperature-rh-1/data/long-term/level1d/2025/stfc-temperature-rh-1_cao_20250430_surface-met_v1.1.nc
/gws/pw/j07/ncas_obs_vol2/cao/raw_data/met_cao/data/long-term/2025/202505/CR1000XSeries_Chilbolton_Rxcabinmet1_20250501.dat
Parsed column names: ['TIMESTAMP', 'RECORD', 'BattV_Avg', 'PTemp_C_Avg', 'Air_T_Avg', 'RH_Avg', 'BP_mbar_Avg', 'WS_Avg', 'WD_Avg', 'SlrW_Avg', 'rg001dc_ch_Tot', 'rg006dc_ch_Tot', 'rg008dc_ch_Tot', 'rg009dc_ch_Tot', 'rg004tb_ch_Tot']
shape: (8_640, 3)
┌─────────────────────┬───────────┬────────┐
│ TIMESTAMP           ┆ Air_T_Avg ┆ RH_Avg │
│ ---                 ┆ ---       ┆ ---    │
│ datetime[μs]        ┆ f64       ┆ f64    │
╞═════════════════════╪═══════════╪════════╡
│ 2025-05-01 00:00:10 ┆ 284.33    ┆ 82.74  │
│ 2025-05-01 00:00:20 ┆ 284.31    ┆ 82.82  │
│ 2025-05-01 00:00:30 ┆ 284.29    ┆ 82.82  │
│ 2025-05-01 00:00:40 ┆ 284.29    ┆ 82.78  │
│ 2025-05-01 00:00:50 ┆ 284.29    ┆ 82.64  │
│ …                   ┆ …         ┆ …      │
│ 2025-05-01 23:59:20 ┆ 285.25    ┆ 88.0   │
│ 2025-05-01 23:59:30 ┆ 285.25    ┆ 88.02  │
│ 2025-05-01 23:59:40 ┆ 285.23    ┆ 88.06  │
│ 2025-05-01 23:59:50 ┆ 285.23    ┆ 88.12  │
│ 2025-05-02 00:00:00 ┆ 285.21    ┆ 88.16  │
└─────────────────────┴───────────┴────────┘
[INFO] Correcting the 'time' variable in the NetCDF file.
<class 'netCDF4.Variable'>
float64 time(time)
    units: seconds since 1970-01-01 00:00:00
    standard_name: time
    long_name: Time (seconds since 1970-01-01 00:00:00)
    axis: T
    valid_min: 1746057610.0
    valid_max: 1746144000.0
    calendar: standard
unlimited dimensions: 
current shape = (8640,)
filling on, default _FillValue of 9.969209968386869e+36 used
Flagged 0 points where air_temperature < 245.0K as bad data (qc_flag = 2).
Found 0 points already flagged as bad data (flag=2)
QC flags successfully added to /gws/pw/j07/ncas_obs_vol2/cao/processing/ncas-temperature-rh-1/data/long-term/level1d/2025/stfc-temperature-rh-1_cao_20250501_surface-met_v1.1.nc.
Updated time units to 'seconds since 1970-01-01 00:00:00' in /gws/pw/j07/ncas_obs_vol2/cao/processing/ncas-temperature-rh-1/data/long-term/level1d/2025/stfc-temperature-rh-1_cao_20250501_surface-met_v1.1.nc
/gws/pw/j07/ncas_obs_vol2/cao/raw_data/met_cao/data/long-term/2025/202505/CR1000XSeries_Chilbolton_Rxcabinmet1_20250502.dat
Parsed column names: ['TIMESTAMP', 'RECORD', 'BattV_Avg', 'PTemp_C_Avg', 'Air_T_Avg', 'RH_Avg', 'BP_mbar_Avg', 'WS_Avg', 'WD_Avg', 'SlrW_Avg', 'rg001dc_ch_Tot', 'rg006dc_ch_Tot', 'rg008dc_ch_Tot', 'rg009dc_ch_Tot', 'rg004tb_ch_Tot']
shape: (8_640, 3)
┌─────────────────────┬───────────┬────────┐
│ TIMESTAMP           ┆ Air_T_Avg ┆ RH_Avg │
│ ---                 ┆ ---       ┆ ---    │
│ datetime[μs]        ┆ f64       ┆ f64    │
╞═════════════════════╪═══════════╪════════╡
│ 2025-05-02 00:00:10 ┆ 285.21    ┆ 88.26  │
│ 2025-05-02 00:00:20 ┆ 285.21    ┆ 88.34  │
│ 2025-05-02 00:00:30 ┆ 285.21    ┆ 88.44  │
│ 2025-05-02 00:00:40 ┆ 285.19    ┆ 88.52  │
│ 2025-05-02 00:00:50 ┆ 285.19    ┆ 88.6   │
│ …                   ┆ …         ┆ …      │
│ 2025-05-02 23:59:20 ┆ 287.65    ┆ 86.04  │
│ 2025-05-02 23:59:30 ┆ 287.65    ┆ 86.04  │
│ 2025-05-02 23:59:40 ┆ 287.63    ┆ 86.04  │
│ 2025-05-02 23:59:50 ┆ 287.63    ┆ 85.96  │
│ 2025-05-03 00:00:00 ┆ 287.63    ┆ 86.02  │
└─────────────────────┴───────────┴────────┘
[INFO] Correcting the 'time' variable in the NetCDF file.
<class 'netCDF4.Variable'>
float64 time(time)
    units: seconds since 1970-01-01 00:00:00
    standard_name: time
    long_name: Time (seconds since 1970-01-01 00:00:00)
    axis: T
    valid_min: 1746144010.0
    valid_max: 1746230400.0
    calendar: standard
unlimited dimensions: 
current shape = (8640,)
filling on, default _FillValue of 9.969209968386869e+36 used
Flagged 0 points where air_temperature < 245.0K as bad data (qc_flag = 2).
Found 0 points already flagged as bad data (flag=2)
QC flags successfully added to /gws/pw/j07/ncas_obs_vol2/cao/processing/ncas-temperature-rh-1/data/long-term/level1d/2025/stfc-temperature-rh-1_cao_20250502_surface-met_v1.1.nc.
Updated time units to 'seconds since 1970-01-01 00:00:00' in /gws/pw/j07/ncas_obs_vol2/cao/processing/ncas-temperature-rh-1/data/long-term/level1d/2025/stfc-temperature-rh-1_cao_20250502_surface-met_v1.1.nc
/gws/pw/j07/ncas_obs_vol2/cao/raw_data/met_cao/data/long-term/2025/202505/CR1000XSeries_Chilbolton_Rxcabinmet1_20250503.dat
Parsed column names: ['TIMESTAMP', 'RECORD', 'BattV_Avg', 'PTemp_C_Avg', 'Air_T_Avg', 'RH_Avg', 'BP_mbar_Avg', 'WS_Avg', 'WD_Avg', 'SlrW_Avg', 'rg001dc_ch_Tot', 'rg006dc_ch_Tot', 'rg008dc_ch_Tot', 'rg009dc_ch_Tot', 'rg004tb_ch_Tot']
shape: (8_640, 3)
┌─────────────────────┬───────────┬────────┐
│ TIMESTAMP           ┆ Air_T_Avg ┆ RH_Avg │
│ ---                 ┆ ---       ┆ ---    │
│ datetime[μs]        ┆ f64       ┆ f64    │
╞═════════════════════╪═══════════╪════════╡
│ 2025-05-03 00:00:10 ┆ 287.61    ┆ 86.1   │
│ 2025-05-03 00:00:20 ┆ 287.63    ┆ 85.96  │
│ 2025-05-03 00:00:30 ┆ 287.67    ┆ 85.74  │
│ 2025-05-03 00:00:40 ┆ 287.69    ┆ 85.66  │
│ 2025-05-03 00:00:50 ┆ 287.71    ┆ 85.82  │
│ …                   ┆ …         ┆ …      │
│ 2025-05-03 23:59:20 ┆ 279.97    ┆ 81.84  │
│ 2025-05-03 23:59:30 ┆ 279.95    ┆ 81.98  │
│ 2025-05-03 23:59:40 ┆ 279.95    ┆ 82.06  │
│ 2025-05-03 23:59:50 ┆ 280.01    ┆ 81.88  │
│ 2025-05-04 00:00:00 ┆ 280.01    ┆ 81.88  │
└─────────────────────┴───────────┴────────┘
[INFO] Correcting the 'time' variable in the NetCDF file.
<class 'netCDF4.Variable'>
float64 time(time)
    units: seconds since 1970-01-01 00:00:00
    standard_name: time
    long_name: Time (seconds since 1970-01-01 00:00:00)
    axis: T
    valid_min: 1746230410.0
    valid_max: 1746316800.0
    calendar: standard
unlimited dimensions: 
current shape = (8640,)
filling on, default _FillValue of 9.969209968386869e+36 used
Flagged 0 points where air_temperature < 245.0K as bad data (qc_flag = 2).
Found 0 points already flagged as bad data (flag=2)
QC flags successfully added to /gws/pw/j07/ncas_obs_vol2/cao/processing/ncas-temperature-rh-1/data/long-term/level1d/2025/stfc-temperature-rh-1_cao_20250503_surface-met_v1.1.nc.
Updated time units to 'seconds since 1970-01-01 00:00:00' in /gws/pw/j07/ncas_obs_vol2/cao/processing/ncas-temperature-rh-1/data/long-term/level1d/2025/stfc-temperature-rh-1_cao_20250503_surface-met_v1.1.nc
/gws/pw/j07/ncas_obs_vol2/cao/raw_data/met_cao/data/long-term/2025/202505/CR1000XSeries_Chilbolton_Rxcabinmet1_20250504.dat
Parsed column names: ['TIMESTAMP', 'RECORD', 'BattV_Avg', 'PTemp_C_Avg', 'Air_T_Avg', 'RH_Avg', 'BP_mbar_Avg', 'WS_Avg', 'WD_Avg', 'SlrW_Avg', 'rg001dc_ch_Tot', 'rg006dc_ch_Tot', 'rg008dc_ch_Tot', 'rg009dc_ch_Tot', 'rg004tb_ch_Tot']
shape: (8_640, 3)
┌─────────────────────┬───────────┬────────┐
│ TIMESTAMP           ┆ Air_T_Avg ┆ RH_Avg │
│ ---                 ┆ ---       ┆ ---    │
│ datetime[μs]        ┆ f64       ┆ f64    │
╞═════════════════════╪═══════════╪════════╡
│ 2025-05-04 00:00:10 ┆ 280.05    ┆ 81.66  │
│ 2025-05-04 00:00:20 ┆ 280.07    ┆ 81.64  │
│ 2025-05-04 00:00:30 ┆ 280.05    ┆ 81.66  │
│ 2025-05-04 00:00:40 ┆ 280.03    ┆ 81.66  │
│ 2025-05-04 00:00:50 ┆ 280.03    ┆ 81.6   │
│ …                   ┆ …         ┆ …      │
│ 2025-05-04 23:59:20 ┆ 279.21    ┆ 68.04  │
│ 2025-05-04 23:59:30 ┆ 279.19    ┆ 67.82  │
│ 2025-05-04 23:59:40 ┆ 279.21    ┆ 67.42  │
│ 2025-05-04 23:59:50 ┆ 279.27    ┆ 67.12  │
│ 2025-05-05 00:00:00 ┆ 279.27    ┆ 67.24  │
└─────────────────────┴───────────┴────────┘
[INFO] Correcting the 'time' variable in the NetCDF file.
<class 'netCDF4.Variable'>
float64 time(time)
    units: seconds since 1970-01-01 00:00:00
    standard_name: time
    long_name: Time (seconds since 1970-01-01 00:00:00)
    axis: T
    valid_min: 1746316810.0
    valid_max: 1746403200.0
    calendar: standard
unlimited dimensions: 
current shape = (8640,)
filling on, default _FillValue of 9.969209968386869e+36 used
Flagged 0 points where air_temperature < 245.0K as bad data (qc_flag = 2).
Found 0 points already flagged as bad data (flag=2)
QC flags successfully added to /gws/pw/j07/ncas_obs_vol2/cao/processing/ncas-temperature-rh-1/data/long-term/level1d/2025/stfc-temperature-rh-1_cao_20250504_surface-met_v1.1.nc.
Updated time units to 'seconds since 1970-01-01 00:00:00' in /gws/pw/j07/ncas_obs_vol2/cao/processing/ncas-temperature-rh-1/data/long-term/level1d/2025/stfc-temperature-rh-1_cao_20250504_surface-met_v1.1.nc
/gws/pw/j07/ncas_obs_vol2/cao/raw_data/met_cao/data/long-term/2025/202505/CR1000XSeries_Chilbolton_Rxcabinmet1_20250505.dat
Parsed column names: ['TIMESTAMP', 'RECORD', 'BattV_Avg', 'PTemp_C_Avg', 'Air_T_Avg', 'RH_Avg', 'BP_mbar_Avg', 'WS_Avg', 'WD_Avg', 'SlrW_Avg', 'rg001dc_ch_Tot', 'rg006dc_ch_Tot', 'rg008dc_ch_Tot', 'rg009dc_ch_Tot', 'rg004tb_ch_Tot']
shape: (8_640, 3)
┌─────────────────────┬───────────┬────────┐
│ TIMESTAMP           ┆ Air_T_Avg ┆ RH_Avg │
│ ---                 ┆ ---       ┆ ---    │
│ datetime[μs]        ┆ f64       ┆ f64    │
╞═════════════════════╪═══════════╪════════╡
│ 2025-05-05 00:00:10 ┆ 279.29    ┆ 67.38  │
│ 2025-05-05 00:00:20 ┆ 279.29    ┆ 67.76  │
│ 2025-05-05 00:00:30 ┆ 279.31    ┆ 68.2   │
│ 2025-05-05 00:00:40 ┆ 279.31    ┆ 68.24  │
│ 2025-05-05 00:00:50 ┆ 279.33    ┆ 68.14  │
│ …                   ┆ …         ┆ …      │
│ 2025-05-05 23:59:20 ┆ 277.37    ┆ 79.52  │
│ 2025-05-05 23:59:30 ┆ 277.33    ┆ 79.34  │
│ 2025-05-05 23:59:40 ┆ 277.41    ┆ 78.5   │
│ 2025-05-05 23:59:50 ┆ 277.51    ┆ 77.58  │
│ 2025-05-06 00:00:00 ┆ 277.45    ┆ 77.76  │
└─────────────────────┴───────────┴────────┘
[INFO] Correcting the 'time' variable in the NetCDF file.
<class 'netCDF4.Variable'>
float64 time(time)
    units: seconds since 1970-01-01 00:00:00
    standard_name: time
    long_name: Time (seconds since 1970-01-01 00:00:00)
    axis: T
    valid_min: 1746403210.0
    valid_max: 1746489600.0
    calendar: standard
unlimited dimensions: 
current shape = (8640,)
filling on, default _FillValue of 9.969209968386869e+36 used
Flagged 0 points where air_temperature < 245.0K as bad data (qc_flag = 2).
Found 0 points already flagged as bad data (flag=2)
QC flags successfully added to /gws/pw/j07/ncas_obs_vol2/cao/processing/ncas-temperature-rh-1/data/long-term/level1d/2025/stfc-temperature-rh-1_cao_20250505_surface-met_v1.1.nc.
Updated time units to 'seconds since 1970-01-01 00:00:00' in /gws/pw/j07/ncas_obs_vol2/cao/processing/ncas-temperature-rh-1/data/long-term/level1d/2025/stfc-temperature-rh-1_cao_20250505_surface-met_v1.1.nc
/gws/pw/j07/ncas_obs_vol2/cao/raw_data/met_cao/data/long-term/2025/202505/CR1000XSeries_Chilbolton_Rxcabinmet1_20250506.dat
Parsed column names: ['TIMESTAMP', 'RECORD', 'BattV_Avg', 'PTemp_C_Avg', 'Air_T_Avg', 'RH_Avg', 'BP_mbar_Avg', 'WS_Avg', 'WD_Avg', 'SlrW_Avg', 'rg001dc_ch_Tot', 'rg006dc_ch_Tot', 'rg008dc_ch_Tot', 'rg009dc_ch_Tot', 'rg004tb_ch_Tot']
shape: (8_640, 3)
┌─────────────────────┬───────────┬────────┐
│ TIMESTAMP           ┆ Air_T_Avg ┆ RH_Avg │
│ ---                 ┆ ---       ┆ ---    │
│ datetime[μs]        ┆ f64       ┆ f64    │
╞═════════════════════╪═══════════╪════════╡
│ 2025-05-06 00:00:10 ┆ 277.43    ┆ 77.94  │
│ 2025-05-06 00:00:20 ┆ 277.45    ┆ 77.96  │
│ 2025-05-06 00:00:30 ┆ 277.49    ┆ 78.06  │
│ 2025-05-06 00:00:40 ┆ 277.45    ┆ 78.76  │
│ 2025-05-06 00:00:50 ┆ 277.39    ┆ 79.24  │
│ …                   ┆ …         ┆ …      │
│ 2025-05-06 23:59:20 ┆ 279.87    ┆ 86.02  │
│ 2025-05-06 23:59:30 ┆ 279.85    ┆ 86.06  │
│ 2025-05-06 23:59:40 ┆ 279.83    ┆ 86.02  │
│ 2025-05-06 23:59:50 ┆ 279.81    ┆ 85.9   │
│ 2025-05-07 00:00:00 ┆ 279.77    ┆ 85.86  │
└─────────────────────┴───────────┴────────┘
[INFO] Correcting the 'time' variable in the NetCDF file.
<class 'netCDF4.Variable'>
float64 time(time)
    units: seconds since 1970-01-01 00:00:00
    standard_name: time
    long_name: Time (seconds since 1970-01-01 00:00:00)
    axis: T
    valid_min: 1746489610.0
    valid_max: 1746576000.0
    calendar: standard
unlimited dimensions: 
current shape = (8640,)
filling on, default _FillValue of 9.969209968386869e+36 used
Flagged 0 points where air_temperature < 245.0K as bad data (qc_flag = 2).
Found 0 points already flagged as bad data (flag=2)
QC flags successfully added to /gws/pw/j07/ncas_obs_vol2/cao/processing/ncas-temperature-rh-1/data/long-term/level1d/2025/stfc-temperature-rh-1_cao_20250506_surface-met_v1.1.nc.
Updated time units to 'seconds since 1970-01-01 00:00:00' in /gws/pw/j07/ncas_obs_vol2/cao/processing/ncas-temperature-rh-1/data/long-term/level1d/2025/stfc-temperature-rh-1_cao_20250506_surface-met_v1.1.nc
/gws/pw/j07/ncas_obs_vol2/cao/raw_data/met_cao/data/long-term/2025/202505/CR1000XSeries_Chilbolton_Rxcabinmet1_20250507.dat
Parsed column names: ['TIMESTAMP', 'RECORD', 'BattV_Avg', 'PTemp_C_Avg', 'Air_T_Avg', 'RH_Avg', 'BP_mbar_Avg', 'WS_Avg', 'WD_Avg', 'SlrW_Avg', 'rg001dc_ch_Tot', 'rg006dc_ch_Tot', 'rg008dc_ch_Tot', 'rg009dc_ch_Tot', 'rg004tb_ch_Tot']
shape: (8_640, 3)
┌─────────────────────┬───────────┬────────┐
│ TIMESTAMP           ┆ Air_T_Avg ┆ RH_Avg │
│ ---                 ┆ ---       ┆ ---    │
│ datetime[μs]        ┆ f64       ┆ f64    │
╞═════════════════════╪═══════════╪════════╡
│ 2025-05-07 00:00:10 ┆ 279.73    ┆ 85.9   │
│ 2025-05-07 00:00:20 ┆ 279.73    ┆ 85.88  │
│ 2025-05-07 00:00:30 ┆ 279.73    ┆ 85.9   │
│ 2025-05-07 00:00:40 ┆ 279.71    ┆ 86.02  │
│ 2025-05-07 00:00:50 ┆ 279.71    ┆ 86.18  │
│ …                   ┆ …         ┆ …      │
│ 2025-05-07 23:59:20 ┆ 281.55    ┆ 70.78  │
│ 2025-05-07 23:59:30 ┆ 281.55    ┆ 70.98  │
│ 2025-05-07 23:59:40 ┆ 281.57    ┆ 71.46  │
│ 2025-05-07 23:59:50 ┆ 281.57    ┆ 71.82  │
│ 2025-05-08 00:00:00 ┆ 281.59    ┆ 71.8   │
└─────────────────────┴───────────┴────────┘
[INFO] Correcting the 'time' variable in the NetCDF file.
<class 'netCDF4.Variable'>
float64 time(time)
    units: seconds since 1970-01-01 00:00:00
    standard_name: time
    long_name: Time (seconds since 1970-01-01 00:00:00)
    axis: T
    valid_min: 1746576010.0
    valid_max: 1746662400.0
    calendar: standard
unlimited dimensions: 
current shape = (8640,)
filling on, default _FillValue of 9.969209968386869e+36 used
Flagged 0 points where air_temperature < 245.0K as bad data (qc_flag = 2).
Found 0 points already flagged as bad data (flag=2)
QC flags successfully added to /gws/pw/j07/ncas_obs_vol2/cao/processing/ncas-temperature-rh-1/data/long-term/level1d/2025/stfc-temperature-rh-1_cao_20250507_surface-met_v1.1.nc.
Updated time units to 'seconds since 1970-01-01 00:00:00' in /gws/pw/j07/ncas_obs_vol2/cao/processing/ncas-temperature-rh-1/data/long-term/level1d/2025/stfc-temperature-rh-1_cao_20250507_surface-met_v1.1.nc
/gws/pw/j07/ncas_obs_vol2/cao/raw_data/met_cao/data/long-term/2025/202505/CR1000XSeries_Chilbolton_Rxcabinmet1_20250508.dat
Parsed column names: ['TIMESTAMP', 'RECORD', 'BattV_Avg', 'PTemp_C_Avg', 'Air_T_Avg', 'RH_Avg', 'BP_mbar_Avg', 'WS_Avg', 'WD_Avg', 'SlrW_Avg', 'rg001dc_ch_Tot', 'rg006dc_ch_Tot', 'rg008dc_ch_Tot', 'rg009dc_ch_Tot', 'rg004tb_ch_Tot']
shape: (8_640, 3)
┌─────────────────────┬───────────┬────────┐
│ TIMESTAMP           ┆ Air_T_Avg ┆ RH_Avg │
│ ---                 ┆ ---       ┆ ---    │
│ datetime[μs]        ┆ f64       ┆ f64    │
╞═════════════════════╪═══════════╪════════╡
│ 2025-05-08 00:00:10 ┆ 281.57    ┆ 71.6   │
│ 2025-05-08 00:00:20 ┆ 281.57    ┆ 71.42  │
│ 2025-05-08 00:00:30 ┆ 281.55    ┆ 71.12  │
│ 2025-05-08 00:00:40 ┆ 281.53    ┆ 70.88  │
│ 2025-05-08 00:00:50 ┆ 281.53    ┆ 70.8   │
│ …                   ┆ …         ┆ …      │
│ 2025-05-08 23:59:20 ┆ 278.89    ┆ 79.48  │
│ 2025-05-08 23:59:30 ┆ 278.89    ┆ 79.52  │
│ 2025-05-08 23:59:40 ┆ 278.89    ┆ 79.7   │
│ 2025-05-08 23:59:50 ┆ 278.87    ┆ 79.9   │
│ 2025-05-09 00:00:00 ┆ 278.87    ┆ 80.2   │
└─────────────────────┴───────────┴────────┘
[INFO] Correcting the 'time' variable in the NetCDF file.
<class 'netCDF4.Variable'>
float64 time(time)
    units: seconds since 1970-01-01 00:00:00
    standard_name: time
    long_name: Time (seconds since 1970-01-01 00:00:00)
    axis: T
    valid_min: 1746662410.0
    valid_max: 1746748800.0
    calendar: standard
unlimited dimensions: 
current shape = (8640,)
filling on, default _FillValue of 9.969209968386869e+36 used
Flagged 0 points where air_temperature < 245.0K as bad data (qc_flag = 2).
Found 0 points already flagged as bad data (flag=2)
QC flags successfully added to /gws/pw/j07/ncas_obs_vol2/cao/processing/ncas-temperature-rh-1/data/long-term/level1d/2025/stfc-temperature-rh-1_cao_20250508_surface-met_v1.1.nc.
Updated time units to 'seconds since 1970-01-01 00:00:00' in /gws/pw/j07/ncas_obs_vol2/cao/processing/ncas-temperature-rh-1/data/long-term/level1d/2025/stfc-temperature-rh-1_cao_20250508_surface-met_v1.1.nc
/gws/pw/j07/ncas_obs_vol2/cao/raw_data/met_cao/data/long-term/2025/202505/CR1000XSeries_Chilbolton_Rxcabinmet1_20250509.dat
Parsed column names: ['TIMESTAMP', 'RECORD', 'BattV_Avg', 'PTemp_C_Avg', 'Air_T_Avg', 'RH_Avg', 'BP_mbar_Avg', 'WS_Avg', 'WD_Avg', 'SlrW_Avg', 'rg001dc_ch_Tot', 'rg006dc_ch_Tot', 'rg008dc_ch_Tot', 'rg009dc_ch_Tot', 'rg004tb_ch_Tot']
shape: (8_640, 3)
┌─────────────────────┬───────────┬────────┐
│ TIMESTAMP           ┆ Air_T_Avg ┆ RH_Avg │
│ ---                 ┆ ---       ┆ ---    │
│ datetime[μs]        ┆ f64       ┆ f64    │
╞═════════════════════╪═══════════╪════════╡
│ 2025-05-09 00:00:10 ┆ 278.89    ┆ 80.3   │
│ 2025-05-09 00:00:20 ┆ 278.89    ┆ 80.34  │
│ 2025-05-09 00:00:30 ┆ 278.87    ┆ 80.44  │
│ 2025-05-09 00:00:40 ┆ 278.87    ┆ 80.3   │
│ 2025-05-09 00:00:50 ┆ 278.89    ┆ 80.04  │
│ …                   ┆ …         ┆ …      │
│ 2025-05-09 23:59:20 ┆ 281.73    ┆ 66.74  │
│ 2025-05-09 23:59:30 ┆ 281.73    ┆ 66.26  │
│ 2025-05-09 23:59:40 ┆ 281.73    ┆ 65.56  │
│ 2025-05-09 23:59:50 ┆ 281.73    ┆ 65.5   │
│ 2025-05-10 00:00:00 ┆ 281.71    ┆ 65.56  │
└─────────────────────┴───────────┴────────┘
[INFO] Correcting the 'time' variable in the NetCDF file.
<class 'netCDF4.Variable'>
float64 time(time)
    units: seconds since 1970-01-01 00:00:00
    standard_name: time
    long_name: Time (seconds since 1970-01-01 00:00:00)
    axis: T
    valid_min: 1746748810.0
    valid_max: 1746835200.0
    calendar: standard
unlimited dimensions: 
current shape = (8640,)
filling on, default _FillValue of 9.969209968386869e+36 used
Flagged 0 points where air_temperature < 245.0K as bad data (qc_flag = 2).
Found 0 points already flagged as bad data (flag=2)
QC flags successfully added to /gws/pw/j07/ncas_obs_vol2/cao/processing/ncas-temperature-rh-1/data/long-term/level1d/2025/stfc-temperature-rh-1_cao_20250509_surface-met_v1.1.nc.
Updated time units to 'seconds since 1970-01-01 00:00:00' in /gws/pw/j07/ncas_obs_vol2/cao/processing/ncas-temperature-rh-1/data/long-term/level1d/2025/stfc-temperature-rh-1_cao_20250509_surface-met_v1.1.nc
/gws/pw/j07/ncas_obs_vol2/cao/raw_data/met_cao/data/long-term/2025/202505/CR1000XSeries_Chilbolton_Rxcabinmet1_20250510.dat
Parsed column names: ['TIMESTAMP', 'RECORD', 'BattV_Avg', 'PTemp_C_Avg', 'Air_T_Avg', 'RH_Avg', 'BP_mbar_Avg', 'WS_Avg', 'WD_Avg', 'SlrW_Avg', 'rg001dc_ch_Tot', 'rg006dc_ch_Tot', 'rg008dc_ch_Tot', 'rg009dc_ch_Tot', 'rg004tb_ch_Tot']
shape: (8_640, 3)
┌─────────────────────┬───────────┬────────┐
│ TIMESTAMP           ┆ Air_T_Avg ┆ RH_Avg │
│ ---                 ┆ ---       ┆ ---    │
│ datetime[μs]        ┆ f64       ┆ f64    │
╞═════════════════════╪═══════════╪════════╡
│ 2025-05-10 00:00:10 ┆ 281.71    ┆ 65.92  │
│ 2025-05-10 00:00:20 ┆ 281.69    ┆ 66.24  │
│ 2025-05-10 00:00:30 ┆ 281.69    ┆ 66.8   │
│ 2025-05-10 00:00:40 ┆ 281.69    ┆ 67.0   │
│ 2025-05-10 00:00:50 ┆ 281.67    ┆ 66.96  │
│ …                   ┆ …         ┆ …      │
│ 2025-05-10 23:59:20 ┆ 283.37    ┆ 63.96  │
│ 2025-05-10 23:59:30 ┆ 283.37    ┆ 63.98  │
│ 2025-05-10 23:59:40 ┆ 283.33    ┆ 64.04  │
│ 2025-05-10 23:59:50 ┆ 283.31    ┆ 64.02  │
│ 2025-05-11 00:00:00 ┆ 283.31    ┆ 63.82  │
└─────────────────────┴───────────┴────────┘
[INFO] Correcting the 'time' variable in the NetCDF file.
<class 'netCDF4.Variable'>
float64 time(time)
    units: seconds since 1970-01-01 00:00:00
    standard_name: time
    long_name: Time (seconds since 1970-01-01 00:00:00)
    axis: T
    valid_min: 1746835210.0
    valid_max: 1746921600.0
    calendar: standard
unlimited dimensions: 
current shape = (8640,)
filling on, default _FillValue of 9.969209968386869e+36 used
Flagged 0 points where air_temperature < 245.0K as bad data (qc_flag = 2).
Found 0 points already flagged as bad data (flag=2)
QC flags successfully added to /gws/pw/j07/ncas_obs_vol2/cao/processing/ncas-temperature-rh-1/data/long-term/level1d/2025/stfc-temperature-rh-1_cao_20250510_surface-met_v1.1.nc.
Updated time units to 'seconds since 1970-01-01 00:00:00' in /gws/pw/j07/ncas_obs_vol2/cao/processing/ncas-temperature-rh-1/data/long-term/level1d/2025/stfc-temperature-rh-1_cao_20250510_surface-met_v1.1.nc
/gws/pw/j07/ncas_obs_vol2/cao/raw_data/met_cao/data/long-term/2025/202505/CR1000XSeries_Chilbolton_Rxcabinmet1_20250511.dat
Parsed column names: ['TIMESTAMP', 'RECORD', 'BattV_Avg', 'PTemp_C_Avg', 'Air_T_Avg', 'RH_Avg', 'BP_mbar_Avg', 'WS_Avg', 'WD_Avg', 'SlrW_Avg', 'rg001dc_ch_Tot', 'rg006dc_ch_Tot', 'rg008dc_ch_Tot', 'rg009dc_ch_Tot', 'rg004tb_ch_Tot']
shape: (8_640, 3)
┌─────────────────────┬───────────┬────────┐
│ TIMESTAMP           ┆ Air_T_Avg ┆ RH_Avg │
│ ---                 ┆ ---       ┆ ---    │
│ datetime[μs]        ┆ f64       ┆ f64    │
╞═════════════════════╪═══════════╪════════╡
│ 2025-05-11 00:00:10 ┆ 283.31    ┆ 63.6   │
│ 2025-05-11 00:00:20 ┆ 283.33    ┆ 63.54  │
│ 2025-05-11 00:00:30 ┆ 283.35    ┆ 63.6   │
│ 2025-05-11 00:00:40 ┆ 283.35    ┆ 63.8   │
│ 2025-05-11 00:00:50 ┆ 283.35    ┆ 64.12  │
│ …                   ┆ …         ┆ …      │
│ 2025-05-11 23:59:20 ┆ 286.71    ┆ 91.16  │
│ 2025-05-11 23:59:30 ┆ 286.73    ┆ 91.1   │
│ 2025-05-11 23:59:40 ┆ 286.71    ┆ 91.18  │
│ 2025-05-11 23:59:50 ┆ 286.73    ┆ 91.3   │
│ 2025-05-12 00:00:00 ┆ 286.71    ┆ 91.38  │
└─────────────────────┴───────────┴────────┘
[INFO] Correcting the 'time' variable in the NetCDF file.
<class 'netCDF4.Variable'>
float64 time(time)
    units: seconds since 1970-01-01 00:00:00
    standard_name: time
    long_name: Time (seconds since 1970-01-01 00:00:00)
    axis: T
    valid_min: 1746921610.0
    valid_max: 1747008000.0
    calendar: standard
unlimited dimensions: 
current shape = (8640,)
filling on, default _FillValue of 9.969209968386869e+36 used
Flagged 0 points where air_temperature < 245.0K as bad data (qc_flag = 2).
Found 0 points already flagged as bad data (flag=2)
QC flags successfully added to /gws/pw/j07/ncas_obs_vol2/cao/processing/ncas-temperature-rh-1/data/long-term/level1d/2025/stfc-temperature-rh-1_cao_20250511_surface-met_v1.1.nc.
Updated time units to 'seconds since 1970-01-01 00:00:00' in /gws/pw/j07/ncas_obs_vol2/cao/processing/ncas-temperature-rh-1/data/long-term/level1d/2025/stfc-temperature-rh-1_cao_20250511_surface-met_v1.1.nc
/gws/pw/j07/ncas_obs_vol2/cao/raw_data/met_cao/data/long-term/2025/202505/CR1000XSeries_Chilbolton_Rxcabinmet1_20250512.dat
Parsed column names: ['TIMESTAMP', 'RECORD', 'BattV_Avg', 'PTemp_C_Avg', 'Air_T_Avg', 'RH_Avg', 'BP_mbar_Avg', 'WS_Avg', 'WD_Avg', 'SlrW_Avg', 'rg001dc_ch_Tot', 'rg006dc_ch_Tot', 'rg008dc_ch_Tot', 'rg009dc_ch_Tot', 'rg004tb_ch_Tot']
shape: (8_640, 3)
┌─────────────────────┬───────────┬────────┐
│ TIMESTAMP           ┆ Air_T_Avg ┆ RH_Avg │
│ ---                 ┆ ---       ┆ ---    │
│ datetime[μs]        ┆ f64       ┆ f64    │
╞═════════════════════╪═══════════╪════════╡
│ 2025-05-12 00:00:10 ┆ 286.73    ┆ 91.48  │
│ 2025-05-12 00:00:20 ┆ 286.73    ┆ 91.52  │
│ 2025-05-12 00:00:30 ┆ 286.73    ┆ 91.5   │
│ 2025-05-12 00:00:40 ┆ 286.73    ┆ 91.46  │
│ 2025-05-12 00:00:50 ┆ 286.73    ┆ 91.46  │
│ …                   ┆ …         ┆ …      │
│ 2025-05-12 23:59:20 ┆ 283.69    ┆ 91.1   │
│ 2025-05-12 23:59:30 ┆ 283.69    ┆ 91.06  │
│ 2025-05-12 23:59:40 ┆ 283.65    ┆ 90.88  │
│ 2025-05-12 23:59:50 ┆ 283.65    ┆ 90.68  │
│ 2025-05-13 00:00:00 ┆ 283.65    ┆ 90.56  │
└─────────────────────┴───────────┴────────┘
[INFO] Correcting the 'time' variable in the NetCDF file.
<class 'netCDF4.Variable'>
float64 time(time)
    units: seconds since 1970-01-01 00:00:00
    standard_name: time
    long_name: Time (seconds since 1970-01-01 00:00:00)
    axis: T
    valid_min: 1747008010.0
    valid_max: 1747094400.0
    calendar: standard
unlimited dimensions: 
current shape = (8640,)
filling on, default _FillValue of 9.969209968386869e+36 used
Flagged 0 points where air_temperature < 245.0K as bad data (qc_flag = 2).
Found 0 points already flagged as bad data (flag=2)
QC flags successfully added to /gws/pw/j07/ncas_obs_vol2/cao/processing/ncas-temperature-rh-1/data/long-term/level1d/2025/stfc-temperature-rh-1_cao_20250512_surface-met_v1.1.nc.
Updated time units to 'seconds since 1970-01-01 00:00:00' in /gws/pw/j07/ncas_obs_vol2/cao/processing/ncas-temperature-rh-1/data/long-term/level1d/2025/stfc-temperature-rh-1_cao_20250512_surface-met_v1.1.nc
/gws/pw/j07/ncas_obs_vol2/cao/raw_data/met_cao/data/long-term/2025/202505/CR1000XSeries_Chilbolton_Rxcabinmet1_20250513.dat
Parsed column names: ['TIMESTAMP', 'RECORD', 'BattV_Avg', 'PTemp_C_Avg', 'Air_T_Avg', 'RH_Avg', 'BP_mbar_Avg', 'WS_Avg', 'WD_Avg', 'SlrW_Avg', 'rg001dc_ch_Tot', 'rg006dc_ch_Tot', 'rg008dc_ch_Tot', 'rg009dc_ch_Tot', 'rg004tb_ch_Tot']
shape: (8_640, 3)
┌─────────────────────┬───────────┬────────┐
│ TIMESTAMP           ┆ Air_T_Avg ┆ RH_Avg │
│ ---                 ┆ ---       ┆ ---    │
│ datetime[μs]        ┆ f64       ┆ f64    │
╞═════════════════════╪═══════════╪════════╡
│ 2025-05-13 00:00:10 ┆ 283.65    ┆ 90.68  │
│ 2025-05-13 00:00:20 ┆ 283.65    ┆ 90.82  │
│ 2025-05-13 00:00:30 ┆ 283.65    ┆ 91.02  │
│ 2025-05-13 00:00:40 ┆ 283.65    ┆ 91.32  │
│ 2025-05-13 00:00:50 ┆ 283.63    ┆ 91.6   │
│ …                   ┆ …         ┆ …      │
│ 2025-05-13 23:59:20 ┆ 283.07    ┆ 73.2   │
│ 2025-05-13 23:59:30 ┆ 283.07    ┆ 73.36  │
│ 2025-05-13 23:59:40 ┆ 283.03    ┆ 73.56  │
│ 2025-05-13 23:59:50 ┆ 283.01    ┆ 73.66  │
│ 2025-05-14 00:00:00 ┆ 283.01    ┆ 73.72  │
└─────────────────────┴───────────┴────────┘
[INFO] Correcting the 'time' variable in the NetCDF file.
<class 'netCDF4.Variable'>
float64 time(time)
    units: seconds since 1970-01-01 00:00:00
    standard_name: time
    long_name: Time (seconds since 1970-01-01 00:00:00)
    axis: T
    valid_min: 1747094410.0
    valid_max: 1747180800.0
    calendar: standard
unlimited dimensions: 
current shape = (8640,)
filling on, default _FillValue of 9.969209968386869e+36 used
Flagged 0 points where air_temperature < 245.0K as bad data (qc_flag = 2).
Found 0 points already flagged as bad data (flag=2)
QC flags successfully added to /gws/pw/j07/ncas_obs_vol2/cao/processing/ncas-temperature-rh-1/data/long-term/level1d/2025/stfc-temperature-rh-1_cao_20250513_surface-met_v1.1.nc.
Updated time units to 'seconds since 1970-01-01 00:00:00' in /gws/pw/j07/ncas_obs_vol2/cao/processing/ncas-temperature-rh-1/data/long-term/level1d/2025/stfc-temperature-rh-1_cao_20250513_surface-met_v1.1.nc
/gws/pw/j07/ncas_obs_vol2/cao/raw_data/met_cao/data/long-term/2025/202505/CR1000XSeries_Chilbolton_Rxcabinmet1_20250514.dat
Parsed column names: ['TIMESTAMP', 'RECORD', 'BattV_Avg', 'PTemp_C_Avg', 'Air_T_Avg', 'RH_Avg', 'BP_mbar_Avg', 'WS_Avg', 'WD_Avg', 'SlrW_Avg', 'rg001dc_ch_Tot', 'rg006dc_ch_Tot', 'rg008dc_ch_Tot', 'rg009dc_ch_Tot', 'rg004tb_ch_Tot']
shape: (8_640, 3)
┌─────────────────────┬───────────┬────────┐
│ TIMESTAMP           ┆ Air_T_Avg ┆ RH_Avg │
│ ---                 ┆ ---       ┆ ---    │
│ datetime[μs]        ┆ f64       ┆ f64    │
╞═════════════════════╪═══════════╪════════╡
│ 2025-05-14 00:00:10 ┆ 283.01    ┆ 73.76  │
│ 2025-05-14 00:00:20 ┆ 282.99    ┆ 73.76  │
│ 2025-05-14 00:00:30 ┆ 282.99    ┆ 73.76  │
│ 2025-05-14 00:00:40 ┆ 282.97    ┆ 73.82  │
│ 2025-05-14 00:00:50 ┆ 282.93    ┆ 73.84  │
│ …                   ┆ …         ┆ …      │
│ 2025-05-14 23:59:20 ┆ 282.21    ┆ 76.04  │
│ 2025-05-14 23:59:30 ┆ 282.15    ┆ 75.7   │
│ 2025-05-14 23:59:40 ┆ 282.09    ┆ 74.96  │
│ 2025-05-14 23:59:50 ┆ 282.13    ┆ 74.28  │
│ 2025-05-15 00:00:00 ┆ 282.13    ┆ 74.18  │
└─────────────────────┴───────────┴────────┘
[INFO] Correcting the 'time' variable in the NetCDF file.
<class 'netCDF4.Variable'>
float64 time(time)
    units: seconds since 1970-01-01 00:00:00
    standard_name: time
    long_name: Time (seconds since 1970-01-01 00:00:00)
    axis: T
    valid_min: 1747180810.0
    valid_max: 1747267200.0
    calendar: standard
unlimited dimensions: 
current shape = (8640,)
filling on, default _FillValue of 9.969209968386869e+36 used
Flagged 0 points where air_temperature < 245.0K as bad data (qc_flag = 2).
Found 0 points already flagged as bad data (flag=2)
QC flags successfully added to /gws/pw/j07/ncas_obs_vol2/cao/processing/ncas-temperature-rh-1/data/long-term/level1d/2025/stfc-temperature-rh-1_cao_20250514_surface-met_v1.1.nc.
Updated time units to 'seconds since 1970-01-01 00:00:00' in /gws/pw/j07/ncas_obs_vol2/cao/processing/ncas-temperature-rh-1/data/long-term/level1d/2025/stfc-temperature-rh-1_cao_20250514_surface-met_v1.1.nc
/gws/pw/j07/ncas_obs_vol2/cao/raw_data/met_cao/data/long-term/2025/202505/CR1000XSeries_Chilbolton_Rxcabinmet1_20250515.dat
Parsed column names: ['TIMESTAMP', 'RECORD', 'BattV_Avg', 'PTemp_C_Avg', 'Air_T_Avg', 'RH_Avg', 'BP_mbar_Avg', 'WS_Avg', 'WD_Avg', 'SlrW_Avg', 'rg001dc_ch_Tot', 'rg006dc_ch_Tot', 'rg008dc_ch_Tot', 'rg009dc_ch_Tot', 'rg004tb_ch_Tot']
shape: (8_640, 3)
┌─────────────────────┬───────────┬────────┐
│ TIMESTAMP           ┆ Air_T_Avg ┆ RH_Avg │
│ ---                 ┆ ---       ┆ ---    │
│ datetime[μs]        ┆ f64       ┆ f64    │
╞═════════════════════╪═══════════╪════════╡
│ 2025-05-15 00:00:10 ┆ 282.19    ┆ 74.34  │
│ 2025-05-15 00:00:20 ┆ 282.19    ┆ 74.68  │
│ 2025-05-15 00:00:30 ┆ 282.23    ┆ 75.34  │
│ 2025-05-15 00:00:40 ┆ 282.29    ┆ 76.0   │
│ 2025-05-15 00:00:50 ┆ 282.31    ┆ 76.02  │
│ …                   ┆ …         ┆ …      │
│ 2025-05-15 23:59:20 ┆ 284.21    ┆ 68.28  │
│ 2025-05-15 23:59:30 ┆ 284.21    ┆ 68.24  │
│ 2025-05-15 23:59:40 ┆ 284.21    ┆ 68.14  │
│ 2025-05-15 23:59:50 ┆ 284.21    ┆ 68.0   │
│ 2025-05-16 00:00:00 ┆ 284.23    ┆ 67.86  │
└─────────────────────┴───────────┴────────┘
[INFO] Correcting the 'time' variable in the NetCDF file.
<class 'netCDF4.Variable'>
float64 time(time)
    units: seconds since 1970-01-01 00:00:00
    standard_name: time
    long_name: Time (seconds since 1970-01-01 00:00:00)
    axis: T
    valid_min: 1747267210.0
    valid_max: 1747353600.0
    calendar: standard
unlimited dimensions: 
current shape = (8640,)
filling on, default _FillValue of 9.969209968386869e+36 used
Flagged 0 points where air_temperature < 245.0K as bad data (qc_flag = 2).
Found 0 points already flagged as bad data (flag=2)
QC flags successfully added to /gws/pw/j07/ncas_obs_vol2/cao/processing/ncas-temperature-rh-1/data/long-term/level1d/2025/stfc-temperature-rh-1_cao_20250515_surface-met_v1.1.nc.
Updated time units to 'seconds since 1970-01-01 00:00:00' in /gws/pw/j07/ncas_obs_vol2/cao/processing/ncas-temperature-rh-1/data/long-term/level1d/2025/stfc-temperature-rh-1_cao_20250515_surface-met_v1.1.nc
/gws/pw/j07/ncas_obs_vol2/cao/raw_data/met_cao/data/long-term/2025/202505/CR1000XSeries_Chilbolton_Rxcabinmet1_20250516.dat
Parsed column names: ['TIMESTAMP', 'RECORD', 'BattV_Avg', 'PTemp_C_Avg', 'Air_T_Avg', 'RH_Avg', 'BP_mbar_Avg', 'WS_Avg', 'WD_Avg', 'SlrW_Avg', 'rg001dc_ch_Tot', 'rg006dc_ch_Tot', 'rg008dc_ch_Tot', 'rg009dc_ch_Tot', 'rg004tb_ch_Tot']
shape: (8_640, 3)
┌─────────────────────┬───────────┬────────┐
│ TIMESTAMP           ┆ Air_T_Avg ┆ RH_Avg │
│ ---                 ┆ ---       ┆ ---    │
│ datetime[μs]        ┆ f64       ┆ f64    │
╞═════════════════════╪═══════════╪════════╡
│ 2025-05-16 00:00:10 ┆ 284.23    ┆ 67.82  │
│ 2025-05-16 00:00:20 ┆ 284.23    ┆ 67.9   │
│ 2025-05-16 00:00:30 ┆ 284.23    ┆ 68.04  │
│ 2025-05-16 00:00:40 ┆ 284.23    ┆ 68.2   │
│ 2025-05-16 00:00:50 ┆ 284.21    ┆ 68.28  │
│ …                   ┆ …         ┆ …      │
│ 2025-05-16 23:59:20 ┆ 282.45    ┆ 82.18  │
│ 2025-05-16 23:59:30 ┆ 282.47    ┆ 82.16  │
│ 2025-05-16 23:59:40 ┆ 282.43    ┆ 82.4   │
│ 2025-05-16 23:59:50 ┆ 282.45    ┆ 82.56  │
│ 2025-05-17 00:00:00 ┆ 282.47    ┆ 82.84  │
└─────────────────────┴───────────┴────────┘
[INFO] Correcting the 'time' variable in the NetCDF file.
<class 'netCDF4.Variable'>
float64 time(time)
    units: seconds since 1970-01-01 00:00:00
    standard_name: time
    long_name: Time (seconds since 1970-01-01 00:00:00)
    axis: T
    valid_min: 1747353610.0
    valid_max: 1747440000.0
    calendar: standard
unlimited dimensions: 
current shape = (8640,)
filling on, default _FillValue of 9.969209968386869e+36 used
Flagged 0 points where air_temperature < 245.0K as bad data (qc_flag = 2).
Found 0 points already flagged as bad data (flag=2)
QC flags successfully added to /gws/pw/j07/ncas_obs_vol2/cao/processing/ncas-temperature-rh-1/data/long-term/level1d/2025/stfc-temperature-rh-1_cao_20250516_surface-met_v1.1.nc.
Updated time units to 'seconds since 1970-01-01 00:00:00' in /gws/pw/j07/ncas_obs_vol2/cao/processing/ncas-temperature-rh-1/data/long-term/level1d/2025/stfc-temperature-rh-1_cao_20250516_surface-met_v1.1.nc
/gws/pw/j07/ncas_obs_vol2/cao/raw_data/met_cao/data/long-term/2025/202505/CR1000XSeries_Chilbolton_Rxcabinmet1_20250517.dat
Parsed column names: ['TIMESTAMP', 'RECORD', 'BattV_Avg', 'PTemp_C_Avg', 'Air_T_Avg', 'RH_Avg', 'BP_mbar_Avg', 'WS_Avg', 'WD_Avg', 'SlrW_Avg', 'rg001dc_ch_Tot', 'rg006dc_ch_Tot', 'rg008dc_ch_Tot', 'rg009dc_ch_Tot', 'rg004tb_ch_Tot']
shape: (8_640, 3)
┌─────────────────────┬───────────┬────────┐
│ TIMESTAMP           ┆ Air_T_Avg ┆ RH_Avg │
│ ---                 ┆ ---       ┆ ---    │
│ datetime[μs]        ┆ f64       ┆ f64    │
╞═════════════════════╪═══════════╪════════╡
│ 2025-05-17 00:00:10 ┆ 282.47    ┆ 83.28  │
│ 2025-05-17 00:00:20 ┆ 282.47    ┆ 83.46  │
│ 2025-05-17 00:00:30 ┆ 282.47    ┆ 83.28  │
│ 2025-05-17 00:00:40 ┆ 282.47    ┆ 83.1   │
│ 2025-05-17 00:00:50 ┆ 282.45    ┆ 82.94  │
│ …                   ┆ …         ┆ …      │
│ 2025-05-17 23:59:20 ┆ 281.75    ┆ 87.68  │
│ 2025-05-17 23:59:30 ┆ 281.77    ┆ 87.52  │
│ 2025-05-17 23:59:40 ┆ 281.77    ┆ 87.4   │
│ 2025-05-17 23:59:50 ┆ 281.77    ┆ 87.3   │
│ 2025-05-18 00:00:00 ┆ 281.77    ┆ 87.24  │
└─────────────────────┴───────────┴────────┘
[INFO] Correcting the 'time' variable in the NetCDF file.
<class 'netCDF4.Variable'>
float64 time(time)
    units: seconds since 1970-01-01 00:00:00
    standard_name: time
    long_name: Time (seconds since 1970-01-01 00:00:00)
    axis: T
    valid_min: 1747440010.0
    valid_max: 1747526400.0
    calendar: standard
unlimited dimensions: 
current shape = (8640,)
filling on, default _FillValue of 9.969209968386869e+36 used
Flagged 0 points where air_temperature < 245.0K as bad data (qc_flag = 2).
Found 0 points already flagged as bad data (flag=2)
QC flags successfully added to /gws/pw/j07/ncas_obs_vol2/cao/processing/ncas-temperature-rh-1/data/long-term/level1d/2025/stfc-temperature-rh-1_cao_20250517_surface-met_v1.1.nc.
Updated time units to 'seconds since 1970-01-01 00:00:00' in /gws/pw/j07/ncas_obs_vol2/cao/processing/ncas-temperature-rh-1/data/long-term/level1d/2025/stfc-temperature-rh-1_cao_20250517_surface-met_v1.1.nc
/gws/pw/j07/ncas_obs_vol2/cao/raw_data/met_cao/data/long-term/2025/202505/CR1000XSeries_Chilbolton_Rxcabinmet1_20250518.dat
Parsed column names: ['TIMESTAMP', 'RECORD', 'BattV_Avg', 'PTemp_C_Avg', 'Air_T_Avg', 'RH_Avg', 'BP_mbar_Avg', 'WS_Avg', 'WD_Avg', 'SlrW_Avg', 'rg001dc_ch_Tot', 'rg006dc_ch_Tot', 'rg008dc_ch_Tot', 'rg009dc_ch_Tot', 'rg004tb_ch_Tot']
shape: (8_640, 3)
┌─────────────────────┬───────────┬────────┐
│ TIMESTAMP           ┆ Air_T_Avg ┆ RH_Avg │
│ ---                 ┆ ---       ┆ ---    │
│ datetime[μs]        ┆ f64       ┆ f64    │
╞═════════════════════╪═══════════╪════════╡
│ 2025-05-18 00:00:10 ┆ 281.77    ┆ 87.22  │
│ 2025-05-18 00:00:20 ┆ 281.77    ┆ 87.26  │
│ 2025-05-18 00:00:30 ┆ 281.75    ┆ 87.32  │
│ 2025-05-18 00:00:40 ┆ 281.75    ┆ 87.46  │
│ 2025-05-18 00:00:50 ┆ 281.75    ┆ 87.48  │
│ …                   ┆ …         ┆ …      │
│ 2025-05-18 23:59:20 ┆ 280.83    ┆ 92.24  │
│ 2025-05-18 23:59:30 ┆ 280.85    ┆ 92.82  │
│ 2025-05-18 23:59:40 ┆ 280.87    ┆ 92.9   │
│ 2025-05-18 23:59:50 ┆ 280.87    ┆ 92.58  │
│ 2025-05-19 00:00:00 ┆ 280.87    ┆ 92.5   │
└─────────────────────┴───────────┴────────┘
[INFO] Correcting the 'time' variable in the NetCDF file.
<class 'netCDF4.Variable'>
float64 time(time)
    units: seconds since 1970-01-01 00:00:00
    standard_name: time
    long_name: Time (seconds since 1970-01-01 00:00:00)
    axis: T
    valid_min: 1747526410.0
    valid_max: 1747612800.0
    calendar: standard
unlimited dimensions: 
current shape = (8640,)
filling on, default _FillValue of 9.969209968386869e+36 used
Flagged 0 points where air_temperature < 245.0K as bad data (qc_flag = 2).
Found 0 points already flagged as bad data (flag=2)
QC flags successfully added to /gws/pw/j07/ncas_obs_vol2/cao/processing/ncas-temperature-rh-1/data/long-term/level1d/2025/stfc-temperature-rh-1_cao_20250518_surface-met_v1.1.nc.
Updated time units to 'seconds since 1970-01-01 00:00:00' in /gws/pw/j07/ncas_obs_vol2/cao/processing/ncas-temperature-rh-1/data/long-term/level1d/2025/stfc-temperature-rh-1_cao_20250518_surface-met_v1.1.nc
/gws/pw/j07/ncas_obs_vol2/cao/raw_data/met_cao/data/long-term/2025/202505/CR1000XSeries_Chilbolton_Rxcabinmet1_20250519.dat
Parsed column names: ['TIMESTAMP', 'RECORD', 'BattV_Avg', 'PTemp_C_Avg', 'Air_T_Avg', 'RH_Avg', 'BP_mbar_Avg', 'WS_Avg', 'WD_Avg', 'SlrW_Avg', 'rg001dc_ch_Tot', 'rg006dc_ch_Tot', 'rg008dc_ch_Tot', 'rg009dc_ch_Tot', 'rg004tb_ch_Tot']
shape: (8_640, 3)
┌─────────────────────┬───────────┬────────┐
│ TIMESTAMP           ┆ Air_T_Avg ┆ RH_Avg │
│ ---                 ┆ ---       ┆ ---    │
│ datetime[μs]        ┆ f64       ┆ f64    │
╞═════════════════════╪═══════════╪════════╡
│ 2025-05-19 00:00:10 ┆ 280.85    ┆ 92.32  │
│ 2025-05-19 00:00:20 ┆ 280.85    ┆ 91.96  │
│ 2025-05-19 00:00:30 ┆ 280.87    ┆ 91.8   │
│ 2025-05-19 00:00:40 ┆ 280.87    ┆ 91.94  │
│ 2025-05-19 00:00:50 ┆ 280.89    ┆ 92.1   │
│ …                   ┆ …         ┆ …      │
│ 2025-05-19 23:59:20 ┆ 282.09    ┆ 76.8   │
│ 2025-05-19 23:59:30 ┆ 282.13    ┆ 77.0   │
│ 2025-05-19 23:59:40 ┆ 282.15    ┆ 77.38  │
│ 2025-05-19 23:59:50 ┆ 282.15    ┆ 78.0   │
│ 2025-05-20 00:00:00 ┆ 282.17    ┆ 78.18  │
└─────────────────────┴───────────┴────────┘
[INFO] Correcting the 'time' variable in the NetCDF file.
<class 'netCDF4.Variable'>
float64 time(time)
    units: seconds since 1970-01-01 00:00:00
    standard_name: time
    long_name: Time (seconds since 1970-01-01 00:00:00)
    axis: T
    valid_min: 1747612810.0
    valid_max: 1747699200.0
    calendar: standard
unlimited dimensions: 
current shape = (8640,)
filling on, default _FillValue of 9.969209968386869e+36 used
Flagged 0 points where air_temperature < 245.0K as bad data (qc_flag = 2).
Found 0 points already flagged as bad data (flag=2)
QC flags successfully added to /gws/pw/j07/ncas_obs_vol2/cao/processing/ncas-temperature-rh-1/data/long-term/level1d/2025/stfc-temperature-rh-1_cao_20250519_surface-met_v1.1.nc.
Updated time units to 'seconds since 1970-01-01 00:00:00' in /gws/pw/j07/ncas_obs_vol2/cao/processing/ncas-temperature-rh-1/data/long-term/level1d/2025/stfc-temperature-rh-1_cao_20250519_surface-met_v1.1.nc
/gws/pw/j07/ncas_obs_vol2/cao/raw_data/met_cao/data/long-term/2025/202505/CR1000XSeries_Chilbolton_Rxcabinmet1_20250520.dat
Parsed column names: ['TIMESTAMP', 'RECORD', 'BattV_Avg', 'PTemp_C_Avg', 'Air_T_Avg', 'RH_Avg', 'BP_mbar_Avg', 'WS_Avg', 'WD_Avg', 'SlrW_Avg', 'rg001dc_ch_Tot', 'rg006dc_ch_Tot', 'rg008dc_ch_Tot', 'rg009dc_ch_Tot', 'rg004tb_ch_Tot']
shape: (8_640, 3)
┌─────────────────────┬───────────┬────────┐
│ TIMESTAMP           ┆ Air_T_Avg ┆ RH_Avg │
│ ---                 ┆ ---       ┆ ---    │
│ datetime[μs]        ┆ f64       ┆ f64    │
╞═════════════════════╪═══════════╪════════╡
│ 2025-05-20 00:00:10 ┆ 282.15    ┆ 78.06  │
│ 2025-05-20 00:00:20 ┆ 282.11    ┆ 77.84  │
│ 2025-05-20 00:00:30 ┆ 282.07    ┆ 77.54  │
│ 2025-05-20 00:00:40 ┆ 282.03    ┆ 77.08  │
│ 2025-05-20 00:00:50 ┆ 281.99    ┆ 76.54  │
│ …                   ┆ …         ┆ …      │
│ 2025-05-20 23:59:20 ┆ 285.35    ┆ 74.44  │
│ 2025-05-20 23:59:30 ┆ 285.37    ┆ 74.22  │
│ 2025-05-20 23:59:40 ┆ 285.39    ┆ 74.02  │
│ 2025-05-20 23:59:50 ┆ 285.39    ┆ 73.8   │
│ 2025-05-21 00:00:00 ┆ 285.41    ┆ 73.7   │
└─────────────────────┴───────────┴────────┘
[INFO] Correcting the 'time' variable in the NetCDF file.
<class 'netCDF4.Variable'>
float64 time(time)
    units: seconds since 1970-01-01 00:00:00
    standard_name: time
    long_name: Time (seconds since 1970-01-01 00:00:00)
    axis: T
    valid_min: 1747699210.0
    valid_max: 1747785600.0
    calendar: standard
unlimited dimensions: 
current shape = (8640,)
filling on, default _FillValue of 9.969209968386869e+36 used
Flagged 0 points where air_temperature < 245.0K as bad data (qc_flag = 2).
Found 0 points already flagged as bad data (flag=2)
QC flags successfully added to /gws/pw/j07/ncas_obs_vol2/cao/processing/ncas-temperature-rh-1/data/long-term/level1d/2025/stfc-temperature-rh-1_cao_20250520_surface-met_v1.1.nc.
Updated time units to 'seconds since 1970-01-01 00:00:00' in /gws/pw/j07/ncas_obs_vol2/cao/processing/ncas-temperature-rh-1/data/long-term/level1d/2025/stfc-temperature-rh-1_cao_20250520_surface-met_v1.1.nc
/gws/pw/j07/ncas_obs_vol2/cao/raw_data/met_cao/data/long-term/2025/202505/CR1000XSeries_Chilbolton_Rxcabinmet1_20250521.dat
Parsed column names: ['TIMESTAMP', 'RECORD', 'BattV_Avg', 'PTemp_C_Avg', 'Air_T_Avg', 'RH_Avg', 'BP_mbar_Avg', 'WS_Avg', 'WD_Avg', 'SlrW_Avg', 'rg001dc_ch_Tot', 'rg006dc_ch_Tot', 'rg008dc_ch_Tot', 'rg009dc_ch_Tot', 'rg004tb_ch_Tot']
shape: (8_640, 3)
┌─────────────────────┬───────────┬────────┐
│ TIMESTAMP           ┆ Air_T_Avg ┆ RH_Avg │
│ ---                 ┆ ---       ┆ ---    │
│ datetime[μs]        ┆ f64       ┆ f64    │
╞═════════════════════╪═══════════╪════════╡
│ 2025-05-21 00:00:10 ┆ 285.41    ┆ 73.7   │
│ 2025-05-21 00:00:20 ┆ 285.43    ┆ 73.74  │
│ 2025-05-21 00:00:30 ┆ 285.41    ┆ 73.72  │
│ 2025-05-21 00:00:40 ┆ 285.41    ┆ 73.64  │
│ 2025-05-21 00:00:50 ┆ 285.43    ┆ 73.54  │
│ …                   ┆ …         ┆ …      │
│ 2025-05-21 23:59:20 ┆ 280.13    ┆ 99.96  │
│ 2025-05-21 23:59:30 ┆ 280.13    ┆ 99.98  │
│ 2025-05-21 23:59:40 ┆ 280.15    ┆ 99.98  │
│ 2025-05-21 23:59:50 ┆ 280.15    ┆ 99.98  │
│ 2025-05-22 00:00:00 ┆ 280.17    ┆ 99.96  │
└─────────────────────┴───────────┴────────┘
[INFO] Correcting the 'time' variable in the NetCDF file.
<class 'netCDF4.Variable'>
float64 time(time)
    units: seconds since 1970-01-01 00:00:00
    standard_name: time
    long_name: Time (seconds since 1970-01-01 00:00:00)
    axis: T
    valid_min: 1747785610.0
    valid_max: 1747872000.0
    calendar: standard
unlimited dimensions: 
current shape = (8640,)
filling on, default _FillValue of 9.969209968386869e+36 used
Flagged 0 points where air_temperature < 245.0K as bad data (qc_flag = 2).
Found 0 points already flagged as bad data (flag=2)
QC flags successfully added to /gws/pw/j07/ncas_obs_vol2/cao/processing/ncas-temperature-rh-1/data/long-term/level1d/2025/stfc-temperature-rh-1_cao_20250521_surface-met_v1.1.nc.
Updated time units to 'seconds since 1970-01-01 00:00:00' in /gws/pw/j07/ncas_obs_vol2/cao/processing/ncas-temperature-rh-1/data/long-term/level1d/2025/stfc-temperature-rh-1_cao_20250521_surface-met_v1.1.nc
/gws/pw/j07/ncas_obs_vol2/cao/raw_data/met_cao/data/long-term/2025/202505/CR1000XSeries_Chilbolton_Rxcabinmet1_20250522.dat
Parsed column names: ['TIMESTAMP', 'RECORD', 'BattV_Avg', 'PTemp_C_Avg', 'Air_T_Avg', 'RH_Avg', 'BP_mbar_Avg', 'WS_Avg', 'WD_Avg', 'SlrW_Avg', 'rg001dc_ch_Tot', 'rg006dc_ch_Tot', 'rg008dc_ch_Tot', 'rg009dc_ch_Tot', 'rg004tb_ch_Tot']
shape: (8_640, 3)
┌─────────────────────┬───────────┬────────┐
│ TIMESTAMP           ┆ Air_T_Avg ┆ RH_Avg │
│ ---                 ┆ ---       ┆ ---    │
│ datetime[μs]        ┆ f64       ┆ f64    │
╞═════════════════════╪═══════════╪════════╡
│ 2025-05-22 00:00:10 ┆ 280.17    ┆ 99.96  │
│ 2025-05-22 00:00:20 ┆ 280.19    ┆ 99.96  │
│ 2025-05-22 00:00:30 ┆ 280.21    ┆ 99.96  │
│ 2025-05-22 00:00:40 ┆ 280.23    ┆ 99.96  │
│ 2025-05-22 00:00:50 ┆ 280.25    ┆ 99.94  │
│ …                   ┆ …         ┆ …      │
│ 2025-05-22 23:59:20 ┆ 283.11    ┆ 75.8   │
│ 2025-05-22 23:59:30 ┆ 283.09    ┆ 75.92  │
│ 2025-05-22 23:59:40 ┆ 283.07    ┆ 75.98  │
│ 2025-05-22 23:59:50 ┆ 283.07    ┆ 76.0   │
│ 2025-05-23 00:00:00 ┆ 283.07    ┆ 75.92  │
└─────────────────────┴───────────┴────────┘
[INFO] Correcting the 'time' variable in the NetCDF file.
<class 'netCDF4.Variable'>
float64 time(time)
    units: seconds since 1970-01-01 00:00:00
    standard_name: time
    long_name: Time (seconds since 1970-01-01 00:00:00)
    axis: T
    valid_min: 1747872010.0
    valid_max: 1747958400.0
    calendar: standard
unlimited dimensions: 
current shape = (8640,)
filling on, default _FillValue of 9.969209968386869e+36 used
Flagged 0 points where air_temperature < 245.0K as bad data (qc_flag = 2).
Found 0 points already flagged as bad data (flag=2)
QC flags successfully added to /gws/pw/j07/ncas_obs_vol2/cao/processing/ncas-temperature-rh-1/data/long-term/level1d/2025/stfc-temperature-rh-1_cao_20250522_surface-met_v1.1.nc.
Updated time units to 'seconds since 1970-01-01 00:00:00' in /gws/pw/j07/ncas_obs_vol2/cao/processing/ncas-temperature-rh-1/data/long-term/level1d/2025/stfc-temperature-rh-1_cao_20250522_surface-met_v1.1.nc
/gws/pw/j07/ncas_obs_vol2/cao/raw_data/met_cao/data/long-term/2025/202505/CR1000XSeries_Chilbolton_Rxcabinmet1_20250523.dat
Parsed column names: ['TIMESTAMP', 'RECORD', 'BattV_Avg', 'PTemp_C_Avg', 'Air_T_Avg', 'RH_Avg', 'BP_mbar_Avg', 'WS_Avg', 'WD_Avg', 'SlrW_Avg', 'rg001dc_ch_Tot', 'rg006dc_ch_Tot', 'rg008dc_ch_Tot', 'rg009dc_ch_Tot', 'rg004tb_ch_Tot']
shape: (8_640, 3)
┌─────────────────────┬───────────┬────────┐
│ TIMESTAMP           ┆ Air_T_Avg ┆ RH_Avg │
│ ---                 ┆ ---       ┆ ---    │
│ datetime[μs]        ┆ f64       ┆ f64    │
╞═════════════════════╪═══════════╪════════╡
│ 2025-05-23 00:00:10 ┆ 283.07    ┆ 75.84  │
│ 2025-05-23 00:00:20 ┆ 283.09    ┆ 75.62  │
│ 2025-05-23 00:00:30 ┆ 283.11    ┆ 75.5   │
│ 2025-05-23 00:00:40 ┆ 283.11    ┆ 75.44  │
│ 2025-05-23 00:00:50 ┆ 283.11    ┆ 75.4   │
│ …                   ┆ …         ┆ …      │
│ 2025-05-23 23:59:20 ┆ 286.09    ┆ 82.26  │
│ 2025-05-23 23:59:30 ┆ 286.09    ┆ 82.42  │
│ 2025-05-23 23:59:40 ┆ 286.09    ┆ 82.62  │
│ 2025-05-23 23:59:50 ┆ 286.09    ┆ 82.76  │
│ 2025-05-24 00:00:00 ┆ 286.09    ┆ 82.8   │
└─────────────────────┴───────────┴────────┘
[INFO] Correcting the 'time' variable in the NetCDF file.
<class 'netCDF4.Variable'>
float64 time(time)
    units: seconds since 1970-01-01 00:00:00
    standard_name: time
    long_name: Time (seconds since 1970-01-01 00:00:00)
    axis: T
    valid_min: 1747958410.0
    valid_max: 1748044800.0
    calendar: standard
unlimited dimensions: 
current shape = (8640,)
filling on, default _FillValue of 9.969209968386869e+36 used
Flagged 0 points where air_temperature < 245.0K as bad data (qc_flag = 2).
Found 0 points already flagged as bad data (flag=2)
QC flags successfully added to /gws/pw/j07/ncas_obs_vol2/cao/processing/ncas-temperature-rh-1/data/long-term/level1d/2025/stfc-temperature-rh-1_cao_20250523_surface-met_v1.1.nc.
Updated time units to 'seconds since 1970-01-01 00:00:00' in /gws/pw/j07/ncas_obs_vol2/cao/processing/ncas-temperature-rh-1/data/long-term/level1d/2025/stfc-temperature-rh-1_cao_20250523_surface-met_v1.1.nc
/gws/pw/j07/ncas_obs_vol2/cao/raw_data/met_cao/data/long-term/2025/202505/CR1000XSeries_Chilbolton_Rxcabinmet1_20250524.dat
Parsed column names: ['TIMESTAMP', 'RECORD', 'BattV_Avg', 'PTemp_C_Avg', 'Air_T_Avg', 'RH_Avg', 'BP_mbar_Avg', 'WS_Avg', 'WD_Avg', 'SlrW_Avg', 'rg001dc_ch_Tot', 'rg006dc_ch_Tot', 'rg008dc_ch_Tot', 'rg009dc_ch_Tot', 'rg004tb_ch_Tot']
shape: (8_640, 3)
┌─────────────────────┬───────────┬────────┐
│ TIMESTAMP           ┆ Air_T_Avg ┆ RH_Avg │
│ ---                 ┆ ---       ┆ ---    │
│ datetime[μs]        ┆ f64       ┆ f64    │
╞═════════════════════╪═══════════╪════════╡
│ 2025-05-24 00:00:10 ┆ 286.07    ┆ 82.78  │
│ 2025-05-24 00:00:20 ┆ 286.07    ┆ 82.64  │
│ 2025-05-24 00:00:30 ┆ 286.05    ┆ 82.44  │
│ 2025-05-24 00:00:40 ┆ 286.05    ┆ 82.3   │
│ 2025-05-24 00:00:50 ┆ 286.03    ┆ 82.44  │
│ …                   ┆ …         ┆ …      │
│ 2025-05-24 23:59:20 ┆ 287.25    ┆ 91.46  │
│ 2025-05-24 23:59:30 ┆ 287.25    ┆ 91.6   │
│ 2025-05-24 23:59:40 ┆ 287.25    ┆ 91.78  │
│ 2025-05-24 23:59:50 ┆ 287.25    ┆ 91.92  │
│ 2025-05-25 00:00:00 ┆ 287.25    ┆ 91.9   │
└─────────────────────┴───────────┴────────┘
[INFO] Correcting the 'time' variable in the NetCDF file.
<class 'netCDF4.Variable'>
float64 time(time)
    units: seconds since 1970-01-01 00:00:00
    standard_name: time
    long_name: Time (seconds since 1970-01-01 00:00:00)
    axis: T
    valid_min: 1748044810.0
    valid_max: 1748131200.0
    calendar: standard
unlimited dimensions: 
current shape = (8640,)
filling on, default _FillValue of 9.969209968386869e+36 used
Flagged 0 points where air_temperature < 245.0K as bad data (qc_flag = 2).
Found 0 points already flagged as bad data (flag=2)
QC flags successfully added to /gws/pw/j07/ncas_obs_vol2/cao/processing/ncas-temperature-rh-1/data/long-term/level1d/2025/stfc-temperature-rh-1_cao_20250524_surface-met_v1.1.nc.
Updated time units to 'seconds since 1970-01-01 00:00:00' in /gws/pw/j07/ncas_obs_vol2/cao/processing/ncas-temperature-rh-1/data/long-term/level1d/2025/stfc-temperature-rh-1_cao_20250524_surface-met_v1.1.nc
/gws/pw/j07/ncas_obs_vol2/cao/raw_data/met_cao/data/long-term/2025/202505/CR1000XSeries_Chilbolton_Rxcabinmet1_20250525.dat
Parsed column names: ['TIMESTAMP', 'RECORD', 'BattV_Avg', 'PTemp_C_Avg', 'Air_T_Avg', 'RH_Avg', 'BP_mbar_Avg', 'WS_Avg', 'WD_Avg', 'SlrW_Avg', 'rg001dc_ch_Tot', 'rg006dc_ch_Tot', 'rg008dc_ch_Tot', 'rg009dc_ch_Tot', 'rg004tb_ch_Tot']
shape: (8_640, 3)
┌─────────────────────┬───────────┬────────┐
│ TIMESTAMP           ┆ Air_T_Avg ┆ RH_Avg │
│ ---                 ┆ ---       ┆ ---    │
│ datetime[μs]        ┆ f64       ┆ f64    │
╞═════════════════════╪═══════════╪════════╡
│ 2025-05-25 00:00:10 ┆ 287.23    ┆ 91.88  │
│ 2025-05-25 00:00:20 ┆ 287.23    ┆ 91.78  │
│ 2025-05-25 00:00:30 ┆ 287.23    ┆ 91.5   │
│ 2025-05-25 00:00:40 ┆ 287.23    ┆ 91.12  │
│ 2025-05-25 00:00:50 ┆ 287.25    ┆ 91.14  │
│ …                   ┆ …         ┆ …      │
│ 2025-05-25 23:59:20 ┆ 283.49    ┆ 80.64  │
│ 2025-05-25 23:59:30 ┆ 283.47    ┆ 80.44  │
│ 2025-05-25 23:59:40 ┆ 283.49    ┆ 80.16  │
│ 2025-05-25 23:59:50 ┆ 283.49    ┆ 79.84  │
│ 2025-05-26 00:00:00 ┆ 283.49    ┆ 79.72  │
└─────────────────────┴───────────┴────────┘
[INFO] Correcting the 'time' variable in the NetCDF file.
<class 'netCDF4.Variable'>
float64 time(time)
    units: seconds since 1970-01-01 00:00:00
    standard_name: time
    long_name: Time (seconds since 1970-01-01 00:00:00)
    axis: T
    valid_min: 1748131210.0
    valid_max: 1748217600.0
    calendar: standard
unlimited dimensions: 
current shape = (8640,)
filling on, default _FillValue of 9.969209968386869e+36 used
Flagged 0 points where air_temperature < 245.0K as bad data (qc_flag = 2).
Found 0 points already flagged as bad data (flag=2)
QC flags successfully added to /gws/pw/j07/ncas_obs_vol2/cao/processing/ncas-temperature-rh-1/data/long-term/level1d/2025/stfc-temperature-rh-1_cao_20250525_surface-met_v1.1.nc.
Updated time units to 'seconds since 1970-01-01 00:00:00' in /gws/pw/j07/ncas_obs_vol2/cao/processing/ncas-temperature-rh-1/data/long-term/level1d/2025/stfc-temperature-rh-1_cao_20250525_surface-met_v1.1.nc
/gws/pw/j07/ncas_obs_vol2/cao/raw_data/met_cao/data/long-term/2025/202505/CR1000XSeries_Chilbolton_Rxcabinmet1_20250526.dat
Parsed column names: ['TIMESTAMP', 'RECORD', 'BattV_Avg', 'PTemp_C_Avg', 'Air_T_Avg', 'RH_Avg', 'BP_mbar_Avg', 'WS_Avg', 'WD_Avg', 'SlrW_Avg', 'rg001dc_ch_Tot', 'rg006dc_ch_Tot', 'rg008dc_ch_Tot', 'rg009dc_ch_Tot', 'rg004tb_ch_Tot']
shape: (8_640, 3)
┌─────────────────────┬───────────┬────────┐
│ TIMESTAMP           ┆ Air_T_Avg ┆ RH_Avg │
│ ---                 ┆ ---       ┆ ---    │
│ datetime[μs]        ┆ f64       ┆ f64    │
╞═════════════════════╪═══════════╪════════╡
│ 2025-05-26 00:00:10 ┆ 283.49    ┆ 79.94  │
│ 2025-05-26 00:00:20 ┆ 283.49    ┆ 80.18  │
│ 2025-05-26 00:00:30 ┆ 283.47    ┆ 80.6   │
│ 2025-05-26 00:00:40 ┆ 283.47    ┆ 80.78  │
│ 2025-05-26 00:00:50 ┆ 283.47    ┆ 80.76  │
│ …                   ┆ …         ┆ …      │
│ 2025-05-26 23:59:20 ┆ 286.35    ┆ 91.08  │
│ 2025-05-26 23:59:30 ┆ 286.35    ┆ 91.02  │
│ 2025-05-26 23:59:40 ┆ 286.35    ┆ 91.04  │
│ 2025-05-26 23:59:50 ┆ 286.33    ┆ 91.16  │
│ 2025-05-27 00:00:00 ┆ 286.33    ┆ 91.32  │
└─────────────────────┴───────────┴────────┘
[INFO] Correcting the 'time' variable in the NetCDF file.
<class 'netCDF4.Variable'>
float64 time(time)
    units: seconds since 1970-01-01 00:00:00
    standard_name: time
    long_name: Time (seconds since 1970-01-01 00:00:00)
    axis: T
    valid_min: 1748217610.0
    valid_max: 1748304000.0
    calendar: standard
unlimited dimensions: 
current shape = (8640,)
filling on, default _FillValue of 9.969209968386869e+36 used
Flagged 0 points where air_temperature < 245.0K as bad data (qc_flag = 2).
Found 0 points already flagged as bad data (flag=2)
QC flags successfully added to /gws/pw/j07/ncas_obs_vol2/cao/processing/ncas-temperature-rh-1/data/long-term/level1d/2025/stfc-temperature-rh-1_cao_20250526_surface-met_v1.1.nc.
Updated time units to 'seconds since 1970-01-01 00:00:00' in /gws/pw/j07/ncas_obs_vol2/cao/processing/ncas-temperature-rh-1/data/long-term/level1d/2025/stfc-temperature-rh-1_cao_20250526_surface-met_v1.1.nc
/gws/pw/j07/ncas_obs_vol2/cao/raw_data/met_cao/data/long-term/2025/202505/CR1000XSeries_Chilbolton_Rxcabinmet1_20250527.dat
Parsed column names: ['TIMESTAMP', 'RECORD', 'BattV_Avg', 'PTemp_C_Avg', 'Air_T_Avg', 'RH_Avg', 'BP_mbar_Avg', 'WS_Avg', 'WD_Avg', 'SlrW_Avg', 'rg001dc_ch_Tot', 'rg006dc_ch_Tot', 'rg008dc_ch_Tot', 'rg009dc_ch_Tot', 'rg004tb_ch_Tot']
shape: (8_640, 3)
┌─────────────────────┬───────────┬────────┐
│ TIMESTAMP           ┆ Air_T_Avg ┆ RH_Avg │
│ ---                 ┆ ---       ┆ ---    │
│ datetime[μs]        ┆ f64       ┆ f64    │
╞═════════════════════╪═══════════╪════════╡
│ 2025-05-27 00:00:10 ┆ 286.31    ┆ 91.36  │
│ 2025-05-27 00:00:20 ┆ 286.31    ┆ 91.44  │
│ 2025-05-27 00:00:30 ┆ 286.31    ┆ 91.54  │
│ 2025-05-27 00:00:40 ┆ 286.31    ┆ 91.7   │
│ 2025-05-27 00:00:50 ┆ 286.31    ┆ 91.74  │
│ …                   ┆ …         ┆ …      │
│ 2025-05-27 23:59:20 ┆ 287.63    ┆ 94.88  │
│ 2025-05-27 23:59:30 ┆ 287.61    ┆ 94.96  │
│ 2025-05-27 23:59:40 ┆ 287.61    ┆ 95.02  │
│ 2025-05-27 23:59:50 ┆ 287.61    ┆ 95.06  │
│ 2025-05-28 00:00:00 ┆ 287.61    ┆ 95.12  │
└─────────────────────┴───────────┴────────┘
[INFO] Correcting the 'time' variable in the NetCDF file.
<class 'netCDF4.Variable'>
float64 time(time)
    units: seconds since 1970-01-01 00:00:00
    standard_name: time
    long_name: Time (seconds since 1970-01-01 00:00:00)
    axis: T
    valid_min: 1748304010.0
    valid_max: 1748390400.0
    calendar: standard
unlimited dimensions: 
current shape = (8640,)
filling on, default _FillValue of 9.969209968386869e+36 used
Flagged 0 points where air_temperature < 245.0K as bad data (qc_flag = 2).
Found 0 points already flagged as bad data (flag=2)
QC flags successfully added to /gws/pw/j07/ncas_obs_vol2/cao/processing/ncas-temperature-rh-1/data/long-term/level1d/2025/stfc-temperature-rh-1_cao_20250527_surface-met_v1.1.nc.
Updated time units to 'seconds since 1970-01-01 00:00:00' in /gws/pw/j07/ncas_obs_vol2/cao/processing/ncas-temperature-rh-1/data/long-term/level1d/2025/stfc-temperature-rh-1_cao_20250527_surface-met_v1.1.nc
/gws/pw/j07/ncas_obs_vol2/cao/raw_data/met_cao/data/long-term/2025/202505/CR1000XSeries_Chilbolton_Rxcabinmet1_20250528.dat
Parsed column names: ['TIMESTAMP', 'RECORD', 'BattV_Avg', 'PTemp_C_Avg', 'Air_T_Avg', 'RH_Avg', 'BP_mbar_Avg', 'WS_Avg', 'WD_Avg', 'SlrW_Avg', 'rg001dc_ch_Tot', 'rg006dc_ch_Tot', 'rg008dc_ch_Tot', 'rg009dc_ch_Tot', 'rg004tb_ch_Tot']
shape: (8_640, 3)
┌─────────────────────┬───────────┬────────┐
│ TIMESTAMP           ┆ Air_T_Avg ┆ RH_Avg │
│ ---                 ┆ ---       ┆ ---    │
│ datetime[μs]        ┆ f64       ┆ f64    │
╞═════════════════════╪═══════════╪════════╡
│ 2025-05-28 00:00:10 ┆ 287.61    ┆ 95.06  │
│ 2025-05-28 00:00:20 ┆ 287.61    ┆ 94.94  │
│ 2025-05-28 00:00:30 ┆ 287.61    ┆ 94.8   │
│ 2025-05-28 00:00:40 ┆ 287.61    ┆ 94.72  │
│ 2025-05-28 00:00:50 ┆ 287.61    ┆ 94.66  │
│ …                   ┆ …         ┆ …      │
│ 2025-05-28 23:59:20 ┆ 285.79    ┆ 87.3   │
│ 2025-05-28 23:59:30 ┆ 285.79    ┆ 87.32  │
│ 2025-05-28 23:59:40 ┆ 285.79    ┆ 87.32  │
│ 2025-05-28 23:59:50 ┆ 285.79    ┆ 87.38  │
│ 2025-05-29 00:00:00 ┆ 285.79    ┆ 87.46  │
└─────────────────────┴───────────┴────────┘
[INFO] Correcting the 'time' variable in the NetCDF file.
<class 'netCDF4.Variable'>
float64 time(time)
    units: seconds since 1970-01-01 00:00:00
    standard_name: time
    long_name: Time (seconds since 1970-01-01 00:00:00)
    axis: T
    valid_min: 1748390410.0
    valid_max: 1748476800.0
    calendar: standard
unlimited dimensions: 
current shape = (8640,)
filling on, default _FillValue of 9.969209968386869e+36 used
Flagged 0 points where air_temperature < 245.0K as bad data (qc_flag = 2).
Found 0 points already flagged as bad data (flag=2)
QC flags successfully added to /gws/pw/j07/ncas_obs_vol2/cao/processing/ncas-temperature-rh-1/data/long-term/level1d/2025/stfc-temperature-rh-1_cao_20250528_surface-met_v1.1.nc.
Updated time units to 'seconds since 1970-01-01 00:00:00' in /gws/pw/j07/ncas_obs_vol2/cao/processing/ncas-temperature-rh-1/data/long-term/level1d/2025/stfc-temperature-rh-1_cao_20250528_surface-met_v1.1.nc
/gws/pw/j07/ncas_obs_vol2/cao/raw_data/met_cao/data/long-term/2025/202505/CR1000XSeries_Chilbolton_Rxcabinmet1_20250529.dat
Parsed column names: ['TIMESTAMP', 'RECORD', 'BattV_Avg', 'PTemp_C_Avg', 'Air_T_Avg', 'RH_Avg', 'BP_mbar_Avg', 'WS_Avg', 'WD_Avg', 'SlrW_Avg', 'rg001dc_ch_Tot', 'rg006dc_ch_Tot', 'rg008dc_ch_Tot', 'rg009dc_ch_Tot', 'rg004tb_ch_Tot']
shape: (8_640, 3)
┌─────────────────────┬───────────┬────────┐
│ TIMESTAMP           ┆ Air_T_Avg ┆ RH_Avg │
│ ---                 ┆ ---       ┆ ---    │
│ datetime[μs]        ┆ f64       ┆ f64    │
╞═════════════════════╪═══════════╪════════╡
│ 2025-05-29 00:00:10 ┆ 285.79    ┆ 87.52  │
│ 2025-05-29 00:00:20 ┆ 285.77    ┆ 87.62  │
│ 2025-05-29 00:00:30 ┆ 285.77    ┆ 87.66  │
│ 2025-05-29 00:00:40 ┆ 285.77    ┆ 87.7   │
│ 2025-05-29 00:00:50 ┆ 285.75    ┆ 87.8   │
│ …                   ┆ …         ┆ …      │
│ 2025-05-29 23:59:20 ┆ 287.65    ┆ 93.08  │
│ 2025-05-29 23:59:30 ┆ 287.67    ┆ 93.16  │
│ 2025-05-29 23:59:40 ┆ 287.67    ┆ 93.24  │
│ 2025-05-29 23:59:50 ┆ 287.67    ┆ 93.4   │
│ 2025-05-30 00:00:00 ┆ 287.67    ┆ 93.4   │
└─────────────────────┴───────────┴────────┘
[INFO] Correcting the 'time' variable in the NetCDF file.
<class 'netCDF4.Variable'>
float64 time(time)
    units: seconds since 1970-01-01 00:00:00
    standard_name: time
    long_name: Time (seconds since 1970-01-01 00:00:00)
    axis: T
    valid_min: 1748476810.0
    valid_max: 1748563200.0
    calendar: standard
unlimited dimensions: 
current shape = (8640,)
filling on, default _FillValue of 9.969209968386869e+36 used
Flagged 0 points where air_temperature < 245.0K as bad data (qc_flag = 2).
Found 0 points already flagged as bad data (flag=2)
QC flags successfully added to /gws/pw/j07/ncas_obs_vol2/cao/processing/ncas-temperature-rh-1/data/long-term/level1d/2025/stfc-temperature-rh-1_cao_20250529_surface-met_v1.1.nc.
Updated time units to 'seconds since 1970-01-01 00:00:00' in /gws/pw/j07/ncas_obs_vol2/cao/processing/ncas-temperature-rh-1/data/long-term/level1d/2025/stfc-temperature-rh-1_cao_20250529_surface-met_v1.1.nc
/gws/pw/j07/ncas_obs_vol2/cao/raw_data/met_cao/data/long-term/2025/202505/CR1000XSeries_Chilbolton_Rxcabinmet1_20250530.dat
Parsed column names: ['TIMESTAMP', 'RECORD', 'BattV_Avg', 'PTemp_C_Avg', 'Air_T_Avg', 'RH_Avg', 'BP_mbar_Avg', 'WS_Avg', 'WD_Avg', 'SlrW_Avg', 'rg001dc_ch_Tot', 'rg006dc_ch_Tot', 'rg008dc_ch_Tot', 'rg009dc_ch_Tot', 'rg004tb_ch_Tot']
shape: (8_640, 3)
┌─────────────────────┬───────────┬────────┐
│ TIMESTAMP           ┆ Air_T_Avg ┆ RH_Avg │
│ ---                 ┆ ---       ┆ ---    │
│ datetime[μs]        ┆ f64       ┆ f64    │
╞═════════════════════╪═══════════╪════════╡
│ 2025-05-30 00:00:10 ┆ 287.67    ┆ 93.36  │
│ 2025-05-30 00:00:20 ┆ 287.67    ┆ 93.32  │
│ 2025-05-30 00:00:30 ┆ 287.67    ┆ 93.28  │
│ 2025-05-30 00:00:40 ┆ 287.67    ┆ 93.22  │
│ 2025-05-30 00:00:50 ┆ 287.67    ┆ 93.22  │
│ …                   ┆ …         ┆ …      │
│ 2025-05-30 23:59:20 ┆ 287.59    ┆ 93.68  │
│ 2025-05-30 23:59:30 ┆ 287.57    ┆ 93.8   │
│ 2025-05-30 23:59:40 ┆ 287.57    ┆ 93.94  │
│ 2025-05-30 23:59:50 ┆ 287.57    ┆ 94.02  │
│ 2025-05-31 00:00:00 ┆ 287.59    ┆ 94.16  │
└─────────────────────┴───────────┴────────┘
[INFO] Correcting the 'time' variable in the NetCDF file.
<class 'netCDF4.Variable'>
float64 time(time)
    units: seconds since 1970-01-01 00:00:00
    standard_name: time
    long_name: Time (seconds since 1970-01-01 00:00:00)
    axis: T
    valid_min: 1748563210.0
    valid_max: 1748649600.0
    calendar: standard
unlimited dimensions: 
current shape = (8640,)
filling on, default _FillValue of 9.969209968386869e+36 used
Flagged 0 points where air_temperature < 245.0K as bad data (qc_flag = 2).
Found 0 points already flagged as bad data (flag=2)
QC flags successfully added to /gws/pw/j07/ncas_obs_vol2/cao/processing/ncas-temperature-rh-1/data/long-term/level1d/2025/stfc-temperature-rh-1_cao_20250530_surface-met_v1.1.nc.
Updated time units to 'seconds since 1970-01-01 00:00:00' in /gws/pw/j07/ncas_obs_vol2/cao/processing/ncas-temperature-rh-1/data/long-term/level1d/2025/stfc-temperature-rh-1_cao_20250530_surface-met_v1.1.nc
/gws/pw/j07/ncas_obs_vol2/cao/raw_data/met_cao/data/long-term/2025/202505/CR1000XSeries_Chilbolton_Rxcabinmet1_20250531.dat
Parsed column names: ['TIMESTAMP', 'RECORD', 'BattV_Avg', 'PTemp_C_Avg', 'Air_T_Avg', 'RH_Avg', 'BP_mbar_Avg', 'WS_Avg', 'WD_Avg', 'SlrW_Avg', 'rg001dc_ch_Tot', 'rg006dc_ch_Tot', 'rg008dc_ch_Tot', 'rg009dc_ch_Tot', 'rg004tb_ch_Tot']
shape: (8_640, 3)
┌─────────────────────┬───────────┬────────┐
│ TIMESTAMP           ┆ Air_T_Avg ┆ RH_Avg │
│ ---                 ┆ ---       ┆ ---    │
│ datetime[μs]        ┆ f64       ┆ f64    │
╞═════════════════════╪═══════════╪════════╡
│ 2025-05-31 00:00:10 ┆ 287.59    ┆ 94.14  │
│ 2025-05-31 00:00:20 ┆ 287.61    ┆ 94.08  │
│ 2025-05-31 00:00:30 ┆ 287.61    ┆ 93.96  │
│ 2025-05-31 00:00:40 ┆ 287.61    ┆ 93.86  │
│ 2025-05-31 00:00:50 ┆ 287.61    ┆ 93.78  │
│ …                   ┆ …         ┆ …      │
│ 2025-05-31 23:59:20 ┆ 285.07    ┆ 89.24  │
│ 2025-05-31 23:59:30 ┆ 285.09    ┆ 89.3   │
│ 2025-05-31 23:59:40 ┆ 285.09    ┆ 89.52  │
│ 2025-05-31 23:59:50 ┆ 285.09    ┆ 89.7   │
│ 2025-06-01 00:00:00 ┆ 285.07    ┆ 90.2   │
└─────────────────────┴───────────┴────────┘
[INFO] Correcting the 'time' variable in the NetCDF file.
<class 'netCDF4.Variable'>
float64 time(time)
    units: seconds since 1970-01-01 00:00:00
    standard_name: time
    long_name: Time (seconds since 1970-01-01 00:00:00)
    axis: T
    valid_min: 1748649610.0
    valid_max: 1748736000.0
    calendar: standard
unlimited dimensions: 
current shape = (8640,)
filling on, default _FillValue of 9.969209968386869e+36 used
Flagged 0 points where air_temperature < 245.0K as bad data (qc_flag = 2).
Found 0 points already flagged as bad data (flag=2)
QC flags successfully added to /gws/pw/j07/ncas_obs_vol2/cao/processing/ncas-temperature-rh-1/data/long-term/level1d/2025/stfc-temperature-rh-1_cao_20250531_surface-met_v1.1.nc.
Updated time units to 'seconds since 1970-01-01 00:00:00' in /gws/pw/j07/ncas_obs_vol2/cao/processing/ncas-temperature-rh-1/data/long-term/level1d/2025/stfc-temperature-rh-1_cao_20250531_surface-met_v1.1.nc
/gws/pw/j07/ncas_obs_vol2/cao/raw_data/met_cao/data/long-term/2025/202506/CR1000XSeries_Chilbolton_Rxcabinmet1_20250601.dat
Parsed column names: ['TIMESTAMP', 'RECORD', 'BattV_Avg', 'PTemp_C_Avg', 'Air_T_Avg', 'RH_Avg', 'BP_mbar_Avg', 'WS_Avg', 'WD_Avg', 'SlrW_Avg', 'rg001dc_ch_Tot', 'rg006dc_ch_Tot', 'rg008dc_ch_Tot', 'rg009dc_ch_Tot', 'rg004tb_ch_Tot']
shape: (8_640, 3)
┌─────────────────────┬───────────┬────────┐
│ TIMESTAMP           ┆ Air_T_Avg ┆ RH_Avg │
│ ---                 ┆ ---       ┆ ---    │
│ datetime[μs]        ┆ f64       ┆ f64    │
╞═════════════════════╪═══════════╪════════╡
│ 2025-06-01 00:00:10 ┆ 285.07    ┆ 90.38  │
│ 2025-06-01 00:00:20 ┆ 285.05    ┆ 90.24  │
│ 2025-06-01 00:00:30 ┆ 285.05    ┆ 90.04  │
│ 2025-06-01 00:00:40 ┆ 285.05    ┆ 89.8   │
│ 2025-06-01 00:00:50 ┆ 285.03    ┆ 89.44  │
│ …                   ┆ …         ┆ …      │
│ 2025-06-01 23:59:20 ┆ 283.45    ┆ 94.6   │
│ 2025-06-01 23:59:30 ┆ 283.45    ┆ 94.02  │
│ 2025-06-01 23:59:40 ┆ 283.45    ┆ 94.02  │
│ 2025-06-01 23:59:50 ┆ 283.45    ┆ 94.16  │
│ 2025-06-02 00:00:00 ┆ 283.45    ┆ 94.46  │
└─────────────────────┴───────────┴────────┘
[INFO] Correcting the 'time' variable in the NetCDF file.
<class 'netCDF4.Variable'>
float64 time(time)
    units: seconds since 1970-01-01 00:00:00
    standard_name: time
    long_name: Time (seconds since 1970-01-01 00:00:00)
    axis: T
    valid_min: 1748736010.0
    valid_max: 1748822400.0
    calendar: standard
unlimited dimensions: 
current shape = (8640,)
filling on, default _FillValue of 9.969209968386869e+36 used
Flagged 0 points where air_temperature < 245.0K as bad data (qc_flag = 2).
Found 0 points already flagged as bad data (flag=2)
QC flags successfully added to /gws/pw/j07/ncas_obs_vol2/cao/processing/ncas-temperature-rh-1/data/long-term/level1d/2025/stfc-temperature-rh-1_cao_20250601_surface-met_v1.1.nc.
Updated time units to 'seconds since 1970-01-01 00:00:00' in /gws/pw/j07/ncas_obs_vol2/cao/processing/ncas-temperature-rh-1/data/long-term/level1d/2025/stfc-temperature-rh-1_cao_20250601_surface-met_v1.1.nc
/gws/pw/j07/ncas_obs_vol2/cao/raw_data/met_cao/data/long-term/2025/202506/CR1000XSeries_Chilbolton_Rxcabinmet1_20250602.dat
Parsed column names: ['TIMESTAMP', 'RECORD', 'BattV_Avg', 'PTemp_C_Avg', 'Air_T_Avg', 'RH_Avg', 'BP_mbar_Avg', 'WS_Avg', 'WD_Avg', 'SlrW_Avg', 'rg001dc_ch_Tot', 'rg006dc_ch_Tot', 'rg008dc_ch_Tot', 'rg009dc_ch_Tot', 'rg004tb_ch_Tot']
shape: (8_640, 3)
┌─────────────────────┬───────────┬────────┐
│ TIMESTAMP           ┆ Air_T_Avg ┆ RH_Avg │
│ ---                 ┆ ---       ┆ ---    │
│ datetime[μs]        ┆ f64       ┆ f64    │
╞═════════════════════╪═══════════╪════════╡
│ 2025-06-02 00:00:10 ┆ 283.43    ┆ 95.06  │
│ 2025-06-02 00:00:20 ┆ 283.41    ┆ 95.38  │
│ 2025-06-02 00:00:30 ┆ 283.41    ┆ 95.4   │
│ 2025-06-02 00:00:40 ┆ 283.45    ┆ 95.02  │
│ 2025-06-02 00:00:50 ┆ 283.51    ┆ 94.42  │
│ …                   ┆ …         ┆ …      │
│ 2025-06-02 23:59:20 ┆ 283.63    ┆ 92.78  │
│ 2025-06-02 23:59:30 ┆ 283.63    ┆ 93.0   │
│ 2025-06-02 23:59:40 ┆ 283.59    ┆ 93.28  │
│ 2025-06-02 23:59:50 ┆ 283.59    ┆ 93.34  │
│ 2025-06-03 00:00:00 ┆ 283.57    ┆ 93.34  │
└─────────────────────┴───────────┴────────┘
[INFO] Correcting the 'time' variable in the NetCDF file.
<class 'netCDF4.Variable'>
float64 time(time)
    units: seconds since 1970-01-01 00:00:00
    standard_name: time
    long_name: Time (seconds since 1970-01-01 00:00:00)
    axis: T
    valid_min: 1748822410.0
    valid_max: 1748908800.0
    calendar: standard
unlimited dimensions: 
current shape = (8640,)
filling on, default _FillValue of 9.969209968386869e+36 used
Flagged 0 points where air_temperature < 245.0K as bad data (qc_flag = 2).
Found 0 points already flagged as bad data (flag=2)
QC flags successfully added to /gws/pw/j07/ncas_obs_vol2/cao/processing/ncas-temperature-rh-1/data/long-term/level1d/2025/stfc-temperature-rh-1_cao_20250602_surface-met_v1.1.nc.
Updated time units to 'seconds since 1970-01-01 00:00:00' in /gws/pw/j07/ncas_obs_vol2/cao/processing/ncas-temperature-rh-1/data/long-term/level1d/2025/stfc-temperature-rh-1_cao_20250602_surface-met_v1.1.nc
/gws/pw/j07/ncas_obs_vol2/cao/raw_data/met_cao/data/long-term/2025/202506/CR1000XSeries_Chilbolton_Rxcabinmet1_20250603.dat
Parsed column names: ['TIMESTAMP', 'RECORD', 'BattV_Avg', 'PTemp_C_Avg', 'Air_T_Avg', 'RH_Avg', 'BP_mbar_Avg', 'WS_Avg', 'WD_Avg', 'SlrW_Avg', 'rg001dc_ch_Tot', 'rg006dc_ch_Tot', 'rg008dc_ch_Tot', 'rg009dc_ch_Tot', 'rg004tb_ch_Tot']
shape: (8_640, 3)
┌─────────────────────┬───────────┬────────┐
│ TIMESTAMP           ┆ Air_T_Avg ┆ RH_Avg │
│ ---                 ┆ ---       ┆ ---    │
│ datetime[μs]        ┆ f64       ┆ f64    │
╞═════════════════════╪═══════════╪════════╡
│ 2025-06-03 00:00:10 ┆ 283.57    ┆ 93.32  │
│ 2025-06-03 00:00:20 ┆ 283.59    ┆ 93.18  │
│ 2025-06-03 00:00:30 ┆ 283.59    ┆ 92.98  │
│ 2025-06-03 00:00:40 ┆ 283.61    ┆ 92.86  │
│ 2025-06-03 00:00:50 ┆ 283.61    ┆ 92.82  │
│ …                   ┆ …         ┆ …      │
│ 2025-06-03 23:59:20 ┆ 282.99    ┆ 85.86  │
│ 2025-06-03 23:59:30 ┆ 282.99    ┆ 85.7   │
│ 2025-06-03 23:59:40 ┆ 282.99    ┆ 85.64  │
│ 2025-06-03 23:59:50 ┆ 282.99    ┆ 85.66  │
│ 2025-06-04 00:00:00 ┆ 282.99    ┆ 85.74  │
└─────────────────────┴───────────┴────────┘
[INFO] Correcting the 'time' variable in the NetCDF file.
<class 'netCDF4.Variable'>
float64 time(time)
    units: seconds since 1970-01-01 00:00:00
    standard_name: time
    long_name: Time (seconds since 1970-01-01 00:00:00)
    axis: T
    valid_min: 1748908810.0
    valid_max: 1748995200.0
    calendar: standard
unlimited dimensions: 
current shape = (8640,)
filling on, default _FillValue of 9.969209968386869e+36 used
Flagged 0 points where air_temperature < 245.0K as bad data (qc_flag = 2).
Found 0 points already flagged as bad data (flag=2)
QC flags successfully added to /gws/pw/j07/ncas_obs_vol2/cao/processing/ncas-temperature-rh-1/data/long-term/level1d/2025/stfc-temperature-rh-1_cao_20250603_surface-met_v1.1.nc.
Updated time units to 'seconds since 1970-01-01 00:00:00' in /gws/pw/j07/ncas_obs_vol2/cao/processing/ncas-temperature-rh-1/data/long-term/level1d/2025/stfc-temperature-rh-1_cao_20250603_surface-met_v1.1.nc
/gws/pw/j07/ncas_obs_vol2/cao/raw_data/met_cao/data/long-term/2025/202506/CR1000XSeries_Chilbolton_Rxcabinmet1_20250604.dat
Parsed column names: ['TIMESTAMP', 'RECORD', 'BattV_Avg', 'PTemp_C_Avg', 'Air_T_Avg', 'RH_Avg', 'BP_mbar_Avg', 'WS_Avg', 'WD_Avg', 'SlrW_Avg', 'rg001dc_ch_Tot', 'rg006dc_ch_Tot', 'rg008dc_ch_Tot', 'rg009dc_ch_Tot', 'rg004tb_ch_Tot']
shape: (8_640, 3)
┌─────────────────────┬───────────┬────────┐
│ TIMESTAMP           ┆ Air_T_Avg ┆ RH_Avg │
│ ---                 ┆ ---       ┆ ---    │
│ datetime[μs]        ┆ f64       ┆ f64    │
╞═════════════════════╪═══════════╪════════╡
│ 2025-06-04 00:00:10 ┆ 283.01    ┆ 85.8   │
│ 2025-06-04 00:00:20 ┆ 283.01    ┆ 85.92  │
│ 2025-06-04 00:00:30 ┆ 283.01    ┆ 86.08  │
│ 2025-06-04 00:00:40 ┆ 283.01    ┆ 86.12  │
│ 2025-06-04 00:00:50 ┆ 283.01    ┆ 86.04  │
│ …                   ┆ …         ┆ …      │
│ 2025-06-04 23:59:20 ┆ 284.67    ┆ 91.74  │
│ 2025-06-04 23:59:30 ┆ 284.65    ┆ 91.76  │
│ 2025-06-04 23:59:40 ┆ 284.65    ┆ 91.76  │
│ 2025-06-04 23:59:50 ┆ 284.65    ┆ 91.66  │
│ 2025-06-05 00:00:00 ┆ 284.65    ┆ 91.5   │
└─────────────────────┴───────────┴────────┘
[INFO] Correcting the 'time' variable in the NetCDF file.
<class 'netCDF4.Variable'>
float64 time(time)
    units: seconds since 1970-01-01 00:00:00
    standard_name: time
    long_name: Time (seconds since 1970-01-01 00:00:00)
    axis: T
    valid_min: 1748995210.0
    valid_max: 1749081600.0
    calendar: standard
unlimited dimensions: 
current shape = (8640,)
filling on, default _FillValue of 9.969209968386869e+36 used
Flagged 0 points where air_temperature < 245.0K as bad data (qc_flag = 2).
Found 0 points already flagged as bad data (flag=2)
QC flags successfully added to /gws/pw/j07/ncas_obs_vol2/cao/processing/ncas-temperature-rh-1/data/long-term/level1d/2025/stfc-temperature-rh-1_cao_20250604_surface-met_v1.1.nc.
Updated time units to 'seconds since 1970-01-01 00:00:00' in /gws/pw/j07/ncas_obs_vol2/cao/processing/ncas-temperature-rh-1/data/long-term/level1d/2025/stfc-temperature-rh-1_cao_20250604_surface-met_v1.1.nc
/gws/pw/j07/ncas_obs_vol2/cao/raw_data/met_cao/data/long-term/2025/202506/CR1000XSeries_Chilbolton_Rxcabinmet1_20250605.dat
Parsed column names: ['TIMESTAMP', 'RECORD', 'BattV_Avg', 'PTemp_C_Avg', 'Air_T_Avg', 'RH_Avg', 'BP_mbar_Avg', 'WS_Avg', 'WD_Avg', 'SlrW_Avg', 'rg001dc_ch_Tot', 'rg006dc_ch_Tot', 'rg008dc_ch_Tot', 'rg009dc_ch_Tot', 'rg004tb_ch_Tot']
shape: (8_640, 3)
┌─────────────────────┬───────────┬────────┐
│ TIMESTAMP           ┆ Air_T_Avg ┆ RH_Avg │
│ ---                 ┆ ---       ┆ ---    │
│ datetime[μs]        ┆ f64       ┆ f64    │
╞═════════════════════╪═══════════╪════════╡
│ 2025-06-05 00:00:10 ┆ 284.65    ┆ 91.34  │
│ 2025-06-05 00:00:20 ┆ 284.67    ┆ 91.26  │
│ 2025-06-05 00:00:30 ┆ 284.69    ┆ 91.24  │
│ 2025-06-05 00:00:40 ┆ 284.71    ┆ 91.24  │
│ 2025-06-05 00:00:50 ┆ 284.71    ┆ 91.34  │
│ …                   ┆ …         ┆ …      │
│ 2025-06-05 23:59:20 ┆ 283.39    ┆ 94.2   │
│ 2025-06-05 23:59:30 ┆ 283.39    ┆ 94.04  │
│ 2025-06-05 23:59:40 ┆ 283.37    ┆ 93.88  │
│ 2025-06-05 23:59:50 ┆ 283.35    ┆ 93.52  │
│ 2025-06-06 00:00:00 ┆ 283.37    ┆ 93.2   │
└─────────────────────┴───────────┴────────┘
[INFO] Correcting the 'time' variable in the NetCDF file.
<class 'netCDF4.Variable'>
float64 time(time)
    units: seconds since 1970-01-01 00:00:00
    standard_name: time
    long_name: Time (seconds since 1970-01-01 00:00:00)
    axis: T
    valid_min: 1749081610.0
    valid_max: 1749168000.0
    calendar: standard
unlimited dimensions: 
current shape = (8640,)
filling on, default _FillValue of 9.969209968386869e+36 used
Flagged 0 points where air_temperature < 245.0K as bad data (qc_flag = 2).
Found 0 points already flagged as bad data (flag=2)
QC flags successfully added to /gws/pw/j07/ncas_obs_vol2/cao/processing/ncas-temperature-rh-1/data/long-term/level1d/2025/stfc-temperature-rh-1_cao_20250605_surface-met_v1.1.nc.
Updated time units to 'seconds since 1970-01-01 00:00:00' in /gws/pw/j07/ncas_obs_vol2/cao/processing/ncas-temperature-rh-1/data/long-term/level1d/2025/stfc-temperature-rh-1_cao_20250605_surface-met_v1.1.nc
/gws/pw/j07/ncas_obs_vol2/cao/raw_data/met_cao/data/long-term/2025/202506/CR1000XSeries_Chilbolton_Rxcabinmet1_20250606.dat
Parsed column names: ['TIMESTAMP', 'RECORD', 'BattV_Avg', 'PTemp_C_Avg', 'Air_T_Avg', 'RH_Avg', 'BP_mbar_Avg', 'WS_Avg', 'WD_Avg', 'SlrW_Avg', 'rg001dc_ch_Tot', 'rg006dc_ch_Tot', 'rg008dc_ch_Tot', 'rg009dc_ch_Tot', 'rg004tb_ch_Tot']
shape: (8_640, 3)
┌─────────────────────┬───────────┬────────┐
│ TIMESTAMP           ┆ Air_T_Avg ┆ RH_Avg │
│ ---                 ┆ ---       ┆ ---    │
│ datetime[μs]        ┆ f64       ┆ f64    │
╞═════════════════════╪═══════════╪════════╡
│ 2025-06-06 00:00:10 ┆ 283.37    ┆ 93.2   │
│ 2025-06-06 00:00:20 ┆ 283.37    ┆ 93.28  │
│ 2025-06-06 00:00:30 ┆ 283.37    ┆ 93.44  │
│ 2025-06-06 00:00:40 ┆ 283.37    ┆ 93.7   │
│ 2025-06-06 00:00:50 ┆ 283.35    ┆ 94.14  │
│ …                   ┆ …         ┆ …      │
│ 2025-06-06 23:59:20 ┆ 284.53    ┆ 96.06  │
│ 2025-06-06 23:59:30 ┆ 284.51    ┆ 95.98  │
│ 2025-06-06 23:59:40 ┆ 284.51    ┆ 95.78  │
│ 2025-06-06 23:59:50 ┆ 284.51    ┆ 95.56  │
│ 2025-06-07 00:00:00 ┆ 284.51    ┆ 95.54  │
└─────────────────────┴───────────┴────────┘
[INFO] Correcting the 'time' variable in the NetCDF file.
<class 'netCDF4.Variable'>
float64 time(time)
    units: seconds since 1970-01-01 00:00:00
    standard_name: time
    long_name: Time (seconds since 1970-01-01 00:00:00)
    axis: T
    valid_min: 1749168010.0
    valid_max: 1749254400.0
    calendar: standard
unlimited dimensions: 
current shape = (8640,)
filling on, default _FillValue of 9.969209968386869e+36 used
Flagged 0 points where air_temperature < 245.0K as bad data (qc_flag = 2).
Found 0 points already flagged as bad data (flag=2)
QC flags successfully added to /gws/pw/j07/ncas_obs_vol2/cao/processing/ncas-temperature-rh-1/data/long-term/level1d/2025/stfc-temperature-rh-1_cao_20250606_surface-met_v1.1.nc.
Updated time units to 'seconds since 1970-01-01 00:00:00' in /gws/pw/j07/ncas_obs_vol2/cao/processing/ncas-temperature-rh-1/data/long-term/level1d/2025/stfc-temperature-rh-1_cao_20250606_surface-met_v1.1.nc
/gws/pw/j07/ncas_obs_vol2/cao/raw_data/met_cao/data/long-term/2025/202506/CR1000XSeries_Chilbolton_Rxcabinmet1_20250607.dat
Parsed column names: ['TIMESTAMP', 'RECORD', 'BattV_Avg', 'PTemp_C_Avg', 'Air_T_Avg', 'RH_Avg', 'BP_mbar_Avg', 'WS_Avg', 'WD_Avg', 'SlrW_Avg', 'rg001dc_ch_Tot', 'rg006dc_ch_Tot', 'rg008dc_ch_Tot', 'rg009dc_ch_Tot', 'rg004tb_ch_Tot']
shape: (8_640, 3)
┌─────────────────────┬───────────┬────────┐
│ TIMESTAMP           ┆ Air_T_Avg ┆ RH_Avg │
│ ---                 ┆ ---       ┆ ---    │
│ datetime[μs]        ┆ f64       ┆ f64    │
╞═════════════════════╪═══════════╪════════╡
│ 2025-06-07 00:00:10 ┆ 284.51    ┆ 95.64  │
│ 2025-06-07 00:00:20 ┆ 284.51    ┆ 95.78  │
│ 2025-06-07 00:00:30 ┆ 284.51    ┆ 96.04  │
│ 2025-06-07 00:00:40 ┆ 284.51    ┆ 96.22  │
│ 2025-06-07 00:00:50 ┆ 284.51    ┆ 96.24  │
│ …                   ┆ …         ┆ …      │
│ 2025-06-07 23:59:20 ┆ 281.81    ┆ 91.9   │
│ 2025-06-07 23:59:30 ┆ 281.81    ┆ 92.36  │
│ 2025-06-07 23:59:40 ┆ 281.79    ┆ 92.98  │
│ 2025-06-07 23:59:50 ┆ 281.79    ┆ 93.22  │
│ 2025-06-08 00:00:00 ┆ 281.79    ┆ 93.18  │
└─────────────────────┴───────────┴────────┘
[INFO] Correcting the 'time' variable in the NetCDF file.
<class 'netCDF4.Variable'>
float64 time(time)
    units: seconds since 1970-01-01 00:00:00
    standard_name: time
    long_name: Time (seconds since 1970-01-01 00:00:00)
    axis: T
    valid_min: 1749254410.0
    valid_max: 1749340800.0
    calendar: standard
unlimited dimensions: 
current shape = (8640,)
filling on, default _FillValue of 9.969209968386869e+36 used
Flagged 0 points where air_temperature < 245.0K as bad data (qc_flag = 2).
Found 0 points already flagged as bad data (flag=2)
QC flags successfully added to /gws/pw/j07/ncas_obs_vol2/cao/processing/ncas-temperature-rh-1/data/long-term/level1d/2025/stfc-temperature-rh-1_cao_20250607_surface-met_v1.1.nc.
Updated time units to 'seconds since 1970-01-01 00:00:00' in /gws/pw/j07/ncas_obs_vol2/cao/processing/ncas-temperature-rh-1/data/long-term/level1d/2025/stfc-temperature-rh-1_cao_20250607_surface-met_v1.1.nc
/gws/pw/j07/ncas_obs_vol2/cao/raw_data/met_cao/data/long-term/2025/202506/CR1000XSeries_Chilbolton_Rxcabinmet1_20250608.dat
Parsed column names: ['TIMESTAMP', 'RECORD', 'BattV_Avg', 'PTemp_C_Avg', 'Air_T_Avg', 'RH_Avg', 'BP_mbar_Avg', 'WS_Avg', 'WD_Avg', 'SlrW_Avg', 'rg001dc_ch_Tot', 'rg006dc_ch_Tot', 'rg008dc_ch_Tot', 'rg009dc_ch_Tot', 'rg004tb_ch_Tot']
shape: (8_640, 3)
┌─────────────────────┬───────────┬────────┐
│ TIMESTAMP           ┆ Air_T_Avg ┆ RH_Avg │
│ ---                 ┆ ---       ┆ ---    │
│ datetime[μs]        ┆ f64       ┆ f64    │
╞═════════════════════╪═══════════╪════════╡
│ 2025-06-08 00:00:10 ┆ 281.77    ┆ 93.02  │
│ 2025-06-08 00:00:20 ┆ 281.79    ┆ 92.58  │
│ 2025-06-08 00:00:30 ┆ 281.79    ┆ 92.06  │
│ 2025-06-08 00:00:40 ┆ 281.77    ┆ 91.86  │
│ 2025-06-08 00:00:50 ┆ 281.77    ┆ 92.14  │
│ …                   ┆ …         ┆ …      │
│ 2025-06-08 23:59:20 ┆ 284.09    ┆ 85.2   │
│ 2025-06-08 23:59:30 ┆ 284.09    ┆ 85.14  │
│ 2025-06-08 23:59:40 ┆ 284.13    ┆ 84.74  │
│ 2025-06-08 23:59:50 ┆ 284.15    ┆ 84.44  │
│ 2025-06-09 00:00:00 ┆ 284.17    ┆ 84.14  │
└─────────────────────┴───────────┴────────┘
[INFO] Correcting the 'time' variable in the NetCDF file.
<class 'netCDF4.Variable'>
float64 time(time)
    units: seconds since 1970-01-01 00:00:00
    standard_name: time
    long_name: Time (seconds since 1970-01-01 00:00:00)
    axis: T
    valid_min: 1749340810.0
    valid_max: 1749427200.0
    calendar: standard
unlimited dimensions: 
current shape = (8640,)
filling on, default _FillValue of 9.969209968386869e+36 used
Flagged 0 points where air_temperature < 245.0K as bad data (qc_flag = 2).
Found 0 points already flagged as bad data (flag=2)
QC flags successfully added to /gws/pw/j07/ncas_obs_vol2/cao/processing/ncas-temperature-rh-1/data/long-term/level1d/2025/stfc-temperature-rh-1_cao_20250608_surface-met_v1.1.nc.
Updated time units to 'seconds since 1970-01-01 00:00:00' in /gws/pw/j07/ncas_obs_vol2/cao/processing/ncas-temperature-rh-1/data/long-term/level1d/2025/stfc-temperature-rh-1_cao_20250608_surface-met_v1.1.nc
/gws/pw/j07/ncas_obs_vol2/cao/raw_data/met_cao/data/long-term/2025/202506/CR1000XSeries_Chilbolton_Rxcabinmet1_20250609.dat
Parsed column names: ['TIMESTAMP', 'RECORD', 'BattV_Avg', 'PTemp_C_Avg', 'Air_T_Avg', 'RH_Avg', 'BP_mbar_Avg', 'WS_Avg', 'WD_Avg', 'SlrW_Avg', 'rg001dc_ch_Tot', 'rg006dc_ch_Tot', 'rg008dc_ch_Tot', 'rg009dc_ch_Tot', 'rg004tb_ch_Tot']
shape: (8_640, 3)
┌─────────────────────┬───────────┬────────┐
│ TIMESTAMP           ┆ Air_T_Avg ┆ RH_Avg │
│ ---                 ┆ ---       ┆ ---    │
│ datetime[μs]        ┆ f64       ┆ f64    │
╞═════════════════════╪═══════════╪════════╡
│ 2025-06-09 00:00:10 ┆ 284.19    ┆ 83.96  │
│ 2025-06-09 00:00:20 ┆ 284.19    ┆ 84.08  │
│ 2025-06-09 00:00:30 ┆ 284.17    ┆ 84.3   │
│ 2025-06-09 00:00:40 ┆ 284.17    ┆ 84.6   │
│ 2025-06-09 00:00:50 ┆ 284.15    ┆ 84.8   │
│ …                   ┆ …         ┆ …      │
│ 2025-06-09 23:59:20 ┆ 286.77    ┆ 83.0   │
│ 2025-06-09 23:59:30 ┆ 286.77    ┆ 83.04  │
│ 2025-06-09 23:59:40 ┆ 286.75    ┆ 83.08  │
│ 2025-06-09 23:59:50 ┆ 286.75    ┆ 83.08  │
│ 2025-06-10 00:00:00 ┆ 286.75    ┆ 83.12  │
└─────────────────────┴───────────┴────────┘
[INFO] Correcting the 'time' variable in the NetCDF file.
<class 'netCDF4.Variable'>
float64 time(time)
    units: seconds since 1970-01-01 00:00:00
    standard_name: time
    long_name: Time (seconds since 1970-01-01 00:00:00)
    axis: T
    valid_min: 1749427210.0
    valid_max: 1749513600.0
    calendar: standard
unlimited dimensions: 
current shape = (8640,)
filling on, default _FillValue of 9.969209968386869e+36 used
Flagged 0 points where air_temperature < 245.0K as bad data (qc_flag = 2).
Found 0 points already flagged as bad data (flag=2)
QC flags successfully added to /gws/pw/j07/ncas_obs_vol2/cao/processing/ncas-temperature-rh-1/data/long-term/level1d/2025/stfc-temperature-rh-1_cao_20250609_surface-met_v1.1.nc.
Updated time units to 'seconds since 1970-01-01 00:00:00' in /gws/pw/j07/ncas_obs_vol2/cao/processing/ncas-temperature-rh-1/data/long-term/level1d/2025/stfc-temperature-rh-1_cao_20250609_surface-met_v1.1.nc
/gws/pw/j07/ncas_obs_vol2/cao/raw_data/met_cao/data/long-term/2025/202506/CR1000XSeries_Chilbolton_Rxcabinmet1_20250610.dat
Parsed column names: ['TIMESTAMP', 'RECORD', 'BattV_Avg', 'PTemp_C_Avg', 'Air_T_Avg', 'RH_Avg', 'BP_mbar_Avg', 'WS_Avg', 'WD_Avg', 'SlrW_Avg', 'rg001dc_ch_Tot', 'rg006dc_ch_Tot', 'rg008dc_ch_Tot', 'rg009dc_ch_Tot', 'rg004tb_ch_Tot']
shape: (8_640, 3)
┌─────────────────────┬───────────┬────────┐
│ TIMESTAMP           ┆ Air_T_Avg ┆ RH_Avg │
│ ---                 ┆ ---       ┆ ---    │
│ datetime[μs]        ┆ f64       ┆ f64    │
╞═════════════════════╪═══════════╪════════╡
│ 2025-06-10 00:00:10 ┆ 286.75    ┆ 83.16  │
│ 2025-06-10 00:00:20 ┆ 286.75    ┆ 83.22  │
│ 2025-06-10 00:00:30 ┆ 286.73    ┆ 83.32  │
│ 2025-06-10 00:00:40 ┆ 286.73    ┆ 83.4   │
│ 2025-06-10 00:00:50 ┆ 286.73    ┆ 83.38  │
│ …                   ┆ …         ┆ …      │
│ 2025-06-10 23:59:20 ┆ 286.11    ┆ 94.22  │
│ 2025-06-10 23:59:30 ┆ 286.11    ┆ 93.98  │
│ 2025-06-10 23:59:40 ┆ 286.07    ┆ 93.76  │
│ 2025-06-10 23:59:50 ┆ 286.03    ┆ 93.82  │
│ 2025-06-11 00:00:00 ┆ 285.95    ┆ 94.16  │
└─────────────────────┴───────────┴────────┘
[INFO] Correcting the 'time' variable in the NetCDF file.
<class 'netCDF4.Variable'>
float64 time(time)
    units: seconds since 1970-01-01 00:00:00
    standard_name: time
    long_name: Time (seconds since 1970-01-01 00:00:00)
    axis: T
    valid_min: 1749513610.0
    valid_max: 1749600000.0
    calendar: standard
unlimited dimensions: 
current shape = (8640,)
filling on, default _FillValue of 9.969209968386869e+36 used
Flagged 0 points where air_temperature < 245.0K as bad data (qc_flag = 2).
Found 0 points already flagged as bad data (flag=2)
QC flags successfully added to /gws/pw/j07/ncas_obs_vol2/cao/processing/ncas-temperature-rh-1/data/long-term/level1d/2025/stfc-temperature-rh-1_cao_20250610_surface-met_v1.1.nc.
Updated time units to 'seconds since 1970-01-01 00:00:00' in /gws/pw/j07/ncas_obs_vol2/cao/processing/ncas-temperature-rh-1/data/long-term/level1d/2025/stfc-temperature-rh-1_cao_20250610_surface-met_v1.1.nc
/gws/pw/j07/ncas_obs_vol2/cao/raw_data/met_cao/data/long-term/2025/202506/CR1000XSeries_Chilbolton_Rxcabinmet1_20250611.dat
Parsed column names: ['TIMESTAMP', 'RECORD', 'BattV_Avg', 'PTemp_C_Avg', 'Air_T_Avg', 'RH_Avg', 'BP_mbar_Avg', 'WS_Avg', 'WD_Avg', 'SlrW_Avg', 'rg001dc_ch_Tot', 'rg006dc_ch_Tot', 'rg008dc_ch_Tot', 'rg009dc_ch_Tot', 'rg004tb_ch_Tot']
shape: (8_640, 3)
┌─────────────────────┬───────────┬────────┐
│ TIMESTAMP           ┆ Air_T_Avg ┆ RH_Avg │
│ ---                 ┆ ---       ┆ ---    │
│ datetime[μs]        ┆ f64       ┆ f64    │
╞═════════════════════╪═══════════╪════════╡
│ 2025-06-11 00:00:10 ┆ 285.97    ┆ 94.0   │
│ 2025-06-11 00:00:20 ┆ 286.05    ┆ 93.64  │
│ 2025-06-11 00:00:30 ┆ 286.07    ┆ 93.8   │
│ 2025-06-11 00:00:40 ┆ 286.07    ┆ 94.1   │
│ 2025-06-11 00:00:50 ┆ 286.03    ┆ 94.48  │
│ …                   ┆ …         ┆ …      │
│ 2025-06-11 23:59:20 ┆ 286.73    ┆ 74.7   │
│ 2025-06-11 23:59:30 ┆ 286.73    ┆ 74.64  │
│ 2025-06-11 23:59:40 ┆ 286.79    ┆ 74.24  │
│ 2025-06-11 23:59:50 ┆ 286.81    ┆ 73.88  │
│ 2025-06-12 00:00:00 ┆ 286.83    ┆ 73.82  │
└─────────────────────┴───────────┴────────┘
[INFO] Correcting the 'time' variable in the NetCDF file.
<class 'netCDF4.Variable'>
float64 time(time)
    units: seconds since 1970-01-01 00:00:00
    standard_name: time
    long_name: Time (seconds since 1970-01-01 00:00:00)
    axis: T
    valid_min: 1749600010.0
    valid_max: 1749686400.0
    calendar: standard
unlimited dimensions: 
current shape = (8640,)
filling on, default _FillValue of 9.969209968386869e+36 used
Flagged 0 points where air_temperature < 245.0K as bad data (qc_flag = 2).
Found 0 points already flagged as bad data (flag=2)
QC flags successfully added to /gws/pw/j07/ncas_obs_vol2/cao/processing/ncas-temperature-rh-1/data/long-term/level1d/2025/stfc-temperature-rh-1_cao_20250611_surface-met_v1.1.nc.
Updated time units to 'seconds since 1970-01-01 00:00:00' in /gws/pw/j07/ncas_obs_vol2/cao/processing/ncas-temperature-rh-1/data/long-term/level1d/2025/stfc-temperature-rh-1_cao_20250611_surface-met_v1.1.nc
/gws/pw/j07/ncas_obs_vol2/cao/raw_data/met_cao/data/long-term/2025/202506/CR1000XSeries_Chilbolton_Rxcabinmet1_20250612.dat
Parsed column names: ['TIMESTAMP', 'RECORD', 'BattV_Avg', 'PTemp_C_Avg', 'Air_T_Avg', 'RH_Avg', 'BP_mbar_Avg', 'WS_Avg', 'WD_Avg', 'SlrW_Avg', 'rg001dc_ch_Tot', 'rg006dc_ch_Tot', 'rg008dc_ch_Tot', 'rg009dc_ch_Tot', 'rg004tb_ch_Tot']
shape: (8_640, 3)
┌─────────────────────┬───────────┬────────┐
│ TIMESTAMP           ┆ Air_T_Avg ┆ RH_Avg │
│ ---                 ┆ ---       ┆ ---    │
│ datetime[μs]        ┆ f64       ┆ f64    │
╞═════════════════════╪═══════════╪════════╡
│ 2025-06-12 00:00:10 ┆ 286.81    ┆ 73.8   │
│ 2025-06-12 00:00:20 ┆ 286.81    ┆ 73.8   │
│ 2025-06-12 00:00:30 ┆ 286.79    ┆ 73.88  │
│ 2025-06-12 00:00:40 ┆ 286.77    ┆ 73.96  │
│ 2025-06-12 00:00:50 ┆ 286.77    ┆ 74.02  │
│ …                   ┆ …         ┆ …      │
│ 2025-06-12 23:59:20 ┆ 288.53    ┆ 93.52  │
│ 2025-06-12 23:59:30 ┆ 288.53    ┆ 93.82  │
│ 2025-06-12 23:59:40 ┆ 288.53    ┆ 94.06  │
│ 2025-06-12 23:59:50 ┆ 288.51    ┆ 94.2   │
│ 2025-06-13 00:00:00 ┆ 288.51    ┆ 94.1   │
└─────────────────────┴───────────┴────────┘
[INFO] Correcting the 'time' variable in the NetCDF file.
<class 'netCDF4.Variable'>
float64 time(time)
    units: seconds since 1970-01-01 00:00:00
    standard_name: time
    long_name: Time (seconds since 1970-01-01 00:00:00)
    axis: T
    valid_min: 1749686410.0
    valid_max: 1749772800.0
    calendar: standard
unlimited dimensions: 
current shape = (8640,)
filling on, default _FillValue of 9.969209968386869e+36 used
Flagged 0 points where air_temperature < 245.0K as bad data (qc_flag = 2).
Found 0 points already flagged as bad data (flag=2)
QC flags successfully added to /gws/pw/j07/ncas_obs_vol2/cao/processing/ncas-temperature-rh-1/data/long-term/level1d/2025/stfc-temperature-rh-1_cao_20250612_surface-met_v1.1.nc.
Updated time units to 'seconds since 1970-01-01 00:00:00' in /gws/pw/j07/ncas_obs_vol2/cao/processing/ncas-temperature-rh-1/data/long-term/level1d/2025/stfc-temperature-rh-1_cao_20250612_surface-met_v1.1.nc
/gws/pw/j07/ncas_obs_vol2/cao/raw_data/met_cao/data/long-term/2025/202506/CR1000XSeries_Chilbolton_Rxcabinmet1_20250613.dat
Parsed column names: ['TIMESTAMP', 'RECORD', 'BattV_Avg', 'PTemp_C_Avg', 'Air_T_Avg', 'RH_Avg', 'BP_mbar_Avg', 'WS_Avg', 'WD_Avg', 'SlrW_Avg', 'rg001dc_ch_Tot', 'rg006dc_ch_Tot', 'rg008dc_ch_Tot', 'rg009dc_ch_Tot', 'rg004tb_ch_Tot']
shape: (8_640, 3)
┌─────────────────────┬───────────┬────────┐
│ TIMESTAMP           ┆ Air_T_Avg ┆ RH_Avg │
│ ---                 ┆ ---       ┆ ---    │
│ datetime[μs]        ┆ f64       ┆ f64    │
╞═════════════════════╪═══════════╪════════╡
│ 2025-06-13 00:00:10 ┆ 288.49    ┆ 93.96  │
│ 2025-06-13 00:00:20 ┆ 288.49    ┆ 93.7   │
│ 2025-06-13 00:00:30 ┆ 288.49    ┆ 93.32  │
│ 2025-06-13 00:00:40 ┆ 288.47    ┆ 93.28  │
│ 2025-06-13 00:00:50 ┆ 288.47    ┆ 93.46  │
│ …                   ┆ …         ┆ …      │
│ 2025-06-13 23:59:20 ┆ 289.95    ┆ 90.24  │
│ 2025-06-13 23:59:30 ┆ 289.95    ┆ 90.26  │
│ 2025-06-13 23:59:40 ┆ 289.89    ┆ 90.5   │
│ 2025-06-13 23:59:50 ┆ 289.87    ┆ 90.42  │
│ 2025-06-14 00:00:00 ┆ 289.85    ┆ 90.42  │
└─────────────────────┴───────────┴────────┘
[INFO] Correcting the 'time' variable in the NetCDF file.
<class 'netCDF4.Variable'>
float64 time(time)
    units: seconds since 1970-01-01 00:00:00
    standard_name: time
    long_name: Time (seconds since 1970-01-01 00:00:00)
    axis: T
    valid_min: 1749772810.0
    valid_max: 1749859200.0
    calendar: standard
unlimited dimensions: 
current shape = (8640,)
filling on, default _FillValue of 9.969209968386869e+36 used
Flagged 0 points where air_temperature < 245.0K as bad data (qc_flag = 2).
Found 0 points already flagged as bad data (flag=2)
QC flags successfully added to /gws/pw/j07/ncas_obs_vol2/cao/processing/ncas-temperature-rh-1/data/long-term/level1d/2025/stfc-temperature-rh-1_cao_20250613_surface-met_v1.1.nc.
Updated time units to 'seconds since 1970-01-01 00:00:00' in /gws/pw/j07/ncas_obs_vol2/cao/processing/ncas-temperature-rh-1/data/long-term/level1d/2025/stfc-temperature-rh-1_cao_20250613_surface-met_v1.1.nc
/gws/pw/j07/ncas_obs_vol2/cao/raw_data/met_cao/data/long-term/2025/202506/CR1000XSeries_Chilbolton_Rxcabinmet1_20250614.dat
Parsed column names: ['TIMESTAMP', 'RECORD', 'BattV_Avg', 'PTemp_C_Avg', 'Air_T_Avg', 'RH_Avg', 'BP_mbar_Avg', 'WS_Avg', 'WD_Avg', 'SlrW_Avg', 'rg001dc_ch_Tot', 'rg006dc_ch_Tot', 'rg008dc_ch_Tot', 'rg009dc_ch_Tot', 'rg004tb_ch_Tot']
shape: (8_640, 3)
┌─────────────────────┬───────────┬────────┐
│ TIMESTAMP           ┆ Air_T_Avg ┆ RH_Avg │
│ ---                 ┆ ---       ┆ ---    │
│ datetime[μs]        ┆ f64       ┆ f64    │
╞═════════════════════╪═══════════╪════════╡
│ 2025-06-14 00:00:10 ┆ 289.79    ┆ 90.66  │
│ 2025-06-14 00:00:20 ┆ 289.73    ┆ 90.82  │
│ 2025-06-14 00:00:30 ┆ 289.71    ┆ 90.86  │
│ 2025-06-14 00:00:40 ┆ 289.63    ┆ 91.0   │
│ 2025-06-14 00:00:50 ┆ 289.61    ┆ 90.88  │
│ …                   ┆ …         ┆ …      │
│ 2025-06-14 23:59:20 ┆ 284.83    ┆ 96.66  │
│ 2025-06-14 23:59:30 ┆ 284.83    ┆ 96.64  │
│ 2025-06-14 23:59:40 ┆ 284.81    ┆ 96.76  │
│ 2025-06-14 23:59:50 ┆ 284.81    ┆ 96.86  │
│ 2025-06-15 00:00:00 ┆ 284.79    ┆ 97.02  │
└─────────────────────┴───────────┴────────┘
[INFO] Correcting the 'time' variable in the NetCDF file.
<class 'netCDF4.Variable'>
float64 time(time)
    units: seconds since 1970-01-01 00:00:00
    standard_name: time
    long_name: Time (seconds since 1970-01-01 00:00:00)
    axis: T
    valid_min: 1749859210.0
    valid_max: 1749945600.0
    calendar: standard
unlimited dimensions: 
current shape = (8640,)
filling on, default _FillValue of 9.969209968386869e+36 used
Flagged 0 points where air_temperature < 245.0K as bad data (qc_flag = 2).
Found 0 points already flagged as bad data (flag=2)
QC flags successfully added to /gws/pw/j07/ncas_obs_vol2/cao/processing/ncas-temperature-rh-1/data/long-term/level1d/2025/stfc-temperature-rh-1_cao_20250614_surface-met_v1.1.nc.
Updated time units to 'seconds since 1970-01-01 00:00:00' in /gws/pw/j07/ncas_obs_vol2/cao/processing/ncas-temperature-rh-1/data/long-term/level1d/2025/stfc-temperature-rh-1_cao_20250614_surface-met_v1.1.nc
/gws/pw/j07/ncas_obs_vol2/cao/raw_data/met_cao/data/long-term/2025/202506/CR1000XSeries_Chilbolton_Rxcabinmet1_20250615.dat
Parsed column names: ['TIMESTAMP', 'RECORD', 'BattV_Avg', 'PTemp_C_Avg', 'Air_T_Avg', 'RH_Avg', 'BP_mbar_Avg', 'WS_Avg', 'WD_Avg', 'SlrW_Avg', 'rg001dc_ch_Tot', 'rg006dc_ch_Tot', 'rg008dc_ch_Tot', 'rg009dc_ch_Tot', 'rg004tb_ch_Tot']
shape: (8_640, 3)
┌─────────────────────┬───────────┬────────┐
│ TIMESTAMP           ┆ Air_T_Avg ┆ RH_Avg │
│ ---                 ┆ ---       ┆ ---    │
│ datetime[μs]        ┆ f64       ┆ f64    │
╞═════════════════════╪═══════════╪════════╡
│ 2025-06-15 00:00:10 ┆ 284.79    ┆ 97.14  │
│ 2025-06-15 00:00:20 ┆ 284.79    ┆ 97.16  │
│ 2025-06-15 00:00:30 ┆ 284.81    ┆ 97.14  │
│ 2025-06-15 00:00:40 ┆ 284.81    ┆ 97.06  │
│ 2025-06-15 00:00:50 ┆ 284.81    ┆ 97.12  │
│ …                   ┆ …         ┆ …      │
│ 2025-06-15 23:59:20 ┆ 285.03    ┆ 96.16  │
│ 2025-06-15 23:59:30 ┆ 285.01    ┆ 96.14  │
│ 2025-06-15 23:59:40 ┆ 285.01    ┆ 95.92  │
│ 2025-06-15 23:59:50 ┆ 284.99    ┆ 95.68  │
│ 2025-06-16 00:00:00 ┆ 284.99    ┆ 95.54  │
└─────────────────────┴───────────┴────────┘
[INFO] Correcting the 'time' variable in the NetCDF file.
<class 'netCDF4.Variable'>
float64 time(time)
    units: seconds since 1970-01-01 00:00:00
    standard_name: time
    long_name: Time (seconds since 1970-01-01 00:00:00)
    axis: T
    valid_min: 1749945610.0
    valid_max: 1750032000.0
    calendar: standard
unlimited dimensions: 
current shape = (8640,)
filling on, default _FillValue of 9.969209968386869e+36 used
Flagged 0 points where air_temperature < 245.0K as bad data (qc_flag = 2).
Found 0 points already flagged as bad data (flag=2)
QC flags successfully added to /gws/pw/j07/ncas_obs_vol2/cao/processing/ncas-temperature-rh-1/data/long-term/level1d/2025/stfc-temperature-rh-1_cao_20250615_surface-met_v1.1.nc.
Updated time units to 'seconds since 1970-01-01 00:00:00' in /gws/pw/j07/ncas_obs_vol2/cao/processing/ncas-temperature-rh-1/data/long-term/level1d/2025/stfc-temperature-rh-1_cao_20250615_surface-met_v1.1.nc
/gws/pw/j07/ncas_obs_vol2/cao/raw_data/met_cao/data/long-term/2025/202506/CR1000XSeries_Chilbolton_Rxcabinmet1_20250616.dat
Parsed column names: ['TIMESTAMP', 'RECORD', 'BattV_Avg', 'PTemp_C_Avg', 'Air_T_Avg', 'RH_Avg', 'BP_mbar_Avg', 'WS_Avg', 'WD_Avg', 'SlrW_Avg', 'rg001dc_ch_Tot', 'rg006dc_ch_Tot', 'rg008dc_ch_Tot', 'rg009dc_ch_Tot', 'rg004tb_ch_Tot']
shape: (8_640, 3)
┌─────────────────────┬───────────┬────────┐
│ TIMESTAMP           ┆ Air_T_Avg ┆ RH_Avg │
│ ---                 ┆ ---       ┆ ---    │
│ datetime[μs]        ┆ f64       ┆ f64    │
╞═════════════════════╪═══════════╪════════╡
│ 2025-06-16 00:00:10 ┆ 284.99    ┆ 95.7   │
│ 2025-06-16 00:00:20 ┆ 284.99    ┆ 95.8   │
│ 2025-06-16 00:00:30 ┆ 285.01    ┆ 95.86  │
│ 2025-06-16 00:00:40 ┆ 285.05    ┆ 96.2   │
│ 2025-06-16 00:00:50 ┆ 285.05    ┆ 96.48  │
│ …                   ┆ …         ┆ …      │
│ 2025-06-16 23:59:20 ┆ 285.97    ┆ 94.66  │
│ 2025-06-16 23:59:30 ┆ 285.99    ┆ 94.54  │
│ 2025-06-16 23:59:40 ┆ 285.99    ┆ 94.64  │
│ 2025-06-16 23:59:50 ┆ 286.01    ┆ 94.74  │
│ 2025-06-17 00:00:00 ┆ 285.99    ┆ 94.98  │
└─────────────────────┴───────────┴────────┘
[INFO] Correcting the 'time' variable in the NetCDF file.
<class 'netCDF4.Variable'>
float64 time(time)
    units: seconds since 1970-01-01 00:00:00
    standard_name: time
    long_name: Time (seconds since 1970-01-01 00:00:00)
    axis: T
    valid_min: 1750032010.0
    valid_max: 1750118400.0
    calendar: standard
unlimited dimensions: 
current shape = (8640,)
filling on, default _FillValue of 9.969209968386869e+36 used
Flagged 0 points where air_temperature < 245.0K as bad data (qc_flag = 2).
Found 0 points already flagged as bad data (flag=2)
QC flags successfully added to /gws/pw/j07/ncas_obs_vol2/cao/processing/ncas-temperature-rh-1/data/long-term/level1d/2025/stfc-temperature-rh-1_cao_20250616_surface-met_v1.1.nc.
Updated time units to 'seconds since 1970-01-01 00:00:00' in /gws/pw/j07/ncas_obs_vol2/cao/processing/ncas-temperature-rh-1/data/long-term/level1d/2025/stfc-temperature-rh-1_cao_20250616_surface-met_v1.1.nc
/gws/pw/j07/ncas_obs_vol2/cao/raw_data/met_cao/data/long-term/2025/202506/CR1000XSeries_Chilbolton_Rxcabinmet1_20250617.dat
Parsed column names: ['TIMESTAMP', 'RECORD', 'BattV_Avg', 'PTemp_C_Avg', 'Air_T_Avg', 'RH_Avg', 'BP_mbar_Avg', 'WS_Avg', 'WD_Avg', 'SlrW_Avg', 'rg001dc_ch_Tot', 'rg006dc_ch_Tot', 'rg008dc_ch_Tot', 'rg009dc_ch_Tot', 'rg004tb_ch_Tot']
shape: (8_640, 3)
┌─────────────────────┬───────────┬────────┐
│ TIMESTAMP           ┆ Air_T_Avg ┆ RH_Avg │
│ ---                 ┆ ---       ┆ ---    │
│ datetime[μs]        ┆ f64       ┆ f64    │
╞═════════════════════╪═══════════╪════════╡
│ 2025-06-17 00:00:10 ┆ 285.99    ┆ 95.02  │
│ 2025-06-17 00:00:20 ┆ 285.97    ┆ 94.98  │
│ 2025-06-17 00:00:30 ┆ 285.99    ┆ 94.84  │
│ 2025-06-17 00:00:40 ┆ 286.01    ┆ 94.66  │
│ 2025-06-17 00:00:50 ┆ 285.97    ┆ 94.74  │
│ …                   ┆ …         ┆ …      │
│ 2025-06-17 23:59:20 ┆ 285.89    ┆ 92.16  │
│ 2025-06-17 23:59:30 ┆ 285.89    ┆ 92.22  │
│ 2025-06-17 23:59:40 ┆ 285.87    ┆ 92.28  │
│ 2025-06-17 23:59:50 ┆ 285.87    ┆ 92.32  │
│ 2025-06-18 00:00:00 ┆ 285.87    ┆ 92.4   │
└─────────────────────┴───────────┴────────┘
[INFO] Correcting the 'time' variable in the NetCDF file.
<class 'netCDF4.Variable'>
float64 time(time)
    units: seconds since 1970-01-01 00:00:00
    standard_name: time
    long_name: Time (seconds since 1970-01-01 00:00:00)
    axis: T
    valid_min: 1750118410.0
    valid_max: 1750204800.0
    calendar: standard
unlimited dimensions: 
current shape = (8640,)
filling on, default _FillValue of 9.969209968386869e+36 used
Flagged 0 points where air_temperature < 245.0K as bad data (qc_flag = 2).
Found 0 points already flagged as bad data (flag=2)
QC flags successfully added to /gws/pw/j07/ncas_obs_vol2/cao/processing/ncas-temperature-rh-1/data/long-term/level1d/2025/stfc-temperature-rh-1_cao_20250617_surface-met_v1.1.nc.
Updated time units to 'seconds since 1970-01-01 00:00:00' in /gws/pw/j07/ncas_obs_vol2/cao/processing/ncas-temperature-rh-1/data/long-term/level1d/2025/stfc-temperature-rh-1_cao_20250617_surface-met_v1.1.nc
/gws/pw/j07/ncas_obs_vol2/cao/raw_data/met_cao/data/long-term/2025/202506/CR1000XSeries_Chilbolton_Rxcabinmet1_20250618.dat
Parsed column names: ['TIMESTAMP', 'RECORD', 'BattV_Avg', 'PTemp_C_Avg', 'Air_T_Avg', 'RH_Avg', 'BP_mbar_Avg', 'WS_Avg', 'WD_Avg', 'SlrW_Avg', 'rg001dc_ch_Tot', 'rg006dc_ch_Tot', 'rg008dc_ch_Tot', 'rg009dc_ch_Tot', 'rg004tb_ch_Tot']
shape: (8_640, 3)
┌─────────────────────┬───────────┬────────┐
│ TIMESTAMP           ┆ Air_T_Avg ┆ RH_Avg │
│ ---                 ┆ ---       ┆ ---    │
│ datetime[μs]        ┆ f64       ┆ f64    │
╞═════════════════════╪═══════════╪════════╡
│ 2025-06-18 00:00:10 ┆ 285.87    ┆ 92.48  │
│ 2025-06-18 00:00:20 ┆ 285.87    ┆ 92.54  │
│ 2025-06-18 00:00:30 ┆ 285.85    ┆ 92.54  │
│ 2025-06-18 00:00:40 ┆ 285.87    ┆ 92.58  │
│ 2025-06-18 00:00:50 ┆ 285.87    ┆ 92.56  │
│ …                   ┆ …         ┆ …      │
│ 2025-06-18 23:59:20 ┆ 288.99    ┆ 91.0   │
│ 2025-06-18 23:59:30 ┆ 288.97    ┆ 90.82  │
│ 2025-06-18 23:59:40 ┆ 288.97    ┆ 90.34  │
│ 2025-06-18 23:59:50 ┆ 288.99    ┆ 90.18  │
│ 2025-06-19 00:00:00 ┆ 289.01    ┆ 90.18  │
└─────────────────────┴───────────┴────────┘
[INFO] Correcting the 'time' variable in the NetCDF file.
<class 'netCDF4.Variable'>
float64 time(time)
    units: seconds since 1970-01-01 00:00:00
    standard_name: time
    long_name: Time (seconds since 1970-01-01 00:00:00)
    axis: T
    valid_min: 1750204810.0
    valid_max: 1750291200.0
    calendar: standard
unlimited dimensions: 
current shape = (8640,)
filling on, default _FillValue of 9.969209968386869e+36 used
Flagged 0 points where air_temperature < 245.0K as bad data (qc_flag = 2).
Found 0 points already flagged as bad data (flag=2)
QC flags successfully added to /gws/pw/j07/ncas_obs_vol2/cao/processing/ncas-temperature-rh-1/data/long-term/level1d/2025/stfc-temperature-rh-1_cao_20250618_surface-met_v1.1.nc.
Updated time units to 'seconds since 1970-01-01 00:00:00' in /gws/pw/j07/ncas_obs_vol2/cao/processing/ncas-temperature-rh-1/data/long-term/level1d/2025/stfc-temperature-rh-1_cao_20250618_surface-met_v1.1.nc
/gws/pw/j07/ncas_obs_vol2/cao/raw_data/met_cao/data/long-term/2025/202506/CR1000XSeries_Chilbolton_Rxcabinmet1_20250619.dat
Parsed column names: ['TIMESTAMP', 'RECORD', 'BattV_Avg', 'PTemp_C_Avg', 'Air_T_Avg', 'RH_Avg', 'BP_mbar_Avg', 'WS_Avg', 'WD_Avg', 'SlrW_Avg', 'rg001dc_ch_Tot', 'rg006dc_ch_Tot', 'rg008dc_ch_Tot', 'rg009dc_ch_Tot', 'rg004tb_ch_Tot']
shape: (8_640, 3)
┌─────────────────────┬───────────┬────────┐
│ TIMESTAMP           ┆ Air_T_Avg ┆ RH_Avg │
│ ---                 ┆ ---       ┆ ---    │
│ datetime[μs]        ┆ f64       ┆ f64    │
╞═════════════════════╪═══════════╪════════╡
│ 2025-06-19 00:00:10 ┆ 289.01    ┆ 90.38  │
│ 2025-06-19 00:00:20 ┆ 289.01    ┆ 90.58  │
│ 2025-06-19 00:00:30 ┆ 289.01    ┆ 90.9   │
│ 2025-06-19 00:00:40 ┆ 288.99    ┆ 91.18  │
│ 2025-06-19 00:00:50 ┆ 289.01    ┆ 91.14  │
│ …                   ┆ …         ┆ …      │
│ 2025-06-19 23:59:20 ┆ 289.35    ┆ 80.5   │
│ 2025-06-19 23:59:30 ┆ 289.35    ┆ 80.34  │
│ 2025-06-19 23:59:40 ┆ 289.33    ┆ 80.2   │
│ 2025-06-19 23:59:50 ┆ 289.33    ┆ 80.22  │
│ 2025-06-20 00:00:00 ┆ 289.31    ┆ 80.38  │
└─────────────────────┴───────────┴────────┘
[INFO] Correcting the 'time' variable in the NetCDF file.
<class 'netCDF4.Variable'>
float64 time(time)
    units: seconds since 1970-01-01 00:00:00
    standard_name: time
    long_name: Time (seconds since 1970-01-01 00:00:00)
    axis: T
    valid_min: 1750291210.0
    valid_max: 1750377600.0
    calendar: standard
unlimited dimensions: 
current shape = (8640,)
filling on, default _FillValue of 9.969209968386869e+36 used
Flagged 0 points where air_temperature < 245.0K as bad data (qc_flag = 2).
Found 0 points already flagged as bad data (flag=2)
QC flags successfully added to /gws/pw/j07/ncas_obs_vol2/cao/processing/ncas-temperature-rh-1/data/long-term/level1d/2025/stfc-temperature-rh-1_cao_20250619_surface-met_v1.1.nc.
Updated time units to 'seconds since 1970-01-01 00:00:00' in /gws/pw/j07/ncas_obs_vol2/cao/processing/ncas-temperature-rh-1/data/long-term/level1d/2025/stfc-temperature-rh-1_cao_20250619_surface-met_v1.1.nc
/gws/pw/j07/ncas_obs_vol2/cao/raw_data/met_cao/data/long-term/2025/202506/CR1000XSeries_Chilbolton_Rxcabinmet1_20250620.dat
Parsed column names: ['TIMESTAMP', 'RECORD', 'BattV_Avg', 'PTemp_C_Avg', 'Air_T_Avg', 'RH_Avg', 'BP_mbar_Avg', 'WS_Avg', 'WD_Avg', 'SlrW_Avg', 'rg001dc_ch_Tot', 'rg006dc_ch_Tot', 'rg008dc_ch_Tot', 'rg009dc_ch_Tot', 'rg004tb_ch_Tot']
shape: (8_640, 3)
┌─────────────────────┬───────────┬────────┐
│ TIMESTAMP           ┆ Air_T_Avg ┆ RH_Avg │
│ ---                 ┆ ---       ┆ ---    │
│ datetime[μs]        ┆ f64       ┆ f64    │
╞═════════════════════╪═══════════╪════════╡
│ 2025-06-20 00:00:10 ┆ 289.31    ┆ 80.5   │
│ 2025-06-20 00:00:20 ┆ 289.29    ┆ 80.62  │
│ 2025-06-20 00:00:30 ┆ 289.29    ┆ 80.74  │
│ 2025-06-20 00:00:40 ┆ 289.27    ┆ 80.84  │
│ 2025-06-20 00:00:50 ┆ 289.27    ┆ 80.92  │
│ …                   ┆ …         ┆ …      │
│ 2025-06-20 23:59:20 ┆ 289.05    ┆ 83.26  │
│ 2025-06-20 23:59:30 ┆ 289.05    ┆ 83.26  │
│ 2025-06-20 23:59:40 ┆ 289.05    ┆ 83.3   │
│ 2025-06-20 23:59:50 ┆ 289.07    ┆ 83.28  │
│ 2025-06-21 00:00:00 ┆ 289.05    ┆ 83.36  │
└─────────────────────┴───────────┴────────┘
[INFO] Correcting the 'time' variable in the NetCDF file.
<class 'netCDF4.Variable'>
float64 time(time)
    units: seconds since 1970-01-01 00:00:00
    standard_name: time
    long_name: Time (seconds since 1970-01-01 00:00:00)
    axis: T
    valid_min: 1750377610.0
    valid_max: 1750464000.0
    calendar: standard
unlimited dimensions: 
current shape = (8640,)
filling on, default _FillValue of 9.969209968386869e+36 used
Flagged 0 points where air_temperature < 245.0K as bad data (qc_flag = 2).
Found 0 points already flagged as bad data (flag=2)
QC flags successfully added to /gws/pw/j07/ncas_obs_vol2/cao/processing/ncas-temperature-rh-1/data/long-term/level1d/2025/stfc-temperature-rh-1_cao_20250620_surface-met_v1.1.nc.
Updated time units to 'seconds since 1970-01-01 00:00:00' in /gws/pw/j07/ncas_obs_vol2/cao/processing/ncas-temperature-rh-1/data/long-term/level1d/2025/stfc-temperature-rh-1_cao_20250620_surface-met_v1.1.nc
/gws/pw/j07/ncas_obs_vol2/cao/raw_data/met_cao/data/long-term/2025/202506/CR1000XSeries_Chilbolton_Rxcabinmet1_20250621.dat
Parsed column names: ['TIMESTAMP', 'RECORD', 'BattV_Avg', 'PTemp_C_Avg', 'Air_T_Avg', 'RH_Avg', 'BP_mbar_Avg', 'WS_Avg', 'WD_Avg', 'SlrW_Avg', 'rg001dc_ch_Tot', 'rg006dc_ch_Tot', 'rg008dc_ch_Tot', 'rg009dc_ch_Tot', 'rg004tb_ch_Tot']
shape: (8_640, 3)
┌─────────────────────┬───────────┬────────┐
│ TIMESTAMP           ┆ Air_T_Avg ┆ RH_Avg │
│ ---                 ┆ ---       ┆ ---    │
│ datetime[μs]        ┆ f64       ┆ f64    │
╞═════════════════════╪═══════════╪════════╡
│ 2025-06-21 00:00:10 ┆ 289.07    ┆ 83.46  │
│ 2025-06-21 00:00:20 ┆ 289.05    ┆ 83.5   │
│ 2025-06-21 00:00:30 ┆ 289.05    ┆ 83.52  │
│ 2025-06-21 00:00:40 ┆ 289.03    ┆ 83.5   │
│ 2025-06-21 00:00:50 ┆ 289.03    ┆ 83.4   │
│ …                   ┆ …         ┆ …      │
│ 2025-06-21 23:59:20 ┆ 290.67    ┆ 87.7   │
│ 2025-06-21 23:59:30 ┆ 290.67    ┆ 87.78  │
│ 2025-06-21 23:59:40 ┆ 290.65    ┆ 87.84  │
│ 2025-06-21 23:59:50 ┆ 290.65    ┆ 87.84  │
│ 2025-06-22 00:00:00 ┆ 290.63    ┆ 87.76  │
└─────────────────────┴───────────┴────────┘
[INFO] Correcting the 'time' variable in the NetCDF file.
<class 'netCDF4.Variable'>
float64 time(time)
    units: seconds since 1970-01-01 00:00:00
    standard_name: time
    long_name: Time (seconds since 1970-01-01 00:00:00)
    axis: T
    valid_min: 1750464010.0
    valid_max: 1750550400.0
    calendar: standard
unlimited dimensions: 
current shape = (8640,)
filling on, default _FillValue of 9.969209968386869e+36 used
Flagged 0 points where air_temperature < 245.0K as bad data (qc_flag = 2).
Found 0 points already flagged as bad data (flag=2)
QC flags successfully added to /gws/pw/j07/ncas_obs_vol2/cao/processing/ncas-temperature-rh-1/data/long-term/level1d/2025/stfc-temperature-rh-1_cao_20250621_surface-met_v1.1.nc.
Updated time units to 'seconds since 1970-01-01 00:00:00' in /gws/pw/j07/ncas_obs_vol2/cao/processing/ncas-temperature-rh-1/data/long-term/level1d/2025/stfc-temperature-rh-1_cao_20250621_surface-met_v1.1.nc
/gws/pw/j07/ncas_obs_vol2/cao/raw_data/met_cao/data/long-term/2025/202506/CR1000XSeries_Chilbolton_Rxcabinmet1_20250622.dat
Parsed column names: ['TIMESTAMP', 'RECORD', 'BattV_Avg', 'PTemp_C_Avg', 'Air_T_Avg', 'RH_Avg', 'BP_mbar_Avg', 'WS_Avg', 'WD_Avg', 'SlrW_Avg', 'rg001dc_ch_Tot', 'rg006dc_ch_Tot', 'rg008dc_ch_Tot', 'rg009dc_ch_Tot', 'rg004tb_ch_Tot']
shape: (8_640, 3)
┌─────────────────────┬───────────┬────────┐
│ TIMESTAMP           ┆ Air_T_Avg ┆ RH_Avg │
│ ---                 ┆ ---       ┆ ---    │
│ datetime[μs]        ┆ f64       ┆ f64    │
╞═════════════════════╪═══════════╪════════╡
│ 2025-06-22 00:00:10 ┆ 290.63    ┆ 87.64  │
│ 2025-06-22 00:00:20 ┆ 290.63    ┆ 87.52  │
│ 2025-06-22 00:00:30 ┆ 290.63    ┆ 87.3   │
│ 2025-06-22 00:00:40 ┆ 290.65    ┆ 87.16  │
│ 2025-06-22 00:00:50 ┆ 290.63    ┆ 87.06  │
│ …                   ┆ …         ┆ …      │
│ 2025-06-22 23:59:20 ┆ 289.87    ┆ 84.7   │
│ 2025-06-22 23:59:30 ┆ 289.89    ┆ 84.7   │
│ 2025-06-22 23:59:40 ┆ 289.89    ┆ 84.72  │
│ 2025-06-22 23:59:50 ┆ 289.89    ┆ 84.8   │
│ 2025-06-23 00:00:00 ┆ 289.89    ┆ 84.9   │
└─────────────────────┴───────────┴────────┘
[INFO] Correcting the 'time' variable in the NetCDF file.
<class 'netCDF4.Variable'>
float64 time(time)
    units: seconds since 1970-01-01 00:00:00
    standard_name: time
    long_name: Time (seconds since 1970-01-01 00:00:00)
    axis: T
    valid_min: 1750550410.0
    valid_max: 1750636800.0
    calendar: standard
unlimited dimensions: 
current shape = (8640,)
filling on, default _FillValue of 9.969209968386869e+36 used
Flagged 0 points where air_temperature < 245.0K as bad data (qc_flag = 2).
Found 0 points already flagged as bad data (flag=2)
QC flags successfully added to /gws/pw/j07/ncas_obs_vol2/cao/processing/ncas-temperature-rh-1/data/long-term/level1d/2025/stfc-temperature-rh-1_cao_20250622_surface-met_v1.1.nc.
Updated time units to 'seconds since 1970-01-01 00:00:00' in /gws/pw/j07/ncas_obs_vol2/cao/processing/ncas-temperature-rh-1/data/long-term/level1d/2025/stfc-temperature-rh-1_cao_20250622_surface-met_v1.1.nc
/gws/pw/j07/ncas_obs_vol2/cao/raw_data/met_cao/data/long-term/2025/202506/CR1000XSeries_Chilbolton_Rxcabinmet1_20250623.dat
Parsed column names: ['TIMESTAMP', 'RECORD', 'BattV_Avg', 'PTemp_C_Avg', 'Air_T_Avg', 'RH_Avg', 'BP_mbar_Avg', 'WS_Avg', 'WD_Avg', 'SlrW_Avg', 'rg001dc_ch_Tot', 'rg006dc_ch_Tot', 'rg008dc_ch_Tot', 'rg009dc_ch_Tot', 'rg004tb_ch_Tot']
shape: (8_640, 3)
┌─────────────────────┬───────────┬────────┐
│ TIMESTAMP           ┆ Air_T_Avg ┆ RH_Avg │
│ ---                 ┆ ---       ┆ ---    │
│ datetime[μs]        ┆ f64       ┆ f64    │
╞═════════════════════╪═══════════╪════════╡
│ 2025-06-23 00:00:10 ┆ 289.89    ┆ 85.0   │
│ 2025-06-23 00:00:20 ┆ 289.87    ┆ 85.06  │
│ 2025-06-23 00:00:30 ┆ 289.87    ┆ 85.02  │
│ 2025-06-23 00:00:40 ┆ 289.87    ┆ 84.96  │
│ 2025-06-23 00:00:50 ┆ 289.87    ┆ 84.9   │
│ …                   ┆ …         ┆ …      │
│ 2025-06-23 23:59:20 ┆ 285.75    ┆ 81.24  │
│ 2025-06-23 23:59:30 ┆ 285.75    ┆ 81.24  │
│ 2025-06-23 23:59:40 ┆ 285.73    ┆ 81.26  │
│ 2025-06-23 23:59:50 ┆ 285.73    ┆ 81.26  │
│ 2025-06-24 00:00:00 ┆ 285.73    ┆ 81.2   │
└─────────────────────┴───────────┴────────┘
[INFO] Correcting the 'time' variable in the NetCDF file.
<class 'netCDF4.Variable'>
float64 time(time)
    units: seconds since 1970-01-01 00:00:00
    standard_name: time
    long_name: Time (seconds since 1970-01-01 00:00:00)
    axis: T
    valid_min: 1750636810.0
    valid_max: 1750723200.0
    calendar: standard
unlimited dimensions: 
current shape = (8640,)
filling on, default _FillValue of 9.969209968386869e+36 used
Flagged 0 points where air_temperature < 245.0K as bad data (qc_flag = 2).
Found 0 points already flagged as bad data (flag=2)
QC flags successfully added to /gws/pw/j07/ncas_obs_vol2/cao/processing/ncas-temperature-rh-1/data/long-term/level1d/2025/stfc-temperature-rh-1_cao_20250623_surface-met_v1.1.nc.
Updated time units to 'seconds since 1970-01-01 00:00:00' in /gws/pw/j07/ncas_obs_vol2/cao/processing/ncas-temperature-rh-1/data/long-term/level1d/2025/stfc-temperature-rh-1_cao_20250623_surface-met_v1.1.nc
/gws/pw/j07/ncas_obs_vol2/cao/raw_data/met_cao/data/long-term/2025/202506/CR1000XSeries_Chilbolton_Rxcabinmet1_20250624.dat
Parsed column names: ['TIMESTAMP', 'RECORD', 'BattV_Avg', 'PTemp_C_Avg', 'Air_T_Avg', 'RH_Avg', 'BP_mbar_Avg', 'WS_Avg', 'WD_Avg', 'SlrW_Avg', 'rg001dc_ch_Tot', 'rg006dc_ch_Tot', 'rg008dc_ch_Tot', 'rg009dc_ch_Tot', 'rg004tb_ch_Tot']
shape: (8_640, 3)
┌─────────────────────┬───────────┬────────┐
│ TIMESTAMP           ┆ Air_T_Avg ┆ RH_Avg │
│ ---                 ┆ ---       ┆ ---    │
│ datetime[μs]        ┆ f64       ┆ f64    │
╞═════════════════════╪═══════════╪════════╡
│ 2025-06-24 00:00:10 ┆ 285.73    ┆ 81.16  │
│ 2025-06-24 00:00:20 ┆ 285.73    ┆ 81.16  │
│ 2025-06-24 00:00:30 ┆ 285.73    ┆ 81.12  │
│ 2025-06-24 00:00:40 ┆ 285.73    ┆ 81.1   │
│ 2025-06-24 00:00:50 ┆ 285.73    ┆ 81.04  │
│ …                   ┆ …         ┆ …      │
│ 2025-06-24 23:59:20 ┆ 288.41    ┆ 96.58  │
│ 2025-06-24 23:59:30 ┆ 288.41    ┆ 96.74  │
│ 2025-06-24 23:59:40 ┆ 288.43    ┆ 96.84  │
│ 2025-06-24 23:59:50 ┆ 288.43    ┆ 97.14  │
│ 2025-06-25 00:00:00 ┆ 288.43    ┆ 97.28  │
└─────────────────────┴───────────┴────────┘
[INFO] Correcting the 'time' variable in the NetCDF file.
<class 'netCDF4.Variable'>
float64 time(time)
    units: seconds since 1970-01-01 00:00:00
    standard_name: time
    long_name: Time (seconds since 1970-01-01 00:00:00)
    axis: T
    valid_min: 1750723210.0
    valid_max: 1750809600.0
    calendar: standard
unlimited dimensions: 
current shape = (8640,)
filling on, default _FillValue of 9.969209968386869e+36 used
Flagged 0 points where air_temperature < 245.0K as bad data (qc_flag = 2).
Found 0 points already flagged as bad data (flag=2)
QC flags successfully added to /gws/pw/j07/ncas_obs_vol2/cao/processing/ncas-temperature-rh-1/data/long-term/level1d/2025/stfc-temperature-rh-1_cao_20250624_surface-met_v1.1.nc.
Updated time units to 'seconds since 1970-01-01 00:00:00' in /gws/pw/j07/ncas_obs_vol2/cao/processing/ncas-temperature-rh-1/data/long-term/level1d/2025/stfc-temperature-rh-1_cao_20250624_surface-met_v1.1.nc
/gws/pw/j07/ncas_obs_vol2/cao/raw_data/met_cao/data/long-term/2025/202506/CR1000XSeries_Chilbolton_Rxcabinmet1_20250625.dat
Parsed column names: ['TIMESTAMP', 'RECORD', 'BattV_Avg', 'PTemp_C_Avg', 'Air_T_Avg', 'RH_Avg', 'BP_mbar_Avg', 'WS_Avg', 'WD_Avg', 'SlrW_Avg', 'rg001dc_ch_Tot', 'rg006dc_ch_Tot', 'rg008dc_ch_Tot', 'rg009dc_ch_Tot', 'rg004tb_ch_Tot']
shape: (8_640, 3)
┌─────────────────────┬───────────┬────────┐
│ TIMESTAMP           ┆ Air_T_Avg ┆ RH_Avg │
│ ---                 ┆ ---       ┆ ---    │
│ datetime[μs]        ┆ f64       ┆ f64    │
╞═════════════════════╪═══════════╪════════╡
│ 2025-06-25 00:00:10 ┆ 288.45    ┆ 97.24  │
│ 2025-06-25 00:00:20 ┆ 288.45    ┆ 97.12  │
│ 2025-06-25 00:00:30 ┆ 288.45    ┆ 97.04  │
│ 2025-06-25 00:00:40 ┆ 288.43    ┆ 96.76  │
│ 2025-06-25 00:00:50 ┆ 288.43    ┆ 96.42  │
│ …                   ┆ …         ┆ …      │
│ 2025-06-25 23:59:20 ┆ 289.07    ┆ 93.4   │
│ 2025-06-25 23:59:30 ┆ 289.07    ┆ 93.4   │
│ 2025-06-25 23:59:40 ┆ 289.07    ┆ 93.38  │
│ 2025-06-25 23:59:50 ┆ 289.07    ┆ 93.34  │
│ 2025-06-26 00:00:00 ┆ 289.07    ┆ 93.38  │
└─────────────────────┴───────────┴────────┘
[INFO] Correcting the 'time' variable in the NetCDF file.
<class 'netCDF4.Variable'>
float64 time(time)
    units: seconds since 1970-01-01 00:00:00
    standard_name: time
    long_name: Time (seconds since 1970-01-01 00:00:00)
    axis: T
    valid_min: 1750809610.0
    valid_max: 1750896000.0
    calendar: standard
unlimited dimensions: 
current shape = (8640,)
filling on, default _FillValue of 9.969209968386869e+36 used
Flagged 0 points where air_temperature < 245.0K as bad data (qc_flag = 2).
Found 0 points already flagged as bad data (flag=2)
QC flags successfully added to /gws/pw/j07/ncas_obs_vol2/cao/processing/ncas-temperature-rh-1/data/long-term/level1d/2025/stfc-temperature-rh-1_cao_20250625_surface-met_v1.1.nc.
Updated time units to 'seconds since 1970-01-01 00:00:00' in /gws/pw/j07/ncas_obs_vol2/cao/processing/ncas-temperature-rh-1/data/long-term/level1d/2025/stfc-temperature-rh-1_cao_20250625_surface-met_v1.1.nc
/gws/pw/j07/ncas_obs_vol2/cao/raw_data/met_cao/data/long-term/2025/202506/CR1000XSeries_Chilbolton_Rxcabinmet1_20250626.dat
Parsed column names: ['TIMESTAMP', 'RECORD', 'BattV_Avg', 'PTemp_C_Avg', 'Air_T_Avg', 'RH_Avg', 'BP_mbar_Avg', 'WS_Avg', 'WD_Avg', 'SlrW_Avg', 'rg001dc_ch_Tot', 'rg006dc_ch_Tot', 'rg008dc_ch_Tot', 'rg009dc_ch_Tot', 'rg004tb_ch_Tot']
shape: (8_640, 3)
┌─────────────────────┬───────────┬────────┐
│ TIMESTAMP           ┆ Air_T_Avg ┆ RH_Avg │
│ ---                 ┆ ---       ┆ ---    │
│ datetime[μs]        ┆ f64       ┆ f64    │
╞═════════════════════╪═══════════╪════════╡
│ 2025-06-26 00:00:10 ┆ 289.07    ┆ 93.36  │
│ 2025-06-26 00:00:20 ┆ 289.07    ┆ 93.4   │
│ 2025-06-26 00:00:30 ┆ 289.07    ┆ 93.44  │
│ 2025-06-26 00:00:40 ┆ 289.07    ┆ 93.5   │
│ 2025-06-26 00:00:50 ┆ 289.07    ┆ 93.62  │
│ …                   ┆ …         ┆ …      │
│ 2025-06-26 23:59:20 ┆ 287.37    ┆ 84.4   │
│ 2025-06-26 23:59:30 ┆ 287.37    ┆ 84.38  │
│ 2025-06-26 23:59:40 ┆ 287.37    ┆ 84.5   │
│ 2025-06-26 23:59:50 ┆ 287.35    ┆ 84.64  │
│ 2025-06-27 00:00:00 ┆ 287.35    ┆ 84.6   │
└─────────────────────┴───────────┴────────┘
[INFO] Correcting the 'time' variable in the NetCDF file.
<class 'netCDF4.Variable'>
float64 time(time)
    units: seconds since 1970-01-01 00:00:00
    standard_name: time
    long_name: Time (seconds since 1970-01-01 00:00:00)
    axis: T
    valid_min: 1750896010.0
    valid_max: 1750982400.0
    calendar: standard
unlimited dimensions: 
current shape = (8640,)
filling on, default _FillValue of 9.969209968386869e+36 used
Flagged 0 points where air_temperature < 245.0K as bad data (qc_flag = 2).
Found 0 points already flagged as bad data (flag=2)
QC flags successfully added to /gws/pw/j07/ncas_obs_vol2/cao/processing/ncas-temperature-rh-1/data/long-term/level1d/2025/stfc-temperature-rh-1_cao_20250626_surface-met_v1.1.nc.
Updated time units to 'seconds since 1970-01-01 00:00:00' in /gws/pw/j07/ncas_obs_vol2/cao/processing/ncas-temperature-rh-1/data/long-term/level1d/2025/stfc-temperature-rh-1_cao_20250626_surface-met_v1.1.nc
/gws/pw/j07/ncas_obs_vol2/cao/raw_data/met_cao/data/long-term/2025/202506/CR1000XSeries_Chilbolton_Rxcabinmet1_20250627.dat
Parsed column names: ['TIMESTAMP', 'RECORD', 'BattV_Avg', 'PTemp_C_Avg', 'Air_T_Avg', 'RH_Avg', 'BP_mbar_Avg', 'WS_Avg', 'WD_Avg', 'SlrW_Avg', 'rg001dc_ch_Tot', 'rg006dc_ch_Tot', 'rg008dc_ch_Tot', 'rg009dc_ch_Tot', 'rg004tb_ch_Tot']
shape: (8_640, 3)
┌─────────────────────┬───────────┬────────┐
│ TIMESTAMP           ┆ Air_T_Avg ┆ RH_Avg │
│ ---                 ┆ ---       ┆ ---    │
│ datetime[μs]        ┆ f64       ┆ f64    │
╞═════════════════════╪═══════════╪════════╡
│ 2025-06-27 00:00:10 ┆ 287.35    ┆ 84.52  │
│ 2025-06-27 00:00:20 ┆ 287.37    ┆ 84.58  │
│ 2025-06-27 00:00:30 ┆ 287.37    ┆ 84.74  │
│ 2025-06-27 00:00:40 ┆ 287.37    ┆ 84.96  │
│ 2025-06-27 00:00:50 ┆ 287.37    ┆ 85.22  │
│ …                   ┆ …         ┆ …      │
│ 2025-06-27 23:59:20 ┆ 291.31    ┆ 91.44  │
│ 2025-06-27 23:59:30 ┆ 291.31    ┆ 91.48  │
│ 2025-06-27 23:59:40 ┆ 291.31    ┆ 91.5   │
│ 2025-06-27 23:59:50 ┆ 291.31    ┆ 91.52  │
│ 2025-06-28 00:00:00 ┆ 291.31    ┆ 91.54  │
└─────────────────────┴───────────┴────────┘
[INFO] Correcting the 'time' variable in the NetCDF file.
<class 'netCDF4.Variable'>
float64 time(time)
    units: seconds since 1970-01-01 00:00:00
    standard_name: time
    long_name: Time (seconds since 1970-01-01 00:00:00)
    axis: T
    valid_min: 1750982410.0
    valid_max: 1751068800.0
    calendar: standard
unlimited dimensions: 
current shape = (8640,)
filling on, default _FillValue of 9.969209968386869e+36 used
Flagged 0 points where air_temperature < 245.0K as bad data (qc_flag = 2).
Found 0 points already flagged as bad data (flag=2)
QC flags successfully added to /gws/pw/j07/ncas_obs_vol2/cao/processing/ncas-temperature-rh-1/data/long-term/level1d/2025/stfc-temperature-rh-1_cao_20250627_surface-met_v1.1.nc.
Updated time units to 'seconds since 1970-01-01 00:00:00' in /gws/pw/j07/ncas_obs_vol2/cao/processing/ncas-temperature-rh-1/data/long-term/level1d/2025/stfc-temperature-rh-1_cao_20250627_surface-met_v1.1.nc
/gws/pw/j07/ncas_obs_vol2/cao/raw_data/met_cao/data/long-term/2025/202506/CR1000XSeries_Chilbolton_Rxcabinmet1_20250628.dat
Parsed column names: ['TIMESTAMP', 'RECORD', 'BattV_Avg', 'PTemp_C_Avg', 'Air_T_Avg', 'RH_Avg', 'BP_mbar_Avg', 'WS_Avg', 'WD_Avg', 'SlrW_Avg', 'rg001dc_ch_Tot', 'rg006dc_ch_Tot', 'rg008dc_ch_Tot', 'rg009dc_ch_Tot', 'rg004tb_ch_Tot']
shape: (8_640, 3)
┌─────────────────────┬───────────┬────────┐
│ TIMESTAMP           ┆ Air_T_Avg ┆ RH_Avg │
│ ---                 ┆ ---       ┆ ---    │
│ datetime[μs]        ┆ f64       ┆ f64    │
╞═════════════════════╪═══════════╪════════╡
│ 2025-06-28 00:00:10 ┆ 291.31    ┆ 91.52  │
│ 2025-06-28 00:00:20 ┆ 291.31    ┆ 91.46  │
│ 2025-06-28 00:00:30 ┆ 291.31    ┆ 91.4   │
│ 2025-06-28 00:00:40 ┆ 291.33    ┆ 91.34  │
│ 2025-06-28 00:00:50 ┆ 291.33    ┆ 91.3   │
│ …                   ┆ …         ┆ …      │
│ 2025-06-28 23:59:20 ┆ 292.13    ┆ 85.0   │
│ 2025-06-28 23:59:30 ┆ 292.11    ┆ 84.84  │
│ 2025-06-28 23:59:40 ┆ 292.11    ┆ 84.84  │
│ 2025-06-28 23:59:50 ┆ 292.13    ┆ 84.94  │
│ 2025-06-29 00:00:00 ┆ 292.11    ┆ 85.08  │
└─────────────────────┴───────────┴────────┘
[INFO] Correcting the 'time' variable in the NetCDF file.
<class 'netCDF4.Variable'>
float64 time(time)
    units: seconds since 1970-01-01 00:00:00
    standard_name: time
    long_name: Time (seconds since 1970-01-01 00:00:00)
    axis: T
    valid_min: 1751068810.0
    valid_max: 1751155200.0
    calendar: standard
unlimited dimensions: 
current shape = (8640,)
filling on, default _FillValue of 9.969209968386869e+36 used
Flagged 0 points where air_temperature < 245.0K as bad data (qc_flag = 2).
Found 0 points already flagged as bad data (flag=2)
QC flags successfully added to /gws/pw/j07/ncas_obs_vol2/cao/processing/ncas-temperature-rh-1/data/long-term/level1d/2025/stfc-temperature-rh-1_cao_20250628_surface-met_v1.1.nc.
Updated time units to 'seconds since 1970-01-01 00:00:00' in /gws/pw/j07/ncas_obs_vol2/cao/processing/ncas-temperature-rh-1/data/long-term/level1d/2025/stfc-temperature-rh-1_cao_20250628_surface-met_v1.1.nc
/gws/pw/j07/ncas_obs_vol2/cao/raw_data/met_cao/data/long-term/2025/202506/CR1000XSeries_Chilbolton_Rxcabinmet1_20250629.dat
Parsed column names: ['TIMESTAMP', 'RECORD', 'BattV_Avg', 'PTemp_C_Avg', 'Air_T_Avg', 'RH_Avg', 'BP_mbar_Avg', 'WS_Avg', 'WD_Avg', 'SlrW_Avg', 'rg001dc_ch_Tot', 'rg006dc_ch_Tot', 'rg008dc_ch_Tot', 'rg009dc_ch_Tot', 'rg004tb_ch_Tot']
shape: (8_640, 3)
┌─────────────────────┬───────────┬────────┐
│ TIMESTAMP           ┆ Air_T_Avg ┆ RH_Avg │
│ ---                 ┆ ---       ┆ ---    │
│ datetime[μs]        ┆ f64       ┆ f64    │
╞═════════════════════╪═══════════╪════════╡
│ 2025-06-29 00:00:10 ┆ 292.11    ┆ 85.16  │
│ 2025-06-29 00:00:20 ┆ 292.11    ┆ 85.36  │
│ 2025-06-29 00:00:30 ┆ 292.11    ┆ 85.44  │
│ 2025-06-29 00:00:40 ┆ 292.11    ┆ 85.4   │
│ 2025-06-29 00:00:50 ┆ 292.11    ┆ 85.34  │
│ …                   ┆ …         ┆ …      │
│ 2025-06-29 23:59:20 ┆ 289.87    ┆ 93.2   │
│ 2025-06-29 23:59:30 ┆ 289.85    ┆ 92.96  │
│ 2025-06-29 23:59:40 ┆ 289.85    ┆ 92.66  │
│ 2025-06-29 23:59:50 ┆ 289.85    ┆ 92.44  │
│ 2025-06-30 00:00:00 ┆ 289.85    ┆ 92.44  │
└─────────────────────┴───────────┴────────┘
[INFO] Correcting the 'time' variable in the NetCDF file.
<class 'netCDF4.Variable'>
float64 time(time)
    units: seconds since 1970-01-01 00:00:00
    standard_name: time
    long_name: Time (seconds since 1970-01-01 00:00:00)
    axis: T
    valid_min: 1751155210.0
    valid_max: 1751241600.0
    calendar: standard
unlimited dimensions: 
current shape = (8640,)
filling on, default _FillValue of 9.969209968386869e+36 used
Flagged 0 points where air_temperature < 245.0K as bad data (qc_flag = 2).
Found 0 points already flagged as bad data (flag=2)
QC flags successfully added to /gws/pw/j07/ncas_obs_vol2/cao/processing/ncas-temperature-rh-1/data/long-term/level1d/2025/stfc-temperature-rh-1_cao_20250629_surface-met_v1.1.nc.
Updated time units to 'seconds since 1970-01-01 00:00:00' in /gws/pw/j07/ncas_obs_vol2/cao/processing/ncas-temperature-rh-1/data/long-term/level1d/2025/stfc-temperature-rh-1_cao_20250629_surface-met_v1.1.nc
/gws/pw/j07/ncas_obs_vol2/cao/raw_data/met_cao/data/long-term/2025/202506/CR1000XSeries_Chilbolton_Rxcabinmet1_20250630.dat
Parsed column names: ['TIMESTAMP', 'RECORD', 'BattV_Avg', 'PTemp_C_Avg', 'Air_T_Avg', 'RH_Avg', 'BP_mbar_Avg', 'WS_Avg', 'WD_Avg', 'SlrW_Avg', 'rg001dc_ch_Tot', 'rg006dc_ch_Tot', 'rg008dc_ch_Tot', 'rg009dc_ch_Tot', 'rg004tb_ch_Tot']
shape: (8_640, 3)
┌─────────────────────┬───────────┬────────┐
│ TIMESTAMP           ┆ Air_T_Avg ┆ RH_Avg │
│ ---                 ┆ ---       ┆ ---    │
│ datetime[μs]        ┆ f64       ┆ f64    │
╞═════════════════════╪═══════════╪════════╡
│ 2025-06-30 00:00:10 ┆ 289.83    ┆ 92.66  │
│ 2025-06-30 00:00:20 ┆ 289.85    ┆ 92.76  │
│ 2025-06-30 00:00:30 ┆ 289.83    ┆ 92.94  │
│ 2025-06-30 00:00:40 ┆ 289.83    ┆ 93.22  │
│ 2025-06-30 00:00:50 ┆ 289.85    ┆ 93.14  │
│ …                   ┆ …         ┆ …      │
│ 2025-06-30 23:59:20 ┆ 292.09    ┆ 89.34  │
│ 2025-06-30 23:59:30 ┆ 292.07    ┆ 89.34  │
│ 2025-06-30 23:59:40 ┆ 292.07    ┆ 89.3   │
│ 2025-06-30 23:59:50 ┆ 292.07    ┆ 89.24  │
│ 2025-07-01 00:00:00 ┆ 292.07    ┆ 89.08  │
└─────────────────────┴───────────┴────────┘
[INFO] Correcting the 'time' variable in the NetCDF file.
<class 'netCDF4.Variable'>
float64 time(time)
    units: seconds since 1970-01-01 00:00:00
    standard_name: time
    long_name: Time (seconds since 1970-01-01 00:00:00)
    axis: T
    valid_min: 1751241610.0
    valid_max: 1751328000.0
    calendar: standard
unlimited dimensions: 
current shape = (8640,)
filling on, default _FillValue of 9.969209968386869e+36 used
Flagged 0 points where air_temperature < 245.0K as bad data (qc_flag = 2).
Found 0 points already flagged as bad data (flag=2)
QC flags successfully added to /gws/pw/j07/ncas_obs_vol2/cao/processing/ncas-temperature-rh-1/data/long-term/level1d/2025/stfc-temperature-rh-1_cao_20250630_surface-met_v1.1.nc.
Updated time units to 'seconds since 1970-01-01 00:00:00' in /gws/pw/j07/ncas_obs_vol2/cao/processing/ncas-temperature-rh-1/data/long-term/level1d/2025/stfc-temperature-rh-1_cao_20250630_surface-met_v1.1.nc
/gws/pw/j07/ncas_obs_vol2/cao/raw_data/met_cao/data/long-term/2025/202507/CR1000XSeries_Chilbolton_Rxcabinmet1_20250701.dat
Parsed column names: ['TIMESTAMP', 'RECORD', 'BattV_Avg', 'PTemp_C_Avg', 'Air_T_Avg', 'RH_Avg', 'BP_mbar_Avg', 'WS_Avg', 'WD_Avg', 'SlrW_Avg', 'rg001dc_ch_Tot', 'rg006dc_ch_Tot', 'rg008dc_ch_Tot', 'rg009dc_ch_Tot', 'rg004tb_ch_Tot']
shape: (8_640, 3)
┌─────────────────────┬───────────┬────────┐
│ TIMESTAMP           ┆ Air_T_Avg ┆ RH_Avg │
│ ---                 ┆ ---       ┆ ---    │
│ datetime[μs]        ┆ f64       ┆ f64    │
╞═════════════════════╪═══════════╪════════╡
│ 2025-07-01 00:00:10 ┆ 292.07    ┆ 88.92  │
│ 2025-07-01 00:00:20 ┆ 292.09    ┆ 88.94  │
│ 2025-07-01 00:00:30 ┆ 292.09    ┆ 89.02  │
│ 2025-07-01 00:00:40 ┆ 292.11    ┆ 89.04  │
│ 2025-07-01 00:00:50 ┆ 292.13    ┆ 89.12  │
│ …                   ┆ …         ┆ …      │
│ 2025-07-01 23:59:20 ┆ 290.03    ┆ 89.02  │
│ 2025-07-01 23:59:30 ┆ 290.03    ┆ 89.04  │
│ 2025-07-01 23:59:40 ┆ 290.03    ┆ 88.98  │
│ 2025-07-01 23:59:50 ┆ 290.03    ┆ 88.92  │
│ 2025-07-02 00:00:00 ┆ 290.03    ┆ 88.88  │
└─────────────────────┴───────────┴────────┘
[INFO] Correcting the 'time' variable in the NetCDF file.
<class 'netCDF4.Variable'>
float64 time(time)
    units: seconds since 1970-01-01 00:00:00
    standard_name: time
    long_name: Time (seconds since 1970-01-01 00:00:00)
    axis: T
    valid_min: 1751328010.0
    valid_max: 1751414400.0
    calendar: standard
unlimited dimensions: 
current shape = (8640,)
filling on, default _FillValue of 9.969209968386869e+36 used
Flagged 0 points where air_temperature < 245.0K as bad data (qc_flag = 2).
Found 0 points already flagged as bad data (flag=2)
QC flags successfully added to /gws/pw/j07/ncas_obs_vol2/cao/processing/ncas-temperature-rh-1/data/long-term/level1d/2025/stfc-temperature-rh-1_cao_20250701_surface-met_v1.1.nc.
Updated time units to 'seconds since 1970-01-01 00:00:00' in /gws/pw/j07/ncas_obs_vol2/cao/processing/ncas-temperature-rh-1/data/long-term/level1d/2025/stfc-temperature-rh-1_cao_20250701_surface-met_v1.1.nc
/gws/pw/j07/ncas_obs_vol2/cao/raw_data/met_cao/data/long-term/2025/202507/CR1000XSeries_Chilbolton_Rxcabinmet1_20250702.dat
Parsed column names: ['TIMESTAMP', 'RECORD', 'BattV_Avg', 'PTemp_C_Avg', 'Air_T_Avg', 'RH_Avg', 'BP_mbar_Avg', 'WS_Avg', 'WD_Avg', 'SlrW_Avg', 'rg001dc_ch_Tot', 'rg006dc_ch_Tot', 'rg008dc_ch_Tot', 'rg009dc_ch_Tot', 'rg004tb_ch_Tot']
shape: (8_640, 3)
┌─────────────────────┬───────────┬────────┐
│ TIMESTAMP           ┆ Air_T_Avg ┆ RH_Avg │
│ ---                 ┆ ---       ┆ ---    │
│ datetime[μs]        ┆ f64       ┆ f64    │
╞═════════════════════╪═══════════╪════════╡
│ 2025-07-02 00:00:10 ┆ 290.03    ┆ 88.92  │
│ 2025-07-02 00:00:20 ┆ 290.05    ┆ 88.88  │
│ 2025-07-02 00:00:30 ┆ 290.05    ┆ 88.86  │
│ 2025-07-02 00:00:40 ┆ 290.05    ┆ 88.96  │
│ 2025-07-02 00:00:50 ┆ 290.05    ┆ 89.06  │
│ …                   ┆ …         ┆ …      │
│ 2025-07-02 23:59:20 ┆ 284.51    ┆ 66.26  │
│ 2025-07-02 23:59:30 ┆ 284.51    ┆ 66.02  │
│ 2025-07-02 23:59:40 ┆ 284.53    ┆ 66.06  │
│ 2025-07-02 23:59:50 ┆ 284.53    ┆ 66.24  │
│ 2025-07-03 00:00:00 ┆ 284.53    ┆ 66.44  │
└─────────────────────┴───────────┴────────┘
[INFO] Correcting the 'time' variable in the NetCDF file.
<class 'netCDF4.Variable'>
float64 time(time)
    units: seconds since 1970-01-01 00:00:00
    standard_name: time
    long_name: Time (seconds since 1970-01-01 00:00:00)
    axis: T
    valid_min: 1751414410.0
    valid_max: 1751500800.0
    calendar: standard
unlimited dimensions: 
current shape = (8640,)
filling on, default _FillValue of 9.969209968386869e+36 used
Flagged 0 points where air_temperature < 245.0K as bad data (qc_flag = 2).
Found 0 points already flagged as bad data (flag=2)
QC flags successfully added to /gws/pw/j07/ncas_obs_vol2/cao/processing/ncas-temperature-rh-1/data/long-term/level1d/2025/stfc-temperature-rh-1_cao_20250702_surface-met_v1.1.nc.
Updated time units to 'seconds since 1970-01-01 00:00:00' in /gws/pw/j07/ncas_obs_vol2/cao/processing/ncas-temperature-rh-1/data/long-term/level1d/2025/stfc-temperature-rh-1_cao_20250702_surface-met_v1.1.nc
/gws/pw/j07/ncas_obs_vol2/cao/raw_data/met_cao/data/long-term/2025/202507/CR1000XSeries_Chilbolton_Rxcabinmet1_20250703.dat
Parsed column names: ['TIMESTAMP', 'RECORD', 'BattV_Avg', 'PTemp_C_Avg', 'Air_T_Avg', 'RH_Avg', 'BP_mbar_Avg', 'WS_Avg', 'WD_Avg', 'SlrW_Avg', 'rg001dc_ch_Tot', 'rg006dc_ch_Tot', 'rg008dc_ch_Tot', 'rg009dc_ch_Tot', 'rg004tb_ch_Tot']
shape: (8_640, 3)
┌─────────────────────┬───────────┬────────┐
│ TIMESTAMP           ┆ Air_T_Avg ┆ RH_Avg │
│ ---                 ┆ ---       ┆ ---    │
│ datetime[μs]        ┆ f64       ┆ f64    │
╞═════════════════════╪═══════════╪════════╡
│ 2025-07-03 00:00:10 ┆ 284.53    ┆ 66.82  │
│ 2025-07-03 00:00:20 ┆ 284.53    ┆ 67.16  │
│ 2025-07-03 00:00:30 ┆ 284.51    ┆ 67.18  │
│ 2025-07-03 00:00:40 ┆ 284.53    ┆ 66.94  │
│ 2025-07-03 00:00:50 ┆ 284.53    ┆ 66.7   │
│ …                   ┆ …         ┆ …      │
│ 2025-07-03 23:59:20 ┆ 283.43    ┆ 81.9   │
│ 2025-07-03 23:59:30 ┆ 283.41    ┆ 81.84  │
│ 2025-07-03 23:59:40 ┆ 283.43    ┆ 81.76  │
│ 2025-07-03 23:59:50 ┆ 283.43    ┆ 81.76  │
│ 2025-07-04 00:00:00 ┆ 283.43    ┆ 81.82  │
└─────────────────────┴───────────┴────────┘
[INFO] Correcting the 'time' variable in the NetCDF file.
<class 'netCDF4.Variable'>
float64 time(time)
    units: seconds since 1970-01-01 00:00:00
    standard_name: time
    long_name: Time (seconds since 1970-01-01 00:00:00)
    axis: T
    valid_min: 1751500810.0
    valid_max: 1751587200.0
    calendar: standard
unlimited dimensions: 
current shape = (8640,)
filling on, default _FillValue of 9.969209968386869e+36 used
Flagged 0 points where air_temperature < 245.0K as bad data (qc_flag = 2).
Found 0 points already flagged as bad data (flag=2)
QC flags successfully added to /gws/pw/j07/ncas_obs_vol2/cao/processing/ncas-temperature-rh-1/data/long-term/level1d/2025/stfc-temperature-rh-1_cao_20250703_surface-met_v1.1.nc.
Updated time units to 'seconds since 1970-01-01 00:00:00' in /gws/pw/j07/ncas_obs_vol2/cao/processing/ncas-temperature-rh-1/data/long-term/level1d/2025/stfc-temperature-rh-1_cao_20250703_surface-met_v1.1.nc
/gws/pw/j07/ncas_obs_vol2/cao/raw_data/met_cao/data/long-term/2025/202507/CR1000XSeries_Chilbolton_Rxcabinmet1_20250704.dat
Parsed column names: ['TIMESTAMP', 'RECORD', 'BattV_Avg', 'PTemp_C_Avg', 'Air_T_Avg', 'RH_Avg', 'BP_mbar_Avg', 'WS_Avg', 'WD_Avg', 'SlrW_Avg', 'rg001dc_ch_Tot', 'rg006dc_ch_Tot', 'rg008dc_ch_Tot', 'rg009dc_ch_Tot', 'rg004tb_ch_Tot']
shape: (8_640, 3)
┌─────────────────────┬───────────┬────────┐
│ TIMESTAMP           ┆ Air_T_Avg ┆ RH_Avg │
│ ---                 ┆ ---       ┆ ---    │
│ datetime[μs]        ┆ f64       ┆ f64    │
╞═════════════════════╪═══════════╪════════╡
│ 2025-07-04 00:00:10 ┆ 283.43    ┆ 81.86  │
│ 2025-07-04 00:00:20 ┆ 283.43    ┆ 81.96  │
│ 2025-07-04 00:00:30 ┆ 283.45    ┆ 82.04  │
│ 2025-07-04 00:00:40 ┆ 283.45    ┆ 82.18  │
│ 2025-07-04 00:00:50 ┆ 283.45    ┆ 82.26  │
│ …                   ┆ …         ┆ …      │
│ 2025-07-04 23:59:20 ┆ 288.85    ┆ 65.74  │
│ 2025-07-04 23:59:30 ┆ 288.85    ┆ 65.8   │
│ 2025-07-04 23:59:40 ┆ 288.83    ┆ 65.88  │
│ 2025-07-04 23:59:50 ┆ 288.83    ┆ 65.96  │
│ 2025-07-05 00:00:00 ┆ 288.81    ┆ 65.98  │
└─────────────────────┴───────────┴────────┘
[INFO] Correcting the 'time' variable in the NetCDF file.
<class 'netCDF4.Variable'>
float64 time(time)
    units: seconds since 1970-01-01 00:00:00
    standard_name: time
    long_name: Time (seconds since 1970-01-01 00:00:00)
    axis: T
    valid_min: 1751587210.0
    valid_max: 1751673600.0
    calendar: standard
unlimited dimensions: 
current shape = (8640,)
filling on, default _FillValue of 9.969209968386869e+36 used
Flagged 0 points where air_temperature < 245.0K as bad data (qc_flag = 2).
Found 0 points already flagged as bad data (flag=2)
QC flags successfully added to /gws/pw/j07/ncas_obs_vol2/cao/processing/ncas-temperature-rh-1/data/long-term/level1d/2025/stfc-temperature-rh-1_cao_20250704_surface-met_v1.1.nc.
Updated time units to 'seconds since 1970-01-01 00:00:00' in /gws/pw/j07/ncas_obs_vol2/cao/processing/ncas-temperature-rh-1/data/long-term/level1d/2025/stfc-temperature-rh-1_cao_20250704_surface-met_v1.1.nc
/gws/pw/j07/ncas_obs_vol2/cao/raw_data/met_cao/data/long-term/2025/202507/CR1000XSeries_Chilbolton_Rxcabinmet1_20250705.dat
Parsed column names: ['TIMESTAMP', 'RECORD', 'BattV_Avg', 'PTemp_C_Avg', 'Air_T_Avg', 'RH_Avg', 'BP_mbar_Avg', 'WS_Avg', 'WD_Avg', 'SlrW_Avg', 'rg001dc_ch_Tot', 'rg006dc_ch_Tot', 'rg008dc_ch_Tot', 'rg009dc_ch_Tot', 'rg004tb_ch_Tot']
shape: (8_640, 3)
┌─────────────────────┬───────────┬────────┐
│ TIMESTAMP           ┆ Air_T_Avg ┆ RH_Avg │
│ ---                 ┆ ---       ┆ ---    │
│ datetime[μs]        ┆ f64       ┆ f64    │
╞═════════════════════╪═══════════╪════════╡
│ 2025-07-05 00:00:10 ┆ 288.83    ┆ 65.94  │
│ 2025-07-05 00:00:20 ┆ 288.81    ┆ 65.86  │
│ 2025-07-05 00:00:30 ┆ 288.83    ┆ 65.74  │
│ 2025-07-05 00:00:40 ┆ 288.81    ┆ 65.68  │
│ 2025-07-05 00:00:50 ┆ 288.83    ┆ 65.64  │
│ …                   ┆ …         ┆ …      │
│ 2025-07-05 23:59:20 ┆ 290.79    ┆ 89.04  │
│ 2025-07-05 23:59:30 ┆ 290.79    ┆ 89.08  │
│ 2025-07-05 23:59:40 ┆ 290.79    ┆ 89.12  │
│ 2025-07-05 23:59:50 ┆ 290.79    ┆ 89.14  │
│ 2025-07-06 00:00:00 ┆ 290.79    ┆ 89.16  │
└─────────────────────┴───────────┴────────┘
[INFO] Correcting the 'time' variable in the NetCDF file.
<class 'netCDF4.Variable'>
float64 time(time)
    units: seconds since 1970-01-01 00:00:00
    standard_name: time
    long_name: Time (seconds since 1970-01-01 00:00:00)
    axis: T
    valid_min: 1751673610.0
    valid_max: 1751760000.0
    calendar: standard
unlimited dimensions: 
current shape = (8640,)
filling on, default _FillValue of 9.969209968386869e+36 used
Flagged 0 points where air_temperature < 245.0K as bad data (qc_flag = 2).
Found 0 points already flagged as bad data (flag=2)
QC flags successfully added to /gws/pw/j07/ncas_obs_vol2/cao/processing/ncas-temperature-rh-1/data/long-term/level1d/2025/stfc-temperature-rh-1_cao_20250705_surface-met_v1.1.nc.
Updated time units to 'seconds since 1970-01-01 00:00:00' in /gws/pw/j07/ncas_obs_vol2/cao/processing/ncas-temperature-rh-1/data/long-term/level1d/2025/stfc-temperature-rh-1_cao_20250705_surface-met_v1.1.nc
/gws/pw/j07/ncas_obs_vol2/cao/raw_data/met_cao/data/long-term/2025/202507/CR1000XSeries_Chilbolton_Rxcabinmet1_20250706.dat
Parsed column names: ['TIMESTAMP', 'RECORD', 'BattV_Avg', 'PTemp_C_Avg', 'Air_T_Avg', 'RH_Avg', 'BP_mbar_Avg', 'WS_Avg', 'WD_Avg', 'SlrW_Avg', 'rg001dc_ch_Tot', 'rg006dc_ch_Tot', 'rg008dc_ch_Tot', 'rg009dc_ch_Tot', 'rg004tb_ch_Tot']
shape: (8_640, 3)
┌─────────────────────┬───────────┬────────┐
│ TIMESTAMP           ┆ Air_T_Avg ┆ RH_Avg │
│ ---                 ┆ ---       ┆ ---    │
│ datetime[μs]        ┆ f64       ┆ f64    │
╞═════════════════════╪═══════════╪════════╡
│ 2025-07-06 00:00:10 ┆ 290.79    ┆ 89.14  │
│ 2025-07-06 00:00:20 ┆ 290.79    ┆ 89.14  │
│ 2025-07-06 00:00:30 ┆ 290.79    ┆ 89.18  │
│ 2025-07-06 00:00:40 ┆ 290.79    ┆ 89.14  │
│ 2025-07-06 00:00:50 ┆ 290.79    ┆ 89.12  │
│ …                   ┆ …         ┆ …      │
│ 2025-07-06 23:59:20 ┆ 288.31    ┆ 76.22  │
│ 2025-07-06 23:59:30 ┆ 288.31    ┆ 76.2   │
│ 2025-07-06 23:59:40 ┆ 288.33    ┆ 76.1   │
│ 2025-07-06 23:59:50 ┆ 288.33    ┆ 76.08  │
│ 2025-07-07 00:00:00 ┆ 288.35    ┆ 76.14  │
└─────────────────────┴───────────┴────────┘
[INFO] Correcting the 'time' variable in the NetCDF file.
<class 'netCDF4.Variable'>
float64 time(time)
    units: seconds since 1970-01-01 00:00:00
    standard_name: time
    long_name: Time (seconds since 1970-01-01 00:00:00)
    axis: T
    valid_min: 1751760010.0
    valid_max: 1751846400.0
    calendar: standard
unlimited dimensions: 
current shape = (8640,)
filling on, default _FillValue of 9.969209968386869e+36 used
Flagged 0 points where air_temperature < 245.0K as bad data (qc_flag = 2).
Found 0 points already flagged as bad data (flag=2)
QC flags successfully added to /gws/pw/j07/ncas_obs_vol2/cao/processing/ncas-temperature-rh-1/data/long-term/level1d/2025/stfc-temperature-rh-1_cao_20250706_surface-met_v1.1.nc.
Updated time units to 'seconds since 1970-01-01 00:00:00' in /gws/pw/j07/ncas_obs_vol2/cao/processing/ncas-temperature-rh-1/data/long-term/level1d/2025/stfc-temperature-rh-1_cao_20250706_surface-met_v1.1.nc
/gws/pw/j07/ncas_obs_vol2/cao/raw_data/met_cao/data/long-term/2025/202507/CR1000XSeries_Chilbolton_Rxcabinmet1_20250707.dat
Parsed column names: ['TIMESTAMP', 'RECORD', 'BattV_Avg', 'PTemp_C_Avg', 'Air_T_Avg', 'RH_Avg', 'BP_mbar_Avg', 'WS_Avg', 'WD_Avg', 'SlrW_Avg', 'rg001dc_ch_Tot', 'rg006dc_ch_Tot', 'rg008dc_ch_Tot', 'rg009dc_ch_Tot', 'rg004tb_ch_Tot']
shape: (8_640, 3)
┌─────────────────────┬───────────┬────────┐
│ TIMESTAMP           ┆ Air_T_Avg ┆ RH_Avg │
│ ---                 ┆ ---       ┆ ---    │
│ datetime[μs]        ┆ f64       ┆ f64    │
╞═════════════════════╪═══════════╪════════╡
│ 2025-07-07 00:00:10 ┆ 288.35    ┆ 76.2   │
│ 2025-07-07 00:00:20 ┆ 288.35    ┆ 76.18  │
│ 2025-07-07 00:00:30 ┆ 288.35    ┆ 76.08  │
│ 2025-07-07 00:00:40 ┆ 288.33    ┆ 75.94  │
│ 2025-07-07 00:00:50 ┆ 288.35    ┆ 75.8   │
│ …                   ┆ …         ┆ …      │
│ 2025-07-07 23:59:20 ┆ 286.07    ┆ 81.16  │
│ 2025-07-07 23:59:30 ┆ 286.11    ┆ 80.96  │
│ 2025-07-07 23:59:40 ┆ 286.13    ┆ 80.94  │
│ 2025-07-07 23:59:50 ┆ 286.17    ┆ 80.9   │
│ 2025-07-08 00:00:00 ┆ 286.19    ┆ 81.0   │
└─────────────────────┴───────────┴────────┘
[INFO] Correcting the 'time' variable in the NetCDF file.
<class 'netCDF4.Variable'>
float64 time(time)
    units: seconds since 1970-01-01 00:00:00
    standard_name: time
    long_name: Time (seconds since 1970-01-01 00:00:00)
    axis: T
    valid_min: 1751846410.0
    valid_max: 1751932800.0
    calendar: standard
unlimited dimensions: 
current shape = (8640,)
filling on, default _FillValue of 9.969209968386869e+36 used
Flagged 0 points where air_temperature < 245.0K as bad data (qc_flag = 2).
Found 0 points already flagged as bad data (flag=2)
QC flags successfully added to /gws/pw/j07/ncas_obs_vol2/cao/processing/ncas-temperature-rh-1/data/long-term/level1d/2025/stfc-temperature-rh-1_cao_20250707_surface-met_v1.1.nc.
Updated time units to 'seconds since 1970-01-01 00:00:00' in /gws/pw/j07/ncas_obs_vol2/cao/processing/ncas-temperature-rh-1/data/long-term/level1d/2025/stfc-temperature-rh-1_cao_20250707_surface-met_v1.1.nc
/gws/pw/j07/ncas_obs_vol2/cao/raw_data/met_cao/data/long-term/2025/202507/CR1000XSeries_Chilbolton_Rxcabinmet1_20250708.dat
Parsed column names: ['TIMESTAMP', 'RECORD', 'BattV_Avg', 'PTemp_C_Avg', 'Air_T_Avg', 'RH_Avg', 'BP_mbar_Avg', 'WS_Avg', 'WD_Avg', 'SlrW_Avg', 'rg001dc_ch_Tot', 'rg006dc_ch_Tot', 'rg008dc_ch_Tot', 'rg009dc_ch_Tot', 'rg004tb_ch_Tot']
shape: (8_640, 3)
┌─────────────────────┬───────────┬────────┐
│ TIMESTAMP           ┆ Air_T_Avg ┆ RH_Avg │
│ ---                 ┆ ---       ┆ ---    │
│ datetime[μs]        ┆ f64       ┆ f64    │
╞═════════════════════╪═══════════╪════════╡
│ 2025-07-08 00:00:10 ┆ 286.19    ┆ 81.12  │
│ 2025-07-08 00:00:20 ┆ 286.15    ┆ 81.3   │
│ 2025-07-08 00:00:30 ┆ 286.13    ┆ 81.5   │
│ 2025-07-08 00:00:40 ┆ 286.13    ┆ 81.54  │
│ 2025-07-08 00:00:50 ┆ 286.11    ┆ 81.52  │
│ …                   ┆ …         ┆ …      │
│ 2025-07-08 23:59:20 ┆ 285.55    ┆ 91.54  │
│ 2025-07-08 23:59:30 ┆ 285.53    ┆ 91.5   │
│ 2025-07-08 23:59:40 ┆ 285.51    ┆ 91.44  │
│ 2025-07-08 23:59:50 ┆ 285.51    ┆ 91.38  │
│ 2025-07-09 00:00:00 ┆ 285.51    ┆ 91.42  │
└─────────────────────┴───────────┴────────┘
[INFO] Correcting the 'time' variable in the NetCDF file.
<class 'netCDF4.Variable'>
float64 time(time)
    units: seconds since 1970-01-01 00:00:00
    standard_name: time
    long_name: Time (seconds since 1970-01-01 00:00:00)
    axis: T
    valid_min: 1751932810.0
    valid_max: 1752019200.0
    calendar: standard
unlimited dimensions: 
current shape = (8640,)
filling on, default _FillValue of 9.969209968386869e+36 used
Flagged 0 points where air_temperature < 245.0K as bad data (qc_flag = 2).
Found 0 points already flagged as bad data (flag=2)
QC flags successfully added to /gws/pw/j07/ncas_obs_vol2/cao/processing/ncas-temperature-rh-1/data/long-term/level1d/2025/stfc-temperature-rh-1_cao_20250708_surface-met_v1.1.nc.
Updated time units to 'seconds since 1970-01-01 00:00:00' in /gws/pw/j07/ncas_obs_vol2/cao/processing/ncas-temperature-rh-1/data/long-term/level1d/2025/stfc-temperature-rh-1_cao_20250708_surface-met_v1.1.nc
/gws/pw/j07/ncas_obs_vol2/cao/raw_data/met_cao/data/long-term/2025/202507/CR1000XSeries_Chilbolton_Rxcabinmet1_20250709.dat
Parsed column names: ['TIMESTAMP', 'RECORD', 'BattV_Avg', 'PTemp_C_Avg', 'Air_T_Avg', 'RH_Avg', 'BP_mbar_Avg', 'WS_Avg', 'WD_Avg', 'SlrW_Avg', 'rg001dc_ch_Tot', 'rg006dc_ch_Tot', 'rg008dc_ch_Tot', 'rg009dc_ch_Tot', 'rg004tb_ch_Tot']
shape: (8_640, 3)
┌─────────────────────┬───────────┬────────┐
│ TIMESTAMP           ┆ Air_T_Avg ┆ RH_Avg │
│ ---                 ┆ ---       ┆ ---    │
│ datetime[μs]        ┆ f64       ┆ f64    │
╞═════════════════════╪═══════════╪════════╡
│ 2025-07-09 00:00:10 ┆ 285.49    ┆ 91.48  │
│ 2025-07-09 00:00:20 ┆ 285.47    ┆ 91.5   │
│ 2025-07-09 00:00:30 ┆ 285.49    ┆ 91.42  │
│ 2025-07-09 00:00:40 ┆ 285.49    ┆ 91.42  │
│ 2025-07-09 00:00:50 ┆ 285.49    ┆ 91.42  │
│ …                   ┆ …         ┆ …      │
│ 2025-07-09 23:59:20 ┆ 288.27    ┆ 79.32  │
│ 2025-07-09 23:59:30 ┆ 288.27    ┆ 79.16  │
│ 2025-07-09 23:59:40 ┆ 288.23    ┆ 79.12  │
│ 2025-07-09 23:59:50 ┆ 288.21    ┆ 78.98  │
│ 2025-07-10 00:00:00 ┆ 288.19    ┆ 78.74  │
└─────────────────────┴───────────┴────────┘
[INFO] Correcting the 'time' variable in the NetCDF file.
<class 'netCDF4.Variable'>
float64 time(time)
    units: seconds since 1970-01-01 00:00:00
    standard_name: time
    long_name: Time (seconds since 1970-01-01 00:00:00)
    axis: T
    valid_min: 1752019210.0
    valid_max: 1752105600.0
    calendar: standard
unlimited dimensions: 
current shape = (8640,)
filling on, default _FillValue of 9.969209968386869e+36 used
Flagged 0 points where air_temperature < 245.0K as bad data (qc_flag = 2).
Found 0 points already flagged as bad data (flag=2)
QC flags successfully added to /gws/pw/j07/ncas_obs_vol2/cao/processing/ncas-temperature-rh-1/data/long-term/level1d/2025/stfc-temperature-rh-1_cao_20250709_surface-met_v1.1.nc.
Updated time units to 'seconds since 1970-01-01 00:00:00' in /gws/pw/j07/ncas_obs_vol2/cao/processing/ncas-temperature-rh-1/data/long-term/level1d/2025/stfc-temperature-rh-1_cao_20250709_surface-met_v1.1.nc
/gws/pw/j07/ncas_obs_vol2/cao/raw_data/met_cao/data/long-term/2025/202507/CR1000XSeries_Chilbolton_Rxcabinmet1_20250710.dat
Parsed column names: ['TIMESTAMP', 'RECORD', 'BattV_Avg', 'PTemp_C_Avg', 'Air_T_Avg', 'RH_Avg', 'BP_mbar_Avg', 'WS_Avg', 'WD_Avg', 'SlrW_Avg', 'rg001dc_ch_Tot', 'rg006dc_ch_Tot', 'rg008dc_ch_Tot', 'rg009dc_ch_Tot', 'rg004tb_ch_Tot']
shape: (8_640, 3)
┌─────────────────────┬───────────┬────────┐
│ TIMESTAMP           ┆ Air_T_Avg ┆ RH_Avg │
│ ---                 ┆ ---       ┆ ---    │
│ datetime[μs]        ┆ f64       ┆ f64    │
╞═════════════════════╪═══════════╪════════╡
│ 2025-07-10 00:00:10 ┆ 288.19    ┆ 78.66  │
│ 2025-07-10 00:00:20 ┆ 288.19    ┆ 78.68  │
│ 2025-07-10 00:00:30 ┆ 288.17    ┆ 78.88  │
│ 2025-07-10 00:00:40 ┆ 288.13    ┆ 79.08  │
│ 2025-07-10 00:00:50 ┆ 288.13    ┆ 79.24  │
│ …                   ┆ …         ┆ …      │
│ 2025-07-10 23:59:20 ┆ 291.21    ┆ 81.5   │
│ 2025-07-10 23:59:30 ┆ 291.21    ┆ 81.24  │
│ 2025-07-10 23:59:40 ┆ 291.23    ┆ 81.0   │
│ 2025-07-10 23:59:50 ┆ 291.27    ┆ 80.6   │
│ 2025-07-11 00:00:00 ┆ 291.27    ┆ 80.44  │
└─────────────────────┴───────────┴────────┘
[INFO] Correcting the 'time' variable in the NetCDF file.
<class 'netCDF4.Variable'>
float64 time(time)
    units: seconds since 1970-01-01 00:00:00
    standard_name: time
    long_name: Time (seconds since 1970-01-01 00:00:00)
    axis: T
    valid_min: 1752105610.0
    valid_max: 1752192000.0
    calendar: standard
unlimited dimensions: 
current shape = (8640,)
filling on, default _FillValue of 9.969209968386869e+36 used
Flagged 0 points where air_temperature < 245.0K as bad data (qc_flag = 2).
Found 0 points already flagged as bad data (flag=2)
QC flags successfully added to /gws/pw/j07/ncas_obs_vol2/cao/processing/ncas-temperature-rh-1/data/long-term/level1d/2025/stfc-temperature-rh-1_cao_20250710_surface-met_v1.1.nc.
Updated time units to 'seconds since 1970-01-01 00:00:00' in /gws/pw/j07/ncas_obs_vol2/cao/processing/ncas-temperature-rh-1/data/long-term/level1d/2025/stfc-temperature-rh-1_cao_20250710_surface-met_v1.1.nc
/gws/pw/j07/ncas_obs_vol2/cao/raw_data/met_cao/data/long-term/2025/202507/CR1000XSeries_Chilbolton_Rxcabinmet1_20250711.dat
Parsed column names: ['TIMESTAMP', 'RECORD', 'BattV_Avg', 'PTemp_C_Avg', 'Air_T_Avg', 'RH_Avg', 'BP_mbar_Avg', 'WS_Avg', 'WD_Avg', 'SlrW_Avg', 'rg001dc_ch_Tot', 'rg006dc_ch_Tot', 'rg008dc_ch_Tot', 'rg009dc_ch_Tot', 'rg004tb_ch_Tot']
shape: (8_640, 3)
┌─────────────────────┬───────────┬────────┐
│ TIMESTAMP           ┆ Air_T_Avg ┆ RH_Avg │
│ ---                 ┆ ---       ┆ ---    │
│ datetime[μs]        ┆ f64       ┆ f64    │
╞═════════════════════╪═══════════╪════════╡
│ 2025-07-11 00:00:10 ┆ 291.33    ┆ 80.34  │
│ 2025-07-11 00:00:20 ┆ 291.41    ┆ 80.28  │
│ 2025-07-11 00:00:30 ┆ 291.45    ┆ 80.38  │
│ 2025-07-11 00:00:40 ┆ 291.49    ┆ 80.84  │
│ 2025-07-11 00:00:50 ┆ 291.49    ┆ 81.04  │
│ …                   ┆ …         ┆ …      │
│ 2025-07-11 23:59:20 ┆ 290.13    ┆ 64.64  │
│ 2025-07-11 23:59:30 ┆ 290.11    ┆ 64.84  │
│ 2025-07-11 23:59:40 ┆ 290.13    ┆ 65.06  │
│ 2025-07-11 23:59:50 ┆ 290.11    ┆ 65.32  │
│ 2025-07-12 00:00:00 ┆ 290.11    ┆ 65.38  │
└─────────────────────┴───────────┴────────┘
[INFO] Correcting the 'time' variable in the NetCDF file.
<class 'netCDF4.Variable'>
float64 time(time)
    units: seconds since 1970-01-01 00:00:00
    standard_name: time
    long_name: Time (seconds since 1970-01-01 00:00:00)
    axis: T
    valid_min: 1752192010.0
    valid_max: 1752278400.0
    calendar: standard
unlimited dimensions: 
current shape = (8640,)
filling on, default _FillValue of 9.969209968386869e+36 used
Flagged 0 points where air_temperature < 245.0K as bad data (qc_flag = 2).
Found 0 points already flagged as bad data (flag=2)
QC flags successfully added to /gws/pw/j07/ncas_obs_vol2/cao/processing/ncas-temperature-rh-1/data/long-term/level1d/2025/stfc-temperature-rh-1_cao_20250711_surface-met_v1.1.nc.
Updated time units to 'seconds since 1970-01-01 00:00:00' in /gws/pw/j07/ncas_obs_vol2/cao/processing/ncas-temperature-rh-1/data/long-term/level1d/2025/stfc-temperature-rh-1_cao_20250711_surface-met_v1.1.nc
/gws/pw/j07/ncas_obs_vol2/cao/raw_data/met_cao/data/long-term/2025/202507/CR1000XSeries_Chilbolton_Rxcabinmet1_20250712.dat
Parsed column names: ['TIMESTAMP', 'RECORD', 'BattV_Avg', 'PTemp_C_Avg', 'Air_T_Avg', 'RH_Avg', 'BP_mbar_Avg', 'WS_Avg', 'WD_Avg', 'SlrW_Avg', 'rg001dc_ch_Tot', 'rg006dc_ch_Tot', 'rg008dc_ch_Tot', 'rg009dc_ch_Tot', 'rg004tb_ch_Tot']
shape: (8_640, 3)
┌─────────────────────┬───────────┬────────┐
│ TIMESTAMP           ┆ Air_T_Avg ┆ RH_Avg │
│ ---                 ┆ ---       ┆ ---    │
│ datetime[μs]        ┆ f64       ┆ f64    │
╞═════════════════════╪═══════════╪════════╡
│ 2025-07-12 00:00:10 ┆ 290.11    ┆ 65.22  │
│ 2025-07-12 00:00:20 ┆ 290.13    ┆ 65.08  │
│ 2025-07-12 00:00:30 ┆ 290.13    ┆ 64.96  │
│ 2025-07-12 00:00:40 ┆ 290.13    ┆ 64.82  │
│ 2025-07-12 00:00:50 ┆ 290.13    ┆ 64.76  │
│ …                   ┆ …         ┆ …      │
│ 2025-07-12 23:59:20 ┆ 291.03    ┆ 79.8   │
│ 2025-07-12 23:59:30 ┆ 291.03    ┆ 79.64  │
│ 2025-07-12 23:59:40 ┆ 291.03    ┆ 79.46  │
│ 2025-07-12 23:59:50 ┆ 291.01    ┆ 79.4   │
│ 2025-07-13 00:00:00 ┆ 290.99    ┆ 79.46  │
└─────────────────────┴───────────┴────────┘
[INFO] Correcting the 'time' variable in the NetCDF file.
<class 'netCDF4.Variable'>
float64 time(time)
    units: seconds since 1970-01-01 00:00:00
    standard_name: time
    long_name: Time (seconds since 1970-01-01 00:00:00)
    axis: T
    valid_min: 1752278410.0
    valid_max: 1752364800.0
    calendar: standard
unlimited dimensions: 
current shape = (8640,)
filling on, default _FillValue of 9.969209968386869e+36 used
Flagged 0 points where air_temperature < 245.0K as bad data (qc_flag = 2).
Found 0 points already flagged as bad data (flag=2)
QC flags successfully added to /gws/pw/j07/ncas_obs_vol2/cao/processing/ncas-temperature-rh-1/data/long-term/level1d/2025/stfc-temperature-rh-1_cao_20250712_surface-met_v1.1.nc.
Updated time units to 'seconds since 1970-01-01 00:00:00' in /gws/pw/j07/ncas_obs_vol2/cao/processing/ncas-temperature-rh-1/data/long-term/level1d/2025/stfc-temperature-rh-1_cao_20250712_surface-met_v1.1.nc
/gws/pw/j07/ncas_obs_vol2/cao/raw_data/met_cao/data/long-term/2025/202507/CR1000XSeries_Chilbolton_Rxcabinmet1_20250713.dat
Parsed column names: ['TIMESTAMP', 'RECORD', 'BattV_Avg', 'PTemp_C_Avg', 'Air_T_Avg', 'RH_Avg', 'BP_mbar_Avg', 'WS_Avg', 'WD_Avg', 'SlrW_Avg', 'rg001dc_ch_Tot', 'rg006dc_ch_Tot', 'rg008dc_ch_Tot', 'rg009dc_ch_Tot', 'rg004tb_ch_Tot']
shape: (8_640, 3)
┌─────────────────────┬───────────┬────────┐
│ TIMESTAMP           ┆ Air_T_Avg ┆ RH_Avg │
│ ---                 ┆ ---       ┆ ---    │
│ datetime[μs]        ┆ f64       ┆ f64    │
╞═════════════════════╪═══════════╪════════╡
│ 2025-07-13 00:00:10 ┆ 290.97    ┆ 79.54  │
│ 2025-07-13 00:00:20 ┆ 290.97    ┆ 79.62  │
│ 2025-07-13 00:00:30 ┆ 290.95    ┆ 79.72  │
│ 2025-07-13 00:00:40 ┆ 290.93    ┆ 79.78  │
│ 2025-07-13 00:00:50 ┆ 290.91    ┆ 79.7   │
│ …                   ┆ …         ┆ …      │
│ 2025-07-13 23:59:20 ┆ 292.15    ┆ 68.5   │
│ 2025-07-13 23:59:30 ┆ 292.13    ┆ 68.6   │
│ 2025-07-13 23:59:40 ┆ 292.11    ┆ 68.7   │
│ 2025-07-13 23:59:50 ┆ 292.11    ┆ 68.78  │
│ 2025-07-14 00:00:00 ┆ 292.11    ┆ 68.9   │
└─────────────────────┴───────────┴────────┘
[INFO] Correcting the 'time' variable in the NetCDF file.
<class 'netCDF4.Variable'>
float64 time(time)
    units: seconds since 1970-01-01 00:00:00
    standard_name: time
    long_name: Time (seconds since 1970-01-01 00:00:00)
    axis: T
    valid_min: 1752364810.0
    valid_max: 1752451200.0
    calendar: standard
unlimited dimensions: 
current shape = (8640,)
filling on, default _FillValue of 9.969209968386869e+36 used
Flagged 0 points where air_temperature < 245.0K as bad data (qc_flag = 2).
Found 0 points already flagged as bad data (flag=2)
QC flags successfully added to /gws/pw/j07/ncas_obs_vol2/cao/processing/ncas-temperature-rh-1/data/long-term/level1d/2025/stfc-temperature-rh-1_cao_20250713_surface-met_v1.1.nc.
Updated time units to 'seconds since 1970-01-01 00:00:00' in /gws/pw/j07/ncas_obs_vol2/cao/processing/ncas-temperature-rh-1/data/long-term/level1d/2025/stfc-temperature-rh-1_cao_20250713_surface-met_v1.1.nc
/gws/pw/j07/ncas_obs_vol2/cao/raw_data/met_cao/data/long-term/2025/202507/CR1000XSeries_Chilbolton_Rxcabinmet1_20250714.dat
Parsed column names: ['TIMESTAMP', 'RECORD', 'BattV_Avg', 'PTemp_C_Avg', 'Air_T_Avg', 'RH_Avg', 'BP_mbar_Avg', 'WS_Avg', 'WD_Avg', 'SlrW_Avg', 'rg001dc_ch_Tot', 'rg006dc_ch_Tot', 'rg008dc_ch_Tot', 'rg009dc_ch_Tot', 'rg004tb_ch_Tot']
shape: (8_640, 3)
┌─────────────────────┬───────────┬────────┐
│ TIMESTAMP           ┆ Air_T_Avg ┆ RH_Avg │
│ ---                 ┆ ---       ┆ ---    │
│ datetime[μs]        ┆ f64       ┆ f64    │
╞═════════════════════╪═══════════╪════════╡
│ 2025-07-14 00:00:10 ┆ 292.11    ┆ 68.98  │
│ 2025-07-14 00:00:20 ┆ 292.11    ┆ 69.02  │
│ 2025-07-14 00:00:30 ┆ 292.11    ┆ 69.12  │
│ 2025-07-14 00:00:40 ┆ 292.11    ┆ 69.2   │
│ 2025-07-14 00:00:50 ┆ 292.11    ┆ 69.28  │
│ …                   ┆ …         ┆ …      │
│ 2025-07-14 23:59:20 ┆ 286.73    ┆ 84.32  │
│ 2025-07-14 23:59:30 ┆ 286.75    ┆ 84.32  │
│ 2025-07-14 23:59:40 ┆ 286.79    ┆ 84.14  │
│ 2025-07-14 23:59:50 ┆ 286.83    ┆ 84.2   │
│ 2025-07-15 00:00:00 ┆ 286.83    ┆ 84.34  │
└─────────────────────┴───────────┴────────┘
[INFO] Correcting the 'time' variable in the NetCDF file.
<class 'netCDF4.Variable'>
float64 time(time)
    units: seconds since 1970-01-01 00:00:00
    standard_name: time
    long_name: Time (seconds since 1970-01-01 00:00:00)
    axis: T
    valid_min: 1752451210.0
    valid_max: 1752537600.0
    calendar: standard
unlimited dimensions: 
current shape = (8640,)
filling on, default _FillValue of 9.969209968386869e+36 used
Flagged 0 points where air_temperature < 245.0K as bad data (qc_flag = 2).
Found 0 points already flagged as bad data (flag=2)
QC flags successfully added to /gws/pw/j07/ncas_obs_vol2/cao/processing/ncas-temperature-rh-1/data/long-term/level1d/2025/stfc-temperature-rh-1_cao_20250714_surface-met_v1.1.nc.
Updated time units to 'seconds since 1970-01-01 00:00:00' in /gws/pw/j07/ncas_obs_vol2/cao/processing/ncas-temperature-rh-1/data/long-term/level1d/2025/stfc-temperature-rh-1_cao_20250714_surface-met_v1.1.nc
/gws/pw/j07/ncas_obs_vol2/cao/raw_data/met_cao/data/long-term/2025/202507/CR1000XSeries_Chilbolton_Rxcabinmet1_20250715.dat
Parsed column names: ['TIMESTAMP', 'RECORD', 'BattV_Avg', 'PTemp_C_Avg', 'Air_T_Avg', 'RH_Avg', 'BP_mbar_Avg', 'WS_Avg', 'WD_Avg', 'SlrW_Avg', 'rg001dc_ch_Tot', 'rg006dc_ch_Tot', 'rg008dc_ch_Tot', 'rg009dc_ch_Tot', 'rg004tb_ch_Tot']
shape: (8_640, 3)
┌─────────────────────┬───────────┬────────┐
│ TIMESTAMP           ┆ Air_T_Avg ┆ RH_Avg │
│ ---                 ┆ ---       ┆ ---    │
│ datetime[μs]        ┆ f64       ┆ f64    │
╞═════════════════════╪═══════════╪════════╡
│ 2025-07-15 00:00:10 ┆ 286.83    ┆ 84.42  │
│ 2025-07-15 00:00:20 ┆ 286.83    ┆ 84.42  │
│ 2025-07-15 00:00:30 ┆ 286.83    ┆ 84.42  │
│ 2025-07-15 00:00:40 ┆ 286.81    ┆ 84.4   │
│ 2025-07-15 00:00:50 ┆ 286.81    ┆ 84.18  │
│ …                   ┆ …         ┆ …      │
│ 2025-07-15 23:59:20 ┆ 288.19    ┆ 77.72  │
│ 2025-07-15 23:59:30 ┆ 288.17    ┆ 77.72  │
│ 2025-07-15 23:59:40 ┆ 288.17    ┆ 77.76  │
│ 2025-07-15 23:59:50 ┆ 288.15    ┆ 77.88  │
│ 2025-07-16 00:00:00 ┆ 288.15    ┆ 77.96  │
└─────────────────────┴───────────┴────────┘
[INFO] Correcting the 'time' variable in the NetCDF file.
<class 'netCDF4.Variable'>
float64 time(time)
    units: seconds since 1970-01-01 00:00:00
    standard_name: time
    long_name: Time (seconds since 1970-01-01 00:00:00)
    axis: T
    valid_min: 1752537610.0
    valid_max: 1752624000.0
    calendar: standard
unlimited dimensions: 
current shape = (8640,)
filling on, default _FillValue of 9.969209968386869e+36 used
Flagged 0 points where air_temperature < 245.0K as bad data (qc_flag = 2).
Found 0 points already flagged as bad data (flag=2)
QC flags successfully added to /gws/pw/j07/ncas_obs_vol2/cao/processing/ncas-temperature-rh-1/data/long-term/level1d/2025/stfc-temperature-rh-1_cao_20250715_surface-met_v1.1.nc.
Updated time units to 'seconds since 1970-01-01 00:00:00' in /gws/pw/j07/ncas_obs_vol2/cao/processing/ncas-temperature-rh-1/data/long-term/level1d/2025/stfc-temperature-rh-1_cao_20250715_surface-met_v1.1.nc
/gws/pw/j07/ncas_obs_vol2/cao/raw_data/met_cao/data/long-term/2025/202507/CR1000XSeries_Chilbolton_Rxcabinmet1_20250716.dat
Parsed column names: ['TIMESTAMP', 'RECORD', 'BattV_Avg', 'PTemp_C_Avg', 'Air_T_Avg', 'RH_Avg', 'BP_mbar_Avg', 'WS_Avg', 'WD_Avg', 'SlrW_Avg', 'rg001dc_ch_Tot', 'rg006dc_ch_Tot', 'rg008dc_ch_Tot', 'rg009dc_ch_Tot', 'rg004tb_ch_Tot']
shape: (8_640, 3)
┌─────────────────────┬───────────┬────────┐
│ TIMESTAMP           ┆ Air_T_Avg ┆ RH_Avg │
│ ---                 ┆ ---       ┆ ---    │
│ datetime[μs]        ┆ f64       ┆ f64    │
╞═════════════════════╪═══════════╪════════╡
│ 2025-07-16 00:00:10 ┆ 288.13    ┆ 77.98  │
│ 2025-07-16 00:00:20 ┆ 288.15    ┆ 77.96  │
│ 2025-07-16 00:00:30 ┆ 288.15    ┆ 78.02  │
│ 2025-07-16 00:00:40 ┆ 288.15    ┆ 78.08  │
│ 2025-07-16 00:00:50 ┆ 288.13    ┆ 78.14  │
│ …                   ┆ …         ┆ …      │
│ 2025-07-16 23:59:20 ┆ 293.07    ┆ 57.86  │
│ 2025-07-16 23:59:30 ┆ 293.07    ┆ 57.94  │
│ 2025-07-16 23:59:40 ┆ 293.07    ┆ 58.0   │
│ 2025-07-16 23:59:50 ┆ 293.07    ┆ 58.06  │
│ 2025-07-17 00:00:00 ┆ 293.07    ┆ 58.12  │
└─────────────────────┴───────────┴────────┘
[INFO] Correcting the 'time' variable in the NetCDF file.
<class 'netCDF4.Variable'>
float64 time(time)
    units: seconds since 1970-01-01 00:00:00
    standard_name: time
    long_name: Time (seconds since 1970-01-01 00:00:00)
    axis: T
    valid_min: 1752624010.0
    valid_max: 1752710400.0
    calendar: standard
unlimited dimensions: 
current shape = (8640,)
filling on, default _FillValue of 9.969209968386869e+36 used
Flagged 0 points where air_temperature < 245.0K as bad data (qc_flag = 2).
Found 0 points already flagged as bad data (flag=2)
QC flags successfully added to /gws/pw/j07/ncas_obs_vol2/cao/processing/ncas-temperature-rh-1/data/long-term/level1d/2025/stfc-temperature-rh-1_cao_20250716_surface-met_v1.1.nc.
Updated time units to 'seconds since 1970-01-01 00:00:00' in /gws/pw/j07/ncas_obs_vol2/cao/processing/ncas-temperature-rh-1/data/long-term/level1d/2025/stfc-temperature-rh-1_cao_20250716_surface-met_v1.1.nc
/gws/pw/j07/ncas_obs_vol2/cao/raw_data/met_cao/data/long-term/2025/202507/CR1000XSeries_Chilbolton_Rxcabinmet1_20250717.dat
Parsed column names: ['TIMESTAMP', 'RECORD', 'BattV_Avg', 'PTemp_C_Avg', 'Air_T_Avg', 'RH_Avg', 'BP_mbar_Avg', 'WS_Avg', 'WD_Avg', 'SlrW_Avg', 'rg001dc_ch_Tot', 'rg006dc_ch_Tot', 'rg008dc_ch_Tot', 'rg009dc_ch_Tot', 'rg004tb_ch_Tot']
shape: (8_640, 3)
┌─────────────────────┬───────────┬────────┐
│ TIMESTAMP           ┆ Air_T_Avg ┆ RH_Avg │
│ ---                 ┆ ---       ┆ ---    │
│ datetime[μs]        ┆ f64       ┆ f64    │
╞═════════════════════╪═══════════╪════════╡
│ 2025-07-17 00:00:10 ┆ 293.07    ┆ 58.14  │
│ 2025-07-17 00:00:20 ┆ 293.07    ┆ 58.16  │
│ 2025-07-17 00:00:30 ┆ 293.07    ┆ 58.18  │
│ 2025-07-17 00:00:40 ┆ 293.07    ┆ 58.24  │
│ 2025-07-17 00:00:50 ┆ 293.07    ┆ 58.34  │
│ …                   ┆ …         ┆ …      │
│ 2025-07-17 23:59:20 ┆ 290.05    ┆ 97.02  │
│ 2025-07-17 23:59:30 ┆ 290.05    ┆ 97.0   │
│ 2025-07-17 23:59:40 ┆ 290.05    ┆ 96.96  │
│ 2025-07-17 23:59:50 ┆ 290.03    ┆ 96.94  │
│ 2025-07-18 00:00:00 ┆ 290.05    ┆ 96.84  │
└─────────────────────┴───────────┴────────┘
[INFO] Correcting the 'time' variable in the NetCDF file.
<class 'netCDF4.Variable'>
float64 time(time)
    units: seconds since 1970-01-01 00:00:00
    standard_name: time
    long_name: Time (seconds since 1970-01-01 00:00:00)
    axis: T
    valid_min: 1752710410.0
    valid_max: 1752796800.0
    calendar: standard
unlimited dimensions: 
current shape = (8640,)
filling on, default _FillValue of 9.969209968386869e+36 used
Flagged 0 points where air_temperature < 245.0K as bad data (qc_flag = 2).
Found 0 points already flagged as bad data (flag=2)
QC flags successfully added to /gws/pw/j07/ncas_obs_vol2/cao/processing/ncas-temperature-rh-1/data/long-term/level1d/2025/stfc-temperature-rh-1_cao_20250717_surface-met_v1.1.nc.
Updated time units to 'seconds since 1970-01-01 00:00:00' in /gws/pw/j07/ncas_obs_vol2/cao/processing/ncas-temperature-rh-1/data/long-term/level1d/2025/stfc-temperature-rh-1_cao_20250717_surface-met_v1.1.nc
/gws/pw/j07/ncas_obs_vol2/cao/raw_data/met_cao/data/long-term/2025/202507/CR1000XSeries_Chilbolton_Rxcabinmet1_20250718.dat
Parsed column names: ['TIMESTAMP', 'RECORD', 'BattV_Avg', 'PTemp_C_Avg', 'Air_T_Avg', 'RH_Avg', 'BP_mbar_Avg', 'WS_Avg', 'WD_Avg', 'SlrW_Avg', 'rg001dc_ch_Tot', 'rg006dc_ch_Tot', 'rg008dc_ch_Tot', 'rg009dc_ch_Tot', 'rg004tb_ch_Tot']
shape: (8_640, 3)
┌─────────────────────┬───────────┬────────┐
│ TIMESTAMP           ┆ Air_T_Avg ┆ RH_Avg │
│ ---                 ┆ ---       ┆ ---    │
│ datetime[μs]        ┆ f64       ┆ f64    │
╞═════════════════════╪═══════════╪════════╡
│ 2025-07-18 00:00:10 ┆ 290.05    ┆ 96.92  │
│ 2025-07-18 00:00:20 ┆ 290.03    ┆ 97.06  │
│ 2025-07-18 00:00:30 ┆ 290.03    ┆ 97.14  │
│ 2025-07-18 00:00:40 ┆ 290.03    ┆ 97.12  │
│ 2025-07-18 00:00:50 ┆ 290.01    ┆ 97.06  │
│ …                   ┆ …         ┆ …      │
│ 2025-07-18 23:59:20 ┆ 290.61    ┆ 88.36  │
│ 2025-07-18 23:59:30 ┆ 290.61    ┆ 88.38  │
│ 2025-07-18 23:59:40 ┆ 290.61    ┆ 88.38  │
│ 2025-07-18 23:59:50 ┆ 290.63    ┆ 88.38  │
│ 2025-07-19 00:00:00 ┆ 290.63    ┆ 88.38  │
└─────────────────────┴───────────┴────────┘
[INFO] Correcting the 'time' variable in the NetCDF file.
<class 'netCDF4.Variable'>
float64 time(time)
    units: seconds since 1970-01-01 00:00:00
    standard_name: time
    long_name: Time (seconds since 1970-01-01 00:00:00)
    axis: T
    valid_min: 1752796810.0
    valid_max: 1752883200.0
    calendar: standard
unlimited dimensions: 
current shape = (8640,)
filling on, default _FillValue of 9.969209968386869e+36 used
Flagged 0 points where air_temperature < 245.0K as bad data (qc_flag = 2).
Found 0 points already flagged as bad data (flag=2)
QC flags successfully added to /gws/pw/j07/ncas_obs_vol2/cao/processing/ncas-temperature-rh-1/data/long-term/level1d/2025/stfc-temperature-rh-1_cao_20250718_surface-met_v1.1.nc.
Updated time units to 'seconds since 1970-01-01 00:00:00' in /gws/pw/j07/ncas_obs_vol2/cao/processing/ncas-temperature-rh-1/data/long-term/level1d/2025/stfc-temperature-rh-1_cao_20250718_surface-met_v1.1.nc
/gws/pw/j07/ncas_obs_vol2/cao/raw_data/met_cao/data/long-term/2025/202507/CR1000XSeries_Chilbolton_Rxcabinmet1_20250719.dat
Parsed column names: ['TIMESTAMP', 'RECORD', 'BattV_Avg', 'PTemp_C_Avg', 'Air_T_Avg', 'RH_Avg', 'BP_mbar_Avg', 'WS_Avg', 'WD_Avg', 'SlrW_Avg', 'rg001dc_ch_Tot', 'rg006dc_ch_Tot', 'rg008dc_ch_Tot', 'rg009dc_ch_Tot', 'rg004tb_ch_Tot']
shape: (8_640, 3)
┌─────────────────────┬───────────┬────────┐
│ TIMESTAMP           ┆ Air_T_Avg ┆ RH_Avg │
│ ---                 ┆ ---       ┆ ---    │
│ datetime[μs]        ┆ f64       ┆ f64    │
╞═════════════════════╪═══════════╪════════╡
│ 2025-07-19 00:00:10 ┆ 290.63    ┆ 88.4   │
│ 2025-07-19 00:00:20 ┆ 290.63    ┆ 88.48  │
│ 2025-07-19 00:00:30 ┆ 290.63    ┆ 88.5   │
│ 2025-07-19 00:00:40 ┆ 290.63    ┆ 88.54  │
│ 2025-07-19 00:00:50 ┆ 290.63    ┆ 88.52  │
│ …                   ┆ …         ┆ …      │
│ 2025-07-19 23:59:20 ┆ 289.99    ┆ 86.8   │
│ 2025-07-19 23:59:30 ┆ 290.01    ┆ 86.64  │
│ 2025-07-19 23:59:40 ┆ 290.01    ┆ 86.6   │
│ 2025-07-19 23:59:50 ┆ 289.99    ┆ 86.68  │
│ 2025-07-20 00:00:00 ┆ 289.99    ┆ 86.74  │
└─────────────────────┴───────────┴────────┘
[INFO] Correcting the 'time' variable in the NetCDF file.
<class 'netCDF4.Variable'>
float64 time(time)
    units: seconds since 1970-01-01 00:00:00
    standard_name: time
    long_name: Time (seconds since 1970-01-01 00:00:00)
    axis: T
    valid_min: 1752883210.0
    valid_max: 1752969600.0
    calendar: standard
unlimited dimensions: 
current shape = (8640,)
filling on, default _FillValue of 9.969209968386869e+36 used
Flagged 0 points where air_temperature < 245.0K as bad data (qc_flag = 2).
Found 0 points already flagged as bad data (flag=2)
QC flags successfully added to /gws/pw/j07/ncas_obs_vol2/cao/processing/ncas-temperature-rh-1/data/long-term/level1d/2025/stfc-temperature-rh-1_cao_20250719_surface-met_v1.1.nc.
Updated time units to 'seconds since 1970-01-01 00:00:00' in /gws/pw/j07/ncas_obs_vol2/cao/processing/ncas-temperature-rh-1/data/long-term/level1d/2025/stfc-temperature-rh-1_cao_20250719_surface-met_v1.1.nc
/gws/pw/j07/ncas_obs_vol2/cao/raw_data/met_cao/data/long-term/2025/202507/CR1000XSeries_Chilbolton_Rxcabinmet1_20250720.dat
Parsed column names: ['TIMESTAMP', 'RECORD', 'BattV_Avg', 'PTemp_C_Avg', 'Air_T_Avg', 'RH_Avg', 'BP_mbar_Avg', 'WS_Avg', 'WD_Avg', 'SlrW_Avg', 'rg001dc_ch_Tot', 'rg006dc_ch_Tot', 'rg008dc_ch_Tot', 'rg009dc_ch_Tot', 'rg004tb_ch_Tot']
shape: (8_640, 3)
┌─────────────────────┬───────────┬────────┐
│ TIMESTAMP           ┆ Air_T_Avg ┆ RH_Avg │
│ ---                 ┆ ---       ┆ ---    │
│ datetime[μs]        ┆ f64       ┆ f64    │
╞═════════════════════╪═══════════╪════════╡
│ 2025-07-20 00:00:10 ┆ 289.99    ┆ 86.84  │
│ 2025-07-20 00:00:20 ┆ 289.99    ┆ 86.98  │
│ 2025-07-20 00:00:30 ┆ 289.99    ┆ 87.3   │
│ 2025-07-20 00:00:40 ┆ 289.99    ┆ 87.3   │
│ 2025-07-20 00:00:50 ┆ 290.01    ┆ 87.2   │
│ …                   ┆ …         ┆ …      │
│ 2025-07-20 23:59:20 ┆ 285.33    ┆ 95.2   │
│ 2025-07-20 23:59:30 ┆ 285.33    ┆ 95.0   │
│ 2025-07-20 23:59:40 ┆ 285.35    ┆ 94.84  │
│ 2025-07-20 23:59:50 ┆ 285.35    ┆ 94.58  │
│ 2025-07-21 00:00:00 ┆ 285.37    ┆ 94.42  │
└─────────────────────┴───────────┴────────┘
[INFO] Correcting the 'time' variable in the NetCDF file.
<class 'netCDF4.Variable'>
float64 time(time)
    units: seconds since 1970-01-01 00:00:00
    standard_name: time
    long_name: Time (seconds since 1970-01-01 00:00:00)
    axis: T
    valid_min: 1752969610.0
    valid_max: 1753056000.0
    calendar: standard
unlimited dimensions: 
current shape = (8640,)
filling on, default _FillValue of 9.969209968386869e+36 used
Flagged 0 points where air_temperature < 245.0K as bad data (qc_flag = 2).
Found 0 points already flagged as bad data (flag=2)
QC flags successfully added to /gws/pw/j07/ncas_obs_vol2/cao/processing/ncas-temperature-rh-1/data/long-term/level1d/2025/stfc-temperature-rh-1_cao_20250720_surface-met_v1.1.nc.
Updated time units to 'seconds since 1970-01-01 00:00:00' in /gws/pw/j07/ncas_obs_vol2/cao/processing/ncas-temperature-rh-1/data/long-term/level1d/2025/stfc-temperature-rh-1_cao_20250720_surface-met_v1.1.nc
/gws/pw/j07/ncas_obs_vol2/cao/raw_data/met_cao/data/long-term/2025/202507/CR1000XSeries_Chilbolton_Rxcabinmet1_20250721.dat
Parsed column names: ['TIMESTAMP', 'RECORD', 'BattV_Avg', 'PTemp_C_Avg', 'Air_T_Avg', 'RH_Avg', 'BP_mbar_Avg', 'WS_Avg', 'WD_Avg', 'SlrW_Avg', 'rg001dc_ch_Tot', 'rg006dc_ch_Tot', 'rg008dc_ch_Tot', 'rg009dc_ch_Tot', 'rg004tb_ch_Tot']
shape: (8_640, 3)
┌─────────────────────┬───────────┬────────┐
│ TIMESTAMP           ┆ Air_T_Avg ┆ RH_Avg │
│ ---                 ┆ ---       ┆ ---    │
│ datetime[μs]        ┆ f64       ┆ f64    │
╞═════════════════════╪═══════════╪════════╡
│ 2025-07-21 00:00:10 ┆ 285.39    ┆ 94.4   │
│ 2025-07-21 00:00:20 ┆ 285.39    ┆ 94.5   │
│ 2025-07-21 00:00:30 ┆ 285.41    ┆ 94.62  │
│ 2025-07-21 00:00:40 ┆ 285.41    ┆ 94.9   │
│ 2025-07-21 00:00:50 ┆ 285.41    ┆ 95.16  │
│ …                   ┆ …         ┆ …      │
│ 2025-07-21 23:59:20 ┆ 289.73    ┆ 92.64  │
│ 2025-07-21 23:59:30 ┆ 289.71    ┆ 92.6   │
│ 2025-07-21 23:59:40 ┆ 289.71    ┆ 92.56  │
│ 2025-07-21 23:59:50 ┆ 289.71    ┆ 92.52  │
│ 2025-07-22 00:00:00 ┆ 289.71    ┆ 92.58  │
└─────────────────────┴───────────┴────────┘
[INFO] Correcting the 'time' variable in the NetCDF file.
<class 'netCDF4.Variable'>
float64 time(time)
    units: seconds since 1970-01-01 00:00:00
    standard_name: time
    long_name: Time (seconds since 1970-01-01 00:00:00)
    axis: T
    valid_min: 1753056010.0
    valid_max: 1753142400.0
    calendar: standard
unlimited dimensions: 
current shape = (8640,)
filling on, default _FillValue of 9.969209968386869e+36 used
Flagged 0 points where air_temperature < 245.0K as bad data (qc_flag = 2).
Found 0 points already flagged as bad data (flag=2)
QC flags successfully added to /gws/pw/j07/ncas_obs_vol2/cao/processing/ncas-temperature-rh-1/data/long-term/level1d/2025/stfc-temperature-rh-1_cao_20250721_surface-met_v1.1.nc.
Updated time units to 'seconds since 1970-01-01 00:00:00' in /gws/pw/j07/ncas_obs_vol2/cao/processing/ncas-temperature-rh-1/data/long-term/level1d/2025/stfc-temperature-rh-1_cao_20250721_surface-met_v1.1.nc
/gws/pw/j07/ncas_obs_vol2/cao/raw_data/met_cao/data/long-term/2025/202507/CR1000XSeries_Chilbolton_Rxcabinmet1_20250722.dat
Parsed column names: ['TIMESTAMP', 'RECORD', 'BattV_Avg', 'PTemp_C_Avg', 'Air_T_Avg', 'RH_Avg', 'BP_mbar_Avg', 'WS_Avg', 'WD_Avg', 'SlrW_Avg', 'rg001dc_ch_Tot', 'rg006dc_ch_Tot', 'rg008dc_ch_Tot', 'rg009dc_ch_Tot', 'rg004tb_ch_Tot']
shape: (8_640, 3)
┌─────────────────────┬───────────┬────────┐
│ TIMESTAMP           ┆ Air_T_Avg ┆ RH_Avg │
│ ---                 ┆ ---       ┆ ---    │
│ datetime[μs]        ┆ f64       ┆ f64    │
╞═════════════════════╪═══════════╪════════╡
│ 2025-07-22 00:00:10 ┆ 289.71    ┆ 92.6   │
│ 2025-07-22 00:00:20 ┆ 289.71    ┆ 92.62  │
│ 2025-07-22 00:00:30 ┆ 289.71    ┆ 92.58  │
│ 2025-07-22 00:00:40 ┆ 289.71    ┆ 92.48  │
│ 2025-07-22 00:00:50 ┆ 289.71    ┆ 92.44  │
│ …                   ┆ …         ┆ …      │
│ 2025-07-22 23:59:20 ┆ 288.33    ┆ 84.72  │
│ 2025-07-22 23:59:30 ┆ 288.35    ┆ 84.64  │
│ 2025-07-22 23:59:40 ┆ 288.35    ┆ 84.52  │
│ 2025-07-22 23:59:50 ┆ 288.35    ┆ 84.4   │
│ 2025-07-23 00:00:00 ┆ 288.33    ┆ 84.26  │
└─────────────────────┴───────────┴────────┘
[INFO] Correcting the 'time' variable in the NetCDF file.
<class 'netCDF4.Variable'>
float64 time(time)
    units: seconds since 1970-01-01 00:00:00
    standard_name: time
    long_name: Time (seconds since 1970-01-01 00:00:00)
    axis: T
    valid_min: 1753142410.0
    valid_max: 1753228800.0
    calendar: standard
unlimited dimensions: 
current shape = (8640,)
filling on, default _FillValue of 9.969209968386869e+36 used
Flagged 0 points where air_temperature < 245.0K as bad data (qc_flag = 2).
Found 0 points already flagged as bad data (flag=2)
QC flags successfully added to /gws/pw/j07/ncas_obs_vol2/cao/processing/ncas-temperature-rh-1/data/long-term/level1d/2025/stfc-temperature-rh-1_cao_20250722_surface-met_v1.1.nc.
Updated time units to 'seconds since 1970-01-01 00:00:00' in /gws/pw/j07/ncas_obs_vol2/cao/processing/ncas-temperature-rh-1/data/long-term/level1d/2025/stfc-temperature-rh-1_cao_20250722_surface-met_v1.1.nc
/gws/pw/j07/ncas_obs_vol2/cao/raw_data/met_cao/data/long-term/2025/202507/CR1000XSeries_Chilbolton_Rxcabinmet1_20250723.dat
Parsed column names: ['TIMESTAMP', 'RECORD', 'BattV_Avg', 'PTemp_C_Avg', 'Air_T_Avg', 'RH_Avg', 'BP_mbar_Avg', 'WS_Avg', 'WD_Avg', 'SlrW_Avg', 'rg001dc_ch_Tot', 'rg006dc_ch_Tot', 'rg008dc_ch_Tot', 'rg009dc_ch_Tot', 'rg004tb_ch_Tot']
shape: (8_640, 3)
┌─────────────────────┬───────────┬────────┐
│ TIMESTAMP           ┆ Air_T_Avg ┆ RH_Avg │
│ ---                 ┆ ---       ┆ ---    │
│ datetime[μs]        ┆ f64       ┆ f64    │
╞═════════════════════╪═══════════╪════════╡
│ 2025-07-23 00:00:10 ┆ 288.33    ┆ 84.24  │
│ 2025-07-23 00:00:20 ┆ 288.33    ┆ 84.38  │
│ 2025-07-23 00:00:30 ┆ 288.33    ┆ 84.44  │
│ 2025-07-23 00:00:40 ┆ 288.33    ┆ 84.48  │
│ 2025-07-23 00:00:50 ┆ 288.33    ┆ 84.5   │
│ …                   ┆ …         ┆ …      │
│ 2025-07-23 23:59:20 ┆ 288.43    ┆ 72.78  │
│ 2025-07-23 23:59:30 ┆ 288.45    ┆ 72.66  │
│ 2025-07-23 23:59:40 ┆ 288.47    ┆ 72.56  │
│ 2025-07-23 23:59:50 ┆ 288.45    ┆ 72.5   │
│ 2025-07-24 00:00:00 ┆ 288.47    ┆ 72.38  │
└─────────────────────┴───────────┴────────┘
[INFO] Correcting the 'time' variable in the NetCDF file.
<class 'netCDF4.Variable'>
float64 time(time)
    units: seconds since 1970-01-01 00:00:00
    standard_name: time
    long_name: Time (seconds since 1970-01-01 00:00:00)
    axis: T
    valid_min: 1753228810.0
    valid_max: 1753315200.0
    calendar: standard
unlimited dimensions: 
current shape = (8640,)
filling on, default _FillValue of 9.969209968386869e+36 used
Flagged 0 points where air_temperature < 245.0K as bad data (qc_flag = 2).
Found 0 points already flagged as bad data (flag=2)
QC flags successfully added to /gws/pw/j07/ncas_obs_vol2/cao/processing/ncas-temperature-rh-1/data/long-term/level1d/2025/stfc-temperature-rh-1_cao_20250723_surface-met_v1.1.nc.
Updated time units to 'seconds since 1970-01-01 00:00:00' in /gws/pw/j07/ncas_obs_vol2/cao/processing/ncas-temperature-rh-1/data/long-term/level1d/2025/stfc-temperature-rh-1_cao_20250723_surface-met_v1.1.nc
/gws/pw/j07/ncas_obs_vol2/cao/raw_data/met_cao/data/long-term/2025/202507/CR1000XSeries_Chilbolton_Rxcabinmet1_20250724.dat
Parsed column names: ['TIMESTAMP', 'RECORD', 'BattV_Avg', 'PTemp_C_Avg', 'Air_T_Avg', 'RH_Avg', 'BP_mbar_Avg', 'WS_Avg', 'WD_Avg', 'SlrW_Avg', 'rg001dc_ch_Tot', 'rg006dc_ch_Tot', 'rg008dc_ch_Tot', 'rg009dc_ch_Tot', 'rg004tb_ch_Tot']
shape: (8_640, 3)
┌─────────────────────┬───────────┬────────┐
│ TIMESTAMP           ┆ Air_T_Avg ┆ RH_Avg │
│ ---                 ┆ ---       ┆ ---    │
│ datetime[μs]        ┆ f64       ┆ f64    │
╞═════════════════════╪═══════════╪════════╡
│ 2025-07-24 00:00:10 ┆ 288.61    ┆ 71.68  │
│ 2025-07-24 00:00:20 ┆ 288.69    ┆ 71.42  │
│ 2025-07-24 00:00:30 ┆ 288.69    ┆ 71.56  │
│ 2025-07-24 00:00:40 ┆ 288.65    ┆ 72.04  │
│ 2025-07-24 00:00:50 ┆ 288.61    ┆ 72.18  │
│ …                   ┆ …         ┆ …      │
│ 2025-07-24 23:59:20 ┆ 290.53    ┆ 83.96  │
│ 2025-07-24 23:59:30 ┆ 290.53    ┆ 83.9   │
│ 2025-07-24 23:59:40 ┆ 290.53    ┆ 83.86  │
│ 2025-07-24 23:59:50 ┆ 290.53    ┆ 83.86  │
│ 2025-07-25 00:00:00 ┆ 290.53    ┆ 83.88  │
└─────────────────────┴───────────┴────────┘
[INFO] Correcting the 'time' variable in the NetCDF file.
<class 'netCDF4.Variable'>
float64 time(time)
    units: seconds since 1970-01-01 00:00:00
    standard_name: time
    long_name: Time (seconds since 1970-01-01 00:00:00)
    axis: T
    valid_min: 1753315210.0
    valid_max: 1753401600.0
    calendar: standard
unlimited dimensions: 
current shape = (8640,)
filling on, default _FillValue of 9.969209968386869e+36 used
Flagged 0 points where air_temperature < 245.0K as bad data (qc_flag = 2).
Found 0 points already flagged as bad data (flag=2)
QC flags successfully added to /gws/pw/j07/ncas_obs_vol2/cao/processing/ncas-temperature-rh-1/data/long-term/level1d/2025/stfc-temperature-rh-1_cao_20250724_surface-met_v1.1.nc.
Updated time units to 'seconds since 1970-01-01 00:00:00' in /gws/pw/j07/ncas_obs_vol2/cao/processing/ncas-temperature-rh-1/data/long-term/level1d/2025/stfc-temperature-rh-1_cao_20250724_surface-met_v1.1.nc
/gws/pw/j07/ncas_obs_vol2/cao/raw_data/met_cao/data/long-term/2025/202507/CR1000XSeries_Chilbolton_Rxcabinmet1_20250725.dat
Parsed column names: ['TIMESTAMP', 'RECORD', 'BattV_Avg', 'PTemp_C_Avg', 'Air_T_Avg', 'RH_Avg', 'BP_mbar_Avg', 'WS_Avg', 'WD_Avg', 'SlrW_Avg', 'rg001dc_ch_Tot', 'rg006dc_ch_Tot', 'rg008dc_ch_Tot', 'rg009dc_ch_Tot', 'rg004tb_ch_Tot']
shape: (8_640, 3)
┌─────────────────────┬───────────┬────────┐
│ TIMESTAMP           ┆ Air_T_Avg ┆ RH_Avg │
│ ---                 ┆ ---       ┆ ---    │
│ datetime[μs]        ┆ f64       ┆ f64    │
╞═════════════════════╪═══════════╪════════╡
│ 2025-07-25 00:00:10 ┆ 290.51    ┆ 84.02  │
│ 2025-07-25 00:00:20 ┆ 290.51    ┆ 84.12  │
│ 2025-07-25 00:00:30 ┆ 290.51    ┆ 84.2   │
│ 2025-07-25 00:00:40 ┆ 290.51    ┆ 84.24  │
│ 2025-07-25 00:00:50 ┆ 290.51    ┆ 84.26  │
│ …                   ┆ …         ┆ …      │
│ 2025-07-25 23:59:20 ┆ 288.53    ┆ 79.64  │
│ 2025-07-25 23:59:30 ┆ 288.57    ┆ 79.24  │
│ 2025-07-25 23:59:40 ┆ 288.63    ┆ 78.82  │
│ 2025-07-25 23:59:50 ┆ 288.67    ┆ 78.78  │
│ 2025-07-26 00:00:00 ┆ 288.67    ┆ 78.92  │
└─────────────────────┴───────────┴────────┘
[INFO] Correcting the 'time' variable in the NetCDF file.
<class 'netCDF4.Variable'>
float64 time(time)
    units: seconds since 1970-01-01 00:00:00
    standard_name: time
    long_name: Time (seconds since 1970-01-01 00:00:00)
    axis: T
    valid_min: 1753401610.0
    valid_max: 1753488000.0
    calendar: standard
unlimited dimensions: 
current shape = (8640,)
filling on, default _FillValue of 9.969209968386869e+36 used
Flagged 0 points where air_temperature < 245.0K as bad data (qc_flag = 2).
Found 0 points already flagged as bad data (flag=2)
QC flags successfully added to /gws/pw/j07/ncas_obs_vol2/cao/processing/ncas-temperature-rh-1/data/long-term/level1d/2025/stfc-temperature-rh-1_cao_20250725_surface-met_v1.1.nc.
Updated time units to 'seconds since 1970-01-01 00:00:00' in /gws/pw/j07/ncas_obs_vol2/cao/processing/ncas-temperature-rh-1/data/long-term/level1d/2025/stfc-temperature-rh-1_cao_20250725_surface-met_v1.1.nc
/gws/pw/j07/ncas_obs_vol2/cao/raw_data/met_cao/data/long-term/2025/202507/CR1000XSeries_Chilbolton_Rxcabinmet1_20250726.dat
Parsed column names: ['TIMESTAMP', 'RECORD', 'BattV_Avg', 'PTemp_C_Avg', 'Air_T_Avg', 'RH_Avg', 'BP_mbar_Avg', 'WS_Avg', 'WD_Avg', 'SlrW_Avg', 'rg001dc_ch_Tot', 'rg006dc_ch_Tot', 'rg008dc_ch_Tot', 'rg009dc_ch_Tot', 'rg004tb_ch_Tot']
shape: (8_640, 3)
┌─────────────────────┬───────────┬────────┐
│ TIMESTAMP           ┆ Air_T_Avg ┆ RH_Avg │
│ ---                 ┆ ---       ┆ ---    │
│ datetime[μs]        ┆ f64       ┆ f64    │
╞═════════════════════╪═══════════╪════════╡
│ 2025-07-26 00:00:10 ┆ 288.67    ┆ 79.18  │
│ 2025-07-26 00:00:20 ┆ 288.65    ┆ 79.64  │
│ 2025-07-26 00:00:30 ┆ 288.61    ┆ 79.82  │
│ 2025-07-26 00:00:40 ┆ 288.61    ┆ 79.68  │
│ 2025-07-26 00:00:50 ┆ 288.61    ┆ 79.58  │
│ …                   ┆ …         ┆ …      │
│ 2025-07-26 23:59:20 ┆ 289.51    ┆ 69.32  │
│ 2025-07-26 23:59:30 ┆ 289.55    ┆ 69.24  │
│ 2025-07-26 23:59:40 ┆ 289.55    ┆ 69.24  │
│ 2025-07-26 23:59:50 ┆ 289.55    ┆ 69.3   │
│ 2025-07-27 00:00:00 ┆ 289.53    ┆ 69.38  │
└─────────────────────┴───────────┴────────┘
[INFO] Correcting the 'time' variable in the NetCDF file.
<class 'netCDF4.Variable'>
float64 time(time)
    units: seconds since 1970-01-01 00:00:00
    standard_name: time
    long_name: Time (seconds since 1970-01-01 00:00:00)
    axis: T
    valid_min: 1753488010.0
    valid_max: 1753574400.0
    calendar: standard
unlimited dimensions: 
current shape = (8640,)
filling on, default _FillValue of 9.969209968386869e+36 used
Flagged 0 points where air_temperature < 245.0K as bad data (qc_flag = 2).
Found 0 points already flagged as bad data (flag=2)
QC flags successfully added to /gws/pw/j07/ncas_obs_vol2/cao/processing/ncas-temperature-rh-1/data/long-term/level1d/2025/stfc-temperature-rh-1_cao_20250726_surface-met_v1.1.nc.
Updated time units to 'seconds since 1970-01-01 00:00:00' in /gws/pw/j07/ncas_obs_vol2/cao/processing/ncas-temperature-rh-1/data/long-term/level1d/2025/stfc-temperature-rh-1_cao_20250726_surface-met_v1.1.nc
/gws/pw/j07/ncas_obs_vol2/cao/raw_data/met_cao/data/long-term/2025/202507/CR1000XSeries_Chilbolton_Rxcabinmet1_20250727.dat
Parsed column names: ['TIMESTAMP', 'RECORD', 'BattV_Avg', 'PTemp_C_Avg', 'Air_T_Avg', 'RH_Avg', 'BP_mbar_Avg', 'WS_Avg', 'WD_Avg', 'SlrW_Avg', 'rg001dc_ch_Tot', 'rg006dc_ch_Tot', 'rg008dc_ch_Tot', 'rg009dc_ch_Tot', 'rg004tb_ch_Tot']
shape: (8_640, 3)
┌─────────────────────┬───────────┬────────┐
│ TIMESTAMP           ┆ Air_T_Avg ┆ RH_Avg │
│ ---                 ┆ ---       ┆ ---    │
│ datetime[μs]        ┆ f64       ┆ f64    │
╞═════════════════════╪═══════════╪════════╡
│ 2025-07-27 00:00:10 ┆ 289.55    ┆ 69.24  │
│ 2025-07-27 00:00:20 ┆ 289.53    ┆ 69.14  │
│ 2025-07-27 00:00:30 ┆ 289.53    ┆ 69.08  │
│ 2025-07-27 00:00:40 ┆ 289.51    ┆ 68.96  │
│ 2025-07-27 00:00:50 ┆ 289.61    ┆ 68.58  │
│ …                   ┆ …         ┆ …      │
│ 2025-07-27 23:59:20 ┆ 286.29    ┆ 82.88  │
│ 2025-07-27 23:59:30 ┆ 286.31    ┆ 82.82  │
│ 2025-07-27 23:59:40 ┆ 286.31    ┆ 82.76  │
│ 2025-07-27 23:59:50 ┆ 286.31    ┆ 82.74  │
│ 2025-07-28 00:00:00 ┆ 286.31    ┆ 82.76  │
└─────────────────────┴───────────┴────────┘
[INFO] Correcting the 'time' variable in the NetCDF file.
<class 'netCDF4.Variable'>
float64 time(time)
    units: seconds since 1970-01-01 00:00:00
    standard_name: time
    long_name: Time (seconds since 1970-01-01 00:00:00)
    axis: T
    valid_min: 1753574410.0
    valid_max: 1753660800.0
    calendar: standard
unlimited dimensions: 
current shape = (8640,)
filling on, default _FillValue of 9.969209968386869e+36 used
Flagged 0 points where air_temperature < 245.0K as bad data (qc_flag = 2).
Found 0 points already flagged as bad data (flag=2)
QC flags successfully added to /gws/pw/j07/ncas_obs_vol2/cao/processing/ncas-temperature-rh-1/data/long-term/level1d/2025/stfc-temperature-rh-1_cao_20250727_surface-met_v1.1.nc.
Updated time units to 'seconds since 1970-01-01 00:00:00' in /gws/pw/j07/ncas_obs_vol2/cao/processing/ncas-temperature-rh-1/data/long-term/level1d/2025/stfc-temperature-rh-1_cao_20250727_surface-met_v1.1.nc
/gws/pw/j07/ncas_obs_vol2/cao/raw_data/met_cao/data/long-term/2025/202507/CR1000XSeries_Chilbolton_Rxcabinmet1_20250728.dat
Parsed column names: ['TIMESTAMP', 'RECORD', 'BattV_Avg', 'PTemp_C_Avg', 'Air_T_Avg', 'RH_Avg', 'BP_mbar_Avg', 'WS_Avg', 'WD_Avg', 'SlrW_Avg', 'rg001dc_ch_Tot', 'rg006dc_ch_Tot', 'rg008dc_ch_Tot', 'rg009dc_ch_Tot', 'rg004tb_ch_Tot']
shape: (8_640, 3)
┌─────────────────────┬───────────┬────────┐
│ TIMESTAMP           ┆ Air_T_Avg ┆ RH_Avg │
│ ---                 ┆ ---       ┆ ---    │
│ datetime[μs]        ┆ f64       ┆ f64    │
╞═════════════════════╪═══════════╪════════╡
│ 2025-07-28 00:00:10 ┆ 286.31    ┆ 82.72  │
│ 2025-07-28 00:00:20 ┆ 286.31    ┆ 82.74  │
│ 2025-07-28 00:00:30 ┆ 286.31    ┆ 82.78  │
│ 2025-07-28 00:00:40 ┆ 286.31    ┆ 82.78  │
│ 2025-07-28 00:00:50 ┆ 286.31    ┆ 82.72  │
│ …                   ┆ …         ┆ …      │
│ 2025-07-28 23:59:20 ┆ 287.41    ┆ 92.4   │
│ 2025-07-28 23:59:30 ┆ 287.41    ┆ 92.58  │
│ 2025-07-28 23:59:40 ┆ 287.39    ┆ 92.72  │
│ 2025-07-28 23:59:50 ┆ 287.39    ┆ 92.9   │
│ 2025-07-29 00:00:00 ┆ 287.37    ┆ 93.14  │
└─────────────────────┴───────────┴────────┘
[INFO] Correcting the 'time' variable in the NetCDF file.
<class 'netCDF4.Variable'>
float64 time(time)
    units: seconds since 1970-01-01 00:00:00
    standard_name: time
    long_name: Time (seconds since 1970-01-01 00:00:00)
    axis: T
    valid_min: 1753660810.0
    valid_max: 1753747200.0
    calendar: standard
unlimited dimensions: 
current shape = (8640,)
filling on, default _FillValue of 9.969209968386869e+36 used
Flagged 0 points where air_temperature < 245.0K as bad data (qc_flag = 2).
Found 0 points already flagged as bad data (flag=2)
QC flags successfully added to /gws/pw/j07/ncas_obs_vol2/cao/processing/ncas-temperature-rh-1/data/long-term/level1d/2025/stfc-temperature-rh-1_cao_20250728_surface-met_v1.1.nc.
Updated time units to 'seconds since 1970-01-01 00:00:00' in /gws/pw/j07/ncas_obs_vol2/cao/processing/ncas-temperature-rh-1/data/long-term/level1d/2025/stfc-temperature-rh-1_cao_20250728_surface-met_v1.1.nc
/gws/pw/j07/ncas_obs_vol2/cao/raw_data/met_cao/data/long-term/2025/202507/CR1000XSeries_Chilbolton_Rxcabinmet1_20250729.dat
Parsed column names: ['TIMESTAMP', 'RECORD', 'BattV_Avg', 'PTemp_C_Avg', 'Air_T_Avg', 'RH_Avg', 'BP_mbar_Avg', 'WS_Avg', 'WD_Avg', 'SlrW_Avg', 'rg001dc_ch_Tot', 'rg006dc_ch_Tot', 'rg008dc_ch_Tot', 'rg009dc_ch_Tot', 'rg004tb_ch_Tot']
shape: (8_004, 3)
┌─────────────────────┬───────────┬────────┐
│ TIMESTAMP           ┆ Air_T_Avg ┆ RH_Avg │
│ ---                 ┆ ---       ┆ ---    │
│ datetime[μs]        ┆ f64       ┆ f64    │
╞═════════════════════╪═══════════╪════════╡
│ 2025-07-29 00:00:10 ┆ 287.35    ┆ 93.26  │
│ 2025-07-29 00:00:20 ┆ 287.33    ┆ 93.28  │
│ 2025-07-29 00:00:30 ┆ 287.31    ┆ 93.24  │
│ 2025-07-29 00:00:40 ┆ 287.29    ┆ 93.08  │
│ 2025-07-29 00:00:50 ┆ 287.27    ┆ 92.8   │
│ …                   ┆ …         ┆ …      │
│ 2025-07-29 23:59:20 ┆ 289.77    ┆ 97.76  │
│ 2025-07-29 23:59:30 ┆ 289.79    ┆ 97.8   │
│ 2025-07-29 23:59:40 ┆ 289.79    ┆ 97.82  │
│ 2025-07-29 23:59:50 ┆ 289.77    ┆ 97.8   │
│ 2025-07-30 00:00:00 ┆ 289.77    ┆ 97.7   │
└─────────────────────┴───────────┴────────┘
[INFO] Correcting the 'time' variable in the NetCDF file.
<class 'netCDF4.Variable'>
float64 time(time)
    units: seconds since 1970-01-01 00:00:00
    standard_name: time
    long_name: Time (seconds since 1970-01-01 00:00:00)
    axis: T
    valid_min: 1753747210.0
    valid_max: 1753833600.0
    calendar: standard
unlimited dimensions: 
current shape = (8004,)
filling on, default _FillValue of 9.969209968386869e+36 used
Flagged 0 points where air_temperature < 245.0K as bad data (qc_flag = 2).
Found 0 points already flagged as bad data (flag=2)
QC flags successfully added to /gws/pw/j07/ncas_obs_vol2/cao/processing/ncas-temperature-rh-1/data/long-term/level1d/2025/stfc-temperature-rh-1_cao_20250729_surface-met_v1.1.nc.
Updated time units to 'seconds since 1970-01-01 00:00:00' in /gws/pw/j07/ncas_obs_vol2/cao/processing/ncas-temperature-rh-1/data/long-term/level1d/2025/stfc-temperature-rh-1_cao_20250729_surface-met_v1.1.nc
/gws/pw/j07/ncas_obs_vol2/cao/raw_data/met_cao/data/long-term/2025/202507/CR1000XSeries_Chilbolton_Rxcabinmet1_20250730.dat
Parsed column names: ['TIMESTAMP', 'RECORD', 'BattV_Avg', 'PTemp_C_Avg', 'Air_T_Avg', 'RH_Avg', 'BP_mbar_Avg', 'WS_Avg', 'WD_Avg', 'SlrW_Avg', 'rg001dc_ch_Tot', 'rg006dc_ch_Tot', 'rg008dc_ch_Tot', 'rg009dc_ch_Tot', 'rg004tb_ch_Tot']
shape: (8_640, 3)
┌─────────────────────┬───────────┬────────┐
│ TIMESTAMP           ┆ Air_T_Avg ┆ RH_Avg │
│ ---                 ┆ ---       ┆ ---    │
│ datetime[μs]        ┆ f64       ┆ f64    │
╞═════════════════════╪═══════════╪════════╡
│ 2025-07-30 00:00:10 ┆ 289.77    ┆ 97.5   │
│ 2025-07-30 00:00:20 ┆ 289.77    ┆ 97.26  │
│ 2025-07-30 00:00:30 ┆ 289.77    ┆ 97.22  │
│ 2025-07-30 00:00:40 ┆ 289.77    ┆ 97.42  │
│ 2025-07-30 00:00:50 ┆ 289.77    ┆ 97.54  │
│ …                   ┆ …         ┆ …      │
│ 2025-07-30 23:59:20 ┆ 289.03    ┆ 91.16  │
│ 2025-07-30 23:59:30 ┆ 289.03    ┆ 91.0   │
│ 2025-07-30 23:59:40 ┆ 288.99    ┆ 91.12  │
│ 2025-07-30 23:59:50 ┆ 288.97    ┆ 91.38  │
│ 2025-07-31 00:00:00 ┆ 288.97    ┆ 91.4   │
└─────────────────────┴───────────┴────────┘
[INFO] Correcting the 'time' variable in the NetCDF file.
<class 'netCDF4.Variable'>
float64 time(time)
    units: seconds since 1970-01-01 00:00:00
    standard_name: time
    long_name: Time (seconds since 1970-01-01 00:00:00)
    axis: T
    valid_min: 1753833610.0
    valid_max: 1753920000.0
    calendar: standard
unlimited dimensions: 
current shape = (8640,)
filling on, default _FillValue of 9.969209968386869e+36 used
Flagged 0 points where air_temperature < 245.0K as bad data (qc_flag = 2).
Found 0 points already flagged as bad data (flag=2)
QC flags successfully added to /gws/pw/j07/ncas_obs_vol2/cao/processing/ncas-temperature-rh-1/data/long-term/level1d/2025/stfc-temperature-rh-1_cao_20250730_surface-met_v1.1.nc.
Updated time units to 'seconds since 1970-01-01 00:00:00' in /gws/pw/j07/ncas_obs_vol2/cao/processing/ncas-temperature-rh-1/data/long-term/level1d/2025/stfc-temperature-rh-1_cao_20250730_surface-met_v1.1.nc
/gws/pw/j07/ncas_obs_vol2/cao/raw_data/met_cao/data/long-term/2025/202507/CR1000XSeries_Chilbolton_Rxcabinmet1_20250731.dat
Parsed column names: ['TIMESTAMP', 'RECORD', 'BattV_Avg', 'PTemp_C_Avg', 'Air_T_Avg', 'RH_Avg', 'BP_mbar_Avg', 'WS_Avg', 'WD_Avg', 'SlrW_Avg', 'rg001dc_ch_Tot', 'rg006dc_ch_Tot', 'rg008dc_ch_Tot', 'rg009dc_ch_Tot', 'rg004tb_ch_Tot']
shape: (8_640, 3)
┌─────────────────────┬───────────┬────────┐
│ TIMESTAMP           ┆ Air_T_Avg ┆ RH_Avg │
│ ---                 ┆ ---       ┆ ---    │
│ datetime[μs]        ┆ f64       ┆ f64    │
╞═════════════════════╪═══════════╪════════╡
│ 2025-07-31 00:00:10 ┆ 288.97    ┆ 91.52  │
│ 2025-07-31 00:00:20 ┆ 288.97    ┆ 91.7   │
│ 2025-07-31 00:00:30 ┆ 288.97    ┆ 91.78  │
│ 2025-07-31 00:00:40 ┆ 288.93    ┆ 91.72  │
│ 2025-07-31 00:00:50 ┆ 288.93    ┆ 91.66  │
│ …                   ┆ …         ┆ …      │
│ 2025-07-31 23:59:20 ┆ 289.07    ┆ 68.84  │
│ 2025-07-31 23:59:30 ┆ 289.07    ┆ 68.86  │
│ 2025-07-31 23:59:40 ┆ 289.07    ┆ 68.78  │
│ 2025-07-31 23:59:50 ┆ 289.09    ┆ 68.6   │
│ 2025-08-01 00:00:00 ┆ 289.09    ┆ 68.5   │
└─────────────────────┴───────────┴────────┘
[INFO] Correcting the 'time' variable in the NetCDF file.
<class 'netCDF4.Variable'>
float64 time(time)
    units: seconds since 1970-01-01 00:00:00
    standard_name: time
    long_name: Time (seconds since 1970-01-01 00:00:00)
    axis: T
    valid_min: 1753920010.0
    valid_max: 1754006400.0
    calendar: standard
unlimited dimensions: 
current shape = (8640,)
filling on, default _FillValue of 9.969209968386869e+36 used
Flagged 0 points where air_temperature < 245.0K as bad data (qc_flag = 2).
Found 0 points already flagged as bad data (flag=2)
QC flags successfully added to /gws/pw/j07/ncas_obs_vol2/cao/processing/ncas-temperature-rh-1/data/long-term/level1d/2025/stfc-temperature-rh-1_cao_20250731_surface-met_v1.1.nc.
Updated time units to 'seconds since 1970-01-01 00:00:00' in /gws/pw/j07/ncas_obs_vol2/cao/processing/ncas-temperature-rh-1/data/long-term/level1d/2025/stfc-temperature-rh-1_cao_20250731_surface-met_v1.1.nc
/gws/pw/j07/ncas_obs_vol2/cao/raw_data/met_cao/data/long-term/2025/202508/CR1000XSeries_Chilbolton_Rxcabinmet1_20250801.dat
Parsed column names: ['TIMESTAMP', 'RECORD', 'BattV_Avg', 'PTemp_C_Avg', 'Air_T_Avg', 'RH_Avg', 'BP_mbar_Avg', 'WS_Avg', 'WD_Avg', 'SlrW_Avg', 'rg001dc_ch_Tot', 'rg006dc_ch_Tot', 'rg008dc_ch_Tot', 'rg009dc_ch_Tot', 'rg004tb_ch_Tot']
shape: (8_640, 3)
┌─────────────────────┬───────────┬────────┐
│ TIMESTAMP           ┆ Air_T_Avg ┆ RH_Avg │
│ ---                 ┆ ---       ┆ ---    │
│ datetime[μs]        ┆ f64       ┆ f64    │
╞═════════════════════╪═══════════╪════════╡
│ 2025-08-01 00:00:10 ┆ 289.11    ┆ 68.56  │
│ 2025-08-01 00:00:20 ┆ 289.09    ┆ 68.66  │
│ 2025-08-01 00:00:30 ┆ 289.09    ┆ 68.7   │
│ 2025-08-01 00:00:40 ┆ 289.07    ┆ 68.78  │
│ 2025-08-01 00:00:50 ┆ 289.07    ┆ 68.88  │
│ …                   ┆ …         ┆ …      │
│ 2025-08-01 23:59:20 ┆ 286.45    ┆ 68.96  │
│ 2025-08-01 23:59:30 ┆ 286.43    ┆ 69.04  │
│ 2025-08-01 23:59:40 ┆ 286.43    ┆ 69.12  │
│ 2025-08-01 23:59:50 ┆ 286.43    ┆ 69.16  │
│ 2025-08-02 00:00:00 ┆ 286.43    ┆ 69.16  │
└─────────────────────┴───────────┴────────┘
[INFO] Correcting the 'time' variable in the NetCDF file.
<class 'netCDF4.Variable'>
float64 time(time)
    units: seconds since 1970-01-01 00:00:00
    standard_name: time
    long_name: Time (seconds since 1970-01-01 00:00:00)
    axis: T
    valid_min: 1754006410.0
    valid_max: 1754092800.0
    calendar: standard
unlimited dimensions: 
current shape = (8640,)
filling on, default _FillValue of 9.969209968386869e+36 used
Flagged 0 points where air_temperature < 245.0K as bad data (qc_flag = 2).
Found 0 points already flagged as bad data (flag=2)
QC flags successfully added to /gws/pw/j07/ncas_obs_vol2/cao/processing/ncas-temperature-rh-1/data/long-term/level1d/2025/stfc-temperature-rh-1_cao_20250801_surface-met_v1.1.nc.
Updated time units to 'seconds since 1970-01-01 00:00:00' in /gws/pw/j07/ncas_obs_vol2/cao/processing/ncas-temperature-rh-1/data/long-term/level1d/2025/stfc-temperature-rh-1_cao_20250801_surface-met_v1.1.nc
/gws/pw/j07/ncas_obs_vol2/cao/raw_data/met_cao/data/long-term/2025/202508/CR1000XSeries_Chilbolton_Rxcabinmet1_20250802.dat
Parsed column names: ['TIMESTAMP', 'RECORD', 'BattV_Avg', 'PTemp_C_Avg', 'Air_T_Avg', 'RH_Avg', 'BP_mbar_Avg', 'WS_Avg', 'WD_Avg', 'SlrW_Avg', 'rg001dc_ch_Tot', 'rg006dc_ch_Tot', 'rg008dc_ch_Tot', 'rg009dc_ch_Tot', 'rg004tb_ch_Tot']
shape: (8_640, 3)
┌─────────────────────┬───────────┬────────┐
│ TIMESTAMP           ┆ Air_T_Avg ┆ RH_Avg │
│ ---                 ┆ ---       ┆ ---    │
│ datetime[μs]        ┆ f64       ┆ f64    │
╞═════════════════════╪═══════════╪════════╡
│ 2025-08-02 00:00:10 ┆ 286.45    ┆ 69.18  │
│ 2025-08-02 00:00:20 ┆ 286.45    ┆ 69.18  │
│ 2025-08-02 00:00:30 ┆ 286.47    ┆ 69.22  │
│ 2025-08-02 00:00:40 ┆ 286.47    ┆ 69.3   │
│ 2025-08-02 00:00:50 ┆ 286.47    ┆ 69.36  │
│ …                   ┆ …         ┆ …      │
│ 2025-08-02 23:59:20 ┆ 286.43    ┆ 84.26  │
│ 2025-08-02 23:59:30 ┆ 286.43    ┆ 84.44  │
│ 2025-08-02 23:59:40 ┆ 286.43    ┆ 84.78  │
│ 2025-08-02 23:59:50 ┆ 286.43    ┆ 84.84  │
│ 2025-08-03 00:00:00 ┆ 286.43    ┆ 84.86  │
└─────────────────────┴───────────┴────────┘
[INFO] Correcting the 'time' variable in the NetCDF file.
<class 'netCDF4.Variable'>
float64 time(time)
    units: seconds since 1970-01-01 00:00:00
    standard_name: time
    long_name: Time (seconds since 1970-01-01 00:00:00)
    axis: T
    valid_min: 1754092810.0
    valid_max: 1754179200.0
    calendar: standard
unlimited dimensions: 
current shape = (8640,)
filling on, default _FillValue of 9.969209968386869e+36 used
Flagged 0 points where air_temperature < 245.0K as bad data (qc_flag = 2).
Found 0 points already flagged as bad data (flag=2)
QC flags successfully added to /gws/pw/j07/ncas_obs_vol2/cao/processing/ncas-temperature-rh-1/data/long-term/level1d/2025/stfc-temperature-rh-1_cao_20250802_surface-met_v1.1.nc.
Updated time units to 'seconds since 1970-01-01 00:00:00' in /gws/pw/j07/ncas_obs_vol2/cao/processing/ncas-temperature-rh-1/data/long-term/level1d/2025/stfc-temperature-rh-1_cao_20250802_surface-met_v1.1.nc
/gws/pw/j07/ncas_obs_vol2/cao/raw_data/met_cao/data/long-term/2025/202508/CR1000XSeries_Chilbolton_Rxcabinmet1_20250803.dat
Parsed column names: ['TIMESTAMP', 'RECORD', 'BattV_Avg', 'PTemp_C_Avg', 'Air_T_Avg', 'RH_Avg', 'BP_mbar_Avg', 'WS_Avg', 'WD_Avg', 'SlrW_Avg', 'rg001dc_ch_Tot', 'rg006dc_ch_Tot', 'rg008dc_ch_Tot', 'rg009dc_ch_Tot', 'rg004tb_ch_Tot']
shape: (8_640, 3)
┌─────────────────────┬───────────┬────────┐
│ TIMESTAMP           ┆ Air_T_Avg ┆ RH_Avg │
│ ---                 ┆ ---       ┆ ---    │
│ datetime[μs]        ┆ f64       ┆ f64    │
╞═════════════════════╪═══════════╪════════╡
│ 2025-08-03 00:00:10 ┆ 286.45    ┆ 84.64  │
│ 2025-08-03 00:00:20 ┆ 286.45    ┆ 84.42  │
│ 2025-08-03 00:00:30 ┆ 286.49    ┆ 84.06  │
│ 2025-08-03 00:00:40 ┆ 286.49    ┆ 83.9   │
│ 2025-08-03 00:00:50 ┆ 286.51    ┆ 83.94  │
│ …                   ┆ …         ┆ …      │
│ 2025-08-03 23:59:20 ┆ 290.17    ┆ 83.42  │
│ 2025-08-03 23:59:30 ┆ 290.17    ┆ 83.4   │
│ 2025-08-03 23:59:40 ┆ 290.17    ┆ 83.42  │
│ 2025-08-03 23:59:50 ┆ 290.17    ┆ 83.48  │
│ 2025-08-04 00:00:00 ┆ 290.17    ┆ 83.5   │
└─────────────────────┴───────────┴────────┘
[INFO] Correcting the 'time' variable in the NetCDF file.
<class 'netCDF4.Variable'>
float64 time(time)
    units: seconds since 1970-01-01 00:00:00
    standard_name: time
    long_name: Time (seconds since 1970-01-01 00:00:00)
    axis: T
    valid_min: 1754179210.0
    valid_max: 1754265600.0
    calendar: standard
unlimited dimensions: 
current shape = (8640,)
filling on, default _FillValue of 9.969209968386869e+36 used
Flagged 0 points where air_temperature < 245.0K as bad data (qc_flag = 2).
Found 0 points already flagged as bad data (flag=2)
QC flags successfully added to /gws/pw/j07/ncas_obs_vol2/cao/processing/ncas-temperature-rh-1/data/long-term/level1d/2025/stfc-temperature-rh-1_cao_20250803_surface-met_v1.1.nc.
Updated time units to 'seconds since 1970-01-01 00:00:00' in /gws/pw/j07/ncas_obs_vol2/cao/processing/ncas-temperature-rh-1/data/long-term/level1d/2025/stfc-temperature-rh-1_cao_20250803_surface-met_v1.1.nc
/gws/pw/j07/ncas_obs_vol2/cao/raw_data/met_cao/data/long-term/2025/202508/CR1000XSeries_Chilbolton_Rxcabinmet1_20250804.dat
Parsed column names: ['TIMESTAMP', 'RECORD', 'BattV_Avg', 'PTemp_C_Avg', 'Air_T_Avg', 'RH_Avg', 'BP_mbar_Avg', 'WS_Avg', 'WD_Avg', 'SlrW_Avg', 'rg001dc_ch_Tot', 'rg006dc_ch_Tot', 'rg008dc_ch_Tot', 'rg009dc_ch_Tot', 'rg004tb_ch_Tot']
shape: (8_640, 3)
┌─────────────────────┬───────────┬────────┐
│ TIMESTAMP           ┆ Air_T_Avg ┆ RH_Avg │
│ ---                 ┆ ---       ┆ ---    │
│ datetime[μs]        ┆ f64       ┆ f64    │
╞═════════════════════╪═══════════╪════════╡
│ 2025-08-04 00:00:10 ┆ 290.19    ┆ 83.46  │
│ 2025-08-04 00:00:20 ┆ 290.19    ┆ 83.42  │
│ 2025-08-04 00:00:30 ┆ 290.19    ┆ 83.36  │
│ 2025-08-04 00:00:40 ┆ 290.21    ┆ 83.34  │
│ 2025-08-04 00:00:50 ┆ 290.21    ┆ 83.32  │
│ …                   ┆ …         ┆ …      │
│ 2025-08-04 23:59:20 ┆ 287.09    ┆ 78.78  │
│ 2025-08-04 23:59:30 ┆ 287.09    ┆ 78.8   │
│ 2025-08-04 23:59:40 ┆ 287.11    ┆ 78.74  │
│ 2025-08-04 23:59:50 ┆ 287.11    ┆ 78.6   │
│ 2025-08-05 00:00:00 ┆ 287.15    ┆ 78.28  │
└─────────────────────┴───────────┴────────┘
[INFO] Correcting the 'time' variable in the NetCDF file.
<class 'netCDF4.Variable'>
float64 time(time)
    units: seconds since 1970-01-01 00:00:00
    standard_name: time
    long_name: Time (seconds since 1970-01-01 00:00:00)
    axis: T
    valid_min: 1754265610.0
    valid_max: 1754352000.0
    calendar: standard
unlimited dimensions: 
current shape = (8640,)
filling on, default _FillValue of 9.969209968386869e+36 used
Flagged 0 points where air_temperature < 245.0K as bad data (qc_flag = 2).
Found 0 points already flagged as bad data (flag=2)
QC flags successfully added to /gws/pw/j07/ncas_obs_vol2/cao/processing/ncas-temperature-rh-1/data/long-term/level1d/2025/stfc-temperature-rh-1_cao_20250804_surface-met_v1.1.nc.
Updated time units to 'seconds since 1970-01-01 00:00:00' in /gws/pw/j07/ncas_obs_vol2/cao/processing/ncas-temperature-rh-1/data/long-term/level1d/2025/stfc-temperature-rh-1_cao_20250804_surface-met_v1.1.nc
/gws/pw/j07/ncas_obs_vol2/cao/raw_data/met_cao/data/long-term/2025/202508/CR1000XSeries_Chilbolton_Rxcabinmet1_20250805.dat
Parsed column names: ['TIMESTAMP', 'RECORD', 'BattV_Avg', 'PTemp_C_Avg', 'Air_T_Avg', 'RH_Avg', 'BP_mbar_Avg', 'WS_Avg', 'WD_Avg', 'SlrW_Avg', 'rg001dc_ch_Tot', 'rg006dc_ch_Tot', 'rg008dc_ch_Tot', 'rg009dc_ch_Tot', 'rg004tb_ch_Tot']
shape: (8_640, 3)
┌─────────────────────┬───────────┬────────┐
│ TIMESTAMP           ┆ Air_T_Avg ┆ RH_Avg │
│ ---                 ┆ ---       ┆ ---    │
│ datetime[μs]        ┆ f64       ┆ f64    │
╞═════════════════════╪═══════════╪════════╡
│ 2025-08-05 00:00:10 ┆ 287.17    ┆ 78.04  │
│ 2025-08-05 00:00:20 ┆ 287.17    ┆ 78.0   │
│ 2025-08-05 00:00:30 ┆ 287.19    ┆ 78.08  │
│ 2025-08-05 00:00:40 ┆ 287.17    ┆ 78.28  │
│ 2025-08-05 00:00:50 ┆ 287.15    ┆ 78.38  │
│ …                   ┆ …         ┆ …      │
│ 2025-08-05 23:59:20 ┆ 284.25    ┆ 89.54  │
│ 2025-08-05 23:59:30 ┆ 284.25    ┆ 89.52  │
│ 2025-08-05 23:59:40 ┆ 284.25    ┆ 89.68  │
│ 2025-08-05 23:59:50 ┆ 284.25    ┆ 89.84  │
│ 2025-08-06 00:00:00 ┆ 284.25    ┆ 90.16  │
└─────────────────────┴───────────┴────────┘
[INFO] Correcting the 'time' variable in the NetCDF file.
<class 'netCDF4.Variable'>
float64 time(time)
    units: seconds since 1970-01-01 00:00:00
    standard_name: time
    long_name: Time (seconds since 1970-01-01 00:00:00)
    axis: T
    valid_min: 1754352010.0
    valid_max: 1754438400.0
    calendar: standard
unlimited dimensions: 
current shape = (8640,)
filling on, default _FillValue of 9.969209968386869e+36 used
Flagged 0 points where air_temperature < 245.0K as bad data (qc_flag = 2).
Found 0 points already flagged as bad data (flag=2)
QC flags successfully added to /gws/pw/j07/ncas_obs_vol2/cao/processing/ncas-temperature-rh-1/data/long-term/level1d/2025/stfc-temperature-rh-1_cao_20250805_surface-met_v1.1.nc.
Updated time units to 'seconds since 1970-01-01 00:00:00' in /gws/pw/j07/ncas_obs_vol2/cao/processing/ncas-temperature-rh-1/data/long-term/level1d/2025/stfc-temperature-rh-1_cao_20250805_surface-met_v1.1.nc
/gws/pw/j07/ncas_obs_vol2/cao/raw_data/met_cao/data/long-term/2025/202508/CR1000XSeries_Chilbolton_Rxcabinmet1_20250806.dat
Parsed column names: ['TIMESTAMP', 'RECORD', 'BattV_Avg', 'PTemp_C_Avg', 'Air_T_Avg', 'RH_Avg', 'BP_mbar_Avg', 'WS_Avg', 'WD_Avg', 'SlrW_Avg', 'rg001dc_ch_Tot', 'rg006dc_ch_Tot', 'rg008dc_ch_Tot', 'rg009dc_ch_Tot', 'rg004tb_ch_Tot']
shape: (8_640, 3)
┌─────────────────────┬───────────┬────────┐
│ TIMESTAMP           ┆ Air_T_Avg ┆ RH_Avg │
│ ---                 ┆ ---       ┆ ---    │
│ datetime[μs]        ┆ f64       ┆ f64    │
╞═════════════════════╪═══════════╪════════╡
│ 2025-08-06 00:00:10 ┆ 284.25    ┆ 90.4   │
│ 2025-08-06 00:00:20 ┆ 284.23    ┆ 90.44  │
│ 2025-08-06 00:00:30 ┆ 284.23    ┆ 90.4   │
│ 2025-08-06 00:00:40 ┆ 284.21    ┆ 90.34  │
│ 2025-08-06 00:00:50 ┆ 284.21    ┆ 90.18  │
│ …                   ┆ …         ┆ …      │
│ 2025-08-06 23:59:20 ┆ 286.31    ┆ 85.58  │
│ 2025-08-06 23:59:30 ┆ 286.33    ┆ 85.56  │
│ 2025-08-06 23:59:40 ┆ 286.31    ┆ 85.6   │
│ 2025-08-06 23:59:50 ┆ 286.29    ┆ 85.64  │
│ 2025-08-07 00:00:00 ┆ 286.29    ┆ 85.56  │
└─────────────────────┴───────────┴────────┘
[INFO] Correcting the 'time' variable in the NetCDF file.
<class 'netCDF4.Variable'>
float64 time(time)
    units: seconds since 1970-01-01 00:00:00
    standard_name: time
    long_name: Time (seconds since 1970-01-01 00:00:00)
    axis: T
    valid_min: 1754438410.0
    valid_max: 1754524800.0
    calendar: standard
unlimited dimensions: 
current shape = (8640,)
filling on, default _FillValue of 9.969209968386869e+36 used
Flagged 0 points where air_temperature < 245.0K as bad data (qc_flag = 2).
Found 0 points already flagged as bad data (flag=2)
QC flags successfully added to /gws/pw/j07/ncas_obs_vol2/cao/processing/ncas-temperature-rh-1/data/long-term/level1d/2025/stfc-temperature-rh-1_cao_20250806_surface-met_v1.1.nc.
Updated time units to 'seconds since 1970-01-01 00:00:00' in /gws/pw/j07/ncas_obs_vol2/cao/processing/ncas-temperature-rh-1/data/long-term/level1d/2025/stfc-temperature-rh-1_cao_20250806_surface-met_v1.1.nc
/gws/pw/j07/ncas_obs_vol2/cao/raw_data/met_cao/data/long-term/2025/202508/CR1000XSeries_Chilbolton_Rxcabinmet1_20250807.dat
Parsed column names: ['TIMESTAMP', 'RECORD', 'BattV_Avg', 'PTemp_C_Avg', 'Air_T_Avg', 'RH_Avg', 'BP_mbar_Avg', 'WS_Avg', 'WD_Avg', 'SlrW_Avg', 'rg001dc_ch_Tot', 'rg006dc_ch_Tot', 'rg008dc_ch_Tot', 'rg009dc_ch_Tot', 'rg004tb_ch_Tot']
shape: (8_640, 3)
┌─────────────────────┬───────────┬────────┐
│ TIMESTAMP           ┆ Air_T_Avg ┆ RH_Avg │
│ ---                 ┆ ---       ┆ ---    │
│ datetime[μs]        ┆ f64       ┆ f64    │
╞═════════════════════╪═══════════╪════════╡
│ 2025-08-07 00:00:10 ┆ 286.29    ┆ 85.46  │
│ 2025-08-07 00:00:20 ┆ 286.31    ┆ 85.42  │
│ 2025-08-07 00:00:30 ┆ 286.29    ┆ 85.44  │
│ 2025-08-07 00:00:40 ┆ 286.31    ┆ 85.48  │
│ 2025-08-07 00:00:50 ┆ 286.29    ┆ 85.52  │
│ …                   ┆ …         ┆ …      │
│ 2025-08-07 23:59:20 ┆ 288.49    ┆ 85.26  │
│ 2025-08-07 23:59:30 ┆ 288.49    ┆ 85.26  │
│ 2025-08-07 23:59:40 ┆ 288.49    ┆ 85.24  │
│ 2025-08-07 23:59:50 ┆ 288.47    ┆ 85.24  │
│ 2025-08-08 00:00:00 ┆ 288.47    ┆ 85.18  │
└─────────────────────┴───────────┴────────┘
[INFO] Correcting the 'time' variable in the NetCDF file.
<class 'netCDF4.Variable'>
float64 time(time)
    units: seconds since 1970-01-01 00:00:00
    standard_name: time
    long_name: Time (seconds since 1970-01-01 00:00:00)
    axis: T
    valid_min: 1754524810.0
    valid_max: 1754611200.0
    calendar: standard
unlimited dimensions: 
current shape = (8640,)
filling on, default _FillValue of 9.969209968386869e+36 used
Flagged 0 points where air_temperature < 245.0K as bad data (qc_flag = 2).
Found 0 points already flagged as bad data (flag=2)
QC flags successfully added to /gws/pw/j07/ncas_obs_vol2/cao/processing/ncas-temperature-rh-1/data/long-term/level1d/2025/stfc-temperature-rh-1_cao_20250807_surface-met_v1.1.nc.
Updated time units to 'seconds since 1970-01-01 00:00:00' in /gws/pw/j07/ncas_obs_vol2/cao/processing/ncas-temperature-rh-1/data/long-term/level1d/2025/stfc-temperature-rh-1_cao_20250807_surface-met_v1.1.nc
/gws/pw/j07/ncas_obs_vol2/cao/raw_data/met_cao/data/long-term/2025/202508/CR1000XSeries_Chilbolton_Rxcabinmet1_20250808.dat
Parsed column names: ['TIMESTAMP', 'RECORD', 'BattV_Avg', 'PTemp_C_Avg', 'Air_T_Avg', 'RH_Avg', 'BP_mbar_Avg', 'WS_Avg', 'WD_Avg', 'SlrW_Avg', 'rg001dc_ch_Tot', 'rg006dc_ch_Tot', 'rg008dc_ch_Tot', 'rg009dc_ch_Tot', 'rg004tb_ch_Tot']
shape: (8_640, 3)
┌─────────────────────┬───────────┬────────┐
│ TIMESTAMP           ┆ Air_T_Avg ┆ RH_Avg │
│ ---                 ┆ ---       ┆ ---    │
│ datetime[μs]        ┆ f64       ┆ f64    │
╞═════════════════════╪═══════════╪════════╡
│ 2025-08-08 00:00:10 ┆ 288.49    ┆ 85.04  │
│ 2025-08-08 00:00:20 ┆ 288.49    ┆ 84.96  │
│ 2025-08-08 00:00:30 ┆ 288.49    ┆ 84.88  │
│ 2025-08-08 00:00:40 ┆ 288.51    ┆ 84.86  │
│ 2025-08-08 00:00:50 ┆ 288.49    ┆ 84.88  │
│ …                   ┆ …         ┆ …      │
│ 2025-08-08 23:59:20 ┆ 285.99    ┆ 79.76  │
│ 2025-08-08 23:59:30 ┆ 285.99    ┆ 79.9   │
│ 2025-08-08 23:59:40 ┆ 285.99    ┆ 80.02  │
│ 2025-08-08 23:59:50 ┆ 285.99    ┆ 80.2   │
│ 2025-08-09 00:00:00 ┆ 285.99    ┆ 80.26  │
└─────────────────────┴───────────┴────────┘
[INFO] Correcting the 'time' variable in the NetCDF file.
<class 'netCDF4.Variable'>
float64 time(time)
    units: seconds since 1970-01-01 00:00:00
    standard_name: time
    long_name: Time (seconds since 1970-01-01 00:00:00)
    axis: T
    valid_min: 1754611210.0
    valid_max: 1754697600.0
    calendar: standard
unlimited dimensions: 
current shape = (8640,)
filling on, default _FillValue of 9.969209968386869e+36 used
Flagged 0 points where air_temperature < 245.0K as bad data (qc_flag = 2).
Found 0 points already flagged as bad data (flag=2)
QC flags successfully added to /gws/pw/j07/ncas_obs_vol2/cao/processing/ncas-temperature-rh-1/data/long-term/level1d/2025/stfc-temperature-rh-1_cao_20250808_surface-met_v1.1.nc.
Updated time units to 'seconds since 1970-01-01 00:00:00' in /gws/pw/j07/ncas_obs_vol2/cao/processing/ncas-temperature-rh-1/data/long-term/level1d/2025/stfc-temperature-rh-1_cao_20250808_surface-met_v1.1.nc
/gws/pw/j07/ncas_obs_vol2/cao/raw_data/met_cao/data/long-term/2025/202508/CR1000XSeries_Chilbolton_Rxcabinmet1_20250809.dat
Parsed column names: ['TIMESTAMP', 'RECORD', 'BattV_Avg', 'PTemp_C_Avg', 'Air_T_Avg', 'RH_Avg', 'BP_mbar_Avg', 'WS_Avg', 'WD_Avg', 'SlrW_Avg', 'rg001dc_ch_Tot', 'rg006dc_ch_Tot', 'rg008dc_ch_Tot', 'rg009dc_ch_Tot', 'rg004tb_ch_Tot']
shape: (8_640, 3)
┌─────────────────────┬───────────┬────────┐
│ TIMESTAMP           ┆ Air_T_Avg ┆ RH_Avg │
│ ---                 ┆ ---       ┆ ---    │
│ datetime[μs]        ┆ f64       ┆ f64    │
╞═════════════════════╪═══════════╪════════╡
│ 2025-08-09 00:00:10 ┆ 285.95    ┆ 80.22  │
│ 2025-08-09 00:00:20 ┆ 285.95    ┆ 80.22  │
│ 2025-08-09 00:00:30 ┆ 285.93    ┆ 80.16  │
│ 2025-08-09 00:00:40 ┆ 285.93    ┆ 79.92  │
│ 2025-08-09 00:00:50 ┆ 285.93    ┆ 79.68  │
│ …                   ┆ …         ┆ …      │
│ 2025-08-09 23:59:20 ┆ 286.41    ┆ 90.62  │
│ 2025-08-09 23:59:30 ┆ 286.39    ┆ 90.42  │
│ 2025-08-09 23:59:40 ┆ 286.37    ┆ 89.98  │
│ 2025-08-09 23:59:50 ┆ 286.37    ┆ 89.7   │
│ 2025-08-10 00:00:00 ┆ 286.41    ┆ 89.68  │
└─────────────────────┴───────────┴────────┘
[INFO] Correcting the 'time' variable in the NetCDF file.
<class 'netCDF4.Variable'>
float64 time(time)
    units: seconds since 1970-01-01 00:00:00
    standard_name: time
    long_name: Time (seconds since 1970-01-01 00:00:00)
    axis: T
    valid_min: 1754697610.0
    valid_max: 1754784000.0
    calendar: standard
unlimited dimensions: 
current shape = (8640,)
filling on, default _FillValue of 9.969209968386869e+36 used
Flagged 0 points where air_temperature < 245.0K as bad data (qc_flag = 2).
Found 0 points already flagged as bad data (flag=2)
QC flags successfully added to /gws/pw/j07/ncas_obs_vol2/cao/processing/ncas-temperature-rh-1/data/long-term/level1d/2025/stfc-temperature-rh-1_cao_20250809_surface-met_v1.1.nc.
Updated time units to 'seconds since 1970-01-01 00:00:00' in /gws/pw/j07/ncas_obs_vol2/cao/processing/ncas-temperature-rh-1/data/long-term/level1d/2025/stfc-temperature-rh-1_cao_20250809_surface-met_v1.1.nc
/gws/pw/j07/ncas_obs_vol2/cao/raw_data/met_cao/data/long-term/2025/202508/CR1000XSeries_Chilbolton_Rxcabinmet1_20250810.dat
Parsed column names: ['TIMESTAMP', 'RECORD', 'BattV_Avg', 'PTemp_C_Avg', 'Air_T_Avg', 'RH_Avg', 'BP_mbar_Avg', 'WS_Avg', 'WD_Avg', 'SlrW_Avg', 'rg001dc_ch_Tot', 'rg006dc_ch_Tot', 'rg008dc_ch_Tot', 'rg009dc_ch_Tot', 'rg004tb_ch_Tot']
shape: (8_640, 3)
┌─────────────────────┬───────────┬────────┐
│ TIMESTAMP           ┆ Air_T_Avg ┆ RH_Avg │
│ ---                 ┆ ---       ┆ ---    │
│ datetime[μs]        ┆ f64       ┆ f64    │
╞═════════════════════╪═══════════╪════════╡
│ 2025-08-10 00:00:10 ┆ 286.41    ┆ 89.88  │
│ 2025-08-10 00:00:20 ┆ 286.41    ┆ 90.18  │
│ 2025-08-10 00:00:30 ┆ 286.41    ┆ 90.56  │
│ 2025-08-10 00:00:40 ┆ 286.45    ┆ 90.78  │
│ 2025-08-10 00:00:50 ┆ 286.45    ┆ 90.84  │
│ …                   ┆ …         ┆ …      │
│ 2025-08-10 23:59:20 ┆ 287.25    ┆ 79.28  │
│ 2025-08-10 23:59:30 ┆ 287.25    ┆ 79.4   │
│ 2025-08-10 23:59:40 ┆ 287.25    ┆ 79.32  │
│ 2025-08-10 23:59:50 ┆ 287.23    ┆ 79.18  │
│ 2025-08-11 00:00:00 ┆ 287.23    ┆ 79.06  │
└─────────────────────┴───────────┴────────┘
[INFO] Correcting the 'time' variable in the NetCDF file.
<class 'netCDF4.Variable'>
float64 time(time)
    units: seconds since 1970-01-01 00:00:00
    standard_name: time
    long_name: Time (seconds since 1970-01-01 00:00:00)
    axis: T
    valid_min: 1754784010.0
    valid_max: 1754870400.0
    calendar: standard
unlimited dimensions: 
current shape = (8640,)
filling on, default _FillValue of 9.969209968386869e+36 used
Flagged 0 points where air_temperature < 245.0K as bad data (qc_flag = 2).
Found 0 points already flagged as bad data (flag=2)
QC flags successfully added to /gws/pw/j07/ncas_obs_vol2/cao/processing/ncas-temperature-rh-1/data/long-term/level1d/2025/stfc-temperature-rh-1_cao_20250810_surface-met_v1.1.nc.
Updated time units to 'seconds since 1970-01-01 00:00:00' in /gws/pw/j07/ncas_obs_vol2/cao/processing/ncas-temperature-rh-1/data/long-term/level1d/2025/stfc-temperature-rh-1_cao_20250810_surface-met_v1.1.nc
/gws/pw/j07/ncas_obs_vol2/cao/raw_data/met_cao/data/long-term/2025/202508/CR1000XSeries_Chilbolton_Rxcabinmet1_20250811.dat
Parsed column names: ['TIMESTAMP', 'RECORD', 'BattV_Avg', 'PTemp_C_Avg', 'Air_T_Avg', 'RH_Avg', 'BP_mbar_Avg', 'WS_Avg', 'WD_Avg', 'SlrW_Avg', 'rg001dc_ch_Tot', 'rg006dc_ch_Tot', 'rg008dc_ch_Tot', 'rg009dc_ch_Tot', 'rg004tb_ch_Tot']
shape: (8_640, 3)
┌─────────────────────┬───────────┬────────┐
│ TIMESTAMP           ┆ Air_T_Avg ┆ RH_Avg │
│ ---                 ┆ ---       ┆ ---    │
│ datetime[μs]        ┆ f64       ┆ f64    │
╞═════════════════════╪═══════════╪════════╡
│ 2025-08-11 00:00:10 ┆ 287.23    ┆ 78.9   │
│ 2025-08-11 00:00:20 ┆ 287.19    ┆ 78.8   │
│ 2025-08-11 00:00:30 ┆ 287.17    ┆ 78.8   │
│ 2025-08-11 00:00:40 ┆ 287.15    ┆ 79.02  │
│ 2025-08-11 00:00:50 ┆ 287.15    ┆ 79.16  │
│ …                   ┆ …         ┆ …      │
│ 2025-08-11 23:59:20 ┆ 293.77    ┆ 64.52  │
│ 2025-08-11 23:59:30 ┆ 293.79    ┆ 64.52  │
│ 2025-08-11 23:59:40 ┆ 293.79    ┆ 64.52  │
│ 2025-08-11 23:59:50 ┆ 293.79    ┆ 64.8   │
│ 2025-08-12 00:00:00 ┆ 293.79    ┆ 64.82  │
└─────────────────────┴───────────┴────────┘
[INFO] Correcting the 'time' variable in the NetCDF file.
<class 'netCDF4.Variable'>
float64 time(time)
    units: seconds since 1970-01-01 00:00:00
    standard_name: time
    long_name: Time (seconds since 1970-01-01 00:00:00)
    axis: T
    valid_min: 1754870410.0
    valid_max: 1754956800.0
    calendar: standard
unlimited dimensions: 
current shape = (8640,)
filling on, default _FillValue of 9.969209968386869e+36 used
Flagged 0 points where air_temperature < 245.0K as bad data (qc_flag = 2).
Found 0 points already flagged as bad data (flag=2)
QC flags successfully added to /gws/pw/j07/ncas_obs_vol2/cao/processing/ncas-temperature-rh-1/data/long-term/level1d/2025/stfc-temperature-rh-1_cao_20250811_surface-met_v1.1.nc.
Updated time units to 'seconds since 1970-01-01 00:00:00' in /gws/pw/j07/ncas_obs_vol2/cao/processing/ncas-temperature-rh-1/data/long-term/level1d/2025/stfc-temperature-rh-1_cao_20250811_surface-met_v1.1.nc
/gws/pw/j07/ncas_obs_vol2/cao/raw_data/met_cao/data/long-term/2025/202508/CR1000XSeries_Chilbolton_Rxcabinmet1_20250812.dat
Parsed column names: ['TIMESTAMP', 'RECORD', 'BattV_Avg', 'PTemp_C_Avg', 'Air_T_Avg', 'RH_Avg', 'BP_mbar_Avg', 'WS_Avg', 'WD_Avg', 'SlrW_Avg', 'rg001dc_ch_Tot', 'rg006dc_ch_Tot', 'rg008dc_ch_Tot', 'rg009dc_ch_Tot', 'rg004tb_ch_Tot']
shape: (8_640, 3)
┌─────────────────────┬───────────┬────────┐
│ TIMESTAMP           ┆ Air_T_Avg ┆ RH_Avg │
│ ---                 ┆ ---       ┆ ---    │
│ datetime[μs]        ┆ f64       ┆ f64    │
╞═════════════════════╪═══════════╪════════╡
│ 2025-08-12 00:00:10 ┆ 293.77    ┆ 64.8   │
│ 2025-08-12 00:00:20 ┆ 293.77    ┆ 64.88  │
│ 2025-08-12 00:00:30 ┆ 293.77    ┆ 64.9   │
│ 2025-08-12 00:00:40 ┆ 293.77    ┆ 64.68  │
│ 2025-08-12 00:00:50 ┆ 293.77    ┆ 64.68  │
│ …                   ┆ …         ┆ …      │
│ 2025-08-12 23:59:20 ┆ 289.83    ┆ 95.84  │
│ 2025-08-12 23:59:30 ┆ 289.83    ┆ 95.86  │
│ 2025-08-12 23:59:40 ┆ 289.85    ┆ 95.78  │
│ 2025-08-12 23:59:50 ┆ 289.85    ┆ 95.86  │
│ 2025-08-13 00:00:00 ┆ 289.85    ┆ 95.96  │
└─────────────────────┴───────────┴────────┘
[INFO] Correcting the 'time' variable in the NetCDF file.
<class 'netCDF4.Variable'>
float64 time(time)
    units: seconds since 1970-01-01 00:00:00
    standard_name: time
    long_name: Time (seconds since 1970-01-01 00:00:00)
    axis: T
    valid_min: 1754956810.0
    valid_max: 1755043200.0
    calendar: standard
unlimited dimensions: 
current shape = (8640,)
filling on, default _FillValue of 9.969209968386869e+36 used
Flagged 0 points where air_temperature < 245.0K as bad data (qc_flag = 2).
Found 0 points already flagged as bad data (flag=2)
QC flags successfully added to /gws/pw/j07/ncas_obs_vol2/cao/processing/ncas-temperature-rh-1/data/long-term/level1d/2025/stfc-temperature-rh-1_cao_20250812_surface-met_v1.1.nc.
Updated time units to 'seconds since 1970-01-01 00:00:00' in /gws/pw/j07/ncas_obs_vol2/cao/processing/ncas-temperature-rh-1/data/long-term/level1d/2025/stfc-temperature-rh-1_cao_20250812_surface-met_v1.1.nc
/gws/pw/j07/ncas_obs_vol2/cao/raw_data/met_cao/data/long-term/2025/202508/CR1000XSeries_Chilbolton_Rxcabinmet1_20250813.dat
Parsed column names: ['TIMESTAMP', 'RECORD', 'BattV_Avg', 'PTemp_C_Avg', 'Air_T_Avg', 'RH_Avg', 'BP_mbar_Avg', 'WS_Avg', 'WD_Avg', 'SlrW_Avg', 'rg001dc_ch_Tot', 'rg006dc_ch_Tot', 'rg008dc_ch_Tot', 'rg009dc_ch_Tot', 'rg004tb_ch_Tot']
shape: (8_640, 3)
┌─────────────────────┬───────────┬────────┐
│ TIMESTAMP           ┆ Air_T_Avg ┆ RH_Avg │
│ ---                 ┆ ---       ┆ ---    │
│ datetime[μs]        ┆ f64       ┆ f64    │
╞═════════════════════╪═══════════╪════════╡
│ 2025-08-13 00:00:10 ┆ 289.85    ┆ 95.92  │
│ 2025-08-13 00:00:20 ┆ 289.85    ┆ 95.82  │
│ 2025-08-13 00:00:30 ┆ 289.81    ┆ 95.8   │
│ 2025-08-13 00:00:40 ┆ 289.87    ┆ 95.3   │
│ 2025-08-13 00:00:50 ┆ 289.93    ┆ 95.14  │
│ …                   ┆ …         ┆ …      │
│ 2025-08-13 23:59:20 ┆ 290.11    ┆ 89.28  │
│ 2025-08-13 23:59:30 ┆ 290.11    ┆ 89.34  │
│ 2025-08-13 23:59:40 ┆ 290.11    ┆ 89.32  │
│ 2025-08-13 23:59:50 ┆ 290.11    ┆ 89.28  │
│ 2025-08-14 00:00:00 ┆ 290.11    ┆ 89.28  │
└─────────────────────┴───────────┴────────┘
[INFO] Correcting the 'time' variable in the NetCDF file.
<class 'netCDF4.Variable'>
float64 time(time)
    units: seconds since 1970-01-01 00:00:00
    standard_name: time
    long_name: Time (seconds since 1970-01-01 00:00:00)
    axis: T
    valid_min: 1755043210.0
    valid_max: 1755129600.0
    calendar: standard
unlimited dimensions: 
current shape = (8640,)
filling on, default _FillValue of 9.969209968386869e+36 used
Flagged 0 points where air_temperature < 245.0K as bad data (qc_flag = 2).
Found 0 points already flagged as bad data (flag=2)
QC flags successfully added to /gws/pw/j07/ncas_obs_vol2/cao/processing/ncas-temperature-rh-1/data/long-term/level1d/2025/stfc-temperature-rh-1_cao_20250813_surface-met_v1.1.nc.
Updated time units to 'seconds since 1970-01-01 00:00:00' in /gws/pw/j07/ncas_obs_vol2/cao/processing/ncas-temperature-rh-1/data/long-term/level1d/2025/stfc-temperature-rh-1_cao_20250813_surface-met_v1.1.nc
/gws/pw/j07/ncas_obs_vol2/cao/raw_data/met_cao/data/long-term/2025/202508/CR1000XSeries_Chilbolton_Rxcabinmet1_20250814.dat
Parsed column names: ['TIMESTAMP', 'RECORD', 'BattV_Avg', 'PTemp_C_Avg', 'Air_T_Avg', 'RH_Avg', 'BP_mbar_Avg', 'WS_Avg', 'WD_Avg', 'SlrW_Avg', 'rg001dc_ch_Tot', 'rg006dc_ch_Tot', 'rg008dc_ch_Tot', 'rg009dc_ch_Tot', 'rg004tb_ch_Tot']
shape: (8_640, 3)
┌─────────────────────┬───────────┬────────┐
│ TIMESTAMP           ┆ Air_T_Avg ┆ RH_Avg │
│ ---                 ┆ ---       ┆ ---    │
│ datetime[μs]        ┆ f64       ┆ f64    │
╞═════════════════════╪═══════════╪════════╡
│ 2025-08-14 00:00:10 ┆ 290.11    ┆ 89.3   │
│ 2025-08-14 00:00:20 ┆ 290.11    ┆ 89.28  │
│ 2025-08-14 00:00:30 ┆ 290.13    ┆ 89.28  │
│ 2025-08-14 00:00:40 ┆ 290.13    ┆ 89.28  │
│ 2025-08-14 00:00:50 ┆ 290.13    ┆ 89.3   │
│ …                   ┆ …         ┆ …      │
│ 2025-08-14 23:59:20 ┆ 287.83    ┆ 87.64  │
│ 2025-08-14 23:59:30 ┆ 287.85    ┆ 87.72  │
│ 2025-08-14 23:59:40 ┆ 287.85    ┆ 87.84  │
│ 2025-08-14 23:59:50 ┆ 287.85    ┆ 88.08  │
│ 2025-08-15 00:00:00 ┆ 287.83    ┆ 88.22  │
└─────────────────────┴───────────┴────────┘
[INFO] Correcting the 'time' variable in the NetCDF file.
<class 'netCDF4.Variable'>
float64 time(time)
    units: seconds since 1970-01-01 00:00:00
    standard_name: time
    long_name: Time (seconds since 1970-01-01 00:00:00)
    axis: T
    valid_min: 1755129610.0
    valid_max: 1755216000.0
    calendar: standard
unlimited dimensions: 
current shape = (8640,)
filling on, default _FillValue of 9.969209968386869e+36 used
Flagged 0 points where air_temperature < 245.0K as bad data (qc_flag = 2).
Found 0 points already flagged as bad data (flag=2)
QC flags successfully added to /gws/pw/j07/ncas_obs_vol2/cao/processing/ncas-temperature-rh-1/data/long-term/level1d/2025/stfc-temperature-rh-1_cao_20250814_surface-met_v1.1.nc.
Updated time units to 'seconds since 1970-01-01 00:00:00' in /gws/pw/j07/ncas_obs_vol2/cao/processing/ncas-temperature-rh-1/data/long-term/level1d/2025/stfc-temperature-rh-1_cao_20250814_surface-met_v1.1.nc
/gws/pw/j07/ncas_obs_vol2/cao/raw_data/met_cao/data/long-term/2025/202508/CR1000XSeries_Chilbolton_Rxcabinmet1_20250815.dat
Parsed column names: ['TIMESTAMP', 'RECORD', 'BattV_Avg', 'PTemp_C_Avg', 'Air_T_Avg', 'RH_Avg', 'BP_mbar_Avg', 'WS_Avg', 'WD_Avg', 'SlrW_Avg', 'rg001dc_ch_Tot', 'rg006dc_ch_Tot', 'rg008dc_ch_Tot', 'rg009dc_ch_Tot', 'rg004tb_ch_Tot']
shape: (8_640, 3)
┌─────────────────────┬───────────┬────────┐
│ TIMESTAMP           ┆ Air_T_Avg ┆ RH_Avg │
│ ---                 ┆ ---       ┆ ---    │
│ datetime[μs]        ┆ f64       ┆ f64    │
╞═════════════════════╪═══════════╪════════╡
│ 2025-08-15 00:00:10 ┆ 287.83    ┆ 88.08  │
│ 2025-08-15 00:00:20 ┆ 287.85    ┆ 88.0   │
│ 2025-08-15 00:00:30 ┆ 287.85    ┆ 87.86  │
│ 2025-08-15 00:00:40 ┆ 287.85    ┆ 87.8   │
│ 2025-08-15 00:00:50 ┆ 287.85    ┆ 87.8   │
│ …                   ┆ …         ┆ …      │
│ 2025-08-15 23:59:20 ┆ 290.41    ┆ 83.28  │
│ 2025-08-15 23:59:30 ┆ 290.39    ┆ 83.34  │
│ 2025-08-15 23:59:40 ┆ 290.39    ┆ 83.34  │
│ 2025-08-15 23:59:50 ┆ 290.39    ┆ 83.28  │
│ 2025-08-16 00:00:00 ┆ 290.39    ┆ 83.26  │
└─────────────────────┴───────────┴────────┘
[INFO] Correcting the 'time' variable in the NetCDF file.
<class 'netCDF4.Variable'>
float64 time(time)
    units: seconds since 1970-01-01 00:00:00
    standard_name: time
    long_name: Time (seconds since 1970-01-01 00:00:00)
    axis: T
    valid_min: 1755216010.0
    valid_max: 1755302400.0
    calendar: standard
unlimited dimensions: 
current shape = (8640,)
filling on, default _FillValue of 9.969209968386869e+36 used
Flagged 0 points where air_temperature < 245.0K as bad data (qc_flag = 2).
Found 0 points already flagged as bad data (flag=2)
QC flags successfully added to /gws/pw/j07/ncas_obs_vol2/cao/processing/ncas-temperature-rh-1/data/long-term/level1d/2025/stfc-temperature-rh-1_cao_20250815_surface-met_v1.1.nc.
Updated time units to 'seconds since 1970-01-01 00:00:00' in /gws/pw/j07/ncas_obs_vol2/cao/processing/ncas-temperature-rh-1/data/long-term/level1d/2025/stfc-temperature-rh-1_cao_20250815_surface-met_v1.1.nc
/gws/pw/j07/ncas_obs_vol2/cao/raw_data/met_cao/data/long-term/2025/202508/CR1000XSeries_Chilbolton_Rxcabinmet1_20250816.dat
Parsed column names: ['TIMESTAMP', 'RECORD', 'BattV_Avg', 'PTemp_C_Avg', 'Air_T_Avg', 'RH_Avg', 'BP_mbar_Avg', 'WS_Avg', 'WD_Avg', 'SlrW_Avg', 'rg001dc_ch_Tot', 'rg006dc_ch_Tot', 'rg008dc_ch_Tot', 'rg009dc_ch_Tot', 'rg004tb_ch_Tot']
shape: (8_640, 3)
┌─────────────────────┬───────────┬────────┐
│ TIMESTAMP           ┆ Air_T_Avg ┆ RH_Avg │
│ ---                 ┆ ---       ┆ ---    │
│ datetime[μs]        ┆ f64       ┆ f64    │
╞═════════════════════╪═══════════╪════════╡
│ 2025-08-16 00:00:10 ┆ 290.39    ┆ 83.26  │
│ 2025-08-16 00:00:20 ┆ 290.37    ┆ 83.24  │
│ 2025-08-16 00:00:30 ┆ 290.37    ┆ 83.26  │
│ 2025-08-16 00:00:40 ┆ 290.37    ┆ 83.28  │
│ 2025-08-16 00:00:50 ┆ 290.35    ┆ 83.34  │
│ …                   ┆ …         ┆ …      │
│ 2025-08-16 23:59:20 ┆ 288.37    ┆ 81.76  │
│ 2025-08-16 23:59:30 ┆ 288.35    ┆ 81.9   │
│ 2025-08-16 23:59:40 ┆ 288.29    ┆ 82.16  │
│ 2025-08-16 23:59:50 ┆ 288.27    ┆ 82.22  │
│ 2025-08-17 00:00:00 ┆ 288.27    ┆ 82.2   │
└─────────────────────┴───────────┴────────┘
[INFO] Correcting the 'time' variable in the NetCDF file.
<class 'netCDF4.Variable'>
float64 time(time)
    units: seconds since 1970-01-01 00:00:00
    standard_name: time
    long_name: Time (seconds since 1970-01-01 00:00:00)
    axis: T
    valid_min: 1755302410.0
    valid_max: 1755388800.0
    calendar: standard
unlimited dimensions: 
current shape = (8640,)
filling on, default _FillValue of 9.969209968386869e+36 used
Flagged 0 points where air_temperature < 245.0K as bad data (qc_flag = 2).
Found 0 points already flagged as bad data (flag=2)
QC flags successfully added to /gws/pw/j07/ncas_obs_vol2/cao/processing/ncas-temperature-rh-1/data/long-term/level1d/2025/stfc-temperature-rh-1_cao_20250816_surface-met_v1.1.nc.
Updated time units to 'seconds since 1970-01-01 00:00:00' in /gws/pw/j07/ncas_obs_vol2/cao/processing/ncas-temperature-rh-1/data/long-term/level1d/2025/stfc-temperature-rh-1_cao_20250816_surface-met_v1.1.nc
/gws/pw/j07/ncas_obs_vol2/cao/raw_data/met_cao/data/long-term/2025/202508/CR1000XSeries_Chilbolton_Rxcabinmet1_20250817.dat
Parsed column names: ['TIMESTAMP', 'RECORD', 'BattV_Avg', 'PTemp_C_Avg', 'Air_T_Avg', 'RH_Avg', 'BP_mbar_Avg', 'WS_Avg', 'WD_Avg', 'SlrW_Avg', 'rg001dc_ch_Tot', 'rg006dc_ch_Tot', 'rg008dc_ch_Tot', 'rg009dc_ch_Tot', 'rg004tb_ch_Tot']
shape: (8_640, 3)
┌─────────────────────┬───────────┬────────┐
│ TIMESTAMP           ┆ Air_T_Avg ┆ RH_Avg │
│ ---                 ┆ ---       ┆ ---    │
│ datetime[μs]        ┆ f64       ┆ f64    │
╞═════════════════════╪═══════════╪════════╡
│ 2025-08-17 00:00:10 ┆ 288.25    ┆ 82.12  │
│ 2025-08-17 00:00:20 ┆ 288.23    ┆ 81.98  │
│ 2025-08-17 00:00:30 ┆ 288.21    ┆ 82.04  │
│ 2025-08-17 00:00:40 ┆ 288.19    ┆ 82.1   │
│ 2025-08-17 00:00:50 ┆ 288.19    ┆ 82.14  │
│ …                   ┆ …         ┆ …      │
│ 2025-08-17 23:59:20 ┆ 290.91    ┆ 78.26  │
│ 2025-08-17 23:59:30 ┆ 290.93    ┆ 78.36  │
│ 2025-08-17 23:59:40 ┆ 290.93    ┆ 78.34  │
│ 2025-08-17 23:59:50 ┆ 290.93    ┆ 78.32  │
│ 2025-08-18 00:00:00 ┆ 290.93    ┆ 78.2   │
└─────────────────────┴───────────┴────────┘
[INFO] Correcting the 'time' variable in the NetCDF file.
<class 'netCDF4.Variable'>
float64 time(time)
    units: seconds since 1970-01-01 00:00:00
    standard_name: time
    long_name: Time (seconds since 1970-01-01 00:00:00)
    axis: T
    valid_min: 1755388810.0
    valid_max: 1755475200.0
    calendar: standard
unlimited dimensions: 
current shape = (8640,)
filling on, default _FillValue of 9.969209968386869e+36 used
Flagged 0 points where air_temperature < 245.0K as bad data (qc_flag = 2).
Found 0 points already flagged as bad data (flag=2)
QC flags successfully added to /gws/pw/j07/ncas_obs_vol2/cao/processing/ncas-temperature-rh-1/data/long-term/level1d/2025/stfc-temperature-rh-1_cao_20250817_surface-met_v1.1.nc.
Updated time units to 'seconds since 1970-01-01 00:00:00' in /gws/pw/j07/ncas_obs_vol2/cao/processing/ncas-temperature-rh-1/data/long-term/level1d/2025/stfc-temperature-rh-1_cao_20250817_surface-met_v1.1.nc
/gws/pw/j07/ncas_obs_vol2/cao/raw_data/met_cao/data/long-term/2025/202508/CR1000XSeries_Chilbolton_Rxcabinmet1_20250818.dat
Parsed column names: ['TIMESTAMP', 'RECORD', 'BattV_Avg', 'PTemp_C_Avg', 'Air_T_Avg', 'RH_Avg', 'BP_mbar_Avg', 'WS_Avg', 'WD_Avg', 'SlrW_Avg', 'rg001dc_ch_Tot', 'rg006dc_ch_Tot', 'rg008dc_ch_Tot', 'rg009dc_ch_Tot', 'rg004tb_ch_Tot']
shape: (8_640, 3)
┌─────────────────────┬───────────┬────────┐
│ TIMESTAMP           ┆ Air_T_Avg ┆ RH_Avg │
│ ---                 ┆ ---       ┆ ---    │
│ datetime[μs]        ┆ f64       ┆ f64    │
╞═════════════════════╪═══════════╪════════╡
│ 2025-08-18 00:00:10 ┆ 290.93    ┆ 78.14  │
│ 2025-08-18 00:00:20 ┆ 290.93    ┆ 78.06  │
│ 2025-08-18 00:00:30 ┆ 290.93    ┆ 78.1   │
│ 2025-08-18 00:00:40 ┆ 290.93    ┆ 78.12  │
│ 2025-08-18 00:00:50 ┆ 290.93    ┆ 78.1   │
│ …                   ┆ …         ┆ …      │
│ 2025-08-18 23:59:20 ┆ 289.59    ┆ 72.5   │
│ 2025-08-18 23:59:30 ┆ 289.57    ┆ 72.5   │
│ 2025-08-18 23:59:40 ┆ 289.57    ┆ 72.52  │
│ 2025-08-18 23:59:50 ┆ 289.57    ┆ 72.56  │
│ 2025-08-19 00:00:00 ┆ 289.57    ┆ 72.58  │
└─────────────────────┴───────────┴────────┘
[INFO] Correcting the 'time' variable in the NetCDF file.
<class 'netCDF4.Variable'>
float64 time(time)
    units: seconds since 1970-01-01 00:00:00
    standard_name: time
    long_name: Time (seconds since 1970-01-01 00:00:00)
    axis: T
    valid_min: 1755475210.0
    valid_max: 1755561600.0
    calendar: standard
unlimited dimensions: 
current shape = (8640,)
filling on, default _FillValue of 9.969209968386869e+36 used
Flagged 0 points where air_temperature < 245.0K as bad data (qc_flag = 2).
Found 0 points already flagged as bad data (flag=2)
QC flags successfully added to /gws/pw/j07/ncas_obs_vol2/cao/processing/ncas-temperature-rh-1/data/long-term/level1d/2025/stfc-temperature-rh-1_cao_20250818_surface-met_v1.1.nc.
Updated time units to 'seconds since 1970-01-01 00:00:00' in /gws/pw/j07/ncas_obs_vol2/cao/processing/ncas-temperature-rh-1/data/long-term/level1d/2025/stfc-temperature-rh-1_cao_20250818_surface-met_v1.1.nc
/gws/pw/j07/ncas_obs_vol2/cao/raw_data/met_cao/data/long-term/2025/202508/CR1000XSeries_Chilbolton_Rxcabinmet1_20250819.dat
Parsed column names: ['TIMESTAMP', 'RECORD', 'BattV_Avg', 'PTemp_C_Avg', 'Air_T_Avg', 'RH_Avg', 'BP_mbar_Avg', 'WS_Avg', 'WD_Avg', 'SlrW_Avg', 'rg001dc_ch_Tot', 'rg006dc_ch_Tot', 'rg008dc_ch_Tot', 'rg009dc_ch_Tot', 'rg004tb_ch_Tot']
shape: (8_640, 3)
┌─────────────────────┬───────────┬────────┐
│ TIMESTAMP           ┆ Air_T_Avg ┆ RH_Avg │
│ ---                 ┆ ---       ┆ ---    │
│ datetime[μs]        ┆ f64       ┆ f64    │
╞═════════════════════╪═══════════╪════════╡
│ 2025-08-19 00:00:10 ┆ 289.59    ┆ 72.56  │
│ 2025-08-19 00:00:20 ┆ 289.59    ┆ 72.6   │
│ 2025-08-19 00:00:30 ┆ 289.57    ┆ 72.58  │
│ 2025-08-19 00:00:40 ┆ 289.57    ┆ 72.54  │
│ 2025-08-19 00:00:50 ┆ 289.57    ┆ 72.52  │
│ …                   ┆ …         ┆ …      │
│ 2025-08-19 23:59:20 ┆ 288.67    ┆ 79.3   │
│ 2025-08-19 23:59:30 ┆ 288.67    ┆ 79.18  │
│ 2025-08-19 23:59:40 ┆ 288.69    ┆ 79.12  │
│ 2025-08-19 23:59:50 ┆ 288.69    ┆ 79.1   │
│ 2025-08-20 00:00:00 ┆ 288.69    ┆ 79.18  │
└─────────────────────┴───────────┴────────┘
[INFO] Correcting the 'time' variable in the NetCDF file.
<class 'netCDF4.Variable'>
float64 time(time)
    units: seconds since 1970-01-01 00:00:00
    standard_name: time
    long_name: Time (seconds since 1970-01-01 00:00:00)
    axis: T
    valid_min: 1755561610.0
    valid_max: 1755648000.0
    calendar: standard
unlimited dimensions: 
current shape = (8640,)
filling on, default _FillValue of 9.969209968386869e+36 used
Flagged 0 points where air_temperature < 245.0K as bad data (qc_flag = 2).
Found 0 points already flagged as bad data (flag=2)
QC flags successfully added to /gws/pw/j07/ncas_obs_vol2/cao/processing/ncas-temperature-rh-1/data/long-term/level1d/2025/stfc-temperature-rh-1_cao_20250819_surface-met_v1.1.nc.
Updated time units to 'seconds since 1970-01-01 00:00:00' in /gws/pw/j07/ncas_obs_vol2/cao/processing/ncas-temperature-rh-1/data/long-term/level1d/2025/stfc-temperature-rh-1_cao_20250819_surface-met_v1.1.nc
/gws/pw/j07/ncas_obs_vol2/cao/raw_data/met_cao/data/long-term/2025/202508/CR1000XSeries_Chilbolton_Rxcabinmet1_20250820.dat
Parsed column names: ['TIMESTAMP', 'RECORD', 'BattV_Avg', 'PTemp_C_Avg', 'Air_T_Avg', 'RH_Avg', 'BP_mbar_Avg', 'WS_Avg', 'WD_Avg', 'SlrW_Avg', 'rg001dc_ch_Tot', 'rg006dc_ch_Tot', 'rg008dc_ch_Tot', 'rg009dc_ch_Tot', 'rg004tb_ch_Tot']
shape: (8_640, 3)
┌─────────────────────┬───────────┬────────┐
│ TIMESTAMP           ┆ Air_T_Avg ┆ RH_Avg │
│ ---                 ┆ ---       ┆ ---    │
│ datetime[μs]        ┆ f64       ┆ f64    │
╞═════════════════════╪═══════════╪════════╡
│ 2025-08-20 00:00:10 ┆ 288.69    ┆ 79.22  │
│ 2025-08-20 00:00:20 ┆ 288.67    ┆ 79.38  │
│ 2025-08-20 00:00:30 ┆ 288.67    ┆ 79.42  │
│ 2025-08-20 00:00:40 ┆ 288.67    ┆ 79.4   │
│ 2025-08-20 00:00:50 ┆ 288.69    ┆ 79.3   │
│ …                   ┆ …         ┆ …      │
│ 2025-08-20 23:59:20 ┆ 284.51    ┆ 75.72  │
│ 2025-08-20 23:59:30 ┆ 284.49    ┆ 75.76  │
│ 2025-08-20 23:59:40 ┆ 284.45    ┆ 75.78  │
│ 2025-08-20 23:59:50 ┆ 284.45    ┆ 75.68  │
│ 2025-08-21 00:00:00 ┆ 284.43    ┆ 75.52  │
└─────────────────────┴───────────┴────────┘
[INFO] Correcting the 'time' variable in the NetCDF file.
<class 'netCDF4.Variable'>
float64 time(time)
    units: seconds since 1970-01-01 00:00:00
    standard_name: time
    long_name: Time (seconds since 1970-01-01 00:00:00)
    axis: T
    valid_min: 1755648010.0
    valid_max: 1755734400.0
    calendar: standard
unlimited dimensions: 
current shape = (8640,)
filling on, default _FillValue of 9.969209968386869e+36 used
Flagged 0 points where air_temperature < 245.0K as bad data (qc_flag = 2).
Found 0 points already flagged as bad data (flag=2)
QC flags successfully added to /gws/pw/j07/ncas_obs_vol2/cao/processing/ncas-temperature-rh-1/data/long-term/level1d/2025/stfc-temperature-rh-1_cao_20250820_surface-met_v1.1.nc.
Updated time units to 'seconds since 1970-01-01 00:00:00' in /gws/pw/j07/ncas_obs_vol2/cao/processing/ncas-temperature-rh-1/data/long-term/level1d/2025/stfc-temperature-rh-1_cao_20250820_surface-met_v1.1.nc
/gws/pw/j07/ncas_obs_vol2/cao/raw_data/met_cao/data/long-term/2025/202508/CR1000XSeries_Chilbolton_Rxcabinmet1_20250821.dat
Parsed column names: ['TIMESTAMP', 'RECORD', 'BattV_Avg', 'PTemp_C_Avg', 'Air_T_Avg', 'RH_Avg', 'BP_mbar_Avg', 'WS_Avg', 'WD_Avg', 'SlrW_Avg', 'rg001dc_ch_Tot', 'rg006dc_ch_Tot', 'rg008dc_ch_Tot', 'rg009dc_ch_Tot', 'rg004tb_ch_Tot']
shape: (8_640, 3)
┌─────────────────────┬───────────┬────────┐
│ TIMESTAMP           ┆ Air_T_Avg ┆ RH_Avg │
│ ---                 ┆ ---       ┆ ---    │
│ datetime[μs]        ┆ f64       ┆ f64    │
╞═════════════════════╪═══════════╪════════╡
│ 2025-08-21 00:00:10 ┆ 284.45    ┆ 75.46  │
│ 2025-08-21 00:00:20 ┆ 284.45    ┆ 75.52  │
│ 2025-08-21 00:00:30 ┆ 284.43    ┆ 75.6   │
│ 2025-08-21 00:00:40 ┆ 284.45    ┆ 75.66  │
│ 2025-08-21 00:00:50 ┆ 284.45    ┆ 75.76  │
│ …                   ┆ …         ┆ …      │
│ 2025-08-21 23:59:20 ┆ 283.27    ┆ 80.96  │
│ 2025-08-21 23:59:30 ┆ 283.27    ┆ 80.98  │
│ 2025-08-21 23:59:40 ┆ 283.27    ┆ 80.98  │
│ 2025-08-21 23:59:50 ┆ 283.27    ┆ 80.98  │
│ 2025-08-22 00:00:00 ┆ 283.25    ┆ 81.0   │
└─────────────────────┴───────────┴────────┘
[INFO] Correcting the 'time' variable in the NetCDF file.
<class 'netCDF4.Variable'>
float64 time(time)
    units: seconds since 1970-01-01 00:00:00
    standard_name: time
    long_name: Time (seconds since 1970-01-01 00:00:00)
    axis: T
    valid_min: 1755734410.0
    valid_max: 1755820800.0
    calendar: standard
unlimited dimensions: 
current shape = (8640,)
filling on, default _FillValue of 9.969209968386869e+36 used
Flagged 0 points where air_temperature < 245.0K as bad data (qc_flag = 2).
Found 0 points already flagged as bad data (flag=2)
QC flags successfully added to /gws/pw/j07/ncas_obs_vol2/cao/processing/ncas-temperature-rh-1/data/long-term/level1d/2025/stfc-temperature-rh-1_cao_20250821_surface-met_v1.1.nc.
Updated time units to 'seconds since 1970-01-01 00:00:00' in /gws/pw/j07/ncas_obs_vol2/cao/processing/ncas-temperature-rh-1/data/long-term/level1d/2025/stfc-temperature-rh-1_cao_20250821_surface-met_v1.1.nc
/gws/pw/j07/ncas_obs_vol2/cao/raw_data/met_cao/data/long-term/2025/202508/CR1000XSeries_Chilbolton_Rxcabinmet1_20250822.dat
Parsed column names: ['TIMESTAMP', 'RECORD', 'BattV_Avg', 'PTemp_C_Avg', 'Air_T_Avg', 'RH_Avg', 'BP_mbar_Avg', 'WS_Avg', 'WD_Avg', 'SlrW_Avg', 'rg001dc_ch_Tot', 'rg006dc_ch_Tot', 'rg008dc_ch_Tot', 'rg009dc_ch_Tot', 'rg004tb_ch_Tot']
shape: (8_640, 3)
┌─────────────────────┬───────────┬────────┐
│ TIMESTAMP           ┆ Air_T_Avg ┆ RH_Avg │
│ ---                 ┆ ---       ┆ ---    │
│ datetime[μs]        ┆ f64       ┆ f64    │
╞═════════════════════╪═══════════╪════════╡
│ 2025-08-22 00:00:10 ┆ 283.25    ┆ 81.0   │
│ 2025-08-22 00:00:20 ┆ 283.25    ┆ 80.98  │
│ 2025-08-22 00:00:30 ┆ 283.25    ┆ 80.98  │
│ 2025-08-22 00:00:40 ┆ 283.25    ┆ 81.0   │
│ 2025-08-22 00:00:50 ┆ 283.25    ┆ 80.98  │
│ …                   ┆ …         ┆ …      │
│ 2025-08-22 23:59:20 ┆ 286.23    ┆ 81.16  │
│ 2025-08-22 23:59:30 ┆ 286.23    ┆ 81.18  │
│ 2025-08-22 23:59:40 ┆ 286.23    ┆ 81.06  │
│ 2025-08-22 23:59:50 ┆ 286.23    ┆ 81.06  │
│ 2025-08-23 00:00:00 ┆ 286.25    ┆ 81.06  │
└─────────────────────┴───────────┴────────┘
[INFO] Correcting the 'time' variable in the NetCDF file.
<class 'netCDF4.Variable'>
float64 time(time)
    units: seconds since 1970-01-01 00:00:00
    standard_name: time
    long_name: Time (seconds since 1970-01-01 00:00:00)
    axis: T
    valid_min: 1755820810.0
    valid_max: 1755907200.0
    calendar: standard
unlimited dimensions: 
current shape = (8640,)
filling on, default _FillValue of 9.969209968386869e+36 used
Flagged 0 points where air_temperature < 245.0K as bad data (qc_flag = 2).
Found 0 points already flagged as bad data (flag=2)
QC flags successfully added to /gws/pw/j07/ncas_obs_vol2/cao/processing/ncas-temperature-rh-1/data/long-term/level1d/2025/stfc-temperature-rh-1_cao_20250822_surface-met_v1.1.nc.
Updated time units to 'seconds since 1970-01-01 00:00:00' in /gws/pw/j07/ncas_obs_vol2/cao/processing/ncas-temperature-rh-1/data/long-term/level1d/2025/stfc-temperature-rh-1_cao_20250822_surface-met_v1.1.nc
/gws/pw/j07/ncas_obs_vol2/cao/raw_data/met_cao/data/long-term/2025/202508/CR1000XSeries_Chilbolton_Rxcabinmet1_20250823.dat
Parsed column names: ['TIMESTAMP', 'RECORD', 'BattV_Avg', 'PTemp_C_Avg', 'Air_T_Avg', 'RH_Avg', 'BP_mbar_Avg', 'WS_Avg', 'WD_Avg', 'SlrW_Avg', 'rg001dc_ch_Tot', 'rg006dc_ch_Tot', 'rg008dc_ch_Tot', 'rg009dc_ch_Tot', 'rg004tb_ch_Tot']
shape: (8_640, 3)
┌─────────────────────┬───────────┬────────┐
│ TIMESTAMP           ┆ Air_T_Avg ┆ RH_Avg │
│ ---                 ┆ ---       ┆ ---    │
│ datetime[μs]        ┆ f64       ┆ f64    │
╞═════════════════════╪═══════════╪════════╡
│ 2025-08-23 00:00:10 ┆ 286.25    ┆ 81.12  │
│ 2025-08-23 00:00:20 ┆ 286.25    ┆ 81.14  │
│ 2025-08-23 00:00:30 ┆ 286.25    ┆ 81.22  │
│ 2025-08-23 00:00:40 ┆ 286.25    ┆ 81.38  │
│ 2025-08-23 00:00:50 ┆ 286.23    ┆ 81.42  │
│ …                   ┆ …         ┆ …      │
│ 2025-08-23 23:59:20 ┆ 290.27    ┆ 79.6   │
│ 2025-08-23 23:59:30 ┆ 290.27    ┆ 79.6   │
│ 2025-08-23 23:59:40 ┆ 290.27    ┆ 79.66  │
│ 2025-08-23 23:59:50 ┆ 290.27    ┆ 79.68  │
│ 2025-08-24 00:00:00 ┆ 290.27    ┆ 79.7   │
└─────────────────────┴───────────┴────────┘
[INFO] Correcting the 'time' variable in the NetCDF file.
<class 'netCDF4.Variable'>
float64 time(time)
    units: seconds since 1970-01-01 00:00:00
    standard_name: time
    long_name: Time (seconds since 1970-01-01 00:00:00)
    axis: T
    valid_min: 1755907210.0
    valid_max: 1755993600.0
    calendar: standard
unlimited dimensions: 
current shape = (8640,)
filling on, default _FillValue of 9.969209968386869e+36 used
Flagged 0 points where air_temperature < 245.0K as bad data (qc_flag = 2).
Found 0 points already flagged as bad data (flag=2)
QC flags successfully added to /gws/pw/j07/ncas_obs_vol2/cao/processing/ncas-temperature-rh-1/data/long-term/level1d/2025/stfc-temperature-rh-1_cao_20250823_surface-met_v1.1.nc.
Updated time units to 'seconds since 1970-01-01 00:00:00' in /gws/pw/j07/ncas_obs_vol2/cao/processing/ncas-temperature-rh-1/data/long-term/level1d/2025/stfc-temperature-rh-1_cao_20250823_surface-met_v1.1.nc
/gws/pw/j07/ncas_obs_vol2/cao/raw_data/met_cao/data/long-term/2025/202508/CR1000XSeries_Chilbolton_Rxcabinmet1_20250824.dat
Parsed column names: ['TIMESTAMP', 'RECORD', 'BattV_Avg', 'PTemp_C_Avg', 'Air_T_Avg', 'RH_Avg', 'BP_mbar_Avg', 'WS_Avg', 'WD_Avg', 'SlrW_Avg', 'rg001dc_ch_Tot', 'rg006dc_ch_Tot', 'rg008dc_ch_Tot', 'rg009dc_ch_Tot', 'rg004tb_ch_Tot']
shape: (8_640, 3)
┌─────────────────────┬───────────┬────────┐
│ TIMESTAMP           ┆ Air_T_Avg ┆ RH_Avg │
│ ---                 ┆ ---       ┆ ---    │
│ datetime[μs]        ┆ f64       ┆ f64    │
╞═════════════════════╪═══════════╪════════╡
│ 2025-08-24 00:00:10 ┆ 290.27    ┆ 79.68  │
│ 2025-08-24 00:00:20 ┆ 290.27    ┆ 79.66  │
│ 2025-08-24 00:00:30 ┆ 290.27    ┆ 79.64  │
│ 2025-08-24 00:00:40 ┆ 290.27    ┆ 79.58  │
│ 2025-08-24 00:00:50 ┆ 290.27    ┆ 79.56  │
│ …                   ┆ …         ┆ …      │
│ 2025-08-24 23:59:20 ┆ 284.81    ┆ 84.78  │
│ 2025-08-24 23:59:30 ┆ 284.81    ┆ 84.8   │
│ 2025-08-24 23:59:40 ┆ 284.81    ┆ 84.88  │
│ 2025-08-24 23:59:50 ┆ 284.81    ┆ 84.96  │
│ 2025-08-25 00:00:00 ┆ 284.83    ┆ 85.02  │
└─────────────────────┴───────────┴────────┘
[INFO] Correcting the 'time' variable in the NetCDF file.
<class 'netCDF4.Variable'>
float64 time(time)
    units: seconds since 1970-01-01 00:00:00
    standard_name: time
    long_name: Time (seconds since 1970-01-01 00:00:00)
    axis: T
    valid_min: 1755993610.0
    valid_max: 1756080000.0
    calendar: standard
unlimited dimensions: 
current shape = (8640,)
filling on, default _FillValue of 9.969209968386869e+36 used
Flagged 0 points where air_temperature < 245.0K as bad data (qc_flag = 2).
Found 0 points already flagged as bad data (flag=2)
QC flags successfully added to /gws/pw/j07/ncas_obs_vol2/cao/processing/ncas-temperature-rh-1/data/long-term/level1d/2025/stfc-temperature-rh-1_cao_20250824_surface-met_v1.1.nc.
Updated time units to 'seconds since 1970-01-01 00:00:00' in /gws/pw/j07/ncas_obs_vol2/cao/processing/ncas-temperature-rh-1/data/long-term/level1d/2025/stfc-temperature-rh-1_cao_20250824_surface-met_v1.1.nc
/gws/pw/j07/ncas_obs_vol2/cao/raw_data/met_cao/data/long-term/2025/202508/CR1000XSeries_Chilbolton_Rxcabinmet1_20250825.dat
Parsed column names: ['TIMESTAMP', 'RECORD', 'BattV_Avg', 'PTemp_C_Avg', 'Air_T_Avg', 'RH_Avg', 'BP_mbar_Avg', 'WS_Avg', 'WD_Avg', 'SlrW_Avg', 'rg001dc_ch_Tot', 'rg006dc_ch_Tot', 'rg008dc_ch_Tot', 'rg009dc_ch_Tot', 'rg004tb_ch_Tot']
shape: (8_640, 3)
┌─────────────────────┬───────────┬────────┐
│ TIMESTAMP           ┆ Air_T_Avg ┆ RH_Avg │
│ ---                 ┆ ---       ┆ ---    │
│ datetime[μs]        ┆ f64       ┆ f64    │
╞═════════════════════╪═══════════╪════════╡
│ 2025-08-25 00:00:10 ┆ 284.83    ┆ 85.02  │
│ 2025-08-25 00:00:20 ┆ 284.83    ┆ 84.96  │
│ 2025-08-25 00:00:30 ┆ 284.83    ┆ 84.86  │
│ 2025-08-25 00:00:40 ┆ 284.85    ┆ 84.7   │
│ 2025-08-25 00:00:50 ┆ 284.85    ┆ 84.62  │
│ …                   ┆ …         ┆ …      │
│ 2025-08-25 23:59:20 ┆ 287.45    ┆ 72.02  │
│ 2025-08-25 23:59:30 ┆ 287.43    ┆ 71.7   │
│ 2025-08-25 23:59:40 ┆ 287.43    ┆ 71.56  │
│ 2025-08-25 23:59:50 ┆ 287.43    ┆ 71.64  │
│ 2025-08-26 00:00:00 ┆ 287.43    ┆ 71.82  │
└─────────────────────┴───────────┴────────┘
[INFO] Correcting the 'time' variable in the NetCDF file.
<class 'netCDF4.Variable'>
float64 time(time)
    units: seconds since 1970-01-01 00:00:00
    standard_name: time
    long_name: Time (seconds since 1970-01-01 00:00:00)
    axis: T
    valid_min: 1756080010.0
    valid_max: 1756166400.0
    calendar: standard
unlimited dimensions: 
current shape = (8640,)
filling on, default _FillValue of 9.969209968386869e+36 used
Flagged 0 points where air_temperature < 245.0K as bad data (qc_flag = 2).
Found 0 points already flagged as bad data (flag=2)
QC flags successfully added to /gws/pw/j07/ncas_obs_vol2/cao/processing/ncas-temperature-rh-1/data/long-term/level1d/2025/stfc-temperature-rh-1_cao_20250825_surface-met_v1.1.nc.
Updated time units to 'seconds since 1970-01-01 00:00:00' in /gws/pw/j07/ncas_obs_vol2/cao/processing/ncas-temperature-rh-1/data/long-term/level1d/2025/stfc-temperature-rh-1_cao_20250825_surface-met_v1.1.nc
/gws/pw/j07/ncas_obs_vol2/cao/raw_data/met_cao/data/long-term/2025/202508/CR1000XSeries_Chilbolton_Rxcabinmet1_20250826.dat
Parsed column names: ['TIMESTAMP', 'RECORD', 'BattV_Avg', 'PTemp_C_Avg', 'Air_T_Avg', 'RH_Avg', 'BP_mbar_Avg', 'WS_Avg', 'WD_Avg', 'SlrW_Avg', 'rg001dc_ch_Tot', 'rg006dc_ch_Tot', 'rg008dc_ch_Tot', 'rg009dc_ch_Tot', 'rg004tb_ch_Tot']
shape: (8_640, 3)
┌─────────────────────┬───────────┬────────┐
│ TIMESTAMP           ┆ Air_T_Avg ┆ RH_Avg │
│ ---                 ┆ ---       ┆ ---    │
│ datetime[μs]        ┆ f64       ┆ f64    │
╞═════════════════════╪═══════════╪════════╡
│ 2025-08-26 00:00:10 ┆ 287.43    ┆ 72.0   │
│ 2025-08-26 00:00:20 ┆ 287.43    ┆ 72.2   │
│ 2025-08-26 00:00:30 ┆ 287.43    ┆ 72.42  │
│ 2025-08-26 00:00:40 ┆ 287.39    ┆ 72.52  │
│ 2025-08-26 00:00:50 ┆ 287.31    ┆ 72.32  │
│ …                   ┆ …         ┆ …      │
│ 2025-08-26 23:59:20 ┆ 287.79    ┆ 88.58  │
│ 2025-08-26 23:59:30 ┆ 287.81    ┆ 88.48  │
│ 2025-08-26 23:59:40 ┆ 287.81    ┆ 88.48  │
│ 2025-08-26 23:59:50 ┆ 287.81    ┆ 88.4   │
│ 2025-08-27 00:00:00 ┆ 287.81    ┆ 88.34  │
└─────────────────────┴───────────┴────────┘
[INFO] Correcting the 'time' variable in the NetCDF file.
<class 'netCDF4.Variable'>
float64 time(time)
    units: seconds since 1970-01-01 00:00:00
    standard_name: time
    long_name: Time (seconds since 1970-01-01 00:00:00)
    axis: T
    valid_min: 1756166410.0
    valid_max: 1756252800.0
    calendar: standard
unlimited dimensions: 
current shape = (8640,)
filling on, default _FillValue of 9.969209968386869e+36 used
Flagged 0 points where air_temperature < 245.0K as bad data (qc_flag = 2).
Found 0 points already flagged as bad data (flag=2)
QC flags successfully added to /gws/pw/j07/ncas_obs_vol2/cao/processing/ncas-temperature-rh-1/data/long-term/level1d/2025/stfc-temperature-rh-1_cao_20250826_surface-met_v1.1.nc.
Updated time units to 'seconds since 1970-01-01 00:00:00' in /gws/pw/j07/ncas_obs_vol2/cao/processing/ncas-temperature-rh-1/data/long-term/level1d/2025/stfc-temperature-rh-1_cao_20250826_surface-met_v1.1.nc
/gws/pw/j07/ncas_obs_vol2/cao/raw_data/met_cao/data/long-term/2025/202508/CR1000XSeries_Chilbolton_Rxcabinmet1_20250827.dat
Parsed column names: ['TIMESTAMP', 'RECORD', 'BattV_Avg', 'PTemp_C_Avg', 'Air_T_Avg', 'RH_Avg', 'BP_mbar_Avg', 'WS_Avg', 'WD_Avg', 'SlrW_Avg', 'rg001dc_ch_Tot', 'rg006dc_ch_Tot', 'rg008dc_ch_Tot', 'rg009dc_ch_Tot', 'rg004tb_ch_Tot']
shape: (8_640, 3)
┌─────────────────────┬───────────┬────────┐
│ TIMESTAMP           ┆ Air_T_Avg ┆ RH_Avg │
│ ---                 ┆ ---       ┆ ---    │
│ datetime[μs]        ┆ f64       ┆ f64    │
╞═════════════════════╪═══════════╪════════╡
│ 2025-08-27 00:00:10 ┆ 287.83    ┆ 88.34  │
│ 2025-08-27 00:00:20 ┆ 287.85    ┆ 88.32  │
│ 2025-08-27 00:00:30 ┆ 287.85    ┆ 88.32  │
│ 2025-08-27 00:00:40 ┆ 287.87    ┆ 88.38  │
│ 2025-08-27 00:00:50 ┆ 287.89    ┆ 88.4   │
│ …                   ┆ …         ┆ …      │
│ 2025-08-27 23:59:20 ┆ 285.71    ┆ 98.62  │
│ 2025-08-27 23:59:30 ┆ 285.69    ┆ 98.62  │
│ 2025-08-27 23:59:40 ┆ 285.71    ┆ 98.52  │
│ 2025-08-27 23:59:50 ┆ 285.69    ┆ 98.4   │
│ 2025-08-28 00:00:00 ┆ 285.69    ┆ 98.32  │
└─────────────────────┴───────────┴────────┘
[INFO] Correcting the 'time' variable in the NetCDF file.
<class 'netCDF4.Variable'>
float64 time(time)
    units: seconds since 1970-01-01 00:00:00
    standard_name: time
    long_name: Time (seconds since 1970-01-01 00:00:00)
    axis: T
    valid_min: 1756252810.0
    valid_max: 1756339200.0
    calendar: standard
unlimited dimensions: 
current shape = (8640,)
filling on, default _FillValue of 9.969209968386869e+36 used
Flagged 0 points where air_temperature < 245.0K as bad data (qc_flag = 2).
Found 0 points already flagged as bad data (flag=2)
QC flags successfully added to /gws/pw/j07/ncas_obs_vol2/cao/processing/ncas-temperature-rh-1/data/long-term/level1d/2025/stfc-temperature-rh-1_cao_20250827_surface-met_v1.1.nc.
Updated time units to 'seconds since 1970-01-01 00:00:00' in /gws/pw/j07/ncas_obs_vol2/cao/processing/ncas-temperature-rh-1/data/long-term/level1d/2025/stfc-temperature-rh-1_cao_20250827_surface-met_v1.1.nc
/gws/pw/j07/ncas_obs_vol2/cao/raw_data/met_cao/data/long-term/2025/202508/CR1000XSeries_Chilbolton_Rxcabinmet1_20250828.dat
Parsed column names: ['TIMESTAMP', 'RECORD', 'BattV_Avg', 'PTemp_C_Avg', 'Air_T_Avg', 'RH_Avg', 'BP_mbar_Avg', 'WS_Avg', 'WD_Avg', 'SlrW_Avg', 'rg001dc_ch_Tot', 'rg006dc_ch_Tot', 'rg008dc_ch_Tot', 'rg009dc_ch_Tot', 'rg004tb_ch_Tot']
shape: (8_640, 3)
┌─────────────────────┬───────────┬────────┐
│ TIMESTAMP           ┆ Air_T_Avg ┆ RH_Avg │
│ ---                 ┆ ---       ┆ ---    │
│ datetime[μs]        ┆ f64       ┆ f64    │
╞═════════════════════╪═══════════╪════════╡
│ 2025-08-28 00:00:10 ┆ 285.69    ┆ 98.26  │
│ 2025-08-28 00:00:20 ┆ 285.65    ┆ 98.28  │
│ 2025-08-28 00:00:30 ┆ 285.65    ┆ 98.24  │
│ 2025-08-28 00:00:40 ┆ 285.63    ┆ 98.18  │
│ 2025-08-28 00:00:50 ┆ 285.61    ┆ 98.16  │
│ …                   ┆ …         ┆ …      │
│ 2025-08-28 23:59:20 ┆ 288.13    ┆ 90.32  │
│ 2025-08-28 23:59:30 ┆ 288.13    ┆ 90.38  │
│ 2025-08-28 23:59:40 ┆ 288.13    ┆ 90.44  │
│ 2025-08-28 23:59:50 ┆ 288.13    ┆ 90.38  │
│ 2025-08-29 00:00:00 ┆ 288.13    ┆ 90.32  │
└─────────────────────┴───────────┴────────┘
[INFO] Correcting the 'time' variable in the NetCDF file.
<class 'netCDF4.Variable'>
float64 time(time)
    units: seconds since 1970-01-01 00:00:00
    standard_name: time
    long_name: Time (seconds since 1970-01-01 00:00:00)
    axis: T
    valid_min: 1756339210.0
    valid_max: 1756425600.0
    calendar: standard
unlimited dimensions: 
current shape = (8640,)
filling on, default _FillValue of 9.969209968386869e+36 used
Flagged 0 points where air_temperature < 245.0K as bad data (qc_flag = 2).
Found 0 points already flagged as bad data (flag=2)
QC flags successfully added to /gws/pw/j07/ncas_obs_vol2/cao/processing/ncas-temperature-rh-1/data/long-term/level1d/2025/stfc-temperature-rh-1_cao_20250828_surface-met_v1.1.nc.
Updated time units to 'seconds since 1970-01-01 00:00:00' in /gws/pw/j07/ncas_obs_vol2/cao/processing/ncas-temperature-rh-1/data/long-term/level1d/2025/stfc-temperature-rh-1_cao_20250828_surface-met_v1.1.nc
/gws/pw/j07/ncas_obs_vol2/cao/raw_data/met_cao/data/long-term/2025/202508/CR1000XSeries_Chilbolton_Rxcabinmet1_20250829.dat
Parsed column names: ['TIMESTAMP', 'RECORD', 'BattV_Avg', 'PTemp_C_Avg', 'Air_T_Avg', 'RH_Avg', 'BP_mbar_Avg', 'WS_Avg', 'WD_Avg', 'SlrW_Avg', 'rg001dc_ch_Tot', 'rg006dc_ch_Tot', 'rg008dc_ch_Tot', 'rg009dc_ch_Tot', 'rg004tb_ch_Tot']
shape: (8_640, 3)
┌─────────────────────┬───────────┬────────┐
│ TIMESTAMP           ┆ Air_T_Avg ┆ RH_Avg │
│ ---                 ┆ ---       ┆ ---    │
│ datetime[μs]        ┆ f64       ┆ f64    │
╞═════════════════════╪═══════════╪════════╡
│ 2025-08-29 00:00:10 ┆ 288.11    ┆ 90.32  │
│ 2025-08-29 00:00:20 ┆ 288.11    ┆ 90.42  │
│ 2025-08-29 00:00:30 ┆ 288.11    ┆ 90.48  │
│ 2025-08-29 00:00:40 ┆ 288.11    ┆ 90.58  │
│ 2025-08-29 00:00:50 ┆ 288.11    ┆ 90.66  │
│ …                   ┆ …         ┆ …      │
│ 2025-08-29 23:59:20 ┆ 286.13    ┆ 90.24  │
│ 2025-08-29 23:59:30 ┆ 286.11    ┆ 90.38  │
│ 2025-08-29 23:59:40 ┆ 286.09    ┆ 90.52  │
│ 2025-08-29 23:59:50 ┆ 286.09    ┆ 90.62  │
│ 2025-08-30 00:00:00 ┆ 286.09    ┆ 90.68  │
└─────────────────────┴───────────┴────────┘
[INFO] Correcting the 'time' variable in the NetCDF file.
<class 'netCDF4.Variable'>
float64 time(time)
    units: seconds since 1970-01-01 00:00:00
    standard_name: time
    long_name: Time (seconds since 1970-01-01 00:00:00)
    axis: T
    valid_min: 1756425610.0
    valid_max: 1756512000.0
    calendar: standard
unlimited dimensions: 
current shape = (8640,)
filling on, default _FillValue of 9.969209968386869e+36 used
Flagged 0 points where air_temperature < 245.0K as bad data (qc_flag = 2).
Found 0 points already flagged as bad data (flag=2)
QC flags successfully added to /gws/pw/j07/ncas_obs_vol2/cao/processing/ncas-temperature-rh-1/data/long-term/level1d/2025/stfc-temperature-rh-1_cao_20250829_surface-met_v1.1.nc.
Updated time units to 'seconds since 1970-01-01 00:00:00' in /gws/pw/j07/ncas_obs_vol2/cao/processing/ncas-temperature-rh-1/data/long-term/level1d/2025/stfc-temperature-rh-1_cao_20250829_surface-met_v1.1.nc
/gws/pw/j07/ncas_obs_vol2/cao/raw_data/met_cao/data/long-term/2025/202508/CR1000XSeries_Chilbolton_Rxcabinmet1_20250830.dat
Parsed column names: ['TIMESTAMP', 'RECORD', 'BattV_Avg', 'PTemp_C_Avg', 'Air_T_Avg', 'RH_Avg', 'BP_mbar_Avg', 'WS_Avg', 'WD_Avg', 'SlrW_Avg', 'rg001dc_ch_Tot', 'rg006dc_ch_Tot', 'rg008dc_ch_Tot', 'rg009dc_ch_Tot', 'rg004tb_ch_Tot']
shape: (8_640, 3)
┌─────────────────────┬───────────┬────────┐
│ TIMESTAMP           ┆ Air_T_Avg ┆ RH_Avg │
│ ---                 ┆ ---       ┆ ---    │
│ datetime[μs]        ┆ f64       ┆ f64    │
╞═════════════════════╪═══════════╪════════╡
│ 2025-08-30 00:00:10 ┆ 286.11    ┆ 90.7   │
│ 2025-08-30 00:00:20 ┆ 286.11    ┆ 90.68  │
│ 2025-08-30 00:00:30 ┆ 286.13    ┆ 90.68  │
│ 2025-08-30 00:00:40 ┆ 286.11    ┆ 90.66  │
│ 2025-08-30 00:00:50 ┆ 286.09    ┆ 90.66  │
│ …                   ┆ …         ┆ …      │
│ 2025-08-30 23:59:20 ┆ 287.39    ┆ 94.22  │
│ 2025-08-30 23:59:30 ┆ 287.41    ┆ 94.1   │
│ 2025-08-30 23:59:40 ┆ 287.41    ┆ 93.96  │
│ 2025-08-30 23:59:50 ┆ 287.41    ┆ 93.82  │
│ 2025-08-31 00:00:00 ┆ 287.43    ┆ 93.76  │
└─────────────────────┴───────────┴────────┘
[INFO] Correcting the 'time' variable in the NetCDF file.
<class 'netCDF4.Variable'>
float64 time(time)
    units: seconds since 1970-01-01 00:00:00
    standard_name: time
    long_name: Time (seconds since 1970-01-01 00:00:00)
    axis: T
    valid_min: 1756512010.0
    valid_max: 1756598400.0
    calendar: standard
unlimited dimensions: 
current shape = (8640,)
filling on, default _FillValue of 9.969209968386869e+36 used
Flagged 0 points where air_temperature < 245.0K as bad data (qc_flag = 2).
Found 0 points already flagged as bad data (flag=2)
QC flags successfully added to /gws/pw/j07/ncas_obs_vol2/cao/processing/ncas-temperature-rh-1/data/long-term/level1d/2025/stfc-temperature-rh-1_cao_20250830_surface-met_v1.1.nc.
Updated time units to 'seconds since 1970-01-01 00:00:00' in /gws/pw/j07/ncas_obs_vol2/cao/processing/ncas-temperature-rh-1/data/long-term/level1d/2025/stfc-temperature-rh-1_cao_20250830_surface-met_v1.1.nc
/gws/pw/j07/ncas_obs_vol2/cao/raw_data/met_cao/data/long-term/2025/202508/CR1000XSeries_Chilbolton_Rxcabinmet1_20250831.dat
Parsed column names: ['TIMESTAMP', 'RECORD', 'BattV_Avg', 'PTemp_C_Avg', 'Air_T_Avg', 'RH_Avg', 'BP_mbar_Avg', 'WS_Avg', 'WD_Avg', 'SlrW_Avg', 'rg001dc_ch_Tot', 'rg006dc_ch_Tot', 'rg008dc_ch_Tot', 'rg009dc_ch_Tot', 'rg004tb_ch_Tot']
shape: (8_640, 3)
┌─────────────────────┬───────────┬────────┐
│ TIMESTAMP           ┆ Air_T_Avg ┆ RH_Avg │
│ ---                 ┆ ---       ┆ ---    │
│ datetime[μs]        ┆ f64       ┆ f64    │
╞═════════════════════╪═══════════╪════════╡
│ 2025-08-31 00:00:10 ┆ 287.41    ┆ 93.88  │
│ 2025-08-31 00:00:20 ┆ 287.41    ┆ 93.94  │
│ 2025-08-31 00:00:30 ┆ 287.39    ┆ 94.08  │
│ 2025-08-31 00:00:40 ┆ 287.39    ┆ 94.36  │
│ 2025-08-31 00:00:50 ┆ 287.35    ┆ 94.5   │
│ …                   ┆ …         ┆ …      │
│ 2025-08-31 23:59:20 ┆ 287.55    ┆ 81.8   │
│ 2025-08-31 23:59:30 ┆ 287.55    ┆ 81.72  │
│ 2025-08-31 23:59:40 ┆ 287.57    ┆ 81.6   │
│ 2025-08-31 23:59:50 ┆ 287.57    ┆ 81.64  │
│ 2025-09-01 00:00:00 ┆ 287.55    ┆ 81.68  │
└─────────────────────┴───────────┴────────┘
[INFO] Correcting the 'time' variable in the NetCDF file.
<class 'netCDF4.Variable'>
float64 time(time)
    units: seconds since 1970-01-01 00:00:00
    standard_name: time
    long_name: Time (seconds since 1970-01-01 00:00:00)
    axis: T
    valid_min: 1756598410.0
    valid_max: 1756684800.0
    calendar: standard
unlimited dimensions: 
current shape = (8640,)
filling on, default _FillValue of 9.969209968386869e+36 used
Flagged 0 points where air_temperature < 245.0K as bad data (qc_flag = 2).
Found 0 points already flagged as bad data (flag=2)
QC flags successfully added to /gws/pw/j07/ncas_obs_vol2/cao/processing/ncas-temperature-rh-1/data/long-term/level1d/2025/stfc-temperature-rh-1_cao_20250831_surface-met_v1.1.nc.
Updated time units to 'seconds since 1970-01-01 00:00:00' in /gws/pw/j07/ncas_obs_vol2/cao/processing/ncas-temperature-rh-1/data/long-term/level1d/2025/stfc-temperature-rh-1_cao_20250831_surface-met_v1.1.nc
/gws/pw/j07/ncas_obs_vol2/cao/raw_data/met_cao/data/long-term/2025/202509/CR1000XSeries_Chilbolton_Rxcabinmet1_20250901.dat
Parsed column names: ['TIMESTAMP', 'RECORD', 'BattV_Avg', 'PTemp_C_Avg', 'Air_T_Avg', 'RH_Avg', 'BP_mbar_Avg', 'WS_Avg', 'WD_Avg', 'SlrW_Avg', 'rg001dc_ch_Tot', 'rg006dc_ch_Tot', 'rg008dc_ch_Tot', 'rg009dc_ch_Tot', 'rg004tb_ch_Tot']
shape: (8_640, 3)
┌─────────────────────┬───────────┬────────┐
│ TIMESTAMP           ┆ Air_T_Avg ┆ RH_Avg │
│ ---                 ┆ ---       ┆ ---    │
│ datetime[μs]        ┆ f64       ┆ f64    │
╞═════════════════════╪═══════════╪════════╡
│ 2025-09-01 00:00:10 ┆ 287.53    ┆ 81.78  │
│ 2025-09-01 00:00:20 ┆ 287.57    ┆ 81.6   │
│ 2025-09-01 00:00:30 ┆ 287.61    ┆ 81.46  │
│ 2025-09-01 00:00:40 ┆ 287.61    ┆ 81.44  │
│ 2025-09-01 00:00:50 ┆ 287.63    ┆ 81.52  │
│ …                   ┆ …         ┆ …      │
│ 2025-09-01 23:59:20 ┆ 286.15    ┆ 93.24  │
│ 2025-09-01 23:59:30 ┆ 286.13    ┆ 93.58  │
│ 2025-09-01 23:59:40 ┆ 286.13    ┆ 93.78  │
│ 2025-09-01 23:59:50 ┆ 286.13    ┆ 93.94  │
│ 2025-09-02 00:00:00 ┆ 286.11    ┆ 93.84  │
└─────────────────────┴───────────┴────────┘
[INFO] Correcting the 'time' variable in the NetCDF file.
<class 'netCDF4.Variable'>
float64 time(time)
    units: seconds since 1970-01-01 00:00:00
    standard_name: time
    long_name: Time (seconds since 1970-01-01 00:00:00)
    axis: T
    valid_min: 1756684810.0
    valid_max: 1756771200.0
    calendar: standard
unlimited dimensions: 
current shape = (8640,)
filling on, default _FillValue of 9.969209968386869e+36 used
Flagged 0 points where air_temperature < 245.0K as bad data (qc_flag = 2).
Found 0 points already flagged as bad data (flag=2)
QC flags successfully added to /gws/pw/j07/ncas_obs_vol2/cao/processing/ncas-temperature-rh-1/data/long-term/level1d/2025/stfc-temperature-rh-1_cao_20250901_surface-met_v1.1.nc.
Updated time units to 'seconds since 1970-01-01 00:00:00' in /gws/pw/j07/ncas_obs_vol2/cao/processing/ncas-temperature-rh-1/data/long-term/level1d/2025/stfc-temperature-rh-1_cao_20250901_surface-met_v1.1.nc
/gws/pw/j07/ncas_obs_vol2/cao/raw_data/met_cao/data/long-term/2025/202509/CR1000XSeries_Chilbolton_Rxcabinmet1_20250902.dat
Parsed column names: ['TIMESTAMP', 'RECORD', 'BattV_Avg', 'PTemp_C_Avg', 'Air_T_Avg', 'RH_Avg', 'BP_mbar_Avg', 'WS_Avg', 'WD_Avg', 'SlrW_Avg', 'rg001dc_ch_Tot', 'rg006dc_ch_Tot', 'rg008dc_ch_Tot', 'rg009dc_ch_Tot', 'rg004tb_ch_Tot']
shape: (8_640, 3)
┌─────────────────────┬───────────┬────────┐
│ TIMESTAMP           ┆ Air_T_Avg ┆ RH_Avg │
│ ---                 ┆ ---       ┆ ---    │
│ datetime[μs]        ┆ f64       ┆ f64    │
╞═════════════════════╪═══════════╪════════╡
│ 2025-09-02 00:00:10 ┆ 286.11    ┆ 93.68  │
│ 2025-09-02 00:00:20 ┆ 286.11    ┆ 93.52  │
│ 2025-09-02 00:00:30 ┆ 286.11    ┆ 93.08  │
│ 2025-09-02 00:00:40 ┆ 286.09    ┆ 92.94  │
│ 2025-09-02 00:00:50 ┆ 286.09    ┆ 93.04  │
│ …                   ┆ …         ┆ …      │
│ 2025-09-02 23:59:20 ┆ 288.55    ┆ 89.74  │
│ 2025-09-02 23:59:30 ┆ 288.55    ┆ 89.74  │
│ 2025-09-02 23:59:40 ┆ 288.53    ┆ 89.84  │
│ 2025-09-02 23:59:50 ┆ 288.55    ┆ 89.98  │
│ 2025-09-03 00:00:00 ┆ 288.53    ┆ 90.22  │
└─────────────────────┴───────────┴────────┘
[INFO] Correcting the 'time' variable in the NetCDF file.
<class 'netCDF4.Variable'>
float64 time(time)
    units: seconds since 1970-01-01 00:00:00
    standard_name: time
    long_name: Time (seconds since 1970-01-01 00:00:00)
    axis: T
    valid_min: 1756771210.0
    valid_max: 1756857600.0
    calendar: standard
unlimited dimensions: 
current shape = (8640,)
filling on, default _FillValue of 9.969209968386869e+36 used
Flagged 0 points where air_temperature < 245.0K as bad data (qc_flag = 2).
Found 0 points already flagged as bad data (flag=2)
QC flags successfully added to /gws/pw/j07/ncas_obs_vol2/cao/processing/ncas-temperature-rh-1/data/long-term/level1d/2025/stfc-temperature-rh-1_cao_20250902_surface-met_v1.1.nc.
Updated time units to 'seconds since 1970-01-01 00:00:00' in /gws/pw/j07/ncas_obs_vol2/cao/processing/ncas-temperature-rh-1/data/long-term/level1d/2025/stfc-temperature-rh-1_cao_20250902_surface-met_v1.1.nc
/gws/pw/j07/ncas_obs_vol2/cao/raw_data/met_cao/data/long-term/2025/202509/CR1000XSeries_Chilbolton_Rxcabinmet1_20250903.dat
Parsed column names: ['TIMESTAMP', 'RECORD', 'BattV_Avg', 'PTemp_C_Avg', 'Air_T_Avg', 'RH_Avg', 'BP_mbar_Avg', 'WS_Avg', 'WD_Avg', 'SlrW_Avg', 'rg001dc_ch_Tot', 'rg006dc_ch_Tot', 'rg008dc_ch_Tot', 'rg009dc_ch_Tot', 'rg004tb_ch_Tot']
shape: (8_640, 3)
┌─────────────────────┬───────────┬────────┐
│ TIMESTAMP           ┆ Air_T_Avg ┆ RH_Avg │
│ ---                 ┆ ---       ┆ ---    │
│ datetime[μs]        ┆ f64       ┆ f64    │
╞═════════════════════╪═══════════╪════════╡
│ 2025-09-03 00:00:10 ┆ 288.53    ┆ 90.38  │
│ 2025-09-03 00:00:20 ┆ 288.51    ┆ 90.54  │
│ 2025-09-03 00:00:30 ┆ 288.51    ┆ 90.64  │
│ 2025-09-03 00:00:40 ┆ 288.51    ┆ 90.7   │
│ 2025-09-03 00:00:50 ┆ 288.49    ┆ 90.76  │
│ …                   ┆ …         ┆ …      │
│ 2025-09-03 23:59:20 ┆ 286.85    ┆ 95.1   │
│ 2025-09-03 23:59:30 ┆ 286.85    ┆ 95.28  │
│ 2025-09-03 23:59:40 ┆ 286.85    ┆ 95.3   │
│ 2025-09-03 23:59:50 ┆ 286.85    ┆ 95.18  │
│ 2025-09-04 00:00:00 ┆ 286.83    ┆ 95.2   │
└─────────────────────┴───────────┴────────┘
[INFO] Correcting the 'time' variable in the NetCDF file.
<class 'netCDF4.Variable'>
float64 time(time)
    units: seconds since 1970-01-01 00:00:00
    standard_name: time
    long_name: Time (seconds since 1970-01-01 00:00:00)
    axis: T
    valid_min: 1756857610.0
    valid_max: 1756944000.0
    calendar: standard
unlimited dimensions: 
current shape = (8640,)
filling on, default _FillValue of 9.969209968386869e+36 used
Flagged 0 points where air_temperature < 245.0K as bad data (qc_flag = 2).
Found 0 points already flagged as bad data (flag=2)
QC flags successfully added to /gws/pw/j07/ncas_obs_vol2/cao/processing/ncas-temperature-rh-1/data/long-term/level1d/2025/stfc-temperature-rh-1_cao_20250903_surface-met_v1.1.nc.
Updated time units to 'seconds since 1970-01-01 00:00:00' in /gws/pw/j07/ncas_obs_vol2/cao/processing/ncas-temperature-rh-1/data/long-term/level1d/2025/stfc-temperature-rh-1_cao_20250903_surface-met_v1.1.nc
/gws/pw/j07/ncas_obs_vol2/cao/raw_data/met_cao/data/long-term/2025/202509/CR1000XSeries_Chilbolton_Rxcabinmet1_20250904.dat
Parsed column names: ['TIMESTAMP', 'RECORD', 'BattV_Avg', 'PTemp_C_Avg', 'Air_T_Avg', 'RH_Avg', 'BP_mbar_Avg', 'WS_Avg', 'WD_Avg', 'SlrW_Avg', 'rg001dc_ch_Tot', 'rg006dc_ch_Tot', 'rg008dc_ch_Tot', 'rg009dc_ch_Tot', 'rg004tb_ch_Tot']
shape: (8_640, 3)
┌─────────────────────┬───────────┬────────┐
│ TIMESTAMP           ┆ Air_T_Avg ┆ RH_Avg │
│ ---                 ┆ ---       ┆ ---    │
│ datetime[μs]        ┆ f64       ┆ f64    │
╞═════════════════════╪═══════════╪════════╡
│ 2025-09-04 00:00:10 ┆ 286.81    ┆ 95.18  │
│ 2025-09-04 00:00:20 ┆ 286.81    ┆ 95.02  │
│ 2025-09-04 00:00:30 ┆ 286.83    ┆ 94.86  │
│ 2025-09-04 00:00:40 ┆ 286.83    ┆ 94.82  │
│ 2025-09-04 00:00:50 ┆ 286.83    ┆ 94.92  │
│ …                   ┆ …         ┆ …      │
│ 2025-09-04 23:59:20 ┆ 284.93    ┆ 91.34  │
│ 2025-09-04 23:59:30 ┆ 284.95    ┆ 91.32  │
│ 2025-09-04 23:59:40 ┆ 284.93    ┆ 91.42  │
│ 2025-09-04 23:59:50 ┆ 284.93    ┆ 91.62  │
│ 2025-09-05 00:00:00 ┆ 284.89    ┆ 91.84  │
└─────────────────────┴───────────┴────────┘
[INFO] Correcting the 'time' variable in the NetCDF file.
<class 'netCDF4.Variable'>
float64 time(time)
    units: seconds since 1970-01-01 00:00:00
    standard_name: time
    long_name: Time (seconds since 1970-01-01 00:00:00)
    axis: T
    valid_min: 1756944010.0
    valid_max: 1757030400.0
    calendar: standard
unlimited dimensions: 
current shape = (8640,)
filling on, default _FillValue of 9.969209968386869e+36 used
Flagged 0 points where air_temperature < 245.0K as bad data (qc_flag = 2).
Found 0 points already flagged as bad data (flag=2)
QC flags successfully added to /gws/pw/j07/ncas_obs_vol2/cao/processing/ncas-temperature-rh-1/data/long-term/level1d/2025/stfc-temperature-rh-1_cao_20250904_surface-met_v1.1.nc.
Updated time units to 'seconds since 1970-01-01 00:00:00' in /gws/pw/j07/ncas_obs_vol2/cao/processing/ncas-temperature-rh-1/data/long-term/level1d/2025/stfc-temperature-rh-1_cao_20250904_surface-met_v1.1.nc
/gws/pw/j07/ncas_obs_vol2/cao/raw_data/met_cao/data/long-term/2025/202509/CR1000XSeries_Chilbolton_Rxcabinmet1_20250905.dat
Parsed column names: ['TIMESTAMP', 'RECORD', 'BattV_Avg', 'PTemp_C_Avg', 'Air_T_Avg', 'RH_Avg', 'BP_mbar_Avg', 'WS_Avg', 'WD_Avg', 'SlrW_Avg', 'rg001dc_ch_Tot', 'rg006dc_ch_Tot', 'rg008dc_ch_Tot', 'rg009dc_ch_Tot', 'rg004tb_ch_Tot']
shape: (8_640, 3)
┌─────────────────────┬───────────┬────────┐
│ TIMESTAMP           ┆ Air_T_Avg ┆ RH_Avg │
│ ---                 ┆ ---       ┆ ---    │
│ datetime[μs]        ┆ f64       ┆ f64    │
╞═════════════════════╪═══════════╪════════╡
│ 2025-09-05 00:00:10 ┆ 284.89    ┆ 91.94  │
│ 2025-09-05 00:00:20 ┆ 284.89    ┆ 91.96  │
│ 2025-09-05 00:00:30 ┆ 284.87    ┆ 91.84  │
│ 2025-09-05 00:00:40 ┆ 284.87    ┆ 91.78  │
│ 2025-09-05 00:00:50 ┆ 284.87    ┆ 91.56  │
│ …                   ┆ …         ┆ …      │
│ 2025-09-05 23:59:20 ┆ 286.23    ┆ 94.34  │
│ 2025-09-05 23:59:30 ┆ 286.23    ┆ 94.22  │
│ 2025-09-05 23:59:40 ┆ 286.23    ┆ 94.18  │
│ 2025-09-05 23:59:50 ┆ 286.23    ┆ 94.22  │
│ 2025-09-06 00:00:00 ┆ 286.21    ┆ 94.32  │
└─────────────────────┴───────────┴────────┘
[INFO] Correcting the 'time' variable in the NetCDF file.
<class 'netCDF4.Variable'>
float64 time(time)
    units: seconds since 1970-01-01 00:00:00
    standard_name: time
    long_name: Time (seconds since 1970-01-01 00:00:00)
    axis: T
    valid_min: 1757030410.0
    valid_max: 1757116800.0
    calendar: standard
unlimited dimensions: 
current shape = (8640,)
filling on, default _FillValue of 9.969209968386869e+36 used
Flagged 0 points where air_temperature < 245.0K as bad data (qc_flag = 2).
Found 0 points already flagged as bad data (flag=2)
QC flags successfully added to /gws/pw/j07/ncas_obs_vol2/cao/processing/ncas-temperature-rh-1/data/long-term/level1d/2025/stfc-temperature-rh-1_cao_20250905_surface-met_v1.1.nc.
Updated time units to 'seconds since 1970-01-01 00:00:00' in /gws/pw/j07/ncas_obs_vol2/cao/processing/ncas-temperature-rh-1/data/long-term/level1d/2025/stfc-temperature-rh-1_cao_20250905_surface-met_v1.1.nc
/gws/pw/j07/ncas_obs_vol2/cao/raw_data/met_cao/data/long-term/2025/202509/CR1000XSeries_Chilbolton_Rxcabinmet1_20250906.dat
Parsed column names: ['TIMESTAMP', 'RECORD', 'BattV_Avg', 'PTemp_C_Avg', 'Air_T_Avg', 'RH_Avg', 'BP_mbar_Avg', 'WS_Avg', 'WD_Avg', 'SlrW_Avg', 'rg001dc_ch_Tot', 'rg006dc_ch_Tot', 'rg008dc_ch_Tot', 'rg009dc_ch_Tot', 'rg004tb_ch_Tot']
shape: (8_640, 3)
┌─────────────────────┬───────────┬────────┐
│ TIMESTAMP           ┆ Air_T_Avg ┆ RH_Avg │
│ ---                 ┆ ---       ┆ ---    │
│ datetime[μs]        ┆ f64       ┆ f64    │
╞═════════════════════╪═══════════╪════════╡
│ 2025-09-06 00:00:10 ┆ 286.21    ┆ 94.32  │
│ 2025-09-06 00:00:20 ┆ 286.23    ┆ 94.38  │
│ 2025-09-06 00:00:30 ┆ 286.23    ┆ 94.46  │
│ 2025-09-06 00:00:40 ┆ 286.25    ┆ 94.5   │
│ 2025-09-06 00:00:50 ┆ 286.25    ┆ 94.6   │
│ …                   ┆ …         ┆ …      │
│ 2025-09-06 23:59:20 ┆ 291.97    ┆ 63.56  │
│ 2025-09-06 23:59:30 ┆ 291.95    ┆ 63.7   │
│ 2025-09-06 23:59:40 ┆ 291.93    ┆ 63.88  │
│ 2025-09-06 23:59:50 ┆ 291.93    ┆ 64.0   │
│ 2025-09-07 00:00:00 ┆ 291.91    ┆ 64.16  │
└─────────────────────┴───────────┴────────┘
[INFO] Correcting the 'time' variable in the NetCDF file.
<class 'netCDF4.Variable'>
float64 time(time)
    units: seconds since 1970-01-01 00:00:00
    standard_name: time
    long_name: Time (seconds since 1970-01-01 00:00:00)
    axis: T
    valid_min: 1757116810.0
    valid_max: 1757203200.0
    calendar: standard
unlimited dimensions: 
current shape = (8640,)
filling on, default _FillValue of 9.969209968386869e+36 used
Flagged 0 points where air_temperature < 245.0K as bad data (qc_flag = 2).
Found 0 points already flagged as bad data (flag=2)
QC flags successfully added to /gws/pw/j07/ncas_obs_vol2/cao/processing/ncas-temperature-rh-1/data/long-term/level1d/2025/stfc-temperature-rh-1_cao_20250906_surface-met_v1.1.nc.
Updated time units to 'seconds since 1970-01-01 00:00:00' in /gws/pw/j07/ncas_obs_vol2/cao/processing/ncas-temperature-rh-1/data/long-term/level1d/2025/stfc-temperature-rh-1_cao_20250906_surface-met_v1.1.nc
/gws/pw/j07/ncas_obs_vol2/cao/raw_data/met_cao/data/long-term/2025/202509/CR1000XSeries_Chilbolton_Rxcabinmet1_20250907.dat
Parsed column names: ['TIMESTAMP', 'RECORD', 'BattV_Avg', 'PTemp_C_Avg', 'Air_T_Avg', 'RH_Avg', 'BP_mbar_Avg', 'WS_Avg', 'WD_Avg', 'SlrW_Avg', 'rg001dc_ch_Tot', 'rg006dc_ch_Tot', 'rg008dc_ch_Tot', 'rg009dc_ch_Tot', 'rg004tb_ch_Tot']
shape: (8_640, 3)
┌─────────────────────┬───────────┬────────┐
│ TIMESTAMP           ┆ Air_T_Avg ┆ RH_Avg │
│ ---                 ┆ ---       ┆ ---    │
│ datetime[μs]        ┆ f64       ┆ f64    │
╞═════════════════════╪═══════════╪════════╡
│ 2025-09-07 00:00:10 ┆ 291.89    ┆ 64.34  │
│ 2025-09-07 00:00:20 ┆ 291.89    ┆ 64.4   │
│ 2025-09-07 00:00:30 ┆ 291.87    ┆ 64.32  │
│ 2025-09-07 00:00:40 ┆ 291.89    ┆ 64.18  │
│ 2025-09-07 00:00:50 ┆ 291.89    ┆ 64.1   │
│ …                   ┆ …         ┆ …      │
│ 2025-09-07 23:59:20 ┆ 286.19    ┆ 95.76  │
│ 2025-09-07 23:59:30 ┆ 286.21    ┆ 95.94  │
│ 2025-09-07 23:59:40 ┆ 286.21    ┆ 96.08  │
│ 2025-09-07 23:59:50 ┆ 286.21    ┆ 95.98  │
│ 2025-09-08 00:00:00 ┆ 286.21    ┆ 95.84  │
└─────────────────────┴───────────┴────────┘
[INFO] Correcting the 'time' variable in the NetCDF file.
<class 'netCDF4.Variable'>
float64 time(time)
    units: seconds since 1970-01-01 00:00:00
    standard_name: time
    long_name: Time (seconds since 1970-01-01 00:00:00)
    axis: T
    valid_min: 1757203210.0
    valid_max: 1757289600.0
    calendar: standard
unlimited dimensions: 
current shape = (8640,)
filling on, default _FillValue of 9.969209968386869e+36 used
Flagged 0 points where air_temperature < 245.0K as bad data (qc_flag = 2).
Found 0 points already flagged as bad data (flag=2)
QC flags successfully added to /gws/pw/j07/ncas_obs_vol2/cao/processing/ncas-temperature-rh-1/data/long-term/level1d/2025/stfc-temperature-rh-1_cao_20250907_surface-met_v1.1.nc.
Updated time units to 'seconds since 1970-01-01 00:00:00' in /gws/pw/j07/ncas_obs_vol2/cao/processing/ncas-temperature-rh-1/data/long-term/level1d/2025/stfc-temperature-rh-1_cao_20250907_surface-met_v1.1.nc
/gws/pw/j07/ncas_obs_vol2/cao/raw_data/met_cao/data/long-term/2025/202509/CR1000XSeries_Chilbolton_Rxcabinmet1_20250908.dat
Parsed column names: ['TIMESTAMP', 'RECORD', 'BattV_Avg', 'PTemp_C_Avg', 'Air_T_Avg', 'RH_Avg', 'BP_mbar_Avg', 'WS_Avg', 'WD_Avg', 'SlrW_Avg', 'rg001dc_ch_Tot', 'rg006dc_ch_Tot', 'rg008dc_ch_Tot', 'rg009dc_ch_Tot', 'rg004tb_ch_Tot']
shape: (8_640, 3)
┌─────────────────────┬───────────┬────────┐
│ TIMESTAMP           ┆ Air_T_Avg ┆ RH_Avg │
│ ---                 ┆ ---       ┆ ---    │
│ datetime[μs]        ┆ f64       ┆ f64    │
╞═════════════════════╪═══════════╪════════╡
│ 2025-09-08 00:00:10 ┆ 286.23    ┆ 95.62  │
│ 2025-09-08 00:00:20 ┆ 286.25    ┆ 95.48  │
│ 2025-09-08 00:00:30 ┆ 286.25    ┆ 95.48  │
│ 2025-09-08 00:00:40 ┆ 286.25    ┆ 95.54  │
│ 2025-09-08 00:00:50 ┆ 286.25    ┆ 95.72  │
│ …                   ┆ …         ┆ …      │
│ 2025-09-08 23:59:20 ┆ 284.89    ┆ 89.88  │
│ 2025-09-08 23:59:30 ┆ 284.91    ┆ 89.92  │
│ 2025-09-08 23:59:40 ┆ 284.89    ┆ 90.0   │
│ 2025-09-08 23:59:50 ┆ 284.89    ┆ 89.94  │
│ 2025-09-09 00:00:00 ┆ 284.89    ┆ 89.9   │
└─────────────────────┴───────────┴────────┘
[INFO] Correcting the 'time' variable in the NetCDF file.
<class 'netCDF4.Variable'>
float64 time(time)
    units: seconds since 1970-01-01 00:00:00
    standard_name: time
    long_name: Time (seconds since 1970-01-01 00:00:00)
    axis: T
    valid_min: 1757289610.0
    valid_max: 1757376000.0
    calendar: standard
unlimited dimensions: 
current shape = (8640,)
filling on, default _FillValue of 9.969209968386869e+36 used
Flagged 0 points where air_temperature < 245.0K as bad data (qc_flag = 2).
Found 0 points already flagged as bad data (flag=2)
QC flags successfully added to /gws/pw/j07/ncas_obs_vol2/cao/processing/ncas-temperature-rh-1/data/long-term/level1d/2025/stfc-temperature-rh-1_cao_20250908_surface-met_v1.1.nc.
Updated time units to 'seconds since 1970-01-01 00:00:00' in /gws/pw/j07/ncas_obs_vol2/cao/processing/ncas-temperature-rh-1/data/long-term/level1d/2025/stfc-temperature-rh-1_cao_20250908_surface-met_v1.1.nc
/gws/pw/j07/ncas_obs_vol2/cao/raw_data/met_cao/data/long-term/2025/202509/CR1000XSeries_Chilbolton_Rxcabinmet1_20250909.dat
Parsed column names: ['TIMESTAMP', 'RECORD', 'BattV_Avg', 'PTemp_C_Avg', 'Air_T_Avg', 'RH_Avg', 'BP_mbar_Avg', 'WS_Avg', 'WD_Avg', 'SlrW_Avg', 'rg001dc_ch_Tot', 'rg006dc_ch_Tot', 'rg008dc_ch_Tot', 'rg009dc_ch_Tot', 'rg004tb_ch_Tot']
shape: (8_640, 3)
┌─────────────────────┬───────────┬────────┐
│ TIMESTAMP           ┆ Air_T_Avg ┆ RH_Avg │
│ ---                 ┆ ---       ┆ ---    │
│ datetime[μs]        ┆ f64       ┆ f64    │
╞═════════════════════╪═══════════╪════════╡
│ 2025-09-09 00:00:10 ┆ 284.87    ┆ 89.94  │
│ 2025-09-09 00:00:20 ┆ 284.87    ┆ 90.02  │
│ 2025-09-09 00:00:30 ┆ 284.85    ┆ 90.22  │
│ 2025-09-09 00:00:40 ┆ 284.83    ┆ 90.34  │
│ 2025-09-09 00:00:50 ┆ 284.79    ┆ 90.46  │
│ …                   ┆ …         ┆ …      │
│ 2025-09-09 23:59:20 ┆ 286.85    ┆ 95.4   │
│ 2025-09-09 23:59:30 ┆ 286.85    ┆ 95.64  │
│ 2025-09-09 23:59:40 ┆ 286.85    ┆ 95.72  │
│ 2025-09-09 23:59:50 ┆ 286.85    ┆ 95.64  │
│ 2025-09-10 00:00:00 ┆ 286.85    ┆ 95.52  │
└─────────────────────┴───────────┴────────┘
[INFO] Correcting the 'time' variable in the NetCDF file.
<class 'netCDF4.Variable'>
float64 time(time)
    units: seconds since 1970-01-01 00:00:00
    standard_name: time
    long_name: Time (seconds since 1970-01-01 00:00:00)
    axis: T
    valid_min: 1757376010.0
    valid_max: 1757462400.0
    calendar: standard
unlimited dimensions: 
current shape = (8640,)
filling on, default _FillValue of 9.969209968386869e+36 used
Flagged 0 points where air_temperature < 245.0K as bad data (qc_flag = 2).
Found 0 points already flagged as bad data (flag=2)
QC flags successfully added to /gws/pw/j07/ncas_obs_vol2/cao/processing/ncas-temperature-rh-1/data/long-term/level1d/2025/stfc-temperature-rh-1_cao_20250909_surface-met_v1.1.nc.
Updated time units to 'seconds since 1970-01-01 00:00:00' in /gws/pw/j07/ncas_obs_vol2/cao/processing/ncas-temperature-rh-1/data/long-term/level1d/2025/stfc-temperature-rh-1_cao_20250909_surface-met_v1.1.nc
/gws/pw/j07/ncas_obs_vol2/cao/raw_data/met_cao/data/long-term/2025/202509/CR1000XSeries_Chilbolton_Rxcabinmet1_20250910.dat
Parsed column names: ['TIMESTAMP', 'RECORD', 'BattV_Avg', 'PTemp_C_Avg', 'Air_T_Avg', 'RH_Avg', 'BP_mbar_Avg', 'WS_Avg', 'WD_Avg', 'SlrW_Avg', 'rg001dc_ch_Tot', 'rg006dc_ch_Tot', 'rg008dc_ch_Tot', 'rg009dc_ch_Tot', 'rg004tb_ch_Tot']
shape: (8_640, 3)
┌─────────────────────┬───────────┬────────┐
│ TIMESTAMP           ┆ Air_T_Avg ┆ RH_Avg │
│ ---                 ┆ ---       ┆ ---    │
│ datetime[μs]        ┆ f64       ┆ f64    │
╞═════════════════════╪═══════════╪════════╡
│ 2025-09-10 00:00:10 ┆ 286.85    ┆ 95.44  │
│ 2025-09-10 00:00:20 ┆ 286.83    ┆ 95.36  │
│ 2025-09-10 00:00:30 ┆ 286.81    ┆ 95.44  │
│ 2025-09-10 00:00:40 ┆ 286.81    ┆ 95.6   │
│ 2025-09-10 00:00:50 ┆ 286.79    ┆ 95.78  │
│ …                   ┆ …         ┆ …      │
│ 2025-09-10 23:59:20 ┆ 284.85    ┆ 93.58  │
│ 2025-09-10 23:59:30 ┆ 284.83    ┆ 93.62  │
│ 2025-09-10 23:59:40 ┆ 284.83    ┆ 93.64  │
│ 2025-09-10 23:59:50 ┆ 284.83    ┆ 93.72  │
│ 2025-09-11 00:00:00 ┆ 284.83    ┆ 93.84  │
└─────────────────────┴───────────┴────────┘
[INFO] Correcting the 'time' variable in the NetCDF file.
<class 'netCDF4.Variable'>
float64 time(time)
    units: seconds since 1970-01-01 00:00:00
    standard_name: time
    long_name: Time (seconds since 1970-01-01 00:00:00)
    axis: T
    valid_min: 1757462410.0
    valid_max: 1757548800.0
    calendar: standard
unlimited dimensions: 
current shape = (8640,)
filling on, default _FillValue of 9.969209968386869e+36 used
Flagged 0 points where air_temperature < 245.0K as bad data (qc_flag = 2).
Found 0 points already flagged as bad data (flag=2)
QC flags successfully added to /gws/pw/j07/ncas_obs_vol2/cao/processing/ncas-temperature-rh-1/data/long-term/level1d/2025/stfc-temperature-rh-1_cao_20250910_surface-met_v1.1.nc.
Updated time units to 'seconds since 1970-01-01 00:00:00' in /gws/pw/j07/ncas_obs_vol2/cao/processing/ncas-temperature-rh-1/data/long-term/level1d/2025/stfc-temperature-rh-1_cao_20250910_surface-met_v1.1.nc
/gws/pw/j07/ncas_obs_vol2/cao/raw_data/met_cao/data/long-term/2025/202509/CR1000XSeries_Chilbolton_Rxcabinmet1_20250911.dat
Parsed column names: ['TIMESTAMP', 'RECORD', 'BattV_Avg', 'PTemp_C_Avg', 'Air_T_Avg', 'RH_Avg', 'BP_mbar_Avg', 'WS_Avg', 'WD_Avg', 'SlrW_Avg', 'rg001dc_ch_Tot', 'rg006dc_ch_Tot', 'rg008dc_ch_Tot', 'rg009dc_ch_Tot', 'rg004tb_ch_Tot']
shape: (8_640, 3)
┌─────────────────────┬───────────┬────────┐
│ TIMESTAMP           ┆ Air_T_Avg ┆ RH_Avg │
│ ---                 ┆ ---       ┆ ---    │
│ datetime[μs]        ┆ f64       ┆ f64    │
╞═════════════════════╪═══════════╪════════╡
│ 2025-09-11 00:00:10 ┆ 284.83    ┆ 93.96  │
│ 2025-09-11 00:00:20 ┆ 284.83    ┆ 94.04  │
│ 2025-09-11 00:00:30 ┆ 284.83    ┆ 94.0   │
│ 2025-09-11 00:00:40 ┆ 284.83    ┆ 93.94  │
│ 2025-09-11 00:00:50 ┆ 284.83    ┆ 93.94  │
│ …                   ┆ …         ┆ …      │
│ 2025-09-11 23:59:20 ┆ 284.57    ┆ 81.22  │
│ 2025-09-11 23:59:30 ┆ 284.59    ┆ 81.06  │
│ 2025-09-11 23:59:40 ┆ 284.61    ┆ 81.0   │
│ 2025-09-11 23:59:50 ┆ 284.61    ┆ 81.04  │
│ 2025-09-12 00:00:00 ┆ 284.59    ┆ 81.24  │
└─────────────────────┴───────────┴────────┘
[INFO] Correcting the 'time' variable in the NetCDF file.
<class 'netCDF4.Variable'>
float64 time(time)
    units: seconds since 1970-01-01 00:00:00
    standard_name: time
    long_name: Time (seconds since 1970-01-01 00:00:00)
    axis: T
    valid_min: 1757548810.0
    valid_max: 1757635200.0
    calendar: standard
unlimited dimensions: 
current shape = (8640,)
filling on, default _FillValue of 9.969209968386869e+36 used
Flagged 0 points where air_temperature < 245.0K as bad data (qc_flag = 2).
Found 0 points already flagged as bad data (flag=2)
QC flags successfully added to /gws/pw/j07/ncas_obs_vol2/cao/processing/ncas-temperature-rh-1/data/long-term/level1d/2025/stfc-temperature-rh-1_cao_20250911_surface-met_v1.1.nc.
Updated time units to 'seconds since 1970-01-01 00:00:00' in /gws/pw/j07/ncas_obs_vol2/cao/processing/ncas-temperature-rh-1/data/long-term/level1d/2025/stfc-temperature-rh-1_cao_20250911_surface-met_v1.1.nc
/gws/pw/j07/ncas_obs_vol2/cao/raw_data/met_cao/data/long-term/2025/202509/CR1000XSeries_Chilbolton_Rxcabinmet1_20250912.dat
Parsed column names: ['TIMESTAMP', 'RECORD', 'BattV_Avg', 'PTemp_C_Avg', 'Air_T_Avg', 'RH_Avg', 'BP_mbar_Avg', 'WS_Avg', 'WD_Avg', 'SlrW_Avg', 'rg001dc_ch_Tot', 'rg006dc_ch_Tot', 'rg008dc_ch_Tot', 'rg009dc_ch_Tot', 'rg004tb_ch_Tot']
shape: (8_640, 3)
┌─────────────────────┬───────────┬────────┐
│ TIMESTAMP           ┆ Air_T_Avg ┆ RH_Avg │
│ ---                 ┆ ---       ┆ ---    │
│ datetime[μs]        ┆ f64       ┆ f64    │
╞═════════════════════╪═══════════╪════════╡
│ 2025-09-12 00:00:10 ┆ 284.57    ┆ 81.34  │
│ 2025-09-12 00:00:20 ┆ 284.55    ┆ 81.52  │
│ 2025-09-12 00:00:30 ┆ 284.53    ┆ 81.66  │
│ 2025-09-12 00:00:40 ┆ 284.53    ┆ 81.58  │
│ 2025-09-12 00:00:50 ┆ 284.57    ┆ 81.26  │
│ …                   ┆ …         ┆ …      │
│ 2025-09-12 23:59:20 ┆ 284.63    ┆ 88.96  │
│ 2025-09-12 23:59:30 ┆ 284.61    ┆ 89.06  │
│ 2025-09-12 23:59:40 ┆ 284.61    ┆ 89.22  │
│ 2025-09-12 23:59:50 ┆ 284.61    ┆ 89.28  │
│ 2025-09-13 00:00:00 ┆ 284.61    ┆ 89.36  │
└─────────────────────┴───────────┴────────┘
[INFO] Correcting the 'time' variable in the NetCDF file.
<class 'netCDF4.Variable'>
float64 time(time)
    units: seconds since 1970-01-01 00:00:00
    standard_name: time
    long_name: Time (seconds since 1970-01-01 00:00:00)
    axis: T
    valid_min: 1757635210.0
    valid_max: 1757721600.0
    calendar: standard
unlimited dimensions: 
current shape = (8640,)
filling on, default _FillValue of 9.969209968386869e+36 used
Flagged 0 points where air_temperature < 245.0K as bad data (qc_flag = 2).
Found 0 points already flagged as bad data (flag=2)
QC flags successfully added to /gws/pw/j07/ncas_obs_vol2/cao/processing/ncas-temperature-rh-1/data/long-term/level1d/2025/stfc-temperature-rh-1_cao_20250912_surface-met_v1.1.nc.
Updated time units to 'seconds since 1970-01-01 00:00:00' in /gws/pw/j07/ncas_obs_vol2/cao/processing/ncas-temperature-rh-1/data/long-term/level1d/2025/stfc-temperature-rh-1_cao_20250912_surface-met_v1.1.nc
/gws/pw/j07/ncas_obs_vol2/cao/raw_data/met_cao/data/long-term/2025/202509/CR1000XSeries_Chilbolton_Rxcabinmet1_20250913.dat
Parsed column names: ['TIMESTAMP', 'RECORD', 'BattV_Avg', 'PTemp_C_Avg', 'Air_T_Avg', 'RH_Avg', 'BP_mbar_Avg', 'WS_Avg', 'WD_Avg', 'SlrW_Avg', 'rg001dc_ch_Tot', 'rg006dc_ch_Tot', 'rg008dc_ch_Tot', 'rg009dc_ch_Tot', 'rg004tb_ch_Tot']
shape: (8_640, 3)
┌─────────────────────┬───────────┬────────┐
│ TIMESTAMP           ┆ Air_T_Avg ┆ RH_Avg │
│ ---                 ┆ ---       ┆ ---    │
│ datetime[μs]        ┆ f64       ┆ f64    │
╞═════════════════════╪═══════════╪════════╡
│ 2025-09-13 00:00:10 ┆ 284.61    ┆ 89.42  │
│ 2025-09-13 00:00:20 ┆ 284.61    ┆ 89.54  │
│ 2025-09-13 00:00:30 ┆ 284.61    ┆ 89.46  │
│ 2025-09-13 00:00:40 ┆ 284.61    ┆ 89.38  │
│ 2025-09-13 00:00:50 ┆ 284.61    ┆ 89.3   │
│ …                   ┆ …         ┆ …      │
│ 2025-09-13 23:59:20 ┆ 282.27    ┆ 93.08  │
│ 2025-09-13 23:59:30 ┆ 282.25    ┆ 93.1   │
│ 2025-09-13 23:59:40 ┆ 282.23    ┆ 93.06  │
│ 2025-09-13 23:59:50 ┆ 282.23    ┆ 93.0   │
│ 2025-09-14 00:00:00 ┆ 282.21    ┆ 92.84  │
└─────────────────────┴───────────┴────────┘
[INFO] Correcting the 'time' variable in the NetCDF file.
<class 'netCDF4.Variable'>
float64 time(time)
    units: seconds since 1970-01-01 00:00:00
    standard_name: time
    long_name: Time (seconds since 1970-01-01 00:00:00)
    axis: T
    valid_min: 1757721610.0
    valid_max: 1757808000.0
    calendar: standard
unlimited dimensions: 
current shape = (8640,)
filling on, default _FillValue of 9.969209968386869e+36 used
Flagged 0 points where air_temperature < 245.0K as bad data (qc_flag = 2).
Found 0 points already flagged as bad data (flag=2)
QC flags successfully added to /gws/pw/j07/ncas_obs_vol2/cao/processing/ncas-temperature-rh-1/data/long-term/level1d/2025/stfc-temperature-rh-1_cao_20250913_surface-met_v1.1.nc.
Updated time units to 'seconds since 1970-01-01 00:00:00' in /gws/pw/j07/ncas_obs_vol2/cao/processing/ncas-temperature-rh-1/data/long-term/level1d/2025/stfc-temperature-rh-1_cao_20250913_surface-met_v1.1.nc
/gws/pw/j07/ncas_obs_vol2/cao/raw_data/met_cao/data/long-term/2025/202509/CR1000XSeries_Chilbolton_Rxcabinmet1_20250914.dat
Parsed column names: ['TIMESTAMP', 'RECORD', 'BattV_Avg', 'PTemp_C_Avg', 'Air_T_Avg', 'RH_Avg', 'BP_mbar_Avg', 'WS_Avg', 'WD_Avg', 'SlrW_Avg', 'rg001dc_ch_Tot', 'rg006dc_ch_Tot', 'rg008dc_ch_Tot', 'rg009dc_ch_Tot', 'rg004tb_ch_Tot']
shape: (8_640, 3)
┌─────────────────────┬───────────┬────────┐
│ TIMESTAMP           ┆ Air_T_Avg ┆ RH_Avg │
│ ---                 ┆ ---       ┆ ---    │
│ datetime[μs]        ┆ f64       ┆ f64    │
╞═════════════════════╪═══════════╪════════╡
│ 2025-09-14 00:00:10 ┆ 282.21    ┆ 92.52  │
│ 2025-09-14 00:00:20 ┆ 282.23    ┆ 92.34  │
│ 2025-09-14 00:00:30 ┆ 282.21    ┆ 92.38  │
│ 2025-09-14 00:00:40 ┆ 282.21    ┆ 92.46  │
│ 2025-09-14 00:00:50 ┆ 282.23    ┆ 92.46  │
│ …                   ┆ …         ┆ …      │
│ 2025-09-14 23:59:20 ┆ 287.67    ┆ 82.2   │
│ 2025-09-14 23:59:30 ┆ 287.67    ┆ 82.0   │
│ 2025-09-14 23:59:40 ┆ 287.69    ┆ 82.02  │
│ 2025-09-14 23:59:50 ┆ 287.69    ┆ 82.26  │
│ 2025-09-15 00:00:00 ┆ 287.69    ┆ 82.64  │
└─────────────────────┴───────────┴────────┘
[INFO] Correcting the 'time' variable in the NetCDF file.
<class 'netCDF4.Variable'>
float64 time(time)
    units: seconds since 1970-01-01 00:00:00
    standard_name: time
    long_name: Time (seconds since 1970-01-01 00:00:00)
    axis: T
    valid_min: 1757808010.0
    valid_max: 1757894400.0
    calendar: standard
unlimited dimensions: 
current shape = (8640,)
filling on, default _FillValue of 9.969209968386869e+36 used
Flagged 0 points where air_temperature < 245.0K as bad data (qc_flag = 2).
Found 0 points already flagged as bad data (flag=2)
QC flags successfully added to /gws/pw/j07/ncas_obs_vol2/cao/processing/ncas-temperature-rh-1/data/long-term/level1d/2025/stfc-temperature-rh-1_cao_20250914_surface-met_v1.1.nc.
Updated time units to 'seconds since 1970-01-01 00:00:00' in /gws/pw/j07/ncas_obs_vol2/cao/processing/ncas-temperature-rh-1/data/long-term/level1d/2025/stfc-temperature-rh-1_cao_20250914_surface-met_v1.1.nc
/gws/pw/j07/ncas_obs_vol2/cao/raw_data/met_cao/data/long-term/2025/202509/CR1000XSeries_Chilbolton_Rxcabinmet1_20250915.dat
Parsed column names: ['TIMESTAMP', 'RECORD', 'BattV_Avg', 'PTemp_C_Avg', 'Air_T_Avg', 'RH_Avg', 'BP_mbar_Avg', 'WS_Avg', 'WD_Avg', 'SlrW_Avg', 'rg001dc_ch_Tot', 'rg006dc_ch_Tot', 'rg008dc_ch_Tot', 'rg009dc_ch_Tot', 'rg004tb_ch_Tot']
shape: (8_640, 3)
┌─────────────────────┬───────────┬────────┐
│ TIMESTAMP           ┆ Air_T_Avg ┆ RH_Avg │
│ ---                 ┆ ---       ┆ ---    │
│ datetime[μs]        ┆ f64       ┆ f64    │
╞═════════════════════╪═══════════╪════════╡
│ 2025-09-15 00:00:10 ┆ 287.69    ┆ 83.2   │
│ 2025-09-15 00:00:20 ┆ 287.69    ┆ 83.34  │
│ 2025-09-15 00:00:30 ┆ 287.69    ┆ 83.08  │
│ 2025-09-15 00:00:40 ┆ 287.69    ┆ 82.82  │
│ 2025-09-15 00:00:50 ┆ 287.69    ┆ 82.52  │
│ …                   ┆ …         ┆ …      │
│ 2025-09-15 23:59:20 ┆ 285.45    ┆ 89.12  │
│ 2025-09-15 23:59:30 ┆ 285.45    ┆ 89.24  │
│ 2025-09-15 23:59:40 ┆ 285.43    ┆ 89.36  │
│ 2025-09-15 23:59:50 ┆ 285.43    ┆ 89.48  │
│ 2025-09-16 00:00:00 ┆ 285.41    ┆ 89.54  │
└─────────────────────┴───────────┴────────┘
[INFO] Correcting the 'time' variable in the NetCDF file.
<class 'netCDF4.Variable'>
float64 time(time)
    units: seconds since 1970-01-01 00:00:00
    standard_name: time
    long_name: Time (seconds since 1970-01-01 00:00:00)
    axis: T
    valid_min: 1757894410.0
    valid_max: 1757980800.0
    calendar: standard
unlimited dimensions: 
current shape = (8640,)
filling on, default _FillValue of 9.969209968386869e+36 used
Flagged 0 points where air_temperature < 245.0K as bad data (qc_flag = 2).
Found 0 points already flagged as bad data (flag=2)
QC flags successfully added to /gws/pw/j07/ncas_obs_vol2/cao/processing/ncas-temperature-rh-1/data/long-term/level1d/2025/stfc-temperature-rh-1_cao_20250915_surface-met_v1.1.nc.
Updated time units to 'seconds since 1970-01-01 00:00:00' in /gws/pw/j07/ncas_obs_vol2/cao/processing/ncas-temperature-rh-1/data/long-term/level1d/2025/stfc-temperature-rh-1_cao_20250915_surface-met_v1.1.nc
/gws/pw/j07/ncas_obs_vol2/cao/raw_data/met_cao/data/long-term/2025/202509/CR1000XSeries_Chilbolton_Rxcabinmet1_20250916.dat
Parsed column names: ['TIMESTAMP', 'RECORD', 'BattV_Avg', 'PTemp_C_Avg', 'Air_T_Avg', 'RH_Avg', 'BP_mbar_Avg', 'WS_Avg', 'WD_Avg', 'SlrW_Avg', 'rg001dc_ch_Tot', 'rg006dc_ch_Tot', 'rg008dc_ch_Tot', 'rg009dc_ch_Tot', 'rg004tb_ch_Tot']
shape: (8_640, 3)
┌─────────────────────┬───────────┬────────┐
│ TIMESTAMP           ┆ Air_T_Avg ┆ RH_Avg │
│ ---                 ┆ ---       ┆ ---    │
│ datetime[μs]        ┆ f64       ┆ f64    │
╞═════════════════════╪═══════════╪════════╡
│ 2025-09-16 00:00:10 ┆ 285.41    ┆ 89.68  │
│ 2025-09-16 00:00:20 ┆ 285.41    ┆ 89.9   │
│ 2025-09-16 00:00:30 ┆ 285.41    ┆ 90.08  │
│ 2025-09-16 00:00:40 ┆ 285.39    ┆ 90.22  │
│ 2025-09-16 00:00:50 ┆ 285.37    ┆ 90.3   │
│ …                   ┆ …         ┆ …      │
│ 2025-09-16 23:59:20 ┆ 285.95    ┆ 91.58  │
│ 2025-09-16 23:59:30 ┆ 285.95    ┆ 91.52  │
│ 2025-09-16 23:59:40 ┆ 285.95    ┆ 91.4   │
│ 2025-09-16 23:59:50 ┆ 285.95    ┆ 91.32  │
│ 2025-09-17 00:00:00 ┆ 285.95    ┆ 91.32  │
└─────────────────────┴───────────┴────────┘
[INFO] Correcting the 'time' variable in the NetCDF file.
<class 'netCDF4.Variable'>
float64 time(time)
    units: seconds since 1970-01-01 00:00:00
    standard_name: time
    long_name: Time (seconds since 1970-01-01 00:00:00)
    axis: T
    valid_min: 1757980810.0
    valid_max: 1758067200.0
    calendar: standard
unlimited dimensions: 
current shape = (8640,)
filling on, default _FillValue of 9.969209968386869e+36 used
Flagged 0 points where air_temperature < 245.0K as bad data (qc_flag = 2).
Found 0 points already flagged as bad data (flag=2)
QC flags successfully added to /gws/pw/j07/ncas_obs_vol2/cao/processing/ncas-temperature-rh-1/data/long-term/level1d/2025/stfc-temperature-rh-1_cao_20250916_surface-met_v1.1.nc.
Updated time units to 'seconds since 1970-01-01 00:00:00' in /gws/pw/j07/ncas_obs_vol2/cao/processing/ncas-temperature-rh-1/data/long-term/level1d/2025/stfc-temperature-rh-1_cao_20250916_surface-met_v1.1.nc
/gws/pw/j07/ncas_obs_vol2/cao/raw_data/met_cao/data/long-term/2025/202509/CR1000XSeries_Chilbolton_Rxcabinmet1_20250917.dat
Parsed column names: ['TIMESTAMP', 'RECORD', 'BattV_Avg', 'PTemp_C_Avg', 'Air_T_Avg', 'RH_Avg', 'BP_mbar_Avg', 'WS_Avg', 'WD_Avg', 'SlrW_Avg', 'rg001dc_ch_Tot', 'rg006dc_ch_Tot', 'rg008dc_ch_Tot', 'rg009dc_ch_Tot', 'rg004tb_ch_Tot']
shape: (8_640, 3)
┌─────────────────────┬───────────┬────────┐
│ TIMESTAMP           ┆ Air_T_Avg ┆ RH_Avg │
│ ---                 ┆ ---       ┆ ---    │
│ datetime[μs]        ┆ f64       ┆ f64    │
╞═════════════════════╪═══════════╪════════╡
│ 2025-09-17 00:00:10 ┆ 285.97    ┆ 91.36  │
│ 2025-09-17 00:00:20 ┆ 285.95    ┆ 91.44  │
│ 2025-09-17 00:00:30 ┆ 285.97    ┆ 91.52  │
│ 2025-09-17 00:00:40 ┆ 285.97    ┆ 91.56  │
│ 2025-09-17 00:00:50 ┆ 285.97    ┆ 91.52  │
│ …                   ┆ …         ┆ …      │
│ 2025-09-17 23:59:20 ┆ 290.13    ┆ 95.48  │
│ 2025-09-17 23:59:30 ┆ 290.11    ┆ 95.52  │
│ 2025-09-17 23:59:40 ┆ 290.13    ┆ 95.52  │
│ 2025-09-17 23:59:50 ┆ 290.11    ┆ 95.58  │
│ 2025-09-18 00:00:00 ┆ 290.11    ┆ 95.64  │
└─────────────────────┴───────────┴────────┘
[INFO] Correcting the 'time' variable in the NetCDF file.
<class 'netCDF4.Variable'>
float64 time(time)
    units: seconds since 1970-01-01 00:00:00
    standard_name: time
    long_name: Time (seconds since 1970-01-01 00:00:00)
    axis: T
    valid_min: 1758067210.0
    valid_max: 1758153600.0
    calendar: standard
unlimited dimensions: 
current shape = (8640,)
filling on, default _FillValue of 9.969209968386869e+36 used
Flagged 0 points where air_temperature < 245.0K as bad data (qc_flag = 2).
Found 0 points already flagged as bad data (flag=2)
QC flags successfully added to /gws/pw/j07/ncas_obs_vol2/cao/processing/ncas-temperature-rh-1/data/long-term/level1d/2025/stfc-temperature-rh-1_cao_20250917_surface-met_v1.1.nc.
Updated time units to 'seconds since 1970-01-01 00:00:00' in /gws/pw/j07/ncas_obs_vol2/cao/processing/ncas-temperature-rh-1/data/long-term/level1d/2025/stfc-temperature-rh-1_cao_20250917_surface-met_v1.1.nc
/gws/pw/j07/ncas_obs_vol2/cao/raw_data/met_cao/data/long-term/2025/202509/CR1000XSeries_Chilbolton_Rxcabinmet1_20250918.dat
Parsed column names: ['TIMESTAMP', 'RECORD', 'BattV_Avg', 'PTemp_C_Avg', 'Air_T_Avg', 'RH_Avg', 'BP_mbar_Avg', 'WS_Avg', 'WD_Avg', 'SlrW_Avg', 'rg001dc_ch_Tot', 'rg006dc_ch_Tot', 'rg008dc_ch_Tot', 'rg009dc_ch_Tot', 'rg004tb_ch_Tot']
shape: (8_640, 3)
┌─────────────────────┬───────────┬────────┐
│ TIMESTAMP           ┆ Air_T_Avg ┆ RH_Avg │
│ ---                 ┆ ---       ┆ ---    │
│ datetime[μs]        ┆ f64       ┆ f64    │
╞═════════════════════╪═══════════╪════════╡
│ 2025-09-18 00:00:10 ┆ 290.13    ┆ 95.64  │
│ 2025-09-18 00:00:20 ┆ 290.11    ┆ 95.6   │
│ 2025-09-18 00:00:30 ┆ 290.11    ┆ 95.48  │
│ 2025-09-18 00:00:40 ┆ 290.11    ┆ 95.38  │
│ 2025-09-18 00:00:50 ┆ 290.11    ┆ 95.36  │
│ …                   ┆ …         ┆ …      │
│ 2025-09-18 23:59:20 ┆ 289.25    ┆ 92.9   │
│ 2025-09-18 23:59:30 ┆ 289.23    ┆ 92.8   │
│ 2025-09-18 23:59:40 ┆ 289.23    ┆ 92.56  │
│ 2025-09-18 23:59:50 ┆ 289.23    ┆ 92.48  │
│ 2025-09-19 00:00:00 ┆ 289.23    ┆ 92.6   │
└─────────────────────┴───────────┴────────┘
[INFO] Correcting the 'time' variable in the NetCDF file.
<class 'netCDF4.Variable'>
float64 time(time)
    units: seconds since 1970-01-01 00:00:00
    standard_name: time
    long_name: Time (seconds since 1970-01-01 00:00:00)
    axis: T
    valid_min: 1758153610.0
    valid_max: 1758240000.0
    calendar: standard
unlimited dimensions: 
current shape = (8640,)
filling on, default _FillValue of 9.969209968386869e+36 used
Flagged 0 points where air_temperature < 245.0K as bad data (qc_flag = 2).
Found 0 points already flagged as bad data (flag=2)
QC flags successfully added to /gws/pw/j07/ncas_obs_vol2/cao/processing/ncas-temperature-rh-1/data/long-term/level1d/2025/stfc-temperature-rh-1_cao_20250918_surface-met_v1.1.nc.
Updated time units to 'seconds since 1970-01-01 00:00:00' in /gws/pw/j07/ncas_obs_vol2/cao/processing/ncas-temperature-rh-1/data/long-term/level1d/2025/stfc-temperature-rh-1_cao_20250918_surface-met_v1.1.nc
/gws/pw/j07/ncas_obs_vol2/cao/raw_data/met_cao/data/long-term/2025/202509/CR1000XSeries_Chilbolton_Rxcabinmet1_20250919.dat
Parsed column names: ['TIMESTAMP', 'RECORD', 'BattV_Avg', 'PTemp_C_Avg', 'Air_T_Avg', 'RH_Avg', 'BP_mbar_Avg', 'WS_Avg', 'WD_Avg', 'SlrW_Avg', 'rg001dc_ch_Tot', 'rg006dc_ch_Tot', 'rg008dc_ch_Tot', 'rg009dc_ch_Tot', 'rg004tb_ch_Tot']
shape: (8_640, 3)
┌─────────────────────┬───────────┬────────┐
│ TIMESTAMP           ┆ Air_T_Avg ┆ RH_Avg │
│ ---                 ┆ ---       ┆ ---    │
│ datetime[μs]        ┆ f64       ┆ f64    │
╞═════════════════════╪═══════════╪════════╡
│ 2025-09-19 00:00:10 ┆ 289.23    ┆ 92.78  │
│ 2025-09-19 00:00:20 ┆ 289.21    ┆ 92.98  │
│ 2025-09-19 00:00:30 ┆ 289.21    ┆ 93.1   │
│ 2025-09-19 00:00:40 ┆ 289.23    ┆ 93.18  │
│ 2025-09-19 00:00:50 ┆ 289.23    ┆ 93.12  │
│ …                   ┆ …         ┆ …      │
│ 2025-09-19 23:59:20 ┆ 286.71    ┆ 98.86  │
│ 2025-09-19 23:59:30 ┆ 286.73    ┆ 98.8   │
│ 2025-09-19 23:59:40 ┆ 286.73    ┆ 98.8   │
│ 2025-09-19 23:59:50 ┆ 286.73    ┆ 98.9   │
│ 2025-09-20 00:00:00 ┆ 286.73    ┆ 99.02  │
└─────────────────────┴───────────┴────────┘
[INFO] Correcting the 'time' variable in the NetCDF file.
<class 'netCDF4.Variable'>
float64 time(time)
    units: seconds since 1970-01-01 00:00:00
    standard_name: time
    long_name: Time (seconds since 1970-01-01 00:00:00)
    axis: T
    valid_min: 1758240010.0
    valid_max: 1758326400.0
    calendar: standard
unlimited dimensions: 
current shape = (8640,)
filling on, default _FillValue of 9.969209968386869e+36 used
Flagged 0 points where air_temperature < 245.0K as bad data (qc_flag = 2).
Found 0 points already flagged as bad data (flag=2)
QC flags successfully added to /gws/pw/j07/ncas_obs_vol2/cao/processing/ncas-temperature-rh-1/data/long-term/level1d/2025/stfc-temperature-rh-1_cao_20250919_surface-met_v1.1.nc.
Updated time units to 'seconds since 1970-01-01 00:00:00' in /gws/pw/j07/ncas_obs_vol2/cao/processing/ncas-temperature-rh-1/data/long-term/level1d/2025/stfc-temperature-rh-1_cao_20250919_surface-met_v1.1.nc
/gws/pw/j07/ncas_obs_vol2/cao/raw_data/met_cao/data/long-term/2025/202509/CR1000XSeries_Chilbolton_Rxcabinmet1_20250920.dat
Parsed column names: ['TIMESTAMP', 'RECORD', 'BattV_Avg', 'PTemp_C_Avg', 'Air_T_Avg', 'RH_Avg', 'BP_mbar_Avg', 'WS_Avg', 'WD_Avg', 'SlrW_Avg', 'rg001dc_ch_Tot', 'rg006dc_ch_Tot', 'rg008dc_ch_Tot', 'rg009dc_ch_Tot', 'rg004tb_ch_Tot']
shape: (8_640, 3)
┌─────────────────────┬───────────┬────────┐
│ TIMESTAMP           ┆ Air_T_Avg ┆ RH_Avg │
│ ---                 ┆ ---       ┆ ---    │
│ datetime[μs]        ┆ f64       ┆ f64    │
╞═════════════════════╪═══════════╪════════╡
│ 2025-09-20 00:00:10 ┆ 286.73    ┆ 99.16  │
│ 2025-09-20 00:00:20 ┆ 286.71    ┆ 99.3   │
│ 2025-09-20 00:00:30 ┆ 286.71    ┆ 99.4   │
│ 2025-09-20 00:00:40 ┆ 286.71    ┆ 99.4   │
│ 2025-09-20 00:00:50 ┆ 286.69    ┆ 99.3   │
│ …                   ┆ …         ┆ …      │
│ 2025-09-20 23:59:20 ┆ 283.35    ┆ 81.22  │
│ 2025-09-20 23:59:30 ┆ 283.35    ┆ 81.2   │
│ 2025-09-20 23:59:40 ┆ 283.33    ┆ 81.42  │
│ 2025-09-20 23:59:50 ┆ 283.35    ┆ 81.54  │
│ 2025-09-21 00:00:00 ┆ 283.39    ┆ 81.68  │
└─────────────────────┴───────────┴────────┘
[INFO] Correcting the 'time' variable in the NetCDF file.
<class 'netCDF4.Variable'>
float64 time(time)
    units: seconds since 1970-01-01 00:00:00
    standard_name: time
    long_name: Time (seconds since 1970-01-01 00:00:00)
    axis: T
    valid_min: 1758326410.0
    valid_max: 1758412800.0
    calendar: standard
unlimited dimensions: 
current shape = (8640,)
filling on, default _FillValue of 9.969209968386869e+36 used
Flagged 0 points where air_temperature < 245.0K as bad data (qc_flag = 2).
Found 0 points already flagged as bad data (flag=2)
QC flags successfully added to /gws/pw/j07/ncas_obs_vol2/cao/processing/ncas-temperature-rh-1/data/long-term/level1d/2025/stfc-temperature-rh-1_cao_20250920_surface-met_v1.1.nc.
Updated time units to 'seconds since 1970-01-01 00:00:00' in /gws/pw/j07/ncas_obs_vol2/cao/processing/ncas-temperature-rh-1/data/long-term/level1d/2025/stfc-temperature-rh-1_cao_20250920_surface-met_v1.1.nc
/gws/pw/j07/ncas_obs_vol2/cao/raw_data/met_cao/data/long-term/2025/202509/CR1000XSeries_Chilbolton_Rxcabinmet1_20250921.dat
Parsed column names: ['TIMESTAMP', 'RECORD', 'BattV_Avg', 'PTemp_C_Avg', 'Air_T_Avg', 'RH_Avg', 'BP_mbar_Avg', 'WS_Avg', 'WD_Avg', 'SlrW_Avg', 'rg001dc_ch_Tot', 'rg006dc_ch_Tot', 'rg008dc_ch_Tot', 'rg009dc_ch_Tot', 'rg004tb_ch_Tot']
shape: (8_640, 3)
┌─────────────────────┬───────────┬────────┐
│ TIMESTAMP           ┆ Air_T_Avg ┆ RH_Avg │
│ ---                 ┆ ---       ┆ ---    │
│ datetime[μs]        ┆ f64       ┆ f64    │
╞═════════════════════╪═══════════╪════════╡
│ 2025-09-21 00:00:10 ┆ 283.41    ┆ 81.92  │
│ 2025-09-21 00:00:20 ┆ 283.41    ┆ 81.96  │
│ 2025-09-21 00:00:30 ┆ 283.41    ┆ 81.88  │
│ 2025-09-21 00:00:40 ┆ 283.39    ┆ 81.82  │
│ 2025-09-21 00:00:50 ┆ 283.37    ┆ 81.78  │
│ …                   ┆ …         ┆ …      │
│ 2025-09-21 23:59:20 ┆ 280.23    ┆ 83.58  │
│ 2025-09-21 23:59:30 ┆ 280.23    ┆ 83.42  │
│ 2025-09-21 23:59:40 ┆ 280.23    ┆ 83.42  │
│ 2025-09-21 23:59:50 ┆ 280.25    ┆ 83.54  │
│ 2025-09-22 00:00:00 ┆ 280.25    ┆ 83.76  │
└─────────────────────┴───────────┴────────┘
[INFO] Correcting the 'time' variable in the NetCDF file.
<class 'netCDF4.Variable'>
float64 time(time)
    units: seconds since 1970-01-01 00:00:00
    standard_name: time
    long_name: Time (seconds since 1970-01-01 00:00:00)
    axis: T
    valid_min: 1758412810.0
    valid_max: 1758499200.0
    calendar: standard
unlimited dimensions: 
current shape = (8640,)
filling on, default _FillValue of 9.969209968386869e+36 used
Flagged 0 points where air_temperature < 245.0K as bad data (qc_flag = 2).
Found 0 points already flagged as bad data (flag=2)
QC flags successfully added to /gws/pw/j07/ncas_obs_vol2/cao/processing/ncas-temperature-rh-1/data/long-term/level1d/2025/stfc-temperature-rh-1_cao_20250921_surface-met_v1.1.nc.
Updated time units to 'seconds since 1970-01-01 00:00:00' in /gws/pw/j07/ncas_obs_vol2/cao/processing/ncas-temperature-rh-1/data/long-term/level1d/2025/stfc-temperature-rh-1_cao_20250921_surface-met_v1.1.nc
/gws/pw/j07/ncas_obs_vol2/cao/raw_data/met_cao/data/long-term/2025/202509/CR1000XSeries_Chilbolton_Rxcabinmet1_20250922.dat
Parsed column names: ['TIMESTAMP', 'RECORD', 'BattV_Avg', 'PTemp_C_Avg', 'Air_T_Avg', 'RH_Avg', 'BP_mbar_Avg', 'WS_Avg', 'WD_Avg', 'SlrW_Avg', 'rg001dc_ch_Tot', 'rg006dc_ch_Tot', 'rg008dc_ch_Tot', 'rg009dc_ch_Tot', 'rg004tb_ch_Tot']
shape: (8_640, 3)
┌─────────────────────┬───────────┬────────┐
│ TIMESTAMP           ┆ Air_T_Avg ┆ RH_Avg │
│ ---                 ┆ ---       ┆ ---    │
│ datetime[μs]        ┆ f64       ┆ f64    │
╞═════════════════════╪═══════════╪════════╡
│ 2025-09-22 00:00:10 ┆ 280.23    ┆ 84.26  │
│ 2025-09-22 00:00:20 ┆ 280.23    ┆ 84.36  │
│ 2025-09-22 00:00:30 ┆ 280.25    ┆ 84.32  │
│ 2025-09-22 00:00:40 ┆ 280.25    ┆ 84.28  │
│ 2025-09-22 00:00:50 ┆ 280.25    ┆ 84.16  │
│ …                   ┆ …         ┆ …      │
│ 2025-09-22 23:59:20 ┆ 278.33    ┆ 84.9   │
│ 2025-09-22 23:59:30 ┆ 278.33    ┆ 84.96  │
│ 2025-09-22 23:59:40 ┆ 278.33    ┆ 84.86  │
│ 2025-09-22 23:59:50 ┆ 278.33    ┆ 84.62  │
│ 2025-09-23 00:00:00 ┆ 278.35    ┆ 84.4   │
└─────────────────────┴───────────┴────────┘
[INFO] Correcting the 'time' variable in the NetCDF file.
<class 'netCDF4.Variable'>
float64 time(time)
    units: seconds since 1970-01-01 00:00:00
    standard_name: time
    long_name: Time (seconds since 1970-01-01 00:00:00)
    axis: T
    valid_min: 1758499210.0
    valid_max: 1758585600.0
    calendar: standard
unlimited dimensions: 
current shape = (8640,)
filling on, default _FillValue of 9.969209968386869e+36 used
Flagged 0 points where air_temperature < 245.0K as bad data (qc_flag = 2).
Found 0 points already flagged as bad data (flag=2)
QC flags successfully added to /gws/pw/j07/ncas_obs_vol2/cao/processing/ncas-temperature-rh-1/data/long-term/level1d/2025/stfc-temperature-rh-1_cao_20250922_surface-met_v1.1.nc.
Updated time units to 'seconds since 1970-01-01 00:00:00' in /gws/pw/j07/ncas_obs_vol2/cao/processing/ncas-temperature-rh-1/data/long-term/level1d/2025/stfc-temperature-rh-1_cao_20250922_surface-met_v1.1.nc
/gws/pw/j07/ncas_obs_vol2/cao/raw_data/met_cao/data/long-term/2025/202509/CR1000XSeries_Chilbolton_Rxcabinmet1_20250923.dat
Parsed column names: ['TIMESTAMP', 'RECORD', 'BattV_Avg', 'PTemp_C_Avg', 'Air_T_Avg', 'RH_Avg', 'BP_mbar_Avg', 'WS_Avg', 'WD_Avg', 'SlrW_Avg', 'rg001dc_ch_Tot', 'rg006dc_ch_Tot', 'rg008dc_ch_Tot', 'rg009dc_ch_Tot', 'rg004tb_ch_Tot']
shape: (8_640, 3)
┌─────────────────────┬───────────┬────────┐
│ TIMESTAMP           ┆ Air_T_Avg ┆ RH_Avg │
│ ---                 ┆ ---       ┆ ---    │
│ datetime[μs]        ┆ f64       ┆ f64    │
╞═════════════════════╪═══════════╪════════╡
│ 2025-09-23 00:00:10 ┆ 278.33    ┆ 84.14  │
│ 2025-09-23 00:00:20 ┆ 278.33    ┆ 83.82  │
│ 2025-09-23 00:00:30 ┆ 278.31    ┆ 83.64  │
│ 2025-09-23 00:00:40 ┆ 278.31    ┆ 83.6   │
│ 2025-09-23 00:00:50 ┆ 278.29    ┆ 83.7   │
│ …                   ┆ …         ┆ …      │
│ 2025-09-23 23:59:20 ┆ 282.63    ┆ 89.48  │
│ 2025-09-23 23:59:30 ┆ 282.61    ┆ 89.52  │
│ 2025-09-23 23:59:40 ┆ 282.59    ┆ 89.54  │
│ 2025-09-23 23:59:50 ┆ 282.59    ┆ 89.44  │
│ 2025-09-24 00:00:00 ┆ 282.59    ┆ 89.36  │
└─────────────────────┴───────────┴────────┘
[INFO] Correcting the 'time' variable in the NetCDF file.
<class 'netCDF4.Variable'>
float64 time(time)
    units: seconds since 1970-01-01 00:00:00
    standard_name: time
    long_name: Time (seconds since 1970-01-01 00:00:00)
    axis: T
    valid_min: 1758585610.0
    valid_max: 1758672000.0
    calendar: standard
unlimited dimensions: 
current shape = (8640,)
filling on, default _FillValue of 9.969209968386869e+36 used
Flagged 0 points where air_temperature < 245.0K as bad data (qc_flag = 2).
Found 0 points already flagged as bad data (flag=2)
QC flags successfully added to /gws/pw/j07/ncas_obs_vol2/cao/processing/ncas-temperature-rh-1/data/long-term/level1d/2025/stfc-temperature-rh-1_cao_20250923_surface-met_v1.1.nc.
Updated time units to 'seconds since 1970-01-01 00:00:00' in /gws/pw/j07/ncas_obs_vol2/cao/processing/ncas-temperature-rh-1/data/long-term/level1d/2025/stfc-temperature-rh-1_cao_20250923_surface-met_v1.1.nc
/gws/pw/j07/ncas_obs_vol2/cao/raw_data/met_cao/data/long-term/2025/202509/CR1000XSeries_Chilbolton_Rxcabinmet1_20250924.dat
Parsed column names: ['TIMESTAMP', 'RECORD', 'BattV_Avg', 'PTemp_C_Avg', 'Air_T_Avg', 'RH_Avg', 'BP_mbar_Avg', 'WS_Avg', 'WD_Avg', 'SlrW_Avg', 'rg001dc_ch_Tot', 'rg006dc_ch_Tot', 'rg008dc_ch_Tot', 'rg009dc_ch_Tot', 'rg004tb_ch_Tot']
shape: (8_640, 3)
┌─────────────────────┬───────────┬────────┐
│ TIMESTAMP           ┆ Air_T_Avg ┆ RH_Avg │
│ ---                 ┆ ---       ┆ ---    │
│ datetime[μs]        ┆ f64       ┆ f64    │
╞═════════════════════╪═══════════╪════════╡
│ 2025-09-24 00:00:10 ┆ 282.59    ┆ 89.4   │
│ 2025-09-24 00:00:20 ┆ 282.59    ┆ 89.48  │
│ 2025-09-24 00:00:30 ┆ 282.55    ┆ 89.74  │
│ 2025-09-24 00:00:40 ┆ 282.53    ┆ 89.94  │
│ 2025-09-24 00:00:50 ┆ 282.53    ┆ 89.9   │
│ …                   ┆ …         ┆ …      │
│ 2025-09-24 23:59:20 ┆ 280.11    ┆ 80.18  │
│ 2025-09-24 23:59:30 ┆ 280.09    ┆ 80.16  │
│ 2025-09-24 23:59:40 ┆ 280.09    ┆ 79.98  │
│ 2025-09-24 23:59:50 ┆ 280.05    ┆ 79.42  │
│ 2025-09-25 00:00:00 ┆ 280.03    ┆ 79.32  │
└─────────────────────┴───────────┴────────┘
[INFO] Correcting the 'time' variable in the NetCDF file.
<class 'netCDF4.Variable'>
float64 time(time)
    units: seconds since 1970-01-01 00:00:00
    standard_name: time
    long_name: Time (seconds since 1970-01-01 00:00:00)
    axis: T
    valid_min: 1758672010.0
    valid_max: 1758758400.0
    calendar: standard
unlimited dimensions: 
current shape = (8640,)
filling on, default _FillValue of 9.969209968386869e+36 used
Flagged 0 points where air_temperature < 245.0K as bad data (qc_flag = 2).
Found 0 points already flagged as bad data (flag=2)
QC flags successfully added to /gws/pw/j07/ncas_obs_vol2/cao/processing/ncas-temperature-rh-1/data/long-term/level1d/2025/stfc-temperature-rh-1_cao_20250924_surface-met_v1.1.nc.
Updated time units to 'seconds since 1970-01-01 00:00:00' in /gws/pw/j07/ncas_obs_vol2/cao/processing/ncas-temperature-rh-1/data/long-term/level1d/2025/stfc-temperature-rh-1_cao_20250924_surface-met_v1.1.nc
/gws/pw/j07/ncas_obs_vol2/cao/raw_data/met_cao/data/long-term/2025/202509/CR1000XSeries_Chilbolton_Rxcabinmet1_20250925.dat
Parsed column names: ['TIMESTAMP', 'RECORD', 'BattV_Avg', 'PTemp_C_Avg', 'Air_T_Avg', 'RH_Avg', 'BP_mbar_Avg', 'WS_Avg', 'WD_Avg', 'SlrW_Avg', 'rg001dc_ch_Tot', 'rg006dc_ch_Tot', 'rg008dc_ch_Tot', 'rg009dc_ch_Tot', 'rg004tb_ch_Tot']
shape: (8_640, 3)
┌─────────────────────┬───────────┬────────┐
│ TIMESTAMP           ┆ Air_T_Avg ┆ RH_Avg │
│ ---                 ┆ ---       ┆ ---    │
│ datetime[μs]        ┆ f64       ┆ f64    │
╞═════════════════════╪═══════════╪════════╡
│ 2025-09-25 00:00:10 ┆ 280.03    ┆ 79.36  │
│ 2025-09-25 00:00:20 ┆ 280.05    ┆ 79.64  │
│ 2025-09-25 00:00:30 ┆ 280.07    ┆ 79.92  │
│ 2025-09-25 00:00:40 ┆ 280.03    ┆ 80.52  │
│ 2025-09-25 00:00:50 ┆ 280.01    ┆ 80.98  │
│ …                   ┆ …         ┆ …      │
│ 2025-09-25 23:59:20 ┆ 281.23    ┆ 73.36  │
│ 2025-09-25 23:59:30 ┆ 281.23    ┆ 73.38  │
│ 2025-09-25 23:59:40 ┆ 281.23    ┆ 73.38  │
│ 2025-09-25 23:59:50 ┆ 281.23    ┆ 73.46  │
│ 2025-09-26 00:00:00 ┆ 281.23    ┆ 73.52  │
└─────────────────────┴───────────┴────────┘
[INFO] Correcting the 'time' variable in the NetCDF file.
<class 'netCDF4.Variable'>
float64 time(time)
    units: seconds since 1970-01-01 00:00:00
    standard_name: time
    long_name: Time (seconds since 1970-01-01 00:00:00)
    axis: T
    valid_min: 1758758410.0
    valid_max: 1758844800.0
    calendar: standard
unlimited dimensions: 
current shape = (8640,)
filling on, default _FillValue of 9.969209968386869e+36 used
Flagged 0 points where air_temperature < 245.0K as bad data (qc_flag = 2).
Found 0 points already flagged as bad data (flag=2)
QC flags successfully added to /gws/pw/j07/ncas_obs_vol2/cao/processing/ncas-temperature-rh-1/data/long-term/level1d/2025/stfc-temperature-rh-1_cao_20250925_surface-met_v1.1.nc.
Updated time units to 'seconds since 1970-01-01 00:00:00' in /gws/pw/j07/ncas_obs_vol2/cao/processing/ncas-temperature-rh-1/data/long-term/level1d/2025/stfc-temperature-rh-1_cao_20250925_surface-met_v1.1.nc
/gws/pw/j07/ncas_obs_vol2/cao/raw_data/met_cao/data/long-term/2025/202509/CR1000XSeries_Chilbolton_Rxcabinmet1_20250926.dat
Parsed column names: ['TIMESTAMP', 'RECORD', 'BattV_Avg', 'PTemp_C_Avg', 'Air_T_Avg', 'RH_Avg', 'BP_mbar_Avg', 'WS_Avg', 'WD_Avg', 'SlrW_Avg', 'rg001dc_ch_Tot', 'rg006dc_ch_Tot', 'rg008dc_ch_Tot', 'rg009dc_ch_Tot', 'rg004tb_ch_Tot']
shape: (8_640, 3)
┌─────────────────────┬───────────┬────────┐
│ TIMESTAMP           ┆ Air_T_Avg ┆ RH_Avg │
│ ---                 ┆ ---       ┆ ---    │
│ datetime[μs]        ┆ f64       ┆ f64    │
╞═════════════════════╪═══════════╪════════╡
│ 2025-09-26 00:00:10 ┆ 281.21    ┆ 73.64  │
│ 2025-09-26 00:00:20 ┆ 281.21    ┆ 73.72  │
│ 2025-09-26 00:00:30 ┆ 281.19    ┆ 73.8   │
│ 2025-09-26 00:00:40 ┆ 281.19    ┆ 73.8   │
│ 2025-09-26 00:00:50 ┆ 281.19    ┆ 73.82  │
│ …                   ┆ …         ┆ …      │
│ 2025-09-26 23:59:20 ┆ 280.81    ┆ 99.48  │
│ 2025-09-26 23:59:30 ┆ 280.85    ┆ 99.34  │
│ 2025-09-26 23:59:40 ┆ 280.87    ┆ 99.3   │
│ 2025-09-26 23:59:50 ┆ 280.87    ┆ 99.2   │
│ 2025-09-27 00:00:00 ┆ 280.87    ┆ 99.24  │
└─────────────────────┴───────────┴────────┘
[INFO] Correcting the 'time' variable in the NetCDF file.
<class 'netCDF4.Variable'>
float64 time(time)
    units: seconds since 1970-01-01 00:00:00
    standard_name: time
    long_name: Time (seconds since 1970-01-01 00:00:00)
    axis: T
    valid_min: 1758844810.0
    valid_max: 1758931200.0
    calendar: standard
unlimited dimensions: 
current shape = (8640,)
filling on, default _FillValue of 9.969209968386869e+36 used
Flagged 0 points where air_temperature < 245.0K as bad data (qc_flag = 2).
Found 0 points already flagged as bad data (flag=2)
QC flags successfully added to /gws/pw/j07/ncas_obs_vol2/cao/processing/ncas-temperature-rh-1/data/long-term/level1d/2025/stfc-temperature-rh-1_cao_20250926_surface-met_v1.1.nc.
Updated time units to 'seconds since 1970-01-01 00:00:00' in /gws/pw/j07/ncas_obs_vol2/cao/processing/ncas-temperature-rh-1/data/long-term/level1d/2025/stfc-temperature-rh-1_cao_20250926_surface-met_v1.1.nc
/gws/pw/j07/ncas_obs_vol2/cao/raw_data/met_cao/data/long-term/2025/202509/CR1000XSeries_Chilbolton_Rxcabinmet1_20250927.dat
Parsed column names: ['TIMESTAMP', 'RECORD', 'BattV_Avg', 'PTemp_C_Avg', 'Air_T_Avg', 'RH_Avg', 'BP_mbar_Avg', 'WS_Avg', 'WD_Avg', 'SlrW_Avg', 'rg001dc_ch_Tot', 'rg006dc_ch_Tot', 'rg008dc_ch_Tot', 'rg009dc_ch_Tot', 'rg004tb_ch_Tot']
shape: (8_640, 3)
┌─────────────────────┬───────────┬────────┐
│ TIMESTAMP           ┆ Air_T_Avg ┆ RH_Avg │
│ ---                 ┆ ---       ┆ ---    │
│ datetime[μs]        ┆ f64       ┆ f64    │
╞═════════════════════╪═══════════╪════════╡
│ 2025-09-27 00:00:10 ┆ 280.89    ┆ 99.22  │
│ 2025-09-27 00:00:20 ┆ 280.89    ┆ 99.36  │
│ 2025-09-27 00:00:30 ┆ 280.91    ┆ 99.36  │
│ 2025-09-27 00:00:40 ┆ 280.91    ┆ 99.46  │
│ 2025-09-27 00:00:50 ┆ 280.91    ┆ 99.5   │
│ …                   ┆ …         ┆ …      │
│ 2025-09-27 23:59:20 ┆ 285.63    ┆ 84.28  │
│ 2025-09-27 23:59:30 ┆ 285.61    ┆ 84.18  │
│ 2025-09-27 23:59:40 ┆ 285.61    ┆ 84.16  │
│ 2025-09-27 23:59:50 ┆ 285.59    ┆ 84.28  │
│ 2025-09-28 00:00:00 ┆ 285.59    ┆ 84.46  │
└─────────────────────┴───────────┴────────┘
[INFO] Correcting the 'time' variable in the NetCDF file.
<class 'netCDF4.Variable'>
float64 time(time)
    units: seconds since 1970-01-01 00:00:00
    standard_name: time
    long_name: Time (seconds since 1970-01-01 00:00:00)
    axis: T
    valid_min: 1758931210.0
    valid_max: 1759017600.0
    calendar: standard
unlimited dimensions: 
current shape = (8640,)
filling on, default _FillValue of 9.969209968386869e+36 used
Flagged 0 points where air_temperature < 245.0K as bad data (qc_flag = 2).
Found 0 points already flagged as bad data (flag=2)
QC flags successfully added to /gws/pw/j07/ncas_obs_vol2/cao/processing/ncas-temperature-rh-1/data/long-term/level1d/2025/stfc-temperature-rh-1_cao_20250927_surface-met_v1.1.nc.
Updated time units to 'seconds since 1970-01-01 00:00:00' in /gws/pw/j07/ncas_obs_vol2/cao/processing/ncas-temperature-rh-1/data/long-term/level1d/2025/stfc-temperature-rh-1_cao_20250927_surface-met_v1.1.nc
/gws/pw/j07/ncas_obs_vol2/cao/raw_data/met_cao/data/long-term/2025/202509/CR1000XSeries_Chilbolton_Rxcabinmet1_20250928.dat
Parsed column names: ['TIMESTAMP', 'RECORD', 'BattV_Avg', 'PTemp_C_Avg', 'Air_T_Avg', 'RH_Avg', 'BP_mbar_Avg', 'WS_Avg', 'WD_Avg', 'SlrW_Avg', 'rg001dc_ch_Tot', 'rg006dc_ch_Tot', 'rg008dc_ch_Tot', 'rg009dc_ch_Tot', 'rg004tb_ch_Tot']
shape: (8_640, 3)
┌─────────────────────┬───────────┬────────┐
│ TIMESTAMP           ┆ Air_T_Avg ┆ RH_Avg │
│ ---                 ┆ ---       ┆ ---    │
│ datetime[μs]        ┆ f64       ┆ f64    │
╞═════════════════════╪═══════════╪════════╡
│ 2025-09-28 00:00:10 ┆ 285.57    ┆ 84.58  │
│ 2025-09-28 00:00:20 ┆ 285.57    ┆ 84.72  │
│ 2025-09-28 00:00:30 ┆ 285.55    ┆ 84.82  │
│ 2025-09-28 00:00:40 ┆ 285.55    ┆ 84.92  │
│ 2025-09-28 00:00:50 ┆ 285.55    ┆ 84.96  │
│ …                   ┆ …         ┆ …      │
│ 2025-09-28 23:59:20 ┆ 280.45    ┆ 98.28  │
│ 2025-09-28 23:59:30 ┆ 280.43    ┆ 98.44  │
│ 2025-09-28 23:59:40 ┆ 280.41    ┆ 98.74  │
│ 2025-09-28 23:59:50 ┆ 280.39    ┆ 99.12  │
│ 2025-09-29 00:00:00 ┆ 280.37    ┆ 99.32  │
└─────────────────────┴───────────┴────────┘
[INFO] Correcting the 'time' variable in the NetCDF file.
<class 'netCDF4.Variable'>
float64 time(time)
    units: seconds since 1970-01-01 00:00:00
    standard_name: time
    long_name: Time (seconds since 1970-01-01 00:00:00)
    axis: T
    valid_min: 1759017610.0
    valid_max: 1759104000.0
    calendar: standard
unlimited dimensions: 
current shape = (8640,)
filling on, default _FillValue of 9.969209968386869e+36 used
Flagged 0 points where air_temperature < 245.0K as bad data (qc_flag = 2).
Found 0 points already flagged as bad data (flag=2)
QC flags successfully added to /gws/pw/j07/ncas_obs_vol2/cao/processing/ncas-temperature-rh-1/data/long-term/level1d/2025/stfc-temperature-rh-1_cao_20250928_surface-met_v1.1.nc.
Updated time units to 'seconds since 1970-01-01 00:00:00' in /gws/pw/j07/ncas_obs_vol2/cao/processing/ncas-temperature-rh-1/data/long-term/level1d/2025/stfc-temperature-rh-1_cao_20250928_surface-met_v1.1.nc
/gws/pw/j07/ncas_obs_vol2/cao/raw_data/met_cao/data/long-term/2025/202509/CR1000XSeries_Chilbolton_Rxcabinmet1_20250929.dat
Parsed column names: ['TIMESTAMP', 'RECORD', 'BattV_Avg', 'PTemp_C_Avg', 'Air_T_Avg', 'RH_Avg', 'BP_mbar_Avg', 'WS_Avg', 'WD_Avg', 'SlrW_Avg', 'rg001dc_ch_Tot', 'rg006dc_ch_Tot', 'rg008dc_ch_Tot', 'rg009dc_ch_Tot', 'rg004tb_ch_Tot']
shape: (8_640, 3)
┌─────────────────────┬───────────┬────────┐
│ TIMESTAMP           ┆ Air_T_Avg ┆ RH_Avg │
│ ---                 ┆ ---       ┆ ---    │
│ datetime[μs]        ┆ f64       ┆ f64    │
╞═════════════════════╪═══════════╪════════╡
│ 2025-09-29 00:00:10 ┆ 280.35    ┆ 99.36  │
│ 2025-09-29 00:00:20 ┆ 280.33    ┆ 99.26  │
│ 2025-09-29 00:00:30 ┆ 280.31    ┆ 99.04  │
│ 2025-09-29 00:00:40 ┆ 280.31    ┆ 98.56  │
│ 2025-09-29 00:00:50 ┆ 280.31    ┆ 98.3   │
│ …                   ┆ …         ┆ …      │
│ 2025-09-29 23:59:20 ┆ 282.03    ┆ 97.5   │
│ 2025-09-29 23:59:30 ┆ 282.03    ┆ 97.04  │
│ 2025-09-29 23:59:40 ┆ 282.01    ┆ 96.98  │
│ 2025-09-29 23:59:50 ┆ 282.01    ┆ 97.26  │
│ 2025-09-30 00:00:00 ┆ 281.99    ┆ 97.5   │
└─────────────────────┴───────────┴────────┘
[INFO] Correcting the 'time' variable in the NetCDF file.
<class 'netCDF4.Variable'>
float64 time(time)
    units: seconds since 1970-01-01 00:00:00
    standard_name: time
    long_name: Time (seconds since 1970-01-01 00:00:00)
    axis: T
    valid_min: 1759104010.0
    valid_max: 1759190400.0
    calendar: standard
unlimited dimensions: 
current shape = (8640,)
filling on, default _FillValue of 9.969209968386869e+36 used
Flagged 0 points where air_temperature < 245.0K as bad data (qc_flag = 2).
Found 0 points already flagged as bad data (flag=2)
QC flags successfully added to /gws/pw/j07/ncas_obs_vol2/cao/processing/ncas-temperature-rh-1/data/long-term/level1d/2025/stfc-temperature-rh-1_cao_20250929_surface-met_v1.1.nc.
Updated time units to 'seconds since 1970-01-01 00:00:00' in /gws/pw/j07/ncas_obs_vol2/cao/processing/ncas-temperature-rh-1/data/long-term/level1d/2025/stfc-temperature-rh-1_cao_20250929_surface-met_v1.1.nc
/gws/pw/j07/ncas_obs_vol2/cao/raw_data/met_cao/data/long-term/2025/202509/CR1000XSeries_Chilbolton_Rxcabinmet1_20250930.dat
Parsed column names: ['TIMESTAMP', 'RECORD', 'BattV_Avg', 'PTemp_C_Avg', 'Air_T_Avg', 'RH_Avg', 'BP_mbar_Avg', 'WS_Avg', 'WD_Avg', 'SlrW_Avg', 'rg001dc_ch_Tot', 'rg006dc_ch_Tot', 'rg008dc_ch_Tot', 'rg009dc_ch_Tot', 'rg004tb_ch_Tot']
shape: (8_640, 3)
┌─────────────────────┬───────────┬────────┐
│ TIMESTAMP           ┆ Air_T_Avg ┆ RH_Avg │
│ ---                 ┆ ---       ┆ ---    │
│ datetime[μs]        ┆ f64       ┆ f64    │
╞═════════════════════╪═══════════╪════════╡
│ 2025-09-30 00:00:10 ┆ 281.99    ┆ 97.8   │
│ 2025-09-30 00:00:20 ┆ 281.99    ┆ 98.24  │
│ 2025-09-30 00:00:30 ┆ 281.97    ┆ 98.52  │
│ 2025-09-30 00:00:40 ┆ 281.97    ┆ 98.52  │
│ 2025-09-30 00:00:50 ┆ 281.95    ┆ 98.38  │
│ …                   ┆ …         ┆ …      │
│ 2025-09-30 23:59:20 ┆ 282.31    ┆ 95.34  │
│ 2025-09-30 23:59:30 ┆ 282.29    ┆ 95.3   │
│ 2025-09-30 23:59:40 ┆ 282.25    ┆ 95.22  │
│ 2025-09-30 23:59:50 ┆ 282.23    ┆ 94.98  │
│ 2025-10-01 00:00:00 ┆ 282.23    ┆ 94.86  │
└─────────────────────┴───────────┴────────┘
[INFO] Correcting the 'time' variable in the NetCDF file.
<class 'netCDF4.Variable'>
float64 time(time)
    units: seconds since 1970-01-01 00:00:00
    standard_name: time
    long_name: Time (seconds since 1970-01-01 00:00:00)
    axis: T
    valid_min: 1759190410.0
    valid_max: 1759276800.0
    calendar: standard
unlimited dimensions: 
current shape = (8640,)
filling on, default _FillValue of 9.969209968386869e+36 used
Flagged 0 points where air_temperature < 245.0K as bad data (qc_flag = 2).
Found 0 points already flagged as bad data (flag=2)
QC flags successfully added to /gws/pw/j07/ncas_obs_vol2/cao/processing/ncas-temperature-rh-1/data/long-term/level1d/2025/stfc-temperature-rh-1_cao_20250930_surface-met_v1.1.nc.
Updated time units to 'seconds since 1970-01-01 00:00:00' in /gws/pw/j07/ncas_obs_vol2/cao/processing/ncas-temperature-rh-1/data/long-term/level1d/2025/stfc-temperature-rh-1_cao_20250930_surface-met_v1.1.nc
/gws/pw/j07/ncas_obs_vol2/cao/raw_data/met_cao/data/long-term/2025/202510/CR1000XSeries_Chilbolton_Rxcabinmet1_20251001.dat
Parsed column names: ['TIMESTAMP', 'RECORD', 'BattV_Avg', 'PTemp_C_Avg', 'Air_T_Avg', 'RH_Avg', 'BP_mbar_Avg', 'WS_Avg', 'WD_Avg', 'SlrW_Avg', 'rg001dc_ch_Tot', 'rg006dc_ch_Tot', 'rg008dc_ch_Tot', 'rg009dc_ch_Tot', 'rg004tb_ch_Tot']
shape: (8_640, 3)
┌─────────────────────┬───────────┬────────┐
│ TIMESTAMP           ┆ Air_T_Avg ┆ RH_Avg │
│ ---                 ┆ ---       ┆ ---    │
│ datetime[μs]        ┆ f64       ┆ f64    │
╞═════════════════════╪═══════════╪════════╡
│ 2025-10-01 00:00:10 ┆ 282.19    ┆ 95.02  │
│ 2025-10-01 00:00:20 ┆ 282.17    ┆ 95.22  │
│ 2025-10-01 00:00:30 ┆ 282.17    ┆ 95.42  │
│ 2025-10-01 00:00:40 ┆ 282.15    ┆ 95.66  │
│ 2025-10-01 00:00:50 ┆ 282.13    ┆ 95.92  │
│ …                   ┆ …         ┆ …      │
│ 2025-10-01 23:59:20 ┆ 283.37    ┆ 99.98  │
│ 2025-10-01 23:59:30 ┆ 283.35    ┆ 99.98  │
│ 2025-10-01 23:59:40 ┆ 283.35    ┆ 100.0  │
│ 2025-10-01 23:59:50 ┆ 283.35    ┆ 99.98  │
│ 2025-10-02 00:00:00 ┆ 283.33    ┆ 99.98  │
└─────────────────────┴───────────┴────────┘
[INFO] Correcting the 'time' variable in the NetCDF file.
<class 'netCDF4.Variable'>
float64 time(time)
    units: seconds since 1970-01-01 00:00:00
    standard_name: time
    long_name: Time (seconds since 1970-01-01 00:00:00)
    axis: T
    valid_min: 1759276810.0
    valid_max: 1759363200.0
    calendar: standard
unlimited dimensions: 
current shape = (8640,)
filling on, default _FillValue of 9.969209968386869e+36 used
Flagged 0 points where air_temperature < 245.0K as bad data (qc_flag = 2).
Found 0 points already flagged as bad data (flag=2)
QC flags successfully added to /gws/pw/j07/ncas_obs_vol2/cao/processing/ncas-temperature-rh-1/data/long-term/level1d/2025/stfc-temperature-rh-1_cao_20251001_surface-met_v1.1.nc.
Updated time units to 'seconds since 1970-01-01 00:00:00' in /gws/pw/j07/ncas_obs_vol2/cao/processing/ncas-temperature-rh-1/data/long-term/level1d/2025/stfc-temperature-rh-1_cao_20251001_surface-met_v1.1.nc
/gws/pw/j07/ncas_obs_vol2/cao/raw_data/met_cao/data/long-term/2025/202510/CR1000XSeries_Chilbolton_Rxcabinmet1_20251002.dat
Parsed column names: ['TIMESTAMP', 'RECORD', 'BattV_Avg', 'PTemp_C_Avg', 'Air_T_Avg', 'RH_Avg', 'BP_mbar_Avg', 'WS_Avg', 'WD_Avg', 'SlrW_Avg', 'rg001dc_ch_Tot', 'rg006dc_ch_Tot', 'rg008dc_ch_Tot', 'rg009dc_ch_Tot', 'rg004tb_ch_Tot']
shape: (8_640, 3)
┌─────────────────────┬───────────┬────────┐
│ TIMESTAMP           ┆ Air_T_Avg ┆ RH_Avg │
│ ---                 ┆ ---       ┆ ---    │
│ datetime[μs]        ┆ f64       ┆ f64    │
╞═════════════════════╪═══════════╪════════╡
│ 2025-10-02 00:00:10 ┆ 283.33    ┆ 99.98  │
│ 2025-10-02 00:00:20 ┆ 283.31    ┆ 99.98  │
│ 2025-10-02 00:00:30 ┆ 283.31    ┆ 99.98  │
│ 2025-10-02 00:00:40 ┆ 283.29    ┆ 99.98  │
│ 2025-10-02 00:00:50 ┆ 283.29    ┆ 99.98  │
│ …                   ┆ …         ┆ …      │
│ 2025-10-02 23:59:20 ┆ 287.69    ┆ 88.22  │
│ 2025-10-02 23:59:30 ┆ 287.69    ┆ 88.12  │
│ 2025-10-02 23:59:40 ┆ 287.71    ┆ 88.02  │
│ 2025-10-02 23:59:50 ┆ 287.73    ┆ 87.96  │
│ 2025-10-03 00:00:00 ┆ 287.73    ┆ 87.92  │
└─────────────────────┴───────────┴────────┘
[INFO] Correcting the 'time' variable in the NetCDF file.
<class 'netCDF4.Variable'>
float64 time(time)
    units: seconds since 1970-01-01 00:00:00
    standard_name: time
    long_name: Time (seconds since 1970-01-01 00:00:00)
    axis: T
    valid_min: 1759363210.0
    valid_max: 1759449600.0
    calendar: standard
unlimited dimensions: 
current shape = (8640,)
filling on, default _FillValue of 9.969209968386869e+36 used
Flagged 0 points where air_temperature < 245.0K as bad data (qc_flag = 2).
Found 0 points already flagged as bad data (flag=2)
QC flags successfully added to /gws/pw/j07/ncas_obs_vol2/cao/processing/ncas-temperature-rh-1/data/long-term/level1d/2025/stfc-temperature-rh-1_cao_20251002_surface-met_v1.1.nc.
Updated time units to 'seconds since 1970-01-01 00:00:00' in /gws/pw/j07/ncas_obs_vol2/cao/processing/ncas-temperature-rh-1/data/long-term/level1d/2025/stfc-temperature-rh-1_cao_20251002_surface-met_v1.1.nc
/gws/pw/j07/ncas_obs_vol2/cao/raw_data/met_cao/data/long-term/2025/202510/CR1000XSeries_Chilbolton_Rxcabinmet1_20251003.dat
Parsed column names: ['TIMESTAMP', 'RECORD', 'BattV_Avg', 'PTemp_C_Avg', 'Air_T_Avg', 'RH_Avg', 'BP_mbar_Avg', 'WS_Avg', 'WD_Avg', 'SlrW_Avg', 'rg001dc_ch_Tot', 'rg006dc_ch_Tot', 'rg008dc_ch_Tot', 'rg009dc_ch_Tot', 'rg004tb_ch_Tot']
shape: (8_640, 3)
┌─────────────────────┬───────────┬────────┐
│ TIMESTAMP           ┆ Air_T_Avg ┆ RH_Avg │
│ ---                 ┆ ---       ┆ ---    │
│ datetime[μs]        ┆ f64       ┆ f64    │
╞═════════════════════╪═══════════╪════════╡
│ 2025-10-03 00:00:10 ┆ 287.73    ┆ 87.96  │
│ 2025-10-03 00:00:20 ┆ 287.73    ┆ 88.0   │
│ 2025-10-03 00:00:30 ┆ 287.75    ┆ 87.96  │
│ 2025-10-03 00:00:40 ┆ 287.77    ┆ 87.62  │
│ 2025-10-03 00:00:50 ┆ 287.77    ┆ 87.52  │
│ …                   ┆ …         ┆ …      │
│ 2025-10-03 23:59:20 ┆ 286.79    ┆ 92.0   │
│ 2025-10-03 23:59:30 ┆ 286.81    ┆ 92.16  │
│ 2025-10-03 23:59:40 ┆ 286.81    ┆ 92.6   │
│ 2025-10-03 23:59:50 ┆ 286.81    ┆ 92.7   │
│ 2025-10-04 00:00:00 ┆ 286.81    ┆ 92.46  │
└─────────────────────┴───────────┴────────┘
[INFO] Correcting the 'time' variable in the NetCDF file.
<class 'netCDF4.Variable'>
float64 time(time)
    units: seconds since 1970-01-01 00:00:00
    standard_name: time
    long_name: Time (seconds since 1970-01-01 00:00:00)
    axis: T
    valid_min: 1759449610.0
    valid_max: 1759536000.0
    calendar: standard
unlimited dimensions: 
current shape = (8640,)
filling on, default _FillValue of 9.969209968386869e+36 used
Flagged 0 points where air_temperature < 245.0K as bad data (qc_flag = 2).
Found 0 points already flagged as bad data (flag=2)
QC flags successfully added to /gws/pw/j07/ncas_obs_vol2/cao/processing/ncas-temperature-rh-1/data/long-term/level1d/2025/stfc-temperature-rh-1_cao_20251003_surface-met_v1.1.nc.
Updated time units to 'seconds since 1970-01-01 00:00:00' in /gws/pw/j07/ncas_obs_vol2/cao/processing/ncas-temperature-rh-1/data/long-term/level1d/2025/stfc-temperature-rh-1_cao_20251003_surface-met_v1.1.nc
/gws/pw/j07/ncas_obs_vol2/cao/raw_data/met_cao/data/long-term/2025/202510/CR1000XSeries_Chilbolton_Rxcabinmet1_20251004.dat
Parsed column names: ['TIMESTAMP', 'RECORD', 'BattV_Avg', 'PTemp_C_Avg', 'Air_T_Avg', 'RH_Avg', 'BP_mbar_Avg', 'WS_Avg', 'WD_Avg', 'SlrW_Avg', 'rg001dc_ch_Tot', 'rg006dc_ch_Tot', 'rg008dc_ch_Tot', 'rg009dc_ch_Tot', 'rg004tb_ch_Tot']
shape: (8_640, 3)
┌─────────────────────┬───────────┬────────┐
│ TIMESTAMP           ┆ Air_T_Avg ┆ RH_Avg │
│ ---                 ┆ ---       ┆ ---    │
│ datetime[μs]        ┆ f64       ┆ f64    │
╞═════════════════════╪═══════════╪════════╡
│ 2025-10-04 00:00:10 ┆ 286.81    ┆ 92.02  │
│ 2025-10-04 00:00:20 ┆ 286.81    ┆ 91.64  │
│ 2025-10-04 00:00:30 ┆ 286.81    ┆ 91.42  │
│ 2025-10-04 00:00:40 ┆ 286.81    ┆ 91.46  │
│ 2025-10-04 00:00:50 ┆ 286.81    ┆ 91.62  │
│ …                   ┆ …         ┆ …      │
│ 2025-10-04 23:59:20 ┆ 284.61    ┆ 73.44  │
│ 2025-10-04 23:59:30 ┆ 284.61    ┆ 73.72  │
│ 2025-10-04 23:59:40 ┆ 284.57    ┆ 74.18  │
│ 2025-10-04 23:59:50 ┆ 284.51    ┆ 74.52  │
│ 2025-10-05 00:00:00 ┆ 284.51    ┆ 74.18  │
└─────────────────────┴───────────┴────────┘
[INFO] Correcting the 'time' variable in the NetCDF file.
<class 'netCDF4.Variable'>
float64 time(time)
    units: seconds since 1970-01-01 00:00:00
    standard_name: time
    long_name: Time (seconds since 1970-01-01 00:00:00)
    axis: T
    valid_min: 1759536010.0
    valid_max: 1759622400.0
    calendar: standard
unlimited dimensions: 
current shape = (8640,)
filling on, default _FillValue of 9.969209968386869e+36 used
Flagged 0 points where air_temperature < 245.0K as bad data (qc_flag = 2).
Found 0 points already flagged as bad data (flag=2)
QC flags successfully added to /gws/pw/j07/ncas_obs_vol2/cao/processing/ncas-temperature-rh-1/data/long-term/level1d/2025/stfc-temperature-rh-1_cao_20251004_surface-met_v1.1.nc.
Updated time units to 'seconds since 1970-01-01 00:00:00' in /gws/pw/j07/ncas_obs_vol2/cao/processing/ncas-temperature-rh-1/data/long-term/level1d/2025/stfc-temperature-rh-1_cao_20251004_surface-met_v1.1.nc
/gws/pw/j07/ncas_obs_vol2/cao/raw_data/met_cao/data/long-term/2025/202510/CR1000XSeries_Chilbolton_Rxcabinmet1_20251005.dat
Parsed column names: ['TIMESTAMP', 'RECORD', 'BattV_Avg', 'PTemp_C_Avg', 'Air_T_Avg', 'RH_Avg', 'BP_mbar_Avg', 'WS_Avg', 'WD_Avg', 'SlrW_Avg', 'rg001dc_ch_Tot', 'rg006dc_ch_Tot', 'rg008dc_ch_Tot', 'rg009dc_ch_Tot', 'rg004tb_ch_Tot']
shape: (8_640, 3)
┌─────────────────────┬───────────┬────────┐
│ TIMESTAMP           ┆ Air_T_Avg ┆ RH_Avg │
│ ---                 ┆ ---       ┆ ---    │
│ datetime[μs]        ┆ f64       ┆ f64    │
╞═════════════════════╪═══════════╪════════╡
│ 2025-10-05 00:00:10 ┆ 284.51    ┆ 73.58  │
│ 2025-10-05 00:00:20 ┆ 284.51    ┆ 72.8   │
│ 2025-10-05 00:00:30 ┆ 284.51    ┆ 72.64  │
│ 2025-10-05 00:00:40 ┆ 284.53    ┆ 72.72  │
│ 2025-10-05 00:00:50 ┆ 284.59    ┆ 72.9   │
│ …                   ┆ …         ┆ …      │
│ 2025-10-05 23:59:20 ┆ 280.89    ┆ 94.54  │
│ 2025-10-05 23:59:30 ┆ 280.89    ┆ 94.58  │
│ 2025-10-05 23:59:40 ┆ 280.89    ┆ 94.8   │
│ 2025-10-05 23:59:50 ┆ 280.89    ┆ 95.06  │
│ 2025-10-06 00:00:00 ┆ 280.89    ┆ 95.22  │
└─────────────────────┴───────────┴────────┘
[INFO] Correcting the 'time' variable in the NetCDF file.
<class 'netCDF4.Variable'>
float64 time(time)
    units: seconds since 1970-01-01 00:00:00
    standard_name: time
    long_name: Time (seconds since 1970-01-01 00:00:00)
    axis: T
    valid_min: 1759622410.0
    valid_max: 1759708800.0
    calendar: standard
unlimited dimensions: 
current shape = (8640,)
filling on, default _FillValue of 9.969209968386869e+36 used
Flagged 0 points where air_temperature < 245.0K as bad data (qc_flag = 2).
Found 0 points already flagged as bad data (flag=2)
QC flags successfully added to /gws/pw/j07/ncas_obs_vol2/cao/processing/ncas-temperature-rh-1/data/long-term/level1d/2025/stfc-temperature-rh-1_cao_20251005_surface-met_v1.1.nc.
Updated time units to 'seconds since 1970-01-01 00:00:00' in /gws/pw/j07/ncas_obs_vol2/cao/processing/ncas-temperature-rh-1/data/long-term/level1d/2025/stfc-temperature-rh-1_cao_20251005_surface-met_v1.1.nc
/gws/pw/j07/ncas_obs_vol2/cao/raw_data/met_cao/data/long-term/2025/202510/CR1000XSeries_Chilbolton_Rxcabinmet1_20251006.dat
Parsed column names: ['TIMESTAMP', 'RECORD', 'BattV_Avg', 'PTemp_C_Avg', 'Air_T_Avg', 'RH_Avg', 'BP_mbar_Avg', 'WS_Avg', 'WD_Avg', 'SlrW_Avg', 'rg001dc_ch_Tot', 'rg006dc_ch_Tot', 'rg008dc_ch_Tot', 'rg009dc_ch_Tot', 'rg004tb_ch_Tot']
shape: (8_640, 3)
┌─────────────────────┬───────────┬────────┐
│ TIMESTAMP           ┆ Air_T_Avg ┆ RH_Avg │
│ ---                 ┆ ---       ┆ ---    │
│ datetime[μs]        ┆ f64       ┆ f64    │
╞═════════════════════╪═══════════╪════════╡
│ 2025-10-06 00:00:10 ┆ 280.87    ┆ 95.22  │
│ 2025-10-06 00:00:20 ┆ 280.87    ┆ 95.08  │
│ 2025-10-06 00:00:30 ┆ 280.87    ┆ 94.76  │
│ 2025-10-06 00:00:40 ┆ 280.87    ┆ 94.64  │
│ 2025-10-06 00:00:50 ┆ 280.87    ┆ 94.68  │
│ …                   ┆ …         ┆ …      │
│ 2025-10-06 23:59:20 ┆ 284.75    ┆ 94.88  │
│ 2025-10-06 23:59:30 ┆ 284.75    ┆ 94.8   │
│ 2025-10-06 23:59:40 ┆ 284.73    ┆ 94.76  │
│ 2025-10-06 23:59:50 ┆ 284.73    ┆ 94.76  │
│ 2025-10-07 00:00:00 ┆ 284.71    ┆ 94.74  │
└─────────────────────┴───────────┴────────┘
[INFO] Correcting the 'time' variable in the NetCDF file.
<class 'netCDF4.Variable'>
float64 time(time)
    units: seconds since 1970-01-01 00:00:00
    standard_name: time
    long_name: Time (seconds since 1970-01-01 00:00:00)
    axis: T
    valid_min: 1759708810.0
    valid_max: 1759795200.0
    calendar: standard
unlimited dimensions: 
current shape = (8640,)
filling on, default _FillValue of 9.969209968386869e+36 used
Flagged 0 points where air_temperature < 245.0K as bad data (qc_flag = 2).
Found 0 points already flagged as bad data (flag=2)
QC flags successfully added to /gws/pw/j07/ncas_obs_vol2/cao/processing/ncas-temperature-rh-1/data/long-term/level1d/2025/stfc-temperature-rh-1_cao_20251006_surface-met_v1.1.nc.
Updated time units to 'seconds since 1970-01-01 00:00:00' in /gws/pw/j07/ncas_obs_vol2/cao/processing/ncas-temperature-rh-1/data/long-term/level1d/2025/stfc-temperature-rh-1_cao_20251006_surface-met_v1.1.nc
/gws/pw/j07/ncas_obs_vol2/cao/raw_data/met_cao/data/long-term/2025/202510/CR1000XSeries_Chilbolton_Rxcabinmet1_20251007.dat
Parsed column names: ['TIMESTAMP', 'RECORD', 'BattV_Avg', 'PTemp_C_Avg', 'Air_T_Avg', 'RH_Avg', 'BP_mbar_Avg', 'WS_Avg', 'WD_Avg', 'SlrW_Avg', 'rg001dc_ch_Tot', 'rg006dc_ch_Tot', 'rg008dc_ch_Tot', 'rg009dc_ch_Tot', 'rg004tb_ch_Tot']
shape: (8_640, 3)
┌─────────────────────┬───────────┬────────┐
│ TIMESTAMP           ┆ Air_T_Avg ┆ RH_Avg │
│ ---                 ┆ ---       ┆ ---    │
│ datetime[μs]        ┆ f64       ┆ f64    │
╞═════════════════════╪═══════════╪════════╡
│ 2025-10-07 00:00:10 ┆ 284.69    ┆ 94.6   │
│ 2025-10-07 00:00:20 ┆ 284.69    ┆ 94.48  │
│ 2025-10-07 00:00:30 ┆ 284.69    ┆ 94.46  │
│ 2025-10-07 00:00:40 ┆ 284.69    ┆ 94.52  │
│ 2025-10-07 00:00:50 ┆ 284.69    ┆ 94.58  │
│ …                   ┆ …         ┆ …      │
│ 2025-10-07 23:59:20 ┆ 284.17    ┆ 95.64  │
│ 2025-10-07 23:59:30 ┆ 284.17    ┆ 95.46  │
│ 2025-10-07 23:59:40 ┆ 284.17    ┆ 95.3   │
│ 2025-10-07 23:59:50 ┆ 284.19    ┆ 95.16  │
│ 2025-10-08 00:00:00 ┆ 284.19    ┆ 95.06  │
└─────────────────────┴───────────┴────────┘
[INFO] Correcting the 'time' variable in the NetCDF file.
<class 'netCDF4.Variable'>
float64 time(time)
    units: seconds since 1970-01-01 00:00:00
    standard_name: time
    long_name: Time (seconds since 1970-01-01 00:00:00)
    axis: T
    valid_min: 1759795210.0
    valid_max: 1759881600.0
    calendar: standard
unlimited dimensions: 
current shape = (8640,)
filling on, default _FillValue of 9.969209968386869e+36 used
Flagged 0 points where air_temperature < 245.0K as bad data (qc_flag = 2).
Found 0 points already flagged as bad data (flag=2)
QC flags successfully added to /gws/pw/j07/ncas_obs_vol2/cao/processing/ncas-temperature-rh-1/data/long-term/level1d/2025/stfc-temperature-rh-1_cao_20251007_surface-met_v1.1.nc.
Updated time units to 'seconds since 1970-01-01 00:00:00' in /gws/pw/j07/ncas_obs_vol2/cao/processing/ncas-temperature-rh-1/data/long-term/level1d/2025/stfc-temperature-rh-1_cao_20251007_surface-met_v1.1.nc
/gws/pw/j07/ncas_obs_vol2/cao/raw_data/met_cao/data/long-term/2025/202510/CR1000XSeries_Chilbolton_Rxcabinmet1_20251008.dat
Parsed column names: ['TIMESTAMP', 'RECORD', 'BattV_Avg', 'PTemp_C_Avg', 'Air_T_Avg', 'RH_Avg', 'BP_mbar_Avg', 'WS_Avg', 'WD_Avg', 'SlrW_Avg', 'rg001dc_ch_Tot', 'rg006dc_ch_Tot', 'rg008dc_ch_Tot', 'rg009dc_ch_Tot', 'rg004tb_ch_Tot']
shape: (8_640, 3)
┌─────────────────────┬───────────┬────────┐
│ TIMESTAMP           ┆ Air_T_Avg ┆ RH_Avg │
│ ---                 ┆ ---       ┆ ---    │
│ datetime[μs]        ┆ f64       ┆ f64    │
╞═════════════════════╪═══════════╪════════╡
│ 2025-10-08 00:00:10 ┆ 284.19    ┆ 95.04  │
│ 2025-10-08 00:00:20 ┆ 284.19    ┆ 95.04  │
│ 2025-10-08 00:00:30 ┆ 284.19    ┆ 95.0   │
│ 2025-10-08 00:00:40 ┆ 284.19    ┆ 95.08  │
│ 2025-10-08 00:00:50 ┆ 284.21    ┆ 95.04  │
│ …                   ┆ …         ┆ …      │
│ 2025-10-08 23:59:20 ┆ 282.85    ┆ 96.08  │
│ 2025-10-08 23:59:30 ┆ 282.83    ┆ 95.8   │
│ 2025-10-08 23:59:40 ┆ 282.83    ┆ 95.48  │
│ 2025-10-08 23:59:50 ┆ 282.83    ┆ 95.3   │
│ 2025-10-09 00:00:00 ┆ 282.81    ┆ 95.48  │
└─────────────────────┴───────────┴────────┘
[INFO] Correcting the 'time' variable in the NetCDF file.
<class 'netCDF4.Variable'>
float64 time(time)
    units: seconds since 1970-01-01 00:00:00
    standard_name: time
    long_name: Time (seconds since 1970-01-01 00:00:00)
    axis: T
    valid_min: 1759881610.0
    valid_max: 1759968000.0
    calendar: standard
unlimited dimensions: 
current shape = (8640,)
filling on, default _FillValue of 9.969209968386869e+36 used
Flagged 0 points where air_temperature < 245.0K as bad data (qc_flag = 2).
Found 0 points already flagged as bad data (flag=2)
QC flags successfully added to /gws/pw/j07/ncas_obs_vol2/cao/processing/ncas-temperature-rh-1/data/long-term/level1d/2025/stfc-temperature-rh-1_cao_20251008_surface-met_v1.1.nc.
Updated time units to 'seconds since 1970-01-01 00:00:00' in /gws/pw/j07/ncas_obs_vol2/cao/processing/ncas-temperature-rh-1/data/long-term/level1d/2025/stfc-temperature-rh-1_cao_20251008_surface-met_v1.1.nc
/gws/pw/j07/ncas_obs_vol2/cao/raw_data/met_cao/data/long-term/2025/202510/CR1000XSeries_Chilbolton_Rxcabinmet1_20251009.dat
Parsed column names: ['TIMESTAMP', 'RECORD', 'BattV_Avg', 'PTemp_C_Avg', 'Air_T_Avg', 'RH_Avg', 'BP_mbar_Avg', 'WS_Avg', 'WD_Avg', 'SlrW_Avg', 'rg001dc_ch_Tot', 'rg006dc_ch_Tot', 'rg008dc_ch_Tot', 'rg009dc_ch_Tot', 'rg004tb_ch_Tot']
shape: (8_640, 3)
┌─────────────────────┬───────────┬────────┐
│ TIMESTAMP           ┆ Air_T_Avg ┆ RH_Avg │
│ ---                 ┆ ---       ┆ ---    │
│ datetime[μs]        ┆ f64       ┆ f64    │
╞═════════════════════╪═══════════╪════════╡
│ 2025-10-09 00:00:10 ┆ 282.79    ┆ 95.74  │
│ 2025-10-09 00:00:20 ┆ 282.79    ┆ 95.92  │
│ 2025-10-09 00:00:30 ┆ 282.79    ┆ 96.22  │
│ 2025-10-09 00:00:40 ┆ 282.77    ┆ 96.38  │
│ 2025-10-09 00:00:50 ┆ 282.79    ┆ 96.26  │
│ …                   ┆ …         ┆ …      │
│ 2025-10-09 23:59:20 ┆ 286.19    ┆ 84.58  │
│ 2025-10-09 23:59:30 ┆ 286.19    ┆ 84.78  │
│ 2025-10-09 23:59:40 ┆ 286.17    ┆ 84.9   │
│ 2025-10-09 23:59:50 ┆ 286.17    ┆ 85.02  │
│ 2025-10-10 00:00:00 ┆ 286.17    ┆ 84.98  │
└─────────────────────┴───────────┴────────┘
[INFO] Correcting the 'time' variable in the NetCDF file.
<class 'netCDF4.Variable'>
float64 time(time)
    units: seconds since 1970-01-01 00:00:00
    standard_name: time
    long_name: Time (seconds since 1970-01-01 00:00:00)
    axis: T
    valid_min: 1759968010.0
    valid_max: 1760054400.0
    calendar: standard
unlimited dimensions: 
current shape = (8640,)
filling on, default _FillValue of 9.969209968386869e+36 used
Flagged 0 points where air_temperature < 245.0K as bad data (qc_flag = 2).
Found 0 points already flagged as bad data (flag=2)
QC flags successfully added to /gws/pw/j07/ncas_obs_vol2/cao/processing/ncas-temperature-rh-1/data/long-term/level1d/2025/stfc-temperature-rh-1_cao_20251009_surface-met_v1.1.nc.
Updated time units to 'seconds since 1970-01-01 00:00:00' in /gws/pw/j07/ncas_obs_vol2/cao/processing/ncas-temperature-rh-1/data/long-term/level1d/2025/stfc-temperature-rh-1_cao_20251009_surface-met_v1.1.nc
/gws/pw/j07/ncas_obs_vol2/cao/raw_data/met_cao/data/long-term/2025/202510/CR1000XSeries_Chilbolton_Rxcabinmet1_20251010.dat
Parsed column names: ['TIMESTAMP', 'RECORD', 'BattV_Avg', 'PTemp_C_Avg', 'Air_T_Avg', 'RH_Avg', 'BP_mbar_Avg', 'WS_Avg', 'WD_Avg', 'SlrW_Avg', 'rg001dc_ch_Tot', 'rg006dc_ch_Tot', 'rg008dc_ch_Tot', 'rg009dc_ch_Tot', 'rg004tb_ch_Tot']
shape: (8_640, 3)
┌─────────────────────┬───────────┬────────┐
│ TIMESTAMP           ┆ Air_T_Avg ┆ RH_Avg │
│ ---                 ┆ ---       ┆ ---    │
│ datetime[μs]        ┆ f64       ┆ f64    │
╞═════════════════════╪═══════════╪════════╡
│ 2025-10-10 00:00:10 ┆ 286.19    ┆ 84.88  │
│ 2025-10-10 00:00:20 ┆ 286.19    ┆ 84.8   │
│ 2025-10-10 00:00:30 ┆ 286.19    ┆ 84.78  │
│ 2025-10-10 00:00:40 ┆ 286.19    ┆ 84.66  │
│ 2025-10-10 00:00:50 ┆ 286.21    ┆ 84.44  │
│ …                   ┆ …         ┆ …      │
│ 2025-10-10 23:59:20 ┆ 285.59    ┆ 77.36  │
│ 2025-10-10 23:59:30 ┆ 285.57    ┆ 77.46  │
│ 2025-10-10 23:59:40 ┆ 285.57    ┆ 77.68  │
│ 2025-10-10 23:59:50 ┆ 285.57    ┆ 77.88  │
│ 2025-10-11 00:00:00 ┆ 285.55    ┆ 77.94  │
└─────────────────────┴───────────┴────────┘
[INFO] Correcting the 'time' variable in the NetCDF file.
<class 'netCDF4.Variable'>
float64 time(time)
    units: seconds since 1970-01-01 00:00:00
    standard_name: time
    long_name: Time (seconds since 1970-01-01 00:00:00)
    axis: T
    valid_min: 1760054410.0
    valid_max: 1760140800.0
    calendar: standard
unlimited dimensions: 
current shape = (8640,)
filling on, default _FillValue of 9.969209968386869e+36 used
Flagged 0 points where air_temperature < 245.0K as bad data (qc_flag = 2).
Found 0 points already flagged as bad data (flag=2)
QC flags successfully added to /gws/pw/j07/ncas_obs_vol2/cao/processing/ncas-temperature-rh-1/data/long-term/level1d/2025/stfc-temperature-rh-1_cao_20251010_surface-met_v1.1.nc.
Updated time units to 'seconds since 1970-01-01 00:00:00' in /gws/pw/j07/ncas_obs_vol2/cao/processing/ncas-temperature-rh-1/data/long-term/level1d/2025/stfc-temperature-rh-1_cao_20251010_surface-met_v1.1.nc
/gws/pw/j07/ncas_obs_vol2/cao/raw_data/met_cao/data/long-term/2025/202510/CR1000XSeries_Chilbolton_Rxcabinmet1_20251011.dat
Parsed column names: ['TIMESTAMP', 'RECORD', 'BattV_Avg', 'PTemp_C_Avg', 'Air_T_Avg', 'RH_Avg', 'BP_mbar_Avg', 'WS_Avg', 'WD_Avg', 'SlrW_Avg', 'rg001dc_ch_Tot', 'rg006dc_ch_Tot', 'rg008dc_ch_Tot', 'rg009dc_ch_Tot', 'rg004tb_ch_Tot']
shape: (8_640, 3)
┌─────────────────────┬───────────┬────────┐
│ TIMESTAMP           ┆ Air_T_Avg ┆ RH_Avg │
│ ---                 ┆ ---       ┆ ---    │
│ datetime[μs]        ┆ f64       ┆ f64    │
╞═════════════════════╪═══════════╪════════╡
│ 2025-10-11 00:00:10 ┆ 285.55    ┆ 78.02  │
│ 2025-10-11 00:00:20 ┆ 285.55    ┆ 78.18  │
│ 2025-10-11 00:00:30 ┆ 285.55    ┆ 78.28  │
│ 2025-10-11 00:00:40 ┆ 285.53    ┆ 78.38  │
│ 2025-10-11 00:00:50 ┆ 285.51    ┆ 78.52  │
│ …                   ┆ …         ┆ …      │
│ 2025-10-11 23:59:20 ┆ 279.21    ┆ 99.4   │
│ 2025-10-11 23:59:30 ┆ 279.21    ┆ 99.72  │
│ 2025-10-11 23:59:40 ┆ 279.19    ┆ 99.96  │
│ 2025-10-11 23:59:50 ┆ 279.21    ┆ 99.96  │
│ 2025-10-12 00:00:00 ┆ 279.23    ┆ 99.96  │
└─────────────────────┴───────────┴────────┘
[INFO] Correcting the 'time' variable in the NetCDF file.
<class 'netCDF4.Variable'>
float64 time(time)
    units: seconds since 1970-01-01 00:00:00
    standard_name: time
    long_name: Time (seconds since 1970-01-01 00:00:00)
    axis: T
    valid_min: 1760140810.0
    valid_max: 1760227200.0
    calendar: standard
unlimited dimensions: 
current shape = (8640,)
filling on, default _FillValue of 9.969209968386869e+36 used
Flagged 0 points where air_temperature < 245.0K as bad data (qc_flag = 2).
Found 0 points already flagged as bad data (flag=2)
QC flags successfully added to /gws/pw/j07/ncas_obs_vol2/cao/processing/ncas-temperature-rh-1/data/long-term/level1d/2025/stfc-temperature-rh-1_cao_20251011_surface-met_v1.1.nc.
Updated time units to 'seconds since 1970-01-01 00:00:00' in /gws/pw/j07/ncas_obs_vol2/cao/processing/ncas-temperature-rh-1/data/long-term/level1d/2025/stfc-temperature-rh-1_cao_20251011_surface-met_v1.1.nc
/gws/pw/j07/ncas_obs_vol2/cao/raw_data/met_cao/data/long-term/2025/202510/CR1000XSeries_Chilbolton_Rxcabinmet1_20251012.dat
Parsed column names: ['TIMESTAMP', 'RECORD', 'BattV_Avg', 'PTemp_C_Avg', 'Air_T_Avg', 'RH_Avg', 'BP_mbar_Avg', 'WS_Avg', 'WD_Avg', 'SlrW_Avg', 'rg001dc_ch_Tot', 'rg006dc_ch_Tot', 'rg008dc_ch_Tot', 'rg009dc_ch_Tot', 'rg004tb_ch_Tot']
shape: (8_640, 3)
┌─────────────────────┬───────────┬────────┐
│ TIMESTAMP           ┆ Air_T_Avg ┆ RH_Avg │
│ ---                 ┆ ---       ┆ ---    │
│ datetime[μs]        ┆ f64       ┆ f64    │
╞═════════════════════╪═══════════╪════════╡
│ 2025-10-12 00:00:10 ┆ 279.25    ┆ 99.94  │
│ 2025-10-12 00:00:20 ┆ 279.23    ┆ 99.86  │
│ 2025-10-12 00:00:30 ┆ 279.23    ┆ 99.76  │
│ 2025-10-12 00:00:40 ┆ 279.21    ┆ 99.6   │
│ 2025-10-12 00:00:50 ┆ 279.21    ┆ 99.52  │
│ …                   ┆ …         ┆ …      │
│ 2025-10-12 23:59:20 ┆ 282.65    ┆ 98.9   │
│ 2025-10-12 23:59:30 ┆ 282.65    ┆ 98.76  │
│ 2025-10-12 23:59:40 ┆ 282.65    ┆ 98.58  │
│ 2025-10-12 23:59:50 ┆ 282.65    ┆ 98.28  │
│ 2025-10-13 00:00:00 ┆ 282.65    ┆ 98.04  │
└─────────────────────┴───────────┴────────┘
[INFO] Correcting the 'time' variable in the NetCDF file.
<class 'netCDF4.Variable'>
float64 time(time)
    units: seconds since 1970-01-01 00:00:00
    standard_name: time
    long_name: Time (seconds since 1970-01-01 00:00:00)
    axis: T
    valid_min: 1760227210.0
    valid_max: 1760313600.0
    calendar: standard
unlimited dimensions: 
current shape = (8640,)
filling on, default _FillValue of 9.969209968386869e+36 used
Flagged 0 points where air_temperature < 245.0K as bad data (qc_flag = 2).
Found 0 points already flagged as bad data (flag=2)
QC flags successfully added to /gws/pw/j07/ncas_obs_vol2/cao/processing/ncas-temperature-rh-1/data/long-term/level1d/2025/stfc-temperature-rh-1_cao_20251012_surface-met_v1.1.nc.
Updated time units to 'seconds since 1970-01-01 00:00:00' in /gws/pw/j07/ncas_obs_vol2/cao/processing/ncas-temperature-rh-1/data/long-term/level1d/2025/stfc-temperature-rh-1_cao_20251012_surface-met_v1.1.nc
/gws/pw/j07/ncas_obs_vol2/cao/raw_data/met_cao/data/long-term/2025/202510/CR1000XSeries_Chilbolton_Rxcabinmet1_20251013.dat
Parsed column names: ['TIMESTAMP', 'RECORD', 'BattV_Avg', 'PTemp_C_Avg', 'Air_T_Avg', 'RH_Avg', 'BP_mbar_Avg', 'WS_Avg', 'WD_Avg', 'SlrW_Avg', 'rg001dc_ch_Tot', 'rg006dc_ch_Tot', 'rg008dc_ch_Tot', 'rg009dc_ch_Tot', 'rg004tb_ch_Tot']
shape: (8_640, 3)
┌─────────────────────┬───────────┬────────┐
│ TIMESTAMP           ┆ Air_T_Avg ┆ RH_Avg │
│ ---                 ┆ ---       ┆ ---    │
│ datetime[μs]        ┆ f64       ┆ f64    │
╞═════════════════════╪═══════════╪════════╡
│ 2025-10-13 00:00:10 ┆ 282.65    ┆ 98.16  │
│ 2025-10-13 00:00:20 ┆ 282.67    ┆ 98.3   │
│ 2025-10-13 00:00:30 ┆ 282.65    ┆ 98.52  │
│ 2025-10-13 00:00:40 ┆ 282.65    ┆ 98.88  │
│ 2025-10-13 00:00:50 ┆ 282.65    ┆ 99.16  │
│ …                   ┆ …         ┆ …      │
│ 2025-10-13 23:59:20 ┆ 285.97    ┆ 92.92  │
│ 2025-10-13 23:59:30 ┆ 285.99    ┆ 92.86  │
│ 2025-10-13 23:59:40 ┆ 285.97    ┆ 92.82  │
│ 2025-10-13 23:59:50 ┆ 285.97    ┆ 92.84  │
│ 2025-10-14 00:00:00 ┆ 285.97    ┆ 92.92  │
└─────────────────────┴───────────┴────────┘
[INFO] Correcting the 'time' variable in the NetCDF file.
<class 'netCDF4.Variable'>
float64 time(time)
    units: seconds since 1970-01-01 00:00:00
    standard_name: time
    long_name: Time (seconds since 1970-01-01 00:00:00)
    axis: T
    valid_min: 1760313610.0
    valid_max: 1760400000.0
    calendar: standard
unlimited dimensions: 
current shape = (8640,)
filling on, default _FillValue of 9.969209968386869e+36 used
Flagged 0 points where air_temperature < 245.0K as bad data (qc_flag = 2).
Found 0 points already flagged as bad data (flag=2)
QC flags successfully added to /gws/pw/j07/ncas_obs_vol2/cao/processing/ncas-temperature-rh-1/data/long-term/level1d/2025/stfc-temperature-rh-1_cao_20251013_surface-met_v1.1.nc.
Updated time units to 'seconds since 1970-01-01 00:00:00' in /gws/pw/j07/ncas_obs_vol2/cao/processing/ncas-temperature-rh-1/data/long-term/level1d/2025/stfc-temperature-rh-1_cao_20251013_surface-met_v1.1.nc
/gws/pw/j07/ncas_obs_vol2/cao/raw_data/met_cao/data/long-term/2025/202510/CR1000XSeries_Chilbolton_Rxcabinmet1_20251014.dat
Parsed column names: ['TIMESTAMP', 'RECORD', 'BattV_Avg', 'PTemp_C_Avg', 'Air_T_Avg', 'RH_Avg', 'BP_mbar_Avg', 'WS_Avg', 'WD_Avg', 'SlrW_Avg', 'rg001dc_ch_Tot', 'rg006dc_ch_Tot', 'rg008dc_ch_Tot', 'rg009dc_ch_Tot', 'rg004tb_ch_Tot']
shape: (8_640, 3)
┌─────────────────────┬───────────┬────────┐
│ TIMESTAMP           ┆ Air_T_Avg ┆ RH_Avg │
│ ---                 ┆ ---       ┆ ---    │
│ datetime[μs]        ┆ f64       ┆ f64    │
╞═════════════════════╪═══════════╪════════╡
│ 2025-10-14 00:00:10 ┆ 285.97    ┆ 93.1   │
│ 2025-10-14 00:00:20 ┆ 285.99    ┆ 93.24  │
│ 2025-10-14 00:00:30 ┆ 285.99    ┆ 93.16  │
│ 2025-10-14 00:00:40 ┆ 285.99    ┆ 93.08  │
│ 2025-10-14 00:00:50 ┆ 285.97    ┆ 93.0   │
│ …                   ┆ …         ┆ …      │
│ 2025-10-14 23:59:20 ┆ 283.17    ┆ 82.56  │
│ 2025-10-14 23:59:30 ┆ 283.17    ┆ 82.48  │
│ 2025-10-14 23:59:40 ┆ 283.17    ┆ 82.4   │
│ 2025-10-14 23:59:50 ┆ 283.17    ┆ 82.28  │
│ 2025-10-15 00:00:00 ┆ 283.17    ┆ 82.34  │
└─────────────────────┴───────────┴────────┘
[INFO] Correcting the 'time' variable in the NetCDF file.
<class 'netCDF4.Variable'>
float64 time(time)
    units: seconds since 1970-01-01 00:00:00
    standard_name: time
    long_name: Time (seconds since 1970-01-01 00:00:00)
    axis: T
    valid_min: 1760400010.0
    valid_max: 1760486400.0
    calendar: standard
unlimited dimensions: 
current shape = (8640,)
filling on, default _FillValue of 9.969209968386869e+36 used
Flagged 0 points where air_temperature < 245.0K as bad data (qc_flag = 2).
Found 0 points already flagged as bad data (flag=2)
QC flags successfully added to /gws/pw/j07/ncas_obs_vol2/cao/processing/ncas-temperature-rh-1/data/long-term/level1d/2025/stfc-temperature-rh-1_cao_20251014_surface-met_v1.1.nc.
Updated time units to 'seconds since 1970-01-01 00:00:00' in /gws/pw/j07/ncas_obs_vol2/cao/processing/ncas-temperature-rh-1/data/long-term/level1d/2025/stfc-temperature-rh-1_cao_20251014_surface-met_v1.1.nc
/gws/pw/j07/ncas_obs_vol2/cao/raw_data/met_cao/data/long-term/2025/202510/CR1000XSeries_Chilbolton_Rxcabinmet1_20251015.dat
Parsed column names: ['TIMESTAMP', 'RECORD', 'BattV_Avg', 'PTemp_C_Avg', 'Air_T_Avg', 'RH_Avg', 'BP_mbar_Avg', 'WS_Avg', 'WD_Avg', 'SlrW_Avg', 'rg001dc_ch_Tot', 'rg006dc_ch_Tot', 'rg008dc_ch_Tot', 'rg009dc_ch_Tot', 'rg004tb_ch_Tot']
shape: (8_640, 3)
┌─────────────────────┬───────────┬────────┐
│ TIMESTAMP           ┆ Air_T_Avg ┆ RH_Avg │
│ ---                 ┆ ---       ┆ ---    │
│ datetime[μs]        ┆ f64       ┆ f64    │
╞═════════════════════╪═══════════╪════════╡
│ 2025-10-15 00:00:10 ┆ 283.17    ┆ 82.42  │
│ 2025-10-15 00:00:20 ┆ 283.17    ┆ 82.54  │
│ 2025-10-15 00:00:30 ┆ 283.17    ┆ 82.66  │
│ 2025-10-15 00:00:40 ┆ 283.17    ┆ 82.84  │
│ 2025-10-15 00:00:50 ┆ 283.15    ┆ 83.1   │
│ …                   ┆ …         ┆ …      │
│ 2025-10-15 23:59:20 ┆ 283.53    ┆ 82.9   │
│ 2025-10-15 23:59:30 ┆ 283.53    ┆ 82.86  │
│ 2025-10-15 23:59:40 ┆ 283.53    ┆ 82.8   │
│ 2025-10-15 23:59:50 ┆ 283.55    ┆ 82.68  │
│ 2025-10-16 00:00:00 ┆ 283.55    ┆ 82.6   │
└─────────────────────┴───────────┴────────┘
[INFO] Correcting the 'time' variable in the NetCDF file.
<class 'netCDF4.Variable'>
float64 time(time)
    units: seconds since 1970-01-01 00:00:00
    standard_name: time
    long_name: Time (seconds since 1970-01-01 00:00:00)
    axis: T
    valid_min: 1760486410.0
    valid_max: 1760572800.0
    calendar: standard
unlimited dimensions: 
current shape = (8640,)
filling on, default _FillValue of 9.969209968386869e+36 used
Flagged 0 points where air_temperature < 245.0K as bad data (qc_flag = 2).
Found 0 points already flagged as bad data (flag=2)
QC flags successfully added to /gws/pw/j07/ncas_obs_vol2/cao/processing/ncas-temperature-rh-1/data/long-term/level1d/2025/stfc-temperature-rh-1_cao_20251015_surface-met_v1.1.nc.
Updated time units to 'seconds since 1970-01-01 00:00:00' in /gws/pw/j07/ncas_obs_vol2/cao/processing/ncas-temperature-rh-1/data/long-term/level1d/2025/stfc-temperature-rh-1_cao_20251015_surface-met_v1.1.nc
/gws/pw/j07/ncas_obs_vol2/cao/raw_data/met_cao/data/long-term/2025/202510/CR1000XSeries_Chilbolton_Rxcabinmet1_20251016.dat
Parsed column names: ['TIMESTAMP', 'RECORD', 'BattV_Avg', 'PTemp_C_Avg', 'Air_T_Avg', 'RH_Avg', 'BP_mbar_Avg', 'WS_Avg', 'WD_Avg', 'SlrW_Avg', 'rg001dc_ch_Tot', 'rg006dc_ch_Tot', 'rg008dc_ch_Tot', 'rg009dc_ch_Tot', 'rg004tb_ch_Tot']
shape: (8_640, 3)
┌─────────────────────┬───────────┬────────┐
│ TIMESTAMP           ┆ Air_T_Avg ┆ RH_Avg │
│ ---                 ┆ ---       ┆ ---    │
│ datetime[μs]        ┆ f64       ┆ f64    │
╞═════════════════════╪═══════════╪════════╡
│ 2025-10-16 00:00:10 ┆ 283.55    ┆ 82.48  │
│ 2025-10-16 00:00:20 ┆ 283.57    ┆ 82.38  │
│ 2025-10-16 00:00:30 ┆ 283.57    ┆ 82.34  │
│ 2025-10-16 00:00:40 ┆ 283.57    ┆ 82.34  │
│ 2025-10-16 00:00:50 ┆ 283.57    ┆ 82.46  │
│ …                   ┆ …         ┆ …      │
│ 2025-10-16 23:59:20 ┆ 284.83    ┆ 89.28  │
│ 2025-10-16 23:59:30 ┆ 284.83    ┆ 89.3   │
│ 2025-10-16 23:59:40 ┆ 284.83    ┆ 89.34  │
│ 2025-10-16 23:59:50 ┆ 284.81    ┆ 89.44  │
│ 2025-10-17 00:00:00 ┆ 284.83    ┆ 89.64  │
└─────────────────────┴───────────┴────────┘
[INFO] Correcting the 'time' variable in the NetCDF file.
<class 'netCDF4.Variable'>
float64 time(time)
    units: seconds since 1970-01-01 00:00:00
    standard_name: time
    long_name: Time (seconds since 1970-01-01 00:00:00)
    axis: T
    valid_min: 1760572810.0
    valid_max: 1760659200.0
    calendar: standard
unlimited dimensions: 
current shape = (8640,)
filling on, default _FillValue of 9.969209968386869e+36 used
Flagged 0 points where air_temperature < 245.0K as bad data (qc_flag = 2).
Found 0 points already flagged as bad data (flag=2)
QC flags successfully added to /gws/pw/j07/ncas_obs_vol2/cao/processing/ncas-temperature-rh-1/data/long-term/level1d/2025/stfc-temperature-rh-1_cao_20251016_surface-met_v1.1.nc.
Updated time units to 'seconds since 1970-01-01 00:00:00' in /gws/pw/j07/ncas_obs_vol2/cao/processing/ncas-temperature-rh-1/data/long-term/level1d/2025/stfc-temperature-rh-1_cao_20251016_surface-met_v1.1.nc
/gws/pw/j07/ncas_obs_vol2/cao/raw_data/met_cao/data/long-term/2025/202510/CR1000XSeries_Chilbolton_Rxcabinmet1_20251017.dat
Parsed column names: ['TIMESTAMP', 'RECORD', 'BattV_Avg', 'PTemp_C_Avg', 'Air_T_Avg', 'RH_Avg', 'BP_mbar_Avg', 'WS_Avg', 'WD_Avg', 'SlrW_Avg', 'rg001dc_ch_Tot', 'rg006dc_ch_Tot', 'rg008dc_ch_Tot', 'rg009dc_ch_Tot', 'rg004tb_ch_Tot']
shape: (8_640, 3)
┌─────────────────────┬───────────┬────────┐
│ TIMESTAMP           ┆ Air_T_Avg ┆ RH_Avg │
│ ---                 ┆ ---       ┆ ---    │
│ datetime[μs]        ┆ f64       ┆ f64    │
╞═════════════════════╪═══════════╪════════╡
│ 2025-10-17 00:00:10 ┆ 284.81    ┆ 89.92  │
│ 2025-10-17 00:00:20 ┆ 284.83    ┆ 89.86  │
│ 2025-10-17 00:00:30 ┆ 284.81    ┆ 89.76  │
│ 2025-10-17 00:00:40 ┆ 284.81    ┆ 89.64  │
│ 2025-10-17 00:00:50 ┆ 284.81    ┆ 89.52  │
│ …                   ┆ …         ┆ …      │
│ 2025-10-17 23:59:20 ┆ 284.45    ┆ 79.78  │
│ 2025-10-17 23:59:30 ┆ 284.45    ┆ 79.84  │
│ 2025-10-17 23:59:40 ┆ 284.43    ┆ 79.92  │
│ 2025-10-17 23:59:50 ┆ 284.43    ┆ 79.96  │
│ 2025-10-18 00:00:00 ┆ 284.43    ┆ 79.9   │
└─────────────────────┴───────────┴────────┘
[INFO] Correcting the 'time' variable in the NetCDF file.
<class 'netCDF4.Variable'>
float64 time(time)
    units: seconds since 1970-01-01 00:00:00
    standard_name: time
    long_name: Time (seconds since 1970-01-01 00:00:00)
    axis: T
    valid_min: 1760659210.0
    valid_max: 1760745600.0
    calendar: standard
unlimited dimensions: 
current shape = (8640,)
filling on, default _FillValue of 9.969209968386869e+36 used
Flagged 0 points where air_temperature < 245.0K as bad data (qc_flag = 2).
Found 0 points already flagged as bad data (flag=2)
QC flags successfully added to /gws/pw/j07/ncas_obs_vol2/cao/processing/ncas-temperature-rh-1/data/long-term/level1d/2025/stfc-temperature-rh-1_cao_20251017_surface-met_v1.1.nc.
Updated time units to 'seconds since 1970-01-01 00:00:00' in /gws/pw/j07/ncas_obs_vol2/cao/processing/ncas-temperature-rh-1/data/long-term/level1d/2025/stfc-temperature-rh-1_cao_20251017_surface-met_v1.1.nc
/gws/pw/j07/ncas_obs_vol2/cao/raw_data/met_cao/data/long-term/2025/202510/CR1000XSeries_Chilbolton_Rxcabinmet1_20251018.dat
Parsed column names: ['TIMESTAMP', 'RECORD', 'BattV_Avg', 'PTemp_C_Avg', 'Air_T_Avg', 'RH_Avg', 'BP_mbar_Avg', 'WS_Avg', 'WD_Avg', 'SlrW_Avg', 'rg001dc_ch_Tot', 'rg006dc_ch_Tot', 'rg008dc_ch_Tot', 'rg009dc_ch_Tot', 'rg004tb_ch_Tot']
shape: (8_640, 3)
┌─────────────────────┬───────────┬────────┐
│ TIMESTAMP           ┆ Air_T_Avg ┆ RH_Avg │
│ ---                 ┆ ---       ┆ ---    │
│ datetime[μs]        ┆ f64       ┆ f64    │
╞═════════════════════╪═══════════╪════════╡
│ 2025-10-18 00:00:10 ┆ 284.43    ┆ 79.8   │
│ 2025-10-18 00:00:20 ┆ 284.43    ┆ 79.78  │
│ 2025-10-18 00:00:30 ┆ 284.43    ┆ 79.84  │
│ 2025-10-18 00:00:40 ┆ 284.45    ┆ 79.88  │
│ 2025-10-18 00:00:50 ┆ 284.45    ┆ 79.92  │
│ …                   ┆ …         ┆ …      │
│ 2025-10-18 23:59:20 ┆ 285.47    ┆ 80.64  │
│ 2025-10-18 23:59:30 ┆ 285.49    ┆ 80.48  │
│ 2025-10-18 23:59:40 ┆ 285.49    ┆ 80.44  │
│ 2025-10-18 23:59:50 ┆ 285.49    ┆ 80.48  │
│ 2025-10-19 00:00:00 ┆ 285.49    ┆ 80.54  │
└─────────────────────┴───────────┴────────┘
[INFO] Correcting the 'time' variable in the NetCDF file.
<class 'netCDF4.Variable'>
float64 time(time)
    units: seconds since 1970-01-01 00:00:00
    standard_name: time
    long_name: Time (seconds since 1970-01-01 00:00:00)
    axis: T
    valid_min: 1760745610.0
    valid_max: 1760832000.0
    calendar: standard
unlimited dimensions: 
current shape = (8640,)
filling on, default _FillValue of 9.969209968386869e+36 used
Flagged 0 points where air_temperature < 245.0K as bad data (qc_flag = 2).
Found 0 points already flagged as bad data (flag=2)
QC flags successfully added to /gws/pw/j07/ncas_obs_vol2/cao/processing/ncas-temperature-rh-1/data/long-term/level1d/2025/stfc-temperature-rh-1_cao_20251018_surface-met_v1.1.nc.
Updated time units to 'seconds since 1970-01-01 00:00:00' in /gws/pw/j07/ncas_obs_vol2/cao/processing/ncas-temperature-rh-1/data/long-term/level1d/2025/stfc-temperature-rh-1_cao_20251018_surface-met_v1.1.nc
/gws/pw/j07/ncas_obs_vol2/cao/raw_data/met_cao/data/long-term/2025/202510/CR1000XSeries_Chilbolton_Rxcabinmet1_20251019.dat
Parsed column names: ['TIMESTAMP', 'RECORD', 'BattV_Avg', 'PTemp_C_Avg', 'Air_T_Avg', 'RH_Avg', 'BP_mbar_Avg', 'WS_Avg', 'WD_Avg', 'SlrW_Avg', 'rg001dc_ch_Tot', 'rg006dc_ch_Tot', 'rg008dc_ch_Tot', 'rg009dc_ch_Tot', 'rg004tb_ch_Tot']
shape: (8_640, 3)
┌─────────────────────┬───────────┬────────┐
│ TIMESTAMP           ┆ Air_T_Avg ┆ RH_Avg │
│ ---                 ┆ ---       ┆ ---    │
│ datetime[μs]        ┆ f64       ┆ f64    │
╞═════════════════════╪═══════════╪════════╡
│ 2025-10-19 00:00:10 ┆ 285.49    ┆ 80.56  │
│ 2025-10-19 00:00:20 ┆ 285.47    ┆ 80.56  │
│ 2025-10-19 00:00:30 ┆ 285.45    ┆ 80.5   │
│ 2025-10-19 00:00:40 ┆ 285.45    ┆ 80.48  │
│ 2025-10-19 00:00:50 ┆ 285.47    ┆ 80.28  │
│ …                   ┆ …         ┆ …      │
│ 2025-10-19 23:59:20 ┆ 284.71    ┆ 98.06  │
│ 2025-10-19 23:59:30 ┆ 284.71    ┆ 98.32  │
│ 2025-10-19 23:59:40 ┆ 284.71    ┆ 98.64  │
│ 2025-10-19 23:59:50 ┆ 284.71    ┆ 98.92  │
│ 2025-10-20 00:00:00 ┆ 284.69    ┆ 98.92  │
└─────────────────────┴───────────┴────────┘
[INFO] Correcting the 'time' variable in the NetCDF file.
<class 'netCDF4.Variable'>
float64 time(time)
    units: seconds since 1970-01-01 00:00:00
    standard_name: time
    long_name: Time (seconds since 1970-01-01 00:00:00)
    axis: T
    valid_min: 1760832010.0
    valid_max: 1760918400.0
    calendar: standard
unlimited dimensions: 
current shape = (8640,)
filling on, default _FillValue of 9.969209968386869e+36 used
Flagged 0 points where air_temperature < 245.0K as bad data (qc_flag = 2).
Found 0 points already flagged as bad data (flag=2)
QC flags successfully added to /gws/pw/j07/ncas_obs_vol2/cao/processing/ncas-temperature-rh-1/data/long-term/level1d/2025/stfc-temperature-rh-1_cao_20251019_surface-met_v1.1.nc.
Updated time units to 'seconds since 1970-01-01 00:00:00' in /gws/pw/j07/ncas_obs_vol2/cao/processing/ncas-temperature-rh-1/data/long-term/level1d/2025/stfc-temperature-rh-1_cao_20251019_surface-met_v1.1.nc
/gws/pw/j07/ncas_obs_vol2/cao/raw_data/met_cao/data/long-term/2025/202510/CR1000XSeries_Chilbolton_Rxcabinmet1_20251020.dat
Parsed column names: ['TIMESTAMP', 'RECORD', 'BattV_Avg', 'PTemp_C_Avg', 'Air_T_Avg', 'RH_Avg', 'BP_mbar_Avg', 'WS_Avg', 'WD_Avg', 'SlrW_Avg', 'rg001dc_ch_Tot', 'rg006dc_ch_Tot', 'rg008dc_ch_Tot', 'rg009dc_ch_Tot', 'rg004tb_ch_Tot']
shape: (8_640, 3)
┌─────────────────────┬───────────┬────────┐
│ TIMESTAMP           ┆ Air_T_Avg ┆ RH_Avg │
│ ---                 ┆ ---       ┆ ---    │
│ datetime[μs]        ┆ f64       ┆ f64    │
╞═════════════════════╪═══════════╪════════╡
│ 2025-10-20 00:00:10 ┆ 284.71    ┆ 98.74  │
│ 2025-10-20 00:00:20 ┆ 284.71    ┆ 98.48  │
│ 2025-10-20 00:00:30 ┆ 284.73    ┆ 98.14  │
│ 2025-10-20 00:00:40 ┆ 284.75    ┆ 98.0   │
│ 2025-10-20 00:00:50 ┆ 284.75    ┆ 98.14  │
│ …                   ┆ …         ┆ …      │
│ 2025-10-20 23:59:20 ┆ 284.51    ┆ 95.32  │
│ 2025-10-20 23:59:30 ┆ 284.49    ┆ 95.0   │
│ 2025-10-20 23:59:40 ┆ 284.49    ┆ 94.8   │
│ 2025-10-20 23:59:50 ┆ 284.49    ┆ 94.88  │
│ 2025-10-21 00:00:00 ┆ 284.49    ┆ 95.08  │
└─────────────────────┴───────────┴────────┘
[INFO] Correcting the 'time' variable in the NetCDF file.
<class 'netCDF4.Variable'>
float64 time(time)
    units: seconds since 1970-01-01 00:00:00
    standard_name: time
    long_name: Time (seconds since 1970-01-01 00:00:00)
    axis: T
    valid_min: 1760918410.0
    valid_max: 1761004800.0
    calendar: standard
unlimited dimensions: 
current shape = (8640,)
filling on, default _FillValue of 9.969209968386869e+36 used
Flagged 0 points where air_temperature < 245.0K as bad data (qc_flag = 2).
Found 0 points already flagged as bad data (flag=2)
QC flags successfully added to /gws/pw/j07/ncas_obs_vol2/cao/processing/ncas-temperature-rh-1/data/long-term/level1d/2025/stfc-temperature-rh-1_cao_20251020_surface-met_v1.1.nc.
Updated time units to 'seconds since 1970-01-01 00:00:00' in /gws/pw/j07/ncas_obs_vol2/cao/processing/ncas-temperature-rh-1/data/long-term/level1d/2025/stfc-temperature-rh-1_cao_20251020_surface-met_v1.1.nc
/gws/pw/j07/ncas_obs_vol2/cao/raw_data/met_cao/data/long-term/2025/202510/CR1000XSeries_Chilbolton_Rxcabinmet1_20251021.dat
Parsed column names: ['TIMESTAMP', 'RECORD', 'BattV_Avg', 'PTemp_C_Avg', 'Air_T_Avg', 'RH_Avg', 'BP_mbar_Avg', 'WS_Avg', 'WD_Avg', 'SlrW_Avg', 'rg001dc_ch_Tot', 'rg006dc_ch_Tot', 'rg008dc_ch_Tot', 'rg009dc_ch_Tot', 'rg004tb_ch_Tot']
shape: (8_640, 3)
┌─────────────────────┬───────────┬────────┐
│ TIMESTAMP           ┆ Air_T_Avg ┆ RH_Avg │
│ ---                 ┆ ---       ┆ ---    │
│ datetime[μs]        ┆ f64       ┆ f64    │
╞═════════════════════╪═══════════╪════════╡
│ 2025-10-21 00:00:10 ┆ 284.47    ┆ 95.36  │
│ 2025-10-21 00:00:20 ┆ 284.45    ┆ 95.64  │
│ 2025-10-21 00:00:30 ┆ 284.43    ┆ 95.82  │
│ 2025-10-21 00:00:40 ┆ 284.43    ┆ 95.78  │
│ 2025-10-21 00:00:50 ┆ 284.45    ┆ 95.52  │
│ …                   ┆ …         ┆ …      │
│ 2025-10-21 23:59:20 ┆ 281.73    ┆ 98.98  │
│ 2025-10-21 23:59:30 ┆ 281.73    ┆ 98.86  │
│ 2025-10-21 23:59:40 ┆ 281.73    ┆ 98.66  │
│ 2025-10-21 23:59:50 ┆ 281.73    ┆ 98.44  │
│ 2025-10-22 00:00:00 ┆ 281.75    ┆ 98.22  │
└─────────────────────┴───────────┴────────┘
[INFO] Correcting the 'time' variable in the NetCDF file.
<class 'netCDF4.Variable'>
float64 time(time)
    units: seconds since 1970-01-01 00:00:00
    standard_name: time
    long_name: Time (seconds since 1970-01-01 00:00:00)
    axis: T
    valid_min: 1761004810.0
    valid_max: 1761091200.0
    calendar: standard
unlimited dimensions: 
current shape = (8640,)
filling on, default _FillValue of 9.969209968386869e+36 used
Flagged 0 points where air_temperature < 245.0K as bad data (qc_flag = 2).
Found 0 points already flagged as bad data (flag=2)
QC flags successfully added to /gws/pw/j07/ncas_obs_vol2/cao/processing/ncas-temperature-rh-1/data/long-term/level1d/2025/stfc-temperature-rh-1_cao_20251021_surface-met_v1.1.nc.
Updated time units to 'seconds since 1970-01-01 00:00:00' in /gws/pw/j07/ncas_obs_vol2/cao/processing/ncas-temperature-rh-1/data/long-term/level1d/2025/stfc-temperature-rh-1_cao_20251021_surface-met_v1.1.nc
/gws/pw/j07/ncas_obs_vol2/cao/raw_data/met_cao/data/long-term/2025/202510/CR1000XSeries_Chilbolton_Rxcabinmet1_20251022.dat
Parsed column names: ['TIMESTAMP', 'RECORD', 'BattV_Avg', 'PTemp_C_Avg', 'Air_T_Avg', 'RH_Avg', 'BP_mbar_Avg', 'WS_Avg', 'WD_Avg', 'SlrW_Avg', 'rg001dc_ch_Tot', 'rg006dc_ch_Tot', 'rg008dc_ch_Tot', 'rg009dc_ch_Tot', 'rg004tb_ch_Tot']
shape: (8_640, 3)
┌─────────────────────┬───────────┬────────┐
│ TIMESTAMP           ┆ Air_T_Avg ┆ RH_Avg │
│ ---                 ┆ ---       ┆ ---    │
│ datetime[μs]        ┆ f64       ┆ f64    │
╞═════════════════════╪═══════════╪════════╡
│ 2025-10-22 00:00:10 ┆ 281.75    ┆ 98.14  │
│ 2025-10-22 00:00:20 ┆ 281.77    ┆ 98.12  │
│ 2025-10-22 00:00:30 ┆ 281.77    ┆ 98.26  │
│ 2025-10-22 00:00:40 ┆ 281.77    ┆ 98.34  │
│ 2025-10-22 00:00:50 ┆ 281.79    ┆ 98.62  │
│ …                   ┆ …         ┆ …      │
│ 2025-10-22 23:59:20 ┆ 281.77    ┆ 96.06  │
│ 2025-10-22 23:59:30 ┆ 281.77    ┆ 95.94  │
│ 2025-10-22 23:59:40 ┆ 281.77    ┆ 96.02  │
│ 2025-10-22 23:59:50 ┆ 281.77    ┆ 96.08  │
│ 2025-10-23 00:00:00 ┆ 281.79    ┆ 96.16  │
└─────────────────────┴───────────┴────────┘
[INFO] Correcting the 'time' variable in the NetCDF file.
<class 'netCDF4.Variable'>
float64 time(time)
    units: seconds since 1970-01-01 00:00:00
    standard_name: time
    long_name: Time (seconds since 1970-01-01 00:00:00)
    axis: T
    valid_min: 1761091210.0
    valid_max: 1761177600.0
    calendar: standard
unlimited dimensions: 
current shape = (8640,)
filling on, default _FillValue of 9.969209968386869e+36 used
Flagged 0 points where air_temperature < 245.0K as bad data (qc_flag = 2).
Found 0 points already flagged as bad data (flag=2)
QC flags successfully added to /gws/pw/j07/ncas_obs_vol2/cao/processing/ncas-temperature-rh-1/data/long-term/level1d/2025/stfc-temperature-rh-1_cao_20251022_surface-met_v1.1.nc.
Updated time units to 'seconds since 1970-01-01 00:00:00' in /gws/pw/j07/ncas_obs_vol2/cao/processing/ncas-temperature-rh-1/data/long-term/level1d/2025/stfc-temperature-rh-1_cao_20251022_surface-met_v1.1.nc
/gws/pw/j07/ncas_obs_vol2/cao/raw_data/met_cao/data/long-term/2025/202510/CR1000XSeries_Chilbolton_Rxcabinmet1_20251023.dat
Parsed column names: ['TIMESTAMP', 'RECORD', 'BattV_Avg', 'PTemp_C_Avg', 'Air_T_Avg', 'RH_Avg', 'BP_mbar_Avg', 'WS_Avg', 'WD_Avg', 'SlrW_Avg', 'rg001dc_ch_Tot', 'rg006dc_ch_Tot', 'rg008dc_ch_Tot', 'rg009dc_ch_Tot', 'rg004tb_ch_Tot']
shape: (8_640, 3)
┌─────────────────────┬───────────┬────────┐
│ TIMESTAMP           ┆ Air_T_Avg ┆ RH_Avg │
│ ---                 ┆ ---       ┆ ---    │
│ datetime[μs]        ┆ f64       ┆ f64    │
╞═════════════════════╪═══════════╪════════╡
│ 2025-10-23 00:00:10 ┆ 281.81    ┆ 96.46  │
│ 2025-10-23 00:00:20 ┆ 281.79    ┆ 96.62  │
│ 2025-10-23 00:00:30 ┆ 281.81    ┆ 96.68  │
│ 2025-10-23 00:00:40 ┆ 281.81    ┆ 96.6   │
│ 2025-10-23 00:00:50 ┆ 281.81    ┆ 96.44  │
│ …                   ┆ …         ┆ …      │
│ 2025-10-23 23:59:20 ┆ 277.57    ┆ 90.08  │
│ 2025-10-23 23:59:30 ┆ 277.61    ┆ 89.84  │
│ 2025-10-23 23:59:40 ┆ 277.61    ┆ 89.86  │
│ 2025-10-23 23:59:50 ┆ 277.63    ┆ 90.14  │
│ 2025-10-24 00:00:00 ┆ 277.63    ┆ 90.44  │
└─────────────────────┴───────────┴────────┘
[INFO] Correcting the 'time' variable in the NetCDF file.
<class 'netCDF4.Variable'>
float64 time(time)
    units: seconds since 1970-01-01 00:00:00
    standard_name: time
    long_name: Time (seconds since 1970-01-01 00:00:00)
    axis: T
    valid_min: 1761177610.0
    valid_max: 1761264000.0
    calendar: standard
unlimited dimensions: 
current shape = (8640,)
filling on, default _FillValue of 9.969209968386869e+36 used
Flagged 0 points where air_temperature < 245.0K as bad data (qc_flag = 2).
Found 0 points already flagged as bad data (flag=2)
QC flags successfully added to /gws/pw/j07/ncas_obs_vol2/cao/processing/ncas-temperature-rh-1/data/long-term/level1d/2025/stfc-temperature-rh-1_cao_20251023_surface-met_v1.1.nc.
Updated time units to 'seconds since 1970-01-01 00:00:00' in /gws/pw/j07/ncas_obs_vol2/cao/processing/ncas-temperature-rh-1/data/long-term/level1d/2025/stfc-temperature-rh-1_cao_20251023_surface-met_v1.1.nc
/gws/pw/j07/ncas_obs_vol2/cao/raw_data/met_cao/data/long-term/2025/202510/CR1000XSeries_Chilbolton_Rxcabinmet1_20251024.dat
Parsed column names: ['TIMESTAMP', 'RECORD', 'BattV_Avg', 'PTemp_C_Avg', 'Air_T_Avg', 'RH_Avg', 'BP_mbar_Avg', 'WS_Avg', 'WD_Avg', 'SlrW_Avg', 'rg001dc_ch_Tot', 'rg006dc_ch_Tot', 'rg008dc_ch_Tot', 'rg009dc_ch_Tot', 'rg004tb_ch_Tot']
shape: (8_640, 3)
┌─────────────────────┬───────────┬────────┐
│ TIMESTAMP           ┆ Air_T_Avg ┆ RH_Avg │
│ ---                 ┆ ---       ┆ ---    │
│ datetime[μs]        ┆ f64       ┆ f64    │
╞═════════════════════╪═══════════╪════════╡
│ 2025-10-24 00:00:10 ┆ 277.63    ┆ 90.5   │
│ 2025-10-24 00:00:20 ┆ 277.63    ┆ 90.42  │
│ 2025-10-24 00:00:30 ┆ 277.61    ┆ 90.48  │
│ 2025-10-24 00:00:40 ┆ 277.59    ┆ 90.52  │
│ 2025-10-24 00:00:50 ┆ 277.55    ┆ 90.42  │
│ …                   ┆ …         ┆ …      │
│ 2025-10-24 23:59:20 ┆ 281.49    ┆ 94.04  │
│ 2025-10-24 23:59:30 ┆ 281.49    ┆ 94.08  │
│ 2025-10-24 23:59:40 ┆ 281.47    ┆ 94.16  │
│ 2025-10-24 23:59:50 ┆ 281.47    ┆ 94.22  │
│ 2025-10-25 00:00:00 ┆ 281.49    ┆ 94.12  │
└─────────────────────┴───────────┴────────┘
[INFO] Correcting the 'time' variable in the NetCDF file.
<class 'netCDF4.Variable'>
float64 time(time)
    units: seconds since 1970-01-01 00:00:00
    standard_name: time
    long_name: Time (seconds since 1970-01-01 00:00:00)
    axis: T
    valid_min: 1761264010.0
    valid_max: 1761350400.0
    calendar: standard
unlimited dimensions: 
current shape = (8640,)
filling on, default _FillValue of 9.969209968386869e+36 used
Flagged 0 points where air_temperature < 245.0K as bad data (qc_flag = 2).
Found 0 points already flagged as bad data (flag=2)
QC flags successfully added to /gws/pw/j07/ncas_obs_vol2/cao/processing/ncas-temperature-rh-1/data/long-term/level1d/2025/stfc-temperature-rh-1_cao_20251024_surface-met_v1.1.nc.
Updated time units to 'seconds since 1970-01-01 00:00:00' in /gws/pw/j07/ncas_obs_vol2/cao/processing/ncas-temperature-rh-1/data/long-term/level1d/2025/stfc-temperature-rh-1_cao_20251024_surface-met_v1.1.nc
/gws/pw/j07/ncas_obs_vol2/cao/raw_data/met_cao/data/long-term/2025/202510/CR1000XSeries_Chilbolton_Rxcabinmet1_20251025.dat
Parsed column names: ['TIMESTAMP', 'RECORD', 'BattV_Avg', 'PTemp_C_Avg', 'Air_T_Avg', 'RH_Avg', 'BP_mbar_Avg', 'WS_Avg', 'WD_Avg', 'SlrW_Avg', 'rg001dc_ch_Tot', 'rg006dc_ch_Tot', 'rg008dc_ch_Tot', 'rg009dc_ch_Tot', 'rg004tb_ch_Tot']
shape: (8_640, 3)
┌─────────────────────┬───────────┬────────┐
│ TIMESTAMP           ┆ Air_T_Avg ┆ RH_Avg │
│ ---                 ┆ ---       ┆ ---    │
│ datetime[μs]        ┆ f64       ┆ f64    │
╞═════════════════════╪═══════════╪════════╡
│ 2025-10-25 00:00:10 ┆ 281.47    ┆ 94.18  │
│ 2025-10-25 00:00:20 ┆ 281.47    ┆ 94.12  │
│ 2025-10-25 00:00:30 ┆ 281.49    ┆ 93.88  │
│ 2025-10-25 00:00:40 ┆ 281.51    ┆ 93.7   │
│ 2025-10-25 00:00:50 ┆ 281.53    ┆ 93.66  │
│ …                   ┆ …         ┆ …      │
│ 2025-10-25 23:59:20 ┆ 279.61    ┆ 96.2   │
│ 2025-10-25 23:59:30 ┆ 279.61    ┆ 96.06  │
│ 2025-10-25 23:59:40 ┆ 279.61    ┆ 95.96  │
│ 2025-10-25 23:59:50 ┆ 279.63    ┆ 95.9   │
│ 2025-10-26 00:00:00 ┆ 279.63    ┆ 95.9   │
└─────────────────────┴───────────┴────────┘
[INFO] Correcting the 'time' variable in the NetCDF file.
<class 'netCDF4.Variable'>
float64 time(time)
    units: seconds since 1970-01-01 00:00:00
    standard_name: time
    long_name: Time (seconds since 1970-01-01 00:00:00)
    axis: T
    valid_min: 1761350410.0
    valid_max: 1761436800.0
    calendar: standard
unlimited dimensions: 
current shape = (8640,)
filling on, default _FillValue of 9.969209968386869e+36 used
Flagged 0 points where air_temperature < 245.0K as bad data (qc_flag = 2).
Found 0 points already flagged as bad data (flag=2)
QC flags successfully added to /gws/pw/j07/ncas_obs_vol2/cao/processing/ncas-temperature-rh-1/data/long-term/level1d/2025/stfc-temperature-rh-1_cao_20251025_surface-met_v1.1.nc.
Updated time units to 'seconds since 1970-01-01 00:00:00' in /gws/pw/j07/ncas_obs_vol2/cao/processing/ncas-temperature-rh-1/data/long-term/level1d/2025/stfc-temperature-rh-1_cao_20251025_surface-met_v1.1.nc
/gws/pw/j07/ncas_obs_vol2/cao/raw_data/met_cao/data/long-term/2025/202510/CR1000XSeries_Chilbolton_Rxcabinmet1_20251026.dat
Parsed column names: ['TIMESTAMP', 'RECORD', 'BattV_Avg', 'PTemp_C_Avg', 'Air_T_Avg', 'RH_Avg', 'BP_mbar_Avg', 'WS_Avg', 'WD_Avg', 'SlrW_Avg', 'rg001dc_ch_Tot', 'rg006dc_ch_Tot', 'rg008dc_ch_Tot', 'rg009dc_ch_Tot', 'rg004tb_ch_Tot']
shape: (8_640, 3)
┌─────────────────────┬───────────┬────────┐
│ TIMESTAMP           ┆ Air_T_Avg ┆ RH_Avg │
│ ---                 ┆ ---       ┆ ---    │
│ datetime[μs]        ┆ f64       ┆ f64    │
╞═════════════════════╪═══════════╪════════╡
│ 2025-10-26 00:00:10 ┆ 279.61    ┆ 96.02  │
│ 2025-10-26 00:00:20 ┆ 279.61    ┆ 96.2   │
│ 2025-10-26 00:00:30 ┆ 279.59    ┆ 96.32  │
│ 2025-10-26 00:00:40 ┆ 279.55    ┆ 96.38  │
│ 2025-10-26 00:00:50 ┆ 279.55    ┆ 96.38  │
│ …                   ┆ …         ┆ …      │
│ 2025-10-26 23:59:20 ┆ 284.49    ┆ 86.86  │
│ 2025-10-26 23:59:30 ┆ 284.53    ┆ 86.84  │
│ 2025-10-26 23:59:40 ┆ 284.53    ┆ 86.9   │
│ 2025-10-26 23:59:50 ┆ 284.53    ┆ 87.16  │
│ 2025-10-27 00:00:00 ┆ 284.53    ┆ 87.34  │
└─────────────────────┴───────────┴────────┘
[INFO] Correcting the 'time' variable in the NetCDF file.
<class 'netCDF4.Variable'>
float64 time(time)
    units: seconds since 1970-01-01 00:00:00
    standard_name: time
    long_name: Time (seconds since 1970-01-01 00:00:00)
    axis: T
    valid_min: 1761436810.0
    valid_max: 1761523200.0
    calendar: standard
unlimited dimensions: 
current shape = (8640,)
filling on, default _FillValue of 9.969209968386869e+36 used
Flagged 0 points where air_temperature < 245.0K as bad data (qc_flag = 2).
Found 0 points already flagged as bad data (flag=2)
QC flags successfully added to /gws/pw/j07/ncas_obs_vol2/cao/processing/ncas-temperature-rh-1/data/long-term/level1d/2025/stfc-temperature-rh-1_cao_20251026_surface-met_v1.1.nc.
Updated time units to 'seconds since 1970-01-01 00:00:00' in /gws/pw/j07/ncas_obs_vol2/cao/processing/ncas-temperature-rh-1/data/long-term/level1d/2025/stfc-temperature-rh-1_cao_20251026_surface-met_v1.1.nc
/gws/pw/j07/ncas_obs_vol2/cao/raw_data/met_cao/data/long-term/2025/202510/CR1000XSeries_Chilbolton_Rxcabinmet1_20251027.dat
Parsed column names: ['TIMESTAMP', 'RECORD', 'BattV_Avg', 'PTemp_C_Avg', 'Air_T_Avg', 'RH_Avg', 'BP_mbar_Avg', 'WS_Avg', 'WD_Avg', 'SlrW_Avg', 'rg001dc_ch_Tot', 'rg006dc_ch_Tot', 'rg008dc_ch_Tot', 'rg009dc_ch_Tot', 'rg004tb_ch_Tot']
shape: (8_640, 3)
┌─────────────────────┬───────────┬────────┐
│ TIMESTAMP           ┆ Air_T_Avg ┆ RH_Avg │
│ ---                 ┆ ---       ┆ ---    │
│ datetime[μs]        ┆ f64       ┆ f64    │
╞═════════════════════╪═══════════╪════════╡
│ 2025-10-27 00:00:10 ┆ 284.51    ┆ 87.4   │
│ 2025-10-27 00:00:20 ┆ 284.51    ┆ 87.3   │
│ 2025-10-27 00:00:30 ┆ 284.49    ┆ 87.22  │
│ 2025-10-27 00:00:40 ┆ 284.49    ┆ 87.06  │
│ 2025-10-27 00:00:50 ┆ 284.47    ┆ 86.9   │
│ …                   ┆ …         ┆ …      │
│ 2025-10-27 23:59:20 ┆ 284.87    ┆ 89.94  │
│ 2025-10-27 23:59:30 ┆ 284.95    ┆ 89.42  │
│ 2025-10-27 23:59:40 ┆ 284.97    ┆ 89.2   │
│ 2025-10-27 23:59:50 ┆ 284.99    ┆ 89.1   │
│ 2025-10-28 00:00:00 ┆ 284.99    ┆ 89.22  │
└─────────────────────┴───────────┴────────┘
[INFO] Correcting the 'time' variable in the NetCDF file.
<class 'netCDF4.Variable'>
float64 time(time)
    units: seconds since 1970-01-01 00:00:00
    standard_name: time
    long_name: Time (seconds since 1970-01-01 00:00:00)
    axis: T
    valid_min: 1761523210.0
    valid_max: 1761609600.0
    calendar: standard
unlimited dimensions: 
current shape = (8640,)
filling on, default _FillValue of 9.969209968386869e+36 used
Flagged 0 points where air_temperature < 245.0K as bad data (qc_flag = 2).
Found 0 points already flagged as bad data (flag=2)
QC flags successfully added to /gws/pw/j07/ncas_obs_vol2/cao/processing/ncas-temperature-rh-1/data/long-term/level1d/2025/stfc-temperature-rh-1_cao_20251027_surface-met_v1.1.nc.
Updated time units to 'seconds since 1970-01-01 00:00:00' in /gws/pw/j07/ncas_obs_vol2/cao/processing/ncas-temperature-rh-1/data/long-term/level1d/2025/stfc-temperature-rh-1_cao_20251027_surface-met_v1.1.nc
/gws/pw/j07/ncas_obs_vol2/cao/raw_data/met_cao/data/long-term/2025/202510/CR1000XSeries_Chilbolton_Rxcabinmet1_20251028.dat
Parsed column names: ['TIMESTAMP', 'RECORD', 'BattV_Avg', 'PTemp_C_Avg', 'Air_T_Avg', 'RH_Avg', 'BP_mbar_Avg', 'WS_Avg', 'WD_Avg', 'SlrW_Avg', 'rg001dc_ch_Tot', 'rg006dc_ch_Tot', 'rg008dc_ch_Tot', 'rg009dc_ch_Tot', 'rg004tb_ch_Tot']
shape: (8_640, 3)
┌─────────────────────┬───────────┬────────┐
│ TIMESTAMP           ┆ Air_T_Avg ┆ RH_Avg │
│ ---                 ┆ ---       ┆ ---    │
│ datetime[μs]        ┆ f64       ┆ f64    │
╞═════════════════════╪═══════════╪════════╡
│ 2025-10-28 00:00:10 ┆ 284.99    ┆ 89.4   │
│ 2025-10-28 00:00:20 ┆ 284.99    ┆ 89.52  │
│ 2025-10-28 00:00:30 ┆ 285.01    ┆ 89.4   │
│ 2025-10-28 00:00:40 ┆ 284.99    ┆ 89.24  │
│ 2025-10-28 00:00:50 ┆ 284.99    ┆ 89.14  │
│ …                   ┆ …         ┆ …      │
│ 2025-10-28 23:59:20 ┆ 284.75    ┆ 93.1   │
│ 2025-10-28 23:59:30 ┆ 284.75    ┆ 93.08  │
│ 2025-10-28 23:59:40 ┆ 284.77    ┆ 93.08  │
│ 2025-10-28 23:59:50 ┆ 284.77    ┆ 93.18  │
│ 2025-10-29 00:00:00 ┆ 284.79    ┆ 93.4   │
└─────────────────────┴───────────┴────────┘
[INFO] Correcting the 'time' variable in the NetCDF file.
<class 'netCDF4.Variable'>
float64 time(time)
    units: seconds since 1970-01-01 00:00:00
    standard_name: time
    long_name: Time (seconds since 1970-01-01 00:00:00)
    axis: T
    valid_min: 1761609610.0
    valid_max: 1761696000.0
    calendar: standard
unlimited dimensions: 
current shape = (8640,)
filling on, default _FillValue of 9.969209968386869e+36 used
Flagged 0 points where air_temperature < 245.0K as bad data (qc_flag = 2).
Found 0 points already flagged as bad data (flag=2)
QC flags successfully added to /gws/pw/j07/ncas_obs_vol2/cao/processing/ncas-temperature-rh-1/data/long-term/level1d/2025/stfc-temperature-rh-1_cao_20251028_surface-met_v1.1.nc.
Updated time units to 'seconds since 1970-01-01 00:00:00' in /gws/pw/j07/ncas_obs_vol2/cao/processing/ncas-temperature-rh-1/data/long-term/level1d/2025/stfc-temperature-rh-1_cao_20251028_surface-met_v1.1.nc
/gws/pw/j07/ncas_obs_vol2/cao/raw_data/met_cao/data/long-term/2025/202510/CR1000XSeries_Chilbolton_Rxcabinmet1_20251029.dat
Parsed column names: ['TIMESTAMP', 'RECORD', 'BattV_Avg', 'PTemp_C_Avg', 'Air_T_Avg', 'RH_Avg', 'BP_mbar_Avg', 'WS_Avg', 'WD_Avg', 'SlrW_Avg', 'rg001dc_ch_Tot', 'rg006dc_ch_Tot', 'rg008dc_ch_Tot', 'rg009dc_ch_Tot', 'rg004tb_ch_Tot']
shape: (8_640, 3)
┌─────────────────────┬───────────┬────────┐
│ TIMESTAMP           ┆ Air_T_Avg ┆ RH_Avg │
│ ---                 ┆ ---       ┆ ---    │
│ datetime[μs]        ┆ f64       ┆ f64    │
╞═════════════════════╪═══════════╪════════╡
│ 2025-10-29 00:00:10 ┆ 284.79    ┆ 93.52  │
│ 2025-10-29 00:00:20 ┆ 284.79    ┆ 93.48  │
│ 2025-10-29 00:00:30 ┆ 284.79    ┆ 93.36  │
│ 2025-10-29 00:00:40 ┆ 284.81    ┆ 93.26  │
│ 2025-10-29 00:00:50 ┆ 284.81    ┆ 93.04  │
│ …                   ┆ …         ┆ …      │
│ 2025-10-29 23:59:20 ┆ 279.39    ┆ 90.2   │
│ 2025-10-29 23:59:30 ┆ 279.39    ┆ 90.72  │
│ 2025-10-29 23:59:40 ┆ 279.37    ┆ 91.94  │
│ 2025-10-29 23:59:50 ┆ 279.37    ┆ 92.38  │
│ 2025-10-30 00:00:00 ┆ 279.35    ┆ 92.04  │
└─────────────────────┴───────────┴────────┘
[INFO] Correcting the 'time' variable in the NetCDF file.
<class 'netCDF4.Variable'>
float64 time(time)
    units: seconds since 1970-01-01 00:00:00
    standard_name: time
    long_name: Time (seconds since 1970-01-01 00:00:00)
    axis: T
    valid_min: 1761696010.0
    valid_max: 1761782400.0
    calendar: standard
unlimited dimensions: 
current shape = (8640,)
filling on, default _FillValue of 9.969209968386869e+36 used
Flagged 0 points where air_temperature < 245.0K as bad data (qc_flag = 2).
Found 0 points already flagged as bad data (flag=2)
QC flags successfully added to /gws/pw/j07/ncas_obs_vol2/cao/processing/ncas-temperature-rh-1/data/long-term/level1d/2025/stfc-temperature-rh-1_cao_20251029_surface-met_v1.1.nc.
Updated time units to 'seconds since 1970-01-01 00:00:00' in /gws/pw/j07/ncas_obs_vol2/cao/processing/ncas-temperature-rh-1/data/long-term/level1d/2025/stfc-temperature-rh-1_cao_20251029_surface-met_v1.1.nc
/gws/pw/j07/ncas_obs_vol2/cao/raw_data/met_cao/data/long-term/2025/202510/CR1000XSeries_Chilbolton_Rxcabinmet1_20251030.dat
Parsed column names: ['TIMESTAMP', 'RECORD', 'BattV_Avg', 'PTemp_C_Avg', 'Air_T_Avg', 'RH_Avg', 'BP_mbar_Avg', 'WS_Avg', 'WD_Avg', 'SlrW_Avg', 'rg001dc_ch_Tot', 'rg006dc_ch_Tot', 'rg008dc_ch_Tot', 'rg009dc_ch_Tot', 'rg004tb_ch_Tot']
shape: (8_640, 3)
┌─────────────────────┬───────────┬────────┐
│ TIMESTAMP           ┆ Air_T_Avg ┆ RH_Avg │
│ ---                 ┆ ---       ┆ ---    │
│ datetime[μs]        ┆ f64       ┆ f64    │
╞═════════════════════╪═══════════╪════════╡
│ 2025-10-30 00:00:10 ┆ 279.31    ┆ 91.68  │
│ 2025-10-30 00:00:20 ┆ 279.27    ┆ 90.92  │
│ 2025-10-30 00:00:30 ┆ 279.25    ┆ 90.08  │
│ 2025-10-30 00:00:40 ┆ 279.25    ┆ 89.98  │
│ 2025-10-30 00:00:50 ┆ 279.25    ┆ 90.36  │
│ …                   ┆ …         ┆ …      │
│ 2025-10-30 23:59:20 ┆ 286.45    ┆ 90.68  │
│ 2025-10-30 23:59:30 ┆ 286.51    ┆ 90.42  │
│ 2025-10-30 23:59:40 ┆ 286.51    ┆ 90.32  │
│ 2025-10-30 23:59:50 ┆ 286.53    ┆ 90.26  │
│ 2025-10-31 00:00:00 ┆ 286.53    ┆ 90.22  │
└─────────────────────┴───────────┴────────┘
[INFO] Correcting the 'time' variable in the NetCDF file.
<class 'netCDF4.Variable'>
float64 time(time)
    units: seconds since 1970-01-01 00:00:00
    standard_name: time
    long_name: Time (seconds since 1970-01-01 00:00:00)
    axis: T
    valid_min: 1761782410.0
    valid_max: 1761868800.0
    calendar: standard
unlimited dimensions: 
current shape = (8640,)
filling on, default _FillValue of 9.969209968386869e+36 used
Flagged 0 points where air_temperature < 245.0K as bad data (qc_flag = 2).
Found 0 points already flagged as bad data (flag=2)
QC flags successfully added to /gws/pw/j07/ncas_obs_vol2/cao/processing/ncas-temperature-rh-1/data/long-term/level1d/2025/stfc-temperature-rh-1_cao_20251030_surface-met_v1.1.nc.
Updated time units to 'seconds since 1970-01-01 00:00:00' in /gws/pw/j07/ncas_obs_vol2/cao/processing/ncas-temperature-rh-1/data/long-term/level1d/2025/stfc-temperature-rh-1_cao_20251030_surface-met_v1.1.nc
/gws/pw/j07/ncas_obs_vol2/cao/raw_data/met_cao/data/long-term/2025/202510/CR1000XSeries_Chilbolton_Rxcabinmet1_20251031.dat
Parsed column names: ['TIMESTAMP', 'RECORD', 'BattV_Avg', 'PTemp_C_Avg', 'Air_T_Avg', 'RH_Avg', 'BP_mbar_Avg', 'WS_Avg', 'WD_Avg', 'SlrW_Avg', 'rg001dc_ch_Tot', 'rg006dc_ch_Tot', 'rg008dc_ch_Tot', 'rg009dc_ch_Tot', 'rg004tb_ch_Tot']
shape: (8_640, 3)
┌─────────────────────┬───────────┬────────┐
│ TIMESTAMP           ┆ Air_T_Avg ┆ RH_Avg │
│ ---                 ┆ ---       ┆ ---    │
│ datetime[μs]        ┆ f64       ┆ f64    │
╞═════════════════════╪═══════════╪════════╡
│ 2025-10-31 00:00:10 ┆ 286.53    ┆ 90.26  │
│ 2025-10-31 00:00:20 ┆ 286.51    ┆ 90.24  │
│ 2025-10-31 00:00:30 ┆ 286.51    ┆ 90.14  │
│ 2025-10-31 00:00:40 ┆ 286.49    ┆ 90.06  │
│ 2025-10-31 00:00:50 ┆ 286.49    ┆ 90.06  │
│ …                   ┆ …         ┆ …      │
│ 2025-10-31 23:59:20 ┆ 288.39    ┆ 84.66  │
│ 2025-10-31 23:59:30 ┆ 288.37    ┆ 84.82  │
│ 2025-10-31 23:59:40 ┆ 288.37    ┆ 85.04  │
│ 2025-10-31 23:59:50 ┆ 288.33    ┆ 85.26  │
│ 2025-11-01 00:00:00 ┆ 288.31    ┆ 85.6   │
└─────────────────────┴───────────┴────────┘
[INFO] Correcting the 'time' variable in the NetCDF file.
<class 'netCDF4.Variable'>
float64 time(time)
    units: seconds since 1970-01-01 00:00:00
    standard_name: time
    long_name: Time (seconds since 1970-01-01 00:00:00)
    axis: T
    valid_min: 1761868810.0
    valid_max: 1761955200.0
    calendar: standard
unlimited dimensions: 
current shape = (8640,)
filling on, default _FillValue of 9.969209968386869e+36 used
Flagged 0 points where air_temperature < 245.0K as bad data (qc_flag = 2).
Found 0 points already flagged as bad data (flag=2)
QC flags successfully added to /gws/pw/j07/ncas_obs_vol2/cao/processing/ncas-temperature-rh-1/data/long-term/level1d/2025/stfc-temperature-rh-1_cao_20251031_surface-met_v1.1.nc.
Updated time units to 'seconds since 1970-01-01 00:00:00' in /gws/pw/j07/ncas_obs_vol2/cao/processing/ncas-temperature-rh-1/data/long-term/level1d/2025/stfc-temperature-rh-1_cao_20251031_surface-met_v1.1.nc
/gws/pw/j07/ncas_obs_vol2/cao/raw_data/met_cao/data/long-term/2025/202511/CR1000XSeries_Chilbolton_Rxcabinmet1_20251101.dat
Parsed column names: ['TIMESTAMP', 'RECORD', 'BattV_Avg', 'PTemp_C_Avg', 'Air_T_Avg', 'RH_Avg', 'BP_mbar_Avg', 'WS_Avg', 'WD_Avg', 'SlrW_Avg', 'rg001dc_ch_Tot', 'rg006dc_ch_Tot', 'rg008dc_ch_Tot', 'rg009dc_ch_Tot', 'rg004tb_ch_Tot']
shape: (8_640, 3)
┌─────────────────────┬───────────┬────────┐
│ TIMESTAMP           ┆ Air_T_Avg ┆ RH_Avg │
│ ---                 ┆ ---       ┆ ---    │
│ datetime[μs]        ┆ f64       ┆ f64    │
╞═════════════════════╪═══════════╪════════╡
│ 2025-11-01 00:00:10 ┆ 288.25    ┆ 86.08  │
│ 2025-11-01 00:00:20 ┆ 288.23    ┆ 86.26  │
│ 2025-11-01 00:00:30 ┆ 288.19    ┆ 86.46  │
│ 2025-11-01 00:00:40 ┆ 288.15    ┆ 86.74  │
│ 2025-11-01 00:00:50 ┆ 288.11    ┆ 86.96  │
│ …                   ┆ …         ┆ …      │
│ 2025-11-01 23:59:20 ┆ 279.01    ┆ 95.06  │
│ 2025-11-01 23:59:30 ┆ 278.99    ┆ 95.28  │
│ 2025-11-01 23:59:40 ┆ 278.99    ┆ 95.44  │
│ 2025-11-01 23:59:50 ┆ 278.99    ┆ 95.74  │
│ 2025-11-02 00:00:00 ┆ 278.97    ┆ 95.84  │
└─────────────────────┴───────────┴────────┘
[INFO] Correcting the 'time' variable in the NetCDF file.
<class 'netCDF4.Variable'>
float64 time(time)
    units: seconds since 1970-01-01 00:00:00
    standard_name: time
    long_name: Time (seconds since 1970-01-01 00:00:00)
    axis: T
    valid_min: 1761955210.0
    valid_max: 1762041600.0
    calendar: standard
unlimited dimensions: 
current shape = (8640,)
filling on, default _FillValue of 9.969209968386869e+36 used
Flagged 0 points where air_temperature < 245.0K as bad data (qc_flag = 2).
Found 0 points already flagged as bad data (flag=2)
QC flags successfully added to /gws/pw/j07/ncas_obs_vol2/cao/processing/ncas-temperature-rh-1/data/long-term/level1d/2025/stfc-temperature-rh-1_cao_20251101_surface-met_v1.1.nc.
Updated time units to 'seconds since 1970-01-01 00:00:00' in /gws/pw/j07/ncas_obs_vol2/cao/processing/ncas-temperature-rh-1/data/long-term/level1d/2025/stfc-temperature-rh-1_cao_20251101_surface-met_v1.1.nc
/gws/pw/j07/ncas_obs_vol2/cao/raw_data/met_cao/data/long-term/2025/202511/CR1000XSeries_Chilbolton_Rxcabinmet1_20251102.dat
Parsed column names: ['TIMESTAMP', 'RECORD', 'BattV_Avg', 'PTemp_C_Avg', 'Air_T_Avg', 'RH_Avg', 'BP_mbar_Avg', 'WS_Avg', 'WD_Avg', 'SlrW_Avg', 'rg001dc_ch_Tot', 'rg006dc_ch_Tot', 'rg008dc_ch_Tot', 'rg009dc_ch_Tot', 'rg004tb_ch_Tot']
shape: (8_640, 3)
┌─────────────────────┬───────────┬────────┐
│ TIMESTAMP           ┆ Air_T_Avg ┆ RH_Avg │
│ ---                 ┆ ---       ┆ ---    │
│ datetime[μs]        ┆ f64       ┆ f64    │
╞═════════════════════╪═══════════╪════════╡
│ 2025-11-02 00:00:10 ┆ 278.97    ┆ 95.84  │
│ 2025-11-02 00:00:20 ┆ 278.97    ┆ 95.76  │
│ 2025-11-02 00:00:30 ┆ 278.97    ┆ 95.62  │
│ 2025-11-02 00:00:40 ┆ 278.95    ┆ 95.38  │
│ 2025-11-02 00:00:50 ┆ 278.97    ┆ 95.24  │
│ …                   ┆ …         ┆ …      │
│ 2025-11-02 23:59:20 ┆ 283.05    ┆ 88.38  │
│ 2025-11-02 23:59:30 ┆ 283.07    ┆ 88.3   │
│ 2025-11-02 23:59:40 ┆ 283.05    ┆ 88.28  │
│ 2025-11-02 23:59:50 ┆ 283.03    ┆ 88.26  │
│ 2025-11-03 00:00:00 ┆ 283.03    ┆ 88.18  │
└─────────────────────┴───────────┴────────┘
[INFO] Correcting the 'time' variable in the NetCDF file.
<class 'netCDF4.Variable'>
float64 time(time)
    units: seconds since 1970-01-01 00:00:00
    standard_name: time
    long_name: Time (seconds since 1970-01-01 00:00:00)
    axis: T
    valid_min: 1762041610.0
    valid_max: 1762128000.0
    calendar: standard
unlimited dimensions: 
current shape = (8640,)
filling on, default _FillValue of 9.969209968386869e+36 used
Flagged 0 points where air_temperature < 245.0K as bad data (qc_flag = 2).
Found 0 points already flagged as bad data (flag=2)
QC flags successfully added to /gws/pw/j07/ncas_obs_vol2/cao/processing/ncas-temperature-rh-1/data/long-term/level1d/2025/stfc-temperature-rh-1_cao_20251102_surface-met_v1.1.nc.
Updated time units to 'seconds since 1970-01-01 00:00:00' in /gws/pw/j07/ncas_obs_vol2/cao/processing/ncas-temperature-rh-1/data/long-term/level1d/2025/stfc-temperature-rh-1_cao_20251102_surface-met_v1.1.nc
/gws/pw/j07/ncas_obs_vol2/cao/raw_data/met_cao/data/long-term/2025/202511/CR1000XSeries_Chilbolton_Rxcabinmet1_20251103.dat
Parsed column names: ['TIMESTAMP', 'RECORD', 'BattV_Avg', 'PTemp_C_Avg', 'Air_T_Avg', 'RH_Avg', 'BP_mbar_Avg', 'WS_Avg', 'WD_Avg', 'SlrW_Avg', 'rg001dc_ch_Tot', 'rg006dc_ch_Tot', 'rg008dc_ch_Tot', 'rg009dc_ch_Tot', 'rg004tb_ch_Tot']
shape: (8_640, 3)
┌─────────────────────┬───────────┬────────┐
│ TIMESTAMP           ┆ Air_T_Avg ┆ RH_Avg │
│ ---                 ┆ ---       ┆ ---    │
│ datetime[μs]        ┆ f64       ┆ f64    │
╞═════════════════════╪═══════════╪════════╡
│ 2025-11-03 00:00:10 ┆ 283.01    ┆ 88.24  │
│ 2025-11-03 00:00:20 ┆ 283.01    ┆ 88.3   │
│ 2025-11-03 00:00:30 ┆ 282.99    ┆ 88.4   │
│ 2025-11-03 00:00:40 ┆ 282.99    ┆ 88.48  │
│ 2025-11-03 00:00:50 ┆ 283.01    ┆ 88.4   │
│ …                   ┆ …         ┆ …      │
│ 2025-11-03 23:59:20 ┆ 287.07    ┆ 88.62  │
│ 2025-11-03 23:59:30 ┆ 287.07    ┆ 88.58  │
│ 2025-11-03 23:59:40 ┆ 287.09    ┆ 88.54  │
│ 2025-11-03 23:59:50 ┆ 287.09    ┆ 88.46  │
│ 2025-11-04 00:00:00 ┆ 287.07    ┆ 88.44  │
└─────────────────────┴───────────┴────────┘
[INFO] Correcting the 'time' variable in the NetCDF file.
<class 'netCDF4.Variable'>
float64 time(time)
    units: seconds since 1970-01-01 00:00:00
    standard_name: time
    long_name: Time (seconds since 1970-01-01 00:00:00)
    axis: T
    valid_min: 1762128010.0
    valid_max: 1762214400.0
    calendar: standard
unlimited dimensions: 
current shape = (8640,)
filling on, default _FillValue of 9.969209968386869e+36 used
Flagged 0 points where air_temperature < 245.0K as bad data (qc_flag = 2).
Found 0 points already flagged as bad data (flag=2)
QC flags successfully added to /gws/pw/j07/ncas_obs_vol2/cao/processing/ncas-temperature-rh-1/data/long-term/level1d/2025/stfc-temperature-rh-1_cao_20251103_surface-met_v1.1.nc.
Updated time units to 'seconds since 1970-01-01 00:00:00' in /gws/pw/j07/ncas_obs_vol2/cao/processing/ncas-temperature-rh-1/data/long-term/level1d/2025/stfc-temperature-rh-1_cao_20251103_surface-met_v1.1.nc
/gws/pw/j07/ncas_obs_vol2/cao/raw_data/met_cao/data/long-term/2025/202511/CR1000XSeries_Chilbolton_Rxcabinmet1_20251104.dat
Parsed column names: ['TIMESTAMP', 'RECORD', 'BattV_Avg', 'PTemp_C_Avg', 'Air_T_Avg', 'RH_Avg', 'BP_mbar_Avg', 'WS_Avg', 'WD_Avg', 'SlrW_Avg', 'rg001dc_ch_Tot', 'rg006dc_ch_Tot', 'rg008dc_ch_Tot', 'rg009dc_ch_Tot', 'rg004tb_ch_Tot']
shape: (8_640, 3)
┌─────────────────────┬───────────┬────────┐
│ TIMESTAMP           ┆ Air_T_Avg ┆ RH_Avg │
│ ---                 ┆ ---       ┆ ---    │
│ datetime[μs]        ┆ f64       ┆ f64    │
╞═════════════════════╪═══════════╪════════╡
│ 2025-11-04 00:00:10 ┆ 287.07    ┆ 88.52  │
│ 2025-11-04 00:00:20 ┆ 287.07    ┆ 88.6   │
│ 2025-11-04 00:00:30 ┆ 287.05    ┆ 88.72  │
│ 2025-11-04 00:00:40 ┆ 287.05    ┆ 88.84  │
│ 2025-11-04 00:00:50 ┆ 287.03    ┆ 88.9   │
│ …                   ┆ …         ┆ …      │
│ 2025-11-04 23:59:20 ┆ 288.53    ┆ 84.74  │
│ 2025-11-04 23:59:30 ┆ 288.53    ┆ 84.72  │
│ 2025-11-04 23:59:40 ┆ 288.53    ┆ 84.74  │
│ 2025-11-04 23:59:50 ┆ 288.51    ┆ 84.8   │
│ 2025-11-05 00:00:00 ┆ 288.51    ┆ 84.86  │
└─────────────────────┴───────────┴────────┘
[INFO] Correcting the 'time' variable in the NetCDF file.
<class 'netCDF4.Variable'>
float64 time(time)
    units: seconds since 1970-01-01 00:00:00
    standard_name: time
    long_name: Time (seconds since 1970-01-01 00:00:00)
    axis: T
    valid_min: 1762214410.0
    valid_max: 1762300800.0
    calendar: standard
unlimited dimensions: 
current shape = (8640,)
filling on, default _FillValue of 9.969209968386869e+36 used
Flagged 0 points where air_temperature < 245.0K as bad data (qc_flag = 2).
Found 0 points already flagged as bad data (flag=2)
QC flags successfully added to /gws/pw/j07/ncas_obs_vol2/cao/processing/ncas-temperature-rh-1/data/long-term/level1d/2025/stfc-temperature-rh-1_cao_20251104_surface-met_v1.1.nc.
Updated time units to 'seconds since 1970-01-01 00:00:00' in /gws/pw/j07/ncas_obs_vol2/cao/processing/ncas-temperature-rh-1/data/long-term/level1d/2025/stfc-temperature-rh-1_cao_20251104_surface-met_v1.1.nc
/gws/pw/j07/ncas_obs_vol2/cao/raw_data/met_cao/data/long-term/2025/202511/CR1000XSeries_Chilbolton_Rxcabinmet1_20251105.dat
Parsed column names: ['TIMESTAMP', 'RECORD', 'BattV_Avg', 'PTemp_C_Avg', 'Air_T_Avg', 'RH_Avg', 'BP_mbar_Avg', 'WS_Avg', 'WD_Avg', 'SlrW_Avg', 'rg001dc_ch_Tot', 'rg006dc_ch_Tot', 'rg008dc_ch_Tot', 'rg009dc_ch_Tot', 'rg004tb_ch_Tot']
shape: (8_640, 3)
┌─────────────────────┬───────────┬────────┐
│ TIMESTAMP           ┆ Air_T_Avg ┆ RH_Avg │
│ ---                 ┆ ---       ┆ ---    │
│ datetime[μs]        ┆ f64       ┆ f64    │
╞═════════════════════╪═══════════╪════════╡
│ 2025-11-05 00:00:10 ┆ 288.51    ┆ 84.86  │
│ 2025-11-05 00:00:20 ┆ 288.51    ┆ 84.88  │
│ 2025-11-05 00:00:30 ┆ 288.51    ┆ 84.82  │
│ 2025-11-05 00:00:40 ┆ 288.53    ┆ 84.76  │
│ 2025-11-05 00:00:50 ┆ 288.51    ┆ 84.82  │
│ …                   ┆ …         ┆ …      │
│ 2025-11-05 23:59:20 ┆ 286.65    ┆ 87.08  │
│ 2025-11-05 23:59:30 ┆ 286.63    ┆ 87.06  │
│ 2025-11-05 23:59:40 ┆ 286.61    ┆ 87.04  │
│ 2025-11-05 23:59:50 ┆ 286.61    ┆ 86.94  │
│ 2025-11-06 00:00:00 ┆ 286.63    ┆ 86.78  │
└─────────────────────┴───────────┴────────┘
[INFO] Correcting the 'time' variable in the NetCDF file.
<class 'netCDF4.Variable'>
float64 time(time)
    units: seconds since 1970-01-01 00:00:00
    standard_name: time
    long_name: Time (seconds since 1970-01-01 00:00:00)
    axis: T
    valid_min: 1762300810.0
    valid_max: 1762387200.0
    calendar: standard
unlimited dimensions: 
current shape = (8640,)
filling on, default _FillValue of 9.969209968386869e+36 used
Flagged 0 points where air_temperature < 245.0K as bad data (qc_flag = 2).
Found 0 points already flagged as bad data (flag=2)
QC flags successfully added to /gws/pw/j07/ncas_obs_vol2/cao/processing/ncas-temperature-rh-1/data/long-term/level1d/2025/stfc-temperature-rh-1_cao_20251105_surface-met_v1.1.nc.
Updated time units to 'seconds since 1970-01-01 00:00:00' in /gws/pw/j07/ncas_obs_vol2/cao/processing/ncas-temperature-rh-1/data/long-term/level1d/2025/stfc-temperature-rh-1_cao_20251105_surface-met_v1.1.nc
/gws/pw/j07/ncas_obs_vol2/cao/raw_data/met_cao/data/long-term/2025/202511/CR1000XSeries_Chilbolton_Rxcabinmet1_20251106.dat
Parsed column names: ['TIMESTAMP', 'RECORD', 'BattV_Avg', 'PTemp_C_Avg', 'Air_T_Avg', 'RH_Avg', 'BP_mbar_Avg', 'WS_Avg', 'WD_Avg', 'SlrW_Avg', 'rg001dc_ch_Tot', 'rg006dc_ch_Tot', 'rg008dc_ch_Tot', 'rg009dc_ch_Tot', 'rg004tb_ch_Tot']
shape: (8_640, 3)
┌─────────────────────┬───────────┬────────┐
│ TIMESTAMP           ┆ Air_T_Avg ┆ RH_Avg │
│ ---                 ┆ ---       ┆ ---    │
│ datetime[μs]        ┆ f64       ┆ f64    │
╞═════════════════════╪═══════════╪════════╡
│ 2025-11-06 00:00:10 ┆ 286.63    ┆ 86.78  │
│ 2025-11-06 00:00:20 ┆ 286.65    ┆ 86.86  │
│ 2025-11-06 00:00:30 ┆ 286.67    ┆ 86.9   │
│ 2025-11-06 00:00:40 ┆ 286.69    ┆ 87.12  │
│ 2025-11-06 00:00:50 ┆ 286.71    ┆ 87.2   │
│ …                   ┆ …         ┆ …      │
│ 2025-11-06 23:59:20 ┆ 284.05    ┆ 99.12  │
│ 2025-11-06 23:59:30 ┆ 284.03    ┆ 99.26  │
│ 2025-11-06 23:59:40 ┆ 284.05    ┆ 99.32  │
│ 2025-11-06 23:59:50 ┆ 284.03    ┆ 99.36  │
│ 2025-11-07 00:00:00 ┆ 284.03    ┆ 99.26  │
└─────────────────────┴───────────┴────────┘
[INFO] Correcting the 'time' variable in the NetCDF file.
<class 'netCDF4.Variable'>
float64 time(time)
    units: seconds since 1970-01-01 00:00:00
    standard_name: time
    long_name: Time (seconds since 1970-01-01 00:00:00)
    axis: T
    valid_min: 1762387210.0
    valid_max: 1762473600.0
    calendar: standard
unlimited dimensions: 
current shape = (8640,)
filling on, default _FillValue of 9.969209968386869e+36 used
Flagged 0 points where air_temperature < 245.0K as bad data (qc_flag = 2).
Found 0 points already flagged as bad data (flag=2)
QC flags successfully added to /gws/pw/j07/ncas_obs_vol2/cao/processing/ncas-temperature-rh-1/data/long-term/level1d/2025/stfc-temperature-rh-1_cao_20251106_surface-met_v1.1.nc.
Updated time units to 'seconds since 1970-01-01 00:00:00' in /gws/pw/j07/ncas_obs_vol2/cao/processing/ncas-temperature-rh-1/data/long-term/level1d/2025/stfc-temperature-rh-1_cao_20251106_surface-met_v1.1.nc
/gws/pw/j07/ncas_obs_vol2/cao/raw_data/met_cao/data/long-term/2025/202511/CR1000XSeries_Chilbolton_Rxcabinmet1_20251107.dat
Parsed column names: ['TIMESTAMP', 'RECORD', 'BattV_Avg', 'PTemp_C_Avg', 'Air_T_Avg', 'RH_Avg', 'BP_mbar_Avg', 'WS_Avg', 'WD_Avg', 'SlrW_Avg', 'rg001dc_ch_Tot', 'rg006dc_ch_Tot', 'rg008dc_ch_Tot', 'rg009dc_ch_Tot', 'rg004tb_ch_Tot']
shape: (8_640, 3)
┌─────────────────────┬───────────┬────────┐
│ TIMESTAMP           ┆ Air_T_Avg ┆ RH_Avg │
│ ---                 ┆ ---       ┆ ---    │
│ datetime[μs]        ┆ f64       ┆ f64    │
╞═════════════════════╪═══════════╪════════╡
│ 2025-11-07 00:00:10 ┆ 284.01    ┆ 99.3   │
│ 2025-11-07 00:00:20 ┆ 283.99    ┆ 99.34  │
│ 2025-11-07 00:00:30 ┆ 283.97    ┆ 99.42  │
│ 2025-11-07 00:00:40 ┆ 283.95    ┆ 99.32  │
│ 2025-11-07 00:00:50 ┆ 283.95    ┆ 99.26  │
│ …                   ┆ …         ┆ …      │
│ 2025-11-07 23:59:20 ┆ 285.21    ┆ 96.0   │
│ 2025-11-07 23:59:30 ┆ 285.21    ┆ 96.04  │
│ 2025-11-07 23:59:40 ┆ 285.19    ┆ 96.06  │
│ 2025-11-07 23:59:50 ┆ 285.21    ┆ 96.1   │
│ 2025-11-08 00:00:00 ┆ 285.21    ┆ 96.14  │
└─────────────────────┴───────────┴────────┘
[INFO] Correcting the 'time' variable in the NetCDF file.
<class 'netCDF4.Variable'>
float64 time(time)
    units: seconds since 1970-01-01 00:00:00
    standard_name: time
    long_name: Time (seconds since 1970-01-01 00:00:00)
    axis: T
    valid_min: 1762473610.0
    valid_max: 1762560000.0
    calendar: standard
unlimited dimensions: 
current shape = (8640,)
filling on, default _FillValue of 9.969209968386869e+36 used
Flagged 0 points where air_temperature < 245.0K as bad data (qc_flag = 2).
Found 0 points already flagged as bad data (flag=2)
QC flags successfully added to /gws/pw/j07/ncas_obs_vol2/cao/processing/ncas-temperature-rh-1/data/long-term/level1d/2025/stfc-temperature-rh-1_cao_20251107_surface-met_v1.1.nc.
Updated time units to 'seconds since 1970-01-01 00:00:00' in /gws/pw/j07/ncas_obs_vol2/cao/processing/ncas-temperature-rh-1/data/long-term/level1d/2025/stfc-temperature-rh-1_cao_20251107_surface-met_v1.1.nc
/gws/pw/j07/ncas_obs_vol2/cao/raw_data/met_cao/data/long-term/2025/202511/CR1000XSeries_Chilbolton_Rxcabinmet1_20251108.dat
Parsed column names: ['TIMESTAMP', 'RECORD', 'BattV_Avg', 'PTemp_C_Avg', 'Air_T_Avg', 'RH_Avg', 'BP_mbar_Avg', 'WS_Avg', 'WD_Avg', 'SlrW_Avg', 'rg001dc_ch_Tot', 'rg006dc_ch_Tot', 'rg008dc_ch_Tot', 'rg009dc_ch_Tot', 'rg004tb_ch_Tot']
shape: (8_640, 3)
┌─────────────────────┬───────────┬────────┐
│ TIMESTAMP           ┆ Air_T_Avg ┆ RH_Avg │
│ ---                 ┆ ---       ┆ ---    │
│ datetime[μs]        ┆ f64       ┆ f64    │
╞═════════════════════╪═══════════╪════════╡
│ 2025-11-08 00:00:10 ┆ 285.19    ┆ 96.16  │
│ 2025-11-08 00:00:20 ┆ 285.19    ┆ 96.12  │
│ 2025-11-08 00:00:30 ┆ 285.19    ┆ 96.06  │
│ 2025-11-08 00:00:40 ┆ 285.19    ┆ 96.02  │
│ 2025-11-08 00:00:50 ┆ 285.21    ┆ 95.96  │
│ …                   ┆ …         ┆ …      │
│ 2025-11-08 23:59:20 ┆ 277.05    ┆ 99.96  │
│ 2025-11-08 23:59:30 ┆ 277.07    ┆ 99.96  │
│ 2025-11-08 23:59:40 ┆ 277.07    ┆ 99.96  │
│ 2025-11-08 23:59:50 ┆ 277.09    ┆ 99.96  │
│ 2025-11-09 00:00:00 ┆ 277.07    ┆ 99.96  │
└─────────────────────┴───────────┴────────┘
[INFO] Correcting the 'time' variable in the NetCDF file.
<class 'netCDF4.Variable'>
float64 time(time)
    units: seconds since 1970-01-01 00:00:00
    standard_name: time
    long_name: Time (seconds since 1970-01-01 00:00:00)
    axis: T
    valid_min: 1762560010.0
    valid_max: 1762646400.0
    calendar: standard
unlimited dimensions: 
current shape = (8640,)
filling on, default _FillValue of 9.969209968386869e+36 used
Flagged 0 points where air_temperature < 245.0K as bad data (qc_flag = 2).
Found 0 points already flagged as bad data (flag=2)
QC flags successfully added to /gws/pw/j07/ncas_obs_vol2/cao/processing/ncas-temperature-rh-1/data/long-term/level1d/2025/stfc-temperature-rh-1_cao_20251108_surface-met_v1.1.nc.
Updated time units to 'seconds since 1970-01-01 00:00:00' in /gws/pw/j07/ncas_obs_vol2/cao/processing/ncas-temperature-rh-1/data/long-term/level1d/2025/stfc-temperature-rh-1_cao_20251108_surface-met_v1.1.nc
/gws/pw/j07/ncas_obs_vol2/cao/raw_data/met_cao/data/long-term/2025/202511/CR1000XSeries_Chilbolton_Rxcabinmet1_20251109.dat
Parsed column names: ['TIMESTAMP', 'RECORD', 'BattV_Avg', 'PTemp_C_Avg', 'Air_T_Avg', 'RH_Avg', 'BP_mbar_Avg', 'WS_Avg', 'WD_Avg', 'SlrW_Avg', 'rg001dc_ch_Tot', 'rg006dc_ch_Tot', 'rg008dc_ch_Tot', 'rg009dc_ch_Tot', 'rg004tb_ch_Tot']
shape: (8_640, 3)
┌─────────────────────┬───────────┬────────┐
│ TIMESTAMP           ┆ Air_T_Avg ┆ RH_Avg │
│ ---                 ┆ ---       ┆ ---    │
│ datetime[μs]        ┆ f64       ┆ f64    │
╞═════════════════════╪═══════════╪════════╡
│ 2025-11-09 00:00:10 ┆ 277.07    ┆ 99.96  │
│ 2025-11-09 00:00:20 ┆ 277.05    ┆ 99.96  │
│ 2025-11-09 00:00:30 ┆ 277.03    ┆ 99.96  │
│ 2025-11-09 00:00:40 ┆ 277.03    ┆ 99.96  │
│ 2025-11-09 00:00:50 ┆ 277.01    ┆ 99.96  │
│ …                   ┆ …         ┆ …      │
│ 2025-11-09 23:59:20 ┆ 285.53    ┆ 96.42  │
│ 2025-11-09 23:59:30 ┆ 285.53    ┆ 96.6   │
│ 2025-11-09 23:59:40 ┆ 285.53    ┆ 96.72  │
│ 2025-11-09 23:59:50 ┆ 285.53    ┆ 96.8   │
│ 2025-11-10 00:00:00 ┆ 285.53    ┆ 96.9   │
└─────────────────────┴───────────┴────────┘
[INFO] Correcting the 'time' variable in the NetCDF file.
<class 'netCDF4.Variable'>
float64 time(time)
    units: seconds since 1970-01-01 00:00:00
    standard_name: time
    long_name: Time (seconds since 1970-01-01 00:00:00)
    axis: T
    valid_min: 1762646410.0
    valid_max: 1762732800.0
    calendar: standard
unlimited dimensions: 
current shape = (8640,)
filling on, default _FillValue of 9.969209968386869e+36 used
Flagged 0 points where air_temperature < 245.0K as bad data (qc_flag = 2).
Found 0 points already flagged as bad data (flag=2)
QC flags successfully added to /gws/pw/j07/ncas_obs_vol2/cao/processing/ncas-temperature-rh-1/data/long-term/level1d/2025/stfc-temperature-rh-1_cao_20251109_surface-met_v1.1.nc.
Updated time units to 'seconds since 1970-01-01 00:00:00' in /gws/pw/j07/ncas_obs_vol2/cao/processing/ncas-temperature-rh-1/data/long-term/level1d/2025/stfc-temperature-rh-1_cao_20251109_surface-met_v1.1.nc
/gws/pw/j07/ncas_obs_vol2/cao/raw_data/met_cao/data/long-term/2025/202511/CR1000XSeries_Chilbolton_Rxcabinmet1_20251110.dat
Parsed column names: ['TIMESTAMP', 'RECORD', 'BattV_Avg', 'PTemp_C_Avg', 'Air_T_Avg', 'RH_Avg', 'BP_mbar_Avg', 'WS_Avg', 'WD_Avg', 'SlrW_Avg', 'rg001dc_ch_Tot', 'rg006dc_ch_Tot', 'rg008dc_ch_Tot', 'rg009dc_ch_Tot', 'rg004tb_ch_Tot']
shape: (8_640, 3)
┌─────────────────────┬───────────┬────────┐
│ TIMESTAMP           ┆ Air_T_Avg ┆ RH_Avg │
│ ---                 ┆ ---       ┆ ---    │
│ datetime[μs]        ┆ f64       ┆ f64    │
╞═════════════════════╪═══════════╪════════╡
│ 2025-11-10 00:00:10 ┆ 285.55    ┆ 96.92  │
│ 2025-11-10 00:00:20 ┆ 285.55    ┆ 96.84  │
│ 2025-11-10 00:00:30 ┆ 285.55    ┆ 96.78  │
│ 2025-11-10 00:00:40 ┆ 285.53    ┆ 96.76  │
│ 2025-11-10 00:00:50 ┆ 285.53    ┆ 96.7   │
│ …                   ┆ …         ┆ …      │
│ 2025-11-10 23:59:20 ┆ 280.51    ┆ 97.16  │
│ 2025-11-10 23:59:30 ┆ 280.47    ┆ 97.34  │
│ 2025-11-10 23:59:40 ┆ 280.47    ┆ 97.2   │
│ 2025-11-10 23:59:50 ┆ 280.47    ┆ 96.86  │
│ 2025-11-11 00:00:00 ┆ 280.47    ┆ 96.54  │
└─────────────────────┴───────────┴────────┘
[INFO] Correcting the 'time' variable in the NetCDF file.
<class 'netCDF4.Variable'>
float64 time(time)
    units: seconds since 1970-01-01 00:00:00
    standard_name: time
    long_name: Time (seconds since 1970-01-01 00:00:00)
    axis: T
    valid_min: 1762732810.0
    valid_max: 1762819200.0
    calendar: standard
unlimited dimensions: 
current shape = (8640,)
filling on, default _FillValue of 9.969209968386869e+36 used
Flagged 0 points where air_temperature < 245.0K as bad data (qc_flag = 2).
Found 0 points already flagged as bad data (flag=2)
QC flags successfully added to /gws/pw/j07/ncas_obs_vol2/cao/processing/ncas-temperature-rh-1/data/long-term/level1d/2025/stfc-temperature-rh-1_cao_20251110_surface-met_v1.1.nc.
Updated time units to 'seconds since 1970-01-01 00:00:00' in /gws/pw/j07/ncas_obs_vol2/cao/processing/ncas-temperature-rh-1/data/long-term/level1d/2025/stfc-temperature-rh-1_cao_20251110_surface-met_v1.1.nc
/gws/pw/j07/ncas_obs_vol2/cao/raw_data/met_cao/data/long-term/2025/202511/CR1000XSeries_Chilbolton_Rxcabinmet1_20251111.dat
Parsed column names: ['TIMESTAMP', 'RECORD', 'BattV_Avg', 'PTemp_C_Avg', 'Air_T_Avg', 'RH_Avg', 'BP_mbar_Avg', 'WS_Avg', 'WD_Avg', 'SlrW_Avg', 'rg001dc_ch_Tot', 'rg006dc_ch_Tot', 'rg008dc_ch_Tot', 'rg009dc_ch_Tot', 'rg004tb_ch_Tot']
shape: (8_640, 3)
┌─────────────────────┬───────────┬────────┐
│ TIMESTAMP           ┆ Air_T_Avg ┆ RH_Avg │
│ ---                 ┆ ---       ┆ ---    │
│ datetime[μs]        ┆ f64       ┆ f64    │
╞═════════════════════╪═══════════╪════════╡
│ 2025-11-11 00:00:10 ┆ 280.47    ┆ 96.58  │
│ 2025-11-11 00:00:20 ┆ 280.47    ┆ 96.76  │
│ 2025-11-11 00:00:30 ┆ 280.47    ┆ 96.96  │
│ 2025-11-11 00:00:40 ┆ 280.49    ┆ 97.04  │
│ 2025-11-11 00:00:50 ┆ 280.51    ┆ 97.14  │
│ …                   ┆ …         ┆ …      │
│ 2025-11-11 23:59:20 ┆ 287.01    ┆ 93.96  │
│ 2025-11-11 23:59:30 ┆ 286.99    ┆ 94.2   │
│ 2025-11-11 23:59:40 ┆ 286.99    ┆ 94.52  │
│ 2025-11-11 23:59:50 ┆ 287.01    ┆ 94.66  │
│ 2025-11-12 00:00:00 ┆ 286.99    ┆ 94.58  │
└─────────────────────┴───────────┴────────┘
[INFO] Correcting the 'time' variable in the NetCDF file.
<class 'netCDF4.Variable'>
float64 time(time)
    units: seconds since 1970-01-01 00:00:00
    standard_name: time
    long_name: Time (seconds since 1970-01-01 00:00:00)
    axis: T
    valid_min: 1762819210.0
    valid_max: 1762905600.0
    calendar: standard
unlimited dimensions: 
current shape = (8640,)
filling on, default _FillValue of 9.969209968386869e+36 used
Flagged 0 points where air_temperature < 245.0K as bad data (qc_flag = 2).
Found 0 points already flagged as bad data (flag=2)
QC flags successfully added to /gws/pw/j07/ncas_obs_vol2/cao/processing/ncas-temperature-rh-1/data/long-term/level1d/2025/stfc-temperature-rh-1_cao_20251111_surface-met_v1.1.nc.
Updated time units to 'seconds since 1970-01-01 00:00:00' in /gws/pw/j07/ncas_obs_vol2/cao/processing/ncas-temperature-rh-1/data/long-term/level1d/2025/stfc-temperature-rh-1_cao_20251111_surface-met_v1.1.nc
/gws/pw/j07/ncas_obs_vol2/cao/raw_data/met_cao/data/long-term/2025/202511/CR1000XSeries_Chilbolton_Rxcabinmet1_20251112.dat
Parsed column names: ['TIMESTAMP', 'RECORD', 'BattV_Avg', 'PTemp_C_Avg', 'Air_T_Avg', 'RH_Avg', 'BP_mbar_Avg', 'WS_Avg', 'WD_Avg', 'SlrW_Avg', 'rg001dc_ch_Tot', 'rg006dc_ch_Tot', 'rg008dc_ch_Tot', 'rg009dc_ch_Tot', 'rg004tb_ch_Tot']
shape: (8_640, 3)
┌─────────────────────┬───────────┬────────┐
│ TIMESTAMP           ┆ Air_T_Avg ┆ RH_Avg │
│ ---                 ┆ ---       ┆ ---    │
│ datetime[μs]        ┆ f64       ┆ f64    │
╞═════════════════════╪═══════════╪════════╡
│ 2025-11-12 00:00:10 ┆ 286.99    ┆ 94.48  │
│ 2025-11-12 00:00:20 ┆ 287.01    ┆ 94.32  │
│ 2025-11-12 00:00:30 ┆ 287.01    ┆ 93.9   │
│ 2025-11-12 00:00:40 ┆ 287.01    ┆ 93.7   │
│ 2025-11-12 00:00:50 ┆ 287.01    ┆ 93.66  │
│ …                   ┆ …         ┆ …      │
│ 2025-11-12 23:59:20 ┆ 286.29    ┆ 91.28  │
│ 2025-11-12 23:59:30 ┆ 286.27    ┆ 91.18  │
│ 2025-11-12 23:59:40 ┆ 286.27    ┆ 91.12  │
│ 2025-11-12 23:59:50 ┆ 286.27    ┆ 91.14  │
│ 2025-11-13 00:00:00 ┆ 286.29    ┆ 91.14  │
└─────────────────────┴───────────┴────────┘
[INFO] Correcting the 'time' variable in the NetCDF file.
<class 'netCDF4.Variable'>
float64 time(time)
    units: seconds since 1970-01-01 00:00:00
    standard_name: time
    long_name: Time (seconds since 1970-01-01 00:00:00)
    axis: T
    valid_min: 1762905610.0
    valid_max: 1762992000.0
    calendar: standard
unlimited dimensions: 
current shape = (8640,)
filling on, default _FillValue of 9.969209968386869e+36 used
Flagged 0 points where air_temperature < 245.0K as bad data (qc_flag = 2).
Found 0 points already flagged as bad data (flag=2)
QC flags successfully added to /gws/pw/j07/ncas_obs_vol2/cao/processing/ncas-temperature-rh-1/data/long-term/level1d/2025/stfc-temperature-rh-1_cao_20251112_surface-met_v1.1.nc.
Updated time units to 'seconds since 1970-01-01 00:00:00' in /gws/pw/j07/ncas_obs_vol2/cao/processing/ncas-temperature-rh-1/data/long-term/level1d/2025/stfc-temperature-rh-1_cao_20251112_surface-met_v1.1.nc
/gws/pw/j07/ncas_obs_vol2/cao/raw_data/met_cao/data/long-term/2025/202511/CR1000XSeries_Chilbolton_Rxcabinmet1_20251113.dat
Parsed column names: ['TIMESTAMP', 'RECORD', 'BattV_Avg', 'PTemp_C_Avg', 'Air_T_Avg', 'RH_Avg', 'BP_mbar_Avg', 'WS_Avg', 'WD_Avg', 'SlrW_Avg', 'rg001dc_ch_Tot', 'rg006dc_ch_Tot', 'rg008dc_ch_Tot', 'rg009dc_ch_Tot', 'rg004tb_ch_Tot']
shape: (8_640, 3)
┌─────────────────────┬───────────┬────────┐
│ TIMESTAMP           ┆ Air_T_Avg ┆ RH_Avg │
│ ---                 ┆ ---       ┆ ---    │
│ datetime[μs]        ┆ f64       ┆ f64    │
╞═════════════════════╪═══════════╪════════╡
│ 2025-11-13 00:00:10 ┆ 286.33    ┆ 91.12  │
│ 2025-11-13 00:00:20 ┆ 286.33    ┆ 91.22  │
│ 2025-11-13 00:00:30 ┆ 286.35    ┆ 91.44  │
│ 2025-11-13 00:00:40 ┆ 286.35    ┆ 91.52  │
│ 2025-11-13 00:00:50 ┆ 286.37    ┆ 91.46  │
│ …                   ┆ …         ┆ …      │
│ 2025-11-13 23:59:20 ┆ 286.17    ┆ 97.92  │
│ 2025-11-13 23:59:30 ┆ 286.15    ┆ 97.86  │
│ 2025-11-13 23:59:40 ┆ 286.15    ┆ 97.88  │
│ 2025-11-13 23:59:50 ┆ 286.15    ┆ 97.94  │
│ 2025-11-14 00:00:00 ┆ 286.15    ┆ 98.06  │
└─────────────────────┴───────────┴────────┘
[INFO] Correcting the 'time' variable in the NetCDF file.
<class 'netCDF4.Variable'>
float64 time(time)
    units: seconds since 1970-01-01 00:00:00
    standard_name: time
    long_name: Time (seconds since 1970-01-01 00:00:00)
    axis: T
    valid_min: 1762992010.0
    valid_max: 1763078400.0
    calendar: standard
unlimited dimensions: 
current shape = (8640,)
filling on, default _FillValue of 9.969209968386869e+36 used
Flagged 0 points where air_temperature < 245.0K as bad data (qc_flag = 2).
Found 0 points already flagged as bad data (flag=2)
QC flags successfully added to /gws/pw/j07/ncas_obs_vol2/cao/processing/ncas-temperature-rh-1/data/long-term/level1d/2025/stfc-temperature-rh-1_cao_20251113_surface-met_v1.1.nc.
Updated time units to 'seconds since 1970-01-01 00:00:00' in /gws/pw/j07/ncas_obs_vol2/cao/processing/ncas-temperature-rh-1/data/long-term/level1d/2025/stfc-temperature-rh-1_cao_20251113_surface-met_v1.1.nc
/gws/pw/j07/ncas_obs_vol2/cao/raw_data/met_cao/data/long-term/2025/202511/CR1000XSeries_Chilbolton_Rxcabinmet1_20251114.dat
Parsed column names: ['TIMESTAMP', 'RECORD', 'BattV_Avg', 'PTemp_C_Avg', 'Air_T_Avg', 'RH_Avg', 'BP_mbar_Avg', 'WS_Avg', 'WD_Avg', 'SlrW_Avg', 'rg001dc_ch_Tot', 'rg006dc_ch_Tot', 'rg008dc_ch_Tot', 'rg009dc_ch_Tot', 'rg004tb_ch_Tot']
shape: (8_640, 3)
┌─────────────────────┬───────────┬────────┐
│ TIMESTAMP           ┆ Air_T_Avg ┆ RH_Avg │
│ ---                 ┆ ---       ┆ ---    │
│ datetime[μs]        ┆ f64       ┆ f64    │
╞═════════════════════╪═══════════╪════════╡
│ 2025-11-14 00:00:10 ┆ 286.15    ┆ 98.14  │
│ 2025-11-14 00:00:20 ┆ 286.15    ┆ 98.2   │
│ 2025-11-14 00:00:30 ┆ 286.15    ┆ 98.22  │
│ 2025-11-14 00:00:40 ┆ 286.15    ┆ 98.12  │
│ 2025-11-14 00:00:50 ┆ 286.15    ┆ 98.12  │
│ …                   ┆ …         ┆ …      │
│ 2025-11-14 23:59:20 ┆ 286.39    ┆ 96.2   │
│ 2025-11-14 23:59:30 ┆ 286.39    ┆ 96.2   │
│ 2025-11-14 23:59:40 ┆ 286.39    ┆ 96.14  │
│ 2025-11-14 23:59:50 ┆ 286.39    ┆ 96.08  │
│ 2025-11-15 00:00:00 ┆ 286.39    ┆ 95.92  │
└─────────────────────┴───────────┴────────┘
[INFO] Correcting the 'time' variable in the NetCDF file.
<class 'netCDF4.Variable'>
float64 time(time)
    units: seconds since 1970-01-01 00:00:00
    standard_name: time
    long_name: Time (seconds since 1970-01-01 00:00:00)
    axis: T
    valid_min: 1763078410.0
    valid_max: 1763164800.0
    calendar: standard
unlimited dimensions: 
current shape = (8640,)
filling on, default _FillValue of 9.969209968386869e+36 used
Flagged 0 points where air_temperature < 245.0K as bad data (qc_flag = 2).
Found 0 points already flagged as bad data (flag=2)
QC flags successfully added to /gws/pw/j07/ncas_obs_vol2/cao/processing/ncas-temperature-rh-1/data/long-term/level1d/2025/stfc-temperature-rh-1_cao_20251114_surface-met_v1.1.nc.
Updated time units to 'seconds since 1970-01-01 00:00:00' in /gws/pw/j07/ncas_obs_vol2/cao/processing/ncas-temperature-rh-1/data/long-term/level1d/2025/stfc-temperature-rh-1_cao_20251114_surface-met_v1.1.nc
/gws/pw/j07/ncas_obs_vol2/cao/raw_data/met_cao/data/long-term/2025/202511/CR1000XSeries_Chilbolton_Rxcabinmet1_20251115.dat
Parsed column names: ['TIMESTAMP', 'RECORD', 'BattV_Avg', 'PTemp_C_Avg', 'Air_T_Avg', 'RH_Avg', 'BP_mbar_Avg', 'WS_Avg', 'WD_Avg', 'SlrW_Avg', 'rg001dc_ch_Tot', 'rg006dc_ch_Tot', 'rg008dc_ch_Tot', 'rg009dc_ch_Tot', 'rg004tb_ch_Tot']
shape: (8_640, 3)
┌─────────────────────┬───────────┬────────┐
│ TIMESTAMP           ┆ Air_T_Avg ┆ RH_Avg │
│ ---                 ┆ ---       ┆ ---    │
│ datetime[μs]        ┆ f64       ┆ f64    │
╞═════════════════════╪═══════════╪════════╡
│ 2025-11-15 00:00:10 ┆ 286.39    ┆ 95.88  │
│ 2025-11-15 00:00:20 ┆ 286.41    ┆ 95.98  │
│ 2025-11-15 00:00:30 ┆ 286.39    ┆ 96.04  │
│ 2025-11-15 00:00:40 ┆ 286.39    ┆ 96.08  │
│ 2025-11-15 00:00:50 ┆ 286.39    ┆ 96.1   │
│ …                   ┆ …         ┆ …      │
│ 2025-11-15 23:59:20 ┆ 283.53    ┆ 94.06  │
│ 2025-11-15 23:59:30 ┆ 283.55    ┆ 94.0   │
│ 2025-11-15 23:59:40 ┆ 283.53    ┆ 93.98  │
│ 2025-11-15 23:59:50 ┆ 283.53    ┆ 94.04  │
│ 2025-11-16 00:00:00 ┆ 283.53    ┆ 94.08  │
└─────────────────────┴───────────┴────────┘
[INFO] Correcting the 'time' variable in the NetCDF file.
<class 'netCDF4.Variable'>
float64 time(time)
    units: seconds since 1970-01-01 00:00:00
    standard_name: time
    long_name: Time (seconds since 1970-01-01 00:00:00)
    axis: T
    valid_min: 1763164810.0
    valid_max: 1763251200.0
    calendar: standard
unlimited dimensions: 
current shape = (8640,)
filling on, default _FillValue of 9.969209968386869e+36 used
Flagged 0 points where air_temperature < 245.0K as bad data (qc_flag = 2).
Found 0 points already flagged as bad data (flag=2)
QC flags successfully added to /gws/pw/j07/ncas_obs_vol2/cao/processing/ncas-temperature-rh-1/data/long-term/level1d/2025/stfc-temperature-rh-1_cao_20251115_surface-met_v1.1.nc.
Updated time units to 'seconds since 1970-01-01 00:00:00' in /gws/pw/j07/ncas_obs_vol2/cao/processing/ncas-temperature-rh-1/data/long-term/level1d/2025/stfc-temperature-rh-1_cao_20251115_surface-met_v1.1.nc
/gws/pw/j07/ncas_obs_vol2/cao/raw_data/met_cao/data/long-term/2025/202511/CR1000XSeries_Chilbolton_Rxcabinmet1_20251116.dat
Parsed column names: ['TIMESTAMP', 'RECORD', 'BattV_Avg', 'PTemp_C_Avg', 'Air_T_Avg', 'RH_Avg', 'BP_mbar_Avg', 'WS_Avg', 'WD_Avg', 'SlrW_Avg', 'rg001dc_ch_Tot', 'rg006dc_ch_Tot', 'rg008dc_ch_Tot', 'rg009dc_ch_Tot', 'rg004tb_ch_Tot']
shape: (8_640, 3)
┌─────────────────────┬───────────┬────────┐
│ TIMESTAMP           ┆ Air_T_Avg ┆ RH_Avg │
│ ---                 ┆ ---       ┆ ---    │
│ datetime[μs]        ┆ f64       ┆ f64    │
╞═════════════════════╪═══════════╪════════╡
│ 2025-11-16 00:00:10 ┆ 283.53    ┆ 94.1   │
│ 2025-11-16 00:00:20 ┆ 283.53    ┆ 94.0   │
│ 2025-11-16 00:00:30 ┆ 283.55    ┆ 93.9   │
│ 2025-11-16 00:00:40 ┆ 283.55    ┆ 93.88  │
│ 2025-11-16 00:00:50 ┆ 283.55    ┆ 93.9   │
│ …                   ┆ …         ┆ …      │
│ 2025-11-16 23:59:20 ┆ 277.67    ┆ 73.68  │
│ 2025-11-16 23:59:30 ┆ 277.65    ┆ 74.46  │
│ 2025-11-16 23:59:40 ┆ 277.63    ┆ 74.7   │
│ 2025-11-16 23:59:50 ┆ 277.63    ┆ 74.52  │
│ 2025-11-17 00:00:00 ┆ 277.65    ┆ 73.98  │
└─────────────────────┴───────────┴────────┘
[INFO] Correcting the 'time' variable in the NetCDF file.
<class 'netCDF4.Variable'>
float64 time(time)
    units: seconds since 1970-01-01 00:00:00
    standard_name: time
    long_name: Time (seconds since 1970-01-01 00:00:00)
    axis: T
    valid_min: 1763251210.0
    valid_max: 1763337600.0
    calendar: standard
unlimited dimensions: 
current shape = (8640,)
filling on, default _FillValue of 9.969209968386869e+36 used
Flagged 0 points where air_temperature < 245.0K as bad data (qc_flag = 2).
Found 0 points already flagged as bad data (flag=2)
QC flags successfully added to /gws/pw/j07/ncas_obs_vol2/cao/processing/ncas-temperature-rh-1/data/long-term/level1d/2025/stfc-temperature-rh-1_cao_20251116_surface-met_v1.1.nc.
Updated time units to 'seconds since 1970-01-01 00:00:00' in /gws/pw/j07/ncas_obs_vol2/cao/processing/ncas-temperature-rh-1/data/long-term/level1d/2025/stfc-temperature-rh-1_cao_20251116_surface-met_v1.1.nc
/gws/pw/j07/ncas_obs_vol2/cao/raw_data/met_cao/data/long-term/2025/202511/CR1000XSeries_Chilbolton_Rxcabinmet1_20251117.dat
Parsed column names: ['TIMESTAMP', 'RECORD', 'BattV_Avg', 'PTemp_C_Avg', 'Air_T_Avg', 'RH_Avg', 'BP_mbar_Avg', 'WS_Avg', 'WD_Avg', 'SlrW_Avg', 'rg001dc_ch_Tot', 'rg006dc_ch_Tot', 'rg008dc_ch_Tot', 'rg009dc_ch_Tot', 'rg004tb_ch_Tot']
shape: (8_640, 3)
┌─────────────────────┬───────────┬────────┐
│ TIMESTAMP           ┆ Air_T_Avg ┆ RH_Avg │
│ ---                 ┆ ---       ┆ ---    │
│ datetime[μs]        ┆ f64       ┆ f64    │
╞═════════════════════╪═══════════╪════════╡
│ 2025-11-17 00:00:10 ┆ 277.71    ┆ 72.94  │
│ 2025-11-17 00:00:20 ┆ 277.75    ┆ 72.62  │
│ 2025-11-17 00:00:30 ┆ 277.79    ┆ 72.66  │
│ 2025-11-17 00:00:40 ┆ 277.83    ┆ 73.0   │
│ 2025-11-17 00:00:50 ┆ 277.89    ┆ 73.54  │
│ …                   ┆ …         ┆ …      │
│ 2025-11-17 23:59:20 ┆ 272.31    ┆ 95.32  │
│ 2025-11-17 23:59:30 ┆ 272.31    ┆ 95.34  │
│ 2025-11-17 23:59:40 ┆ 272.31    ┆ 95.46  │
│ 2025-11-17 23:59:50 ┆ 272.31    ┆ 95.6   │
│ 2025-11-18 00:00:00 ┆ 272.31    ┆ 95.78  │
└─────────────────────┴───────────┴────────┘
[INFO] Correcting the 'time' variable in the NetCDF file.
<class 'netCDF4.Variable'>
float64 time(time)
    units: seconds since 1970-01-01 00:00:00
    standard_name: time
    long_name: Time (seconds since 1970-01-01 00:00:00)
    axis: T
    valid_min: 1763337610.0
    valid_max: 1763424000.0
    calendar: standard
unlimited dimensions: 
current shape = (8640,)
filling on, default _FillValue of 9.969209968386869e+36 used
Flagged 0 points where air_temperature < 245.0K as bad data (qc_flag = 2).
Found 0 points already flagged as bad data (flag=2)
QC flags successfully added to /gws/pw/j07/ncas_obs_vol2/cao/processing/ncas-temperature-rh-1/data/long-term/level1d/2025/stfc-temperature-rh-1_cao_20251117_surface-met_v1.1.nc.
Updated time units to 'seconds since 1970-01-01 00:00:00' in /gws/pw/j07/ncas_obs_vol2/cao/processing/ncas-temperature-rh-1/data/long-term/level1d/2025/stfc-temperature-rh-1_cao_20251117_surface-met_v1.1.nc
/gws/pw/j07/ncas_obs_vol2/cao/raw_data/met_cao/data/long-term/2025/202511/CR1000XSeries_Chilbolton_Rxcabinmet1_20251118.dat
Parsed column names: ['TIMESTAMP', 'RECORD', 'BattV_Avg', 'PTemp_C_Avg', 'Air_T_Avg', 'RH_Avg', 'BP_mbar_Avg', 'WS_Avg', 'WD_Avg', 'SlrW_Avg', 'rg001dc_ch_Tot', 'rg006dc_ch_Tot', 'rg008dc_ch_Tot', 'rg009dc_ch_Tot', 'rg004tb_ch_Tot']
shape: (8_640, 3)
┌─────────────────────┬───────────┬────────┐
│ TIMESTAMP           ┆ Air_T_Avg ┆ RH_Avg │
│ ---                 ┆ ---       ┆ ---    │
│ datetime[μs]        ┆ f64       ┆ f64    │
╞═════════════════════╪═══════════╪════════╡
│ 2025-11-18 00:00:10 ┆ 272.31    ┆ 95.9   │
│ 2025-11-18 00:00:20 ┆ 272.29    ┆ 95.94  │
│ 2025-11-18 00:00:30 ┆ 272.25    ┆ 95.9   │
│ 2025-11-18 00:00:40 ┆ 272.23    ┆ 95.76  │
│ 2025-11-18 00:00:50 ┆ 272.21    ┆ 95.44  │
│ …                   ┆ …         ┆ …      │
│ 2025-11-18 23:59:20 ┆ 277.25    ┆ 93.22  │
│ 2025-11-18 23:59:30 ┆ 277.25    ┆ 92.68  │
│ 2025-11-18 23:59:40 ┆ 277.25    ┆ 92.58  │
│ 2025-11-18 23:59:50 ┆ 277.23    ┆ 92.8   │
│ 2025-11-19 00:00:00 ┆ 277.23    ┆ 93.08  │
└─────────────────────┴───────────┴────────┘
[INFO] Correcting the 'time' variable in the NetCDF file.
<class 'netCDF4.Variable'>
float64 time(time)
    units: seconds since 1970-01-01 00:00:00
    standard_name: time
    long_name: Time (seconds since 1970-01-01 00:00:00)
    axis: T
    valid_min: 1763424010.0
    valid_max: 1763510400.0
    calendar: standard
unlimited dimensions: 
current shape = (8640,)
filling on, default _FillValue of 9.969209968386869e+36 used
Flagged 0 points where air_temperature < 245.0K as bad data (qc_flag = 2).
Found 0 points already flagged as bad data (flag=2)
QC flags successfully added to /gws/pw/j07/ncas_obs_vol2/cao/processing/ncas-temperature-rh-1/data/long-term/level1d/2025/stfc-temperature-rh-1_cao_20251118_surface-met_v1.1.nc.
Updated time units to 'seconds since 1970-01-01 00:00:00' in /gws/pw/j07/ncas_obs_vol2/cao/processing/ncas-temperature-rh-1/data/long-term/level1d/2025/stfc-temperature-rh-1_cao_20251118_surface-met_v1.1.nc
/gws/pw/j07/ncas_obs_vol2/cao/raw_data/met_cao/data/long-term/2025/202511/CR1000XSeries_Chilbolton_Rxcabinmet1_20251119.dat
Parsed column names: ['TIMESTAMP', 'RECORD', 'BattV_Avg', 'PTemp_C_Avg', 'Air_T_Avg', 'RH_Avg', 'BP_mbar_Avg', 'WS_Avg', 'WD_Avg', 'SlrW_Avg', 'rg001dc_ch_Tot', 'rg006dc_ch_Tot', 'rg008dc_ch_Tot', 'rg009dc_ch_Tot', 'rg004tb_ch_Tot']
shape: (8_640, 3)
┌─────────────────────┬───────────┬────────┐
│ TIMESTAMP           ┆ Air_T_Avg ┆ RH_Avg │
│ ---                 ┆ ---       ┆ ---    │
│ datetime[μs]        ┆ f64       ┆ f64    │
╞═════════════════════╪═══════════╪════════╡
│ 2025-11-19 00:00:10 ┆ 277.23    ┆ 93.42  │
│ 2025-11-19 00:00:20 ┆ 277.23    ┆ 93.82  │
│ 2025-11-19 00:00:30 ┆ 277.23    ┆ 93.94  │
│ 2025-11-19 00:00:40 ┆ 277.23    ┆ 93.7   │
│ 2025-11-19 00:00:50 ┆ 277.23    ┆ 93.6   │
│ …                   ┆ …         ┆ …      │
│ 2025-11-19 23:59:20 ┆ 271.65    ┆ 84.1   │
│ 2025-11-19 23:59:30 ┆ 271.63    ┆ 83.78  │
│ 2025-11-19 23:59:40 ┆ 271.65    ┆ 83.16  │
│ 2025-11-19 23:59:50 ┆ 271.65    ┆ 82.82  │
│ 2025-11-20 00:00:00 ┆ 271.65    ┆ 82.68  │
└─────────────────────┴───────────┴────────┘
[INFO] Correcting the 'time' variable in the NetCDF file.
<class 'netCDF4.Variable'>
float64 time(time)
    units: seconds since 1970-01-01 00:00:00
    standard_name: time
    long_name: Time (seconds since 1970-01-01 00:00:00)
    axis: T
    valid_min: 1763510410.0
    valid_max: 1763596800.0
    calendar: standard
unlimited dimensions: 
current shape = (8640,)
filling on, default _FillValue of 9.969209968386869e+36 used
Flagged 0 points where air_temperature < 245.0K as bad data (qc_flag = 2).
Found 0 points already flagged as bad data (flag=2)
QC flags successfully added to /gws/pw/j07/ncas_obs_vol2/cao/processing/ncas-temperature-rh-1/data/long-term/level1d/2025/stfc-temperature-rh-1_cao_20251119_surface-met_v1.1.nc.
Updated time units to 'seconds since 1970-01-01 00:00:00' in /gws/pw/j07/ncas_obs_vol2/cao/processing/ncas-temperature-rh-1/data/long-term/level1d/2025/stfc-temperature-rh-1_cao_20251119_surface-met_v1.1.nc
/gws/pw/j07/ncas_obs_vol2/cao/raw_data/met_cao/data/long-term/2025/202511/CR1000XSeries_Chilbolton_Rxcabinmet1_20251120.dat
Parsed column names: ['TIMESTAMP', 'RECORD', 'BattV_Avg', 'PTemp_C_Avg', 'Air_T_Avg', 'RH_Avg', 'BP_mbar_Avg', 'WS_Avg', 'WD_Avg', 'SlrW_Avg', 'rg001dc_ch_Tot', 'rg006dc_ch_Tot', 'rg008dc_ch_Tot', 'rg009dc_ch_Tot', 'rg004tb_ch_Tot']
shape: (8_640, 3)
┌─────────────────────┬───────────┬────────┐
│ TIMESTAMP           ┆ Air_T_Avg ┆ RH_Avg │
│ ---                 ┆ ---       ┆ ---    │
│ datetime[μs]        ┆ f64       ┆ f64    │
╞═════════════════════╪═══════════╪════════╡
│ 2025-11-20 00:00:10 ┆ 271.71    ┆ 82.6   │
│ 2025-11-20 00:00:20 ┆ 271.73    ┆ 83.0   │
│ 2025-11-20 00:00:30 ┆ 271.75    ┆ 83.7   │
│ 2025-11-20 00:00:40 ┆ 271.79    ┆ 84.42  │
│ 2025-11-20 00:00:50 ┆ 271.79    ┆ 84.5   │
│ …                   ┆ …         ┆ …      │
│ 2025-11-20 23:59:20 ┆ 273.73    ┆ 79.74  │
│ 2025-11-20 23:59:30 ┆ 273.73    ┆ 80.38  │
│ 2025-11-20 23:59:40 ┆ 273.75    ┆ 80.18  │
│ 2025-11-20 23:59:50 ┆ 273.79    ┆ 79.6   │
│ 2025-11-21 00:00:00 ┆ 273.83    ┆ 78.8   │
└─────────────────────┴───────────┴────────┘
[INFO] Correcting the 'time' variable in the NetCDF file.
<class 'netCDF4.Variable'>
float64 time(time)
    units: seconds since 1970-01-01 00:00:00
    standard_name: time
    long_name: Time (seconds since 1970-01-01 00:00:00)
    axis: T
    valid_min: 1763596810.0
    valid_max: 1763683200.0
    calendar: standard
unlimited dimensions: 
current shape = (8640,)
filling on, default _FillValue of 9.969209968386869e+36 used
Flagged 0 points where air_temperature < 245.0K as bad data (qc_flag = 2).
Found 0 points already flagged as bad data (flag=2)
QC flags successfully added to /gws/pw/j07/ncas_obs_vol2/cao/processing/ncas-temperature-rh-1/data/long-term/level1d/2025/stfc-temperature-rh-1_cao_20251120_surface-met_v1.1.nc.
Updated time units to 'seconds since 1970-01-01 00:00:00' in /gws/pw/j07/ncas_obs_vol2/cao/processing/ncas-temperature-rh-1/data/long-term/level1d/2025/stfc-temperature-rh-1_cao_20251120_surface-met_v1.1.nc
/gws/pw/j07/ncas_obs_vol2/cao/raw_data/met_cao/data/long-term/2025/202511/CR1000XSeries_Chilbolton_Rxcabinmet1_20251121.dat
Parsed column names: ['TIMESTAMP', 'RECORD', 'BattV_Avg', 'PTemp_C_Avg', 'Air_T_Avg', 'RH_Avg', 'BP_mbar_Avg', 'WS_Avg', 'WD_Avg', 'SlrW_Avg', 'rg001dc_ch_Tot', 'rg006dc_ch_Tot', 'rg008dc_ch_Tot', 'rg009dc_ch_Tot', 'rg004tb_ch_Tot']
shape: (8_640, 3)
┌─────────────────────┬───────────┬────────┐
│ TIMESTAMP           ┆ Air_T_Avg ┆ RH_Avg │
│ ---                 ┆ ---       ┆ ---    │
│ datetime[μs]        ┆ f64       ┆ f64    │
╞═════════════════════╪═══════════╪════════╡
│ 2025-11-21 00:00:10 ┆ 273.83    ┆ 78.16  │
│ 2025-11-21 00:00:20 ┆ 273.83    ┆ 77.9   │
│ 2025-11-21 00:00:30 ┆ 273.81    ┆ 78.08  │
│ 2025-11-21 00:00:40 ┆ 273.79    ┆ 78.36  │
│ 2025-11-21 00:00:50 ┆ 273.75    ┆ 78.82  │
│ …                   ┆ …         ┆ …      │
│ 2025-11-21 23:59:20 ┆ 270.85    ┆ 96.06  │
│ 2025-11-21 23:59:30 ┆ 270.83    ┆ 96.24  │
│ 2025-11-21 23:59:40 ┆ 270.81    ┆ 96.48  │
│ 2025-11-21 23:59:50 ┆ 270.79    ┆ 96.74  │
│ 2025-11-22 00:00:00 ┆ 270.79    ┆ 97.06  │
└─────────────────────┴───────────┴────────┘
[INFO] Correcting the 'time' variable in the NetCDF file.
<class 'netCDF4.Variable'>
float64 time(time)
    units: seconds since 1970-01-01 00:00:00
    standard_name: time
    long_name: Time (seconds since 1970-01-01 00:00:00)
    axis: T
    valid_min: 1763683210.0
    valid_max: 1763769600.0
    calendar: standard
unlimited dimensions: 
current shape = (8640,)
filling on, default _FillValue of 9.969209968386869e+36 used
Flagged 0 points where air_temperature < 245.0K as bad data (qc_flag = 2).
Found 0 points already flagged as bad data (flag=2)
QC flags successfully added to /gws/pw/j07/ncas_obs_vol2/cao/processing/ncas-temperature-rh-1/data/long-term/level1d/2025/stfc-temperature-rh-1_cao_20251121_surface-met_v1.1.nc.
Updated time units to 'seconds since 1970-01-01 00:00:00' in /gws/pw/j07/ncas_obs_vol2/cao/processing/ncas-temperature-rh-1/data/long-term/level1d/2025/stfc-temperature-rh-1_cao_20251121_surface-met_v1.1.nc
/gws/pw/j07/ncas_obs_vol2/cao/raw_data/met_cao/data/long-term/2025/202511/CR1000XSeries_Chilbolton_Rxcabinmet1_20251122.dat
Parsed column names: ['TIMESTAMP', 'RECORD', 'BattV_Avg', 'PTemp_C_Avg', 'Air_T_Avg', 'RH_Avg', 'BP_mbar_Avg', 'WS_Avg', 'WD_Avg', 'SlrW_Avg', 'rg001dc_ch_Tot', 'rg006dc_ch_Tot', 'rg008dc_ch_Tot', 'rg009dc_ch_Tot', 'rg004tb_ch_Tot']
shape: (8_640, 3)
┌─────────────────────┬───────────┬────────┐
│ TIMESTAMP           ┆ Air_T_Avg ┆ RH_Avg │
│ ---                 ┆ ---       ┆ ---    │
│ datetime[μs]        ┆ f64       ┆ f64    │
╞═════════════════════╪═══════════╪════════╡
│ 2025-11-22 00:00:10 ┆ 270.77    ┆ 97.12  │
│ 2025-11-22 00:00:20 ┆ 270.77    ┆ 97.08  │
│ 2025-11-22 00:00:30 ┆ 270.75    ┆ 96.94  │
│ 2025-11-22 00:00:40 ┆ 270.75    ┆ 96.76  │
│ 2025-11-22 00:00:50 ┆ 270.73    ┆ 96.52  │
│ …                   ┆ …         ┆ …      │
│ 2025-11-22 23:59:20 ┆ 277.83    ┆ 99.96  │
│ 2025-11-22 23:59:30 ┆ 277.91    ┆ 99.96  │
│ 2025-11-22 23:59:40 ┆ 277.95    ┆ 99.96  │
│ 2025-11-22 23:59:50 ┆ 277.95    ┆ 99.98  │
│ 2025-11-23 00:00:00 ┆ 277.97    ┆ 99.96  │
└─────────────────────┴───────────┴────────┘
[INFO] Correcting the 'time' variable in the NetCDF file.
<class 'netCDF4.Variable'>
float64 time(time)
    units: seconds since 1970-01-01 00:00:00
    standard_name: time
    long_name: Time (seconds since 1970-01-01 00:00:00)
    axis: T
    valid_min: 1763769610.0
    valid_max: 1763856000.0
    calendar: standard
unlimited dimensions: 
current shape = (8640,)
filling on, default _FillValue of 9.969209968386869e+36 used
Flagged 0 points where air_temperature < 245.0K as bad data (qc_flag = 2).
Found 0 points already flagged as bad data (flag=2)
QC flags successfully added to /gws/pw/j07/ncas_obs_vol2/cao/processing/ncas-temperature-rh-1/data/long-term/level1d/2025/stfc-temperature-rh-1_cao_20251122_surface-met_v1.1.nc.
Updated time units to 'seconds since 1970-01-01 00:00:00' in /gws/pw/j07/ncas_obs_vol2/cao/processing/ncas-temperature-rh-1/data/long-term/level1d/2025/stfc-temperature-rh-1_cao_20251122_surface-met_v1.1.nc
/gws/pw/j07/ncas_obs_vol2/cao/raw_data/met_cao/data/long-term/2025/202511/CR1000XSeries_Chilbolton_Rxcabinmet1_20251123.dat
Parsed column names: ['TIMESTAMP', 'RECORD', 'BattV_Avg', 'PTemp_C_Avg', 'Air_T_Avg', 'RH_Avg', 'BP_mbar_Avg', 'WS_Avg', 'WD_Avg', 'SlrW_Avg', 'rg001dc_ch_Tot', 'rg006dc_ch_Tot', 'rg008dc_ch_Tot', 'rg009dc_ch_Tot', 'rg004tb_ch_Tot']
shape: (8_640, 3)
┌─────────────────────┬───────────┬────────┐
│ TIMESTAMP           ┆ Air_T_Avg ┆ RH_Avg │
│ ---                 ┆ ---       ┆ ---    │
│ datetime[μs]        ┆ f64       ┆ f64    │
╞═════════════════════╪═══════════╪════════╡
│ 2025-11-23 00:00:10 ┆ 277.97    ┆ 99.96  │
│ 2025-11-23 00:00:20 ┆ 277.97    ┆ 99.96  │
│ 2025-11-23 00:00:30 ┆ 277.99    ┆ 99.98  │
│ 2025-11-23 00:00:40 ┆ 277.97    ┆ 99.96  │
│ 2025-11-23 00:00:50 ┆ 277.97    ┆ 99.96  │
│ …                   ┆ …         ┆ …      │
│ 2025-11-23 23:59:20 ┆ 277.81    ┆ 86.36  │
│ 2025-11-23 23:59:30 ┆ 277.83    ┆ 86.42  │
│ 2025-11-23 23:59:40 ┆ 277.87    ┆ 86.52  │
│ 2025-11-23 23:59:50 ┆ 277.89    ┆ 87.06  │
│ 2025-11-24 00:00:00 ┆ 277.91    ┆ 87.22  │
└─────────────────────┴───────────┴────────┘
[INFO] Correcting the 'time' variable in the NetCDF file.
<class 'netCDF4.Variable'>
float64 time(time)
    units: seconds since 1970-01-01 00:00:00
    standard_name: time
    long_name: Time (seconds since 1970-01-01 00:00:00)
    axis: T
    valid_min: 1763856010.0
    valid_max: 1763942400.0
    calendar: standard
unlimited dimensions: 
current shape = (8640,)
filling on, default _FillValue of 9.969209968386869e+36 used
Flagged 0 points where air_temperature < 245.0K as bad data (qc_flag = 2).
Found 0 points already flagged as bad data (flag=2)
QC flags successfully added to /gws/pw/j07/ncas_obs_vol2/cao/processing/ncas-temperature-rh-1/data/long-term/level1d/2025/stfc-temperature-rh-1_cao_20251123_surface-met_v1.1.nc.
Updated time units to 'seconds since 1970-01-01 00:00:00' in /gws/pw/j07/ncas_obs_vol2/cao/processing/ncas-temperature-rh-1/data/long-term/level1d/2025/stfc-temperature-rh-1_cao_20251123_surface-met_v1.1.nc
/gws/pw/j07/ncas_obs_vol2/cao/raw_data/met_cao/data/long-term/2025/202511/CR1000XSeries_Chilbolton_Rxcabinmet1_20251124.dat
Parsed column names: ['TIMESTAMP', 'RECORD', 'BattV_Avg', 'PTemp_C_Avg', 'Air_T_Avg', 'RH_Avg', 'BP_mbar_Avg', 'WS_Avg', 'WD_Avg', 'SlrW_Avg', 'rg001dc_ch_Tot', 'rg006dc_ch_Tot', 'rg008dc_ch_Tot', 'rg009dc_ch_Tot', 'rg004tb_ch_Tot']
shape: (8_640, 3)
┌─────────────────────┬───────────┬────────┐
│ TIMESTAMP           ┆ Air_T_Avg ┆ RH_Avg │
│ ---                 ┆ ---       ┆ ---    │
│ datetime[μs]        ┆ f64       ┆ f64    │
╞═════════════════════╪═══════════╪════════╡
│ 2025-11-24 00:00:10 ┆ 277.93    ┆ 87.06  │
│ 2025-11-24 00:00:20 ┆ 277.93    ┆ 86.84  │
│ 2025-11-24 00:00:30 ┆ 277.93    ┆ 86.68  │
│ 2025-11-24 00:00:40 ┆ 277.91    ┆ 86.5   │
│ 2025-11-24 00:00:50 ┆ 277.89    ┆ 86.28  │
│ …                   ┆ …         ┆ …      │
│ 2025-11-24 23:59:20 ┆ 279.05    ┆ 74.78  │
│ 2025-11-24 23:59:30 ┆ 279.11    ┆ 74.12  │
│ 2025-11-24 23:59:40 ┆ 279.13    ┆ 74.16  │
│ 2025-11-24 23:59:50 ┆ 279.21    ┆ 74.3   │
│ 2025-11-25 00:00:00 ┆ 279.19    ┆ 75.18  │
└─────────────────────┴───────────┴────────┘
[INFO] Correcting the 'time' variable in the NetCDF file.
<class 'netCDF4.Variable'>
float64 time(time)
    units: seconds since 1970-01-01 00:00:00
    standard_name: time
    long_name: Time (seconds since 1970-01-01 00:00:00)
    axis: T
    valid_min: 1763942410.0
    valid_max: 1764028800.0
    calendar: standard
unlimited dimensions: 
current shape = (8640,)
filling on, default _FillValue of 9.969209968386869e+36 used
Flagged 0 points where air_temperature < 245.0K as bad data (qc_flag = 2).
Found 0 points already flagged as bad data (flag=2)
QC flags successfully added to /gws/pw/j07/ncas_obs_vol2/cao/processing/ncas-temperature-rh-1/data/long-term/level1d/2025/stfc-temperature-rh-1_cao_20251124_surface-met_v1.1.nc.
Updated time units to 'seconds since 1970-01-01 00:00:00' in /gws/pw/j07/ncas_obs_vol2/cao/processing/ncas-temperature-rh-1/data/long-term/level1d/2025/stfc-temperature-rh-1_cao_20251124_surface-met_v1.1.nc
/gws/pw/j07/ncas_obs_vol2/cao/raw_data/met_cao/data/long-term/2025/202511/CR1000XSeries_Chilbolton_Rxcabinmet1_20251125.dat
Parsed column names: ['TIMESTAMP', 'RECORD', 'BattV_Avg', 'PTemp_C_Avg', 'Air_T_Avg', 'RH_Avg', 'BP_mbar_Avg', 'WS_Avg', 'WD_Avg', 'SlrW_Avg', 'rg001dc_ch_Tot', 'rg006dc_ch_Tot', 'rg008dc_ch_Tot', 'rg009dc_ch_Tot', 'rg004tb_ch_Tot']
shape: (8_640, 3)
┌─────────────────────┬───────────┬────────┐
│ TIMESTAMP           ┆ Air_T_Avg ┆ RH_Avg │
│ ---                 ┆ ---       ┆ ---    │
│ datetime[μs]        ┆ f64       ┆ f64    │
╞═════════════════════╪═══════════╪════════╡
│ 2025-11-25 00:00:10 ┆ 279.17    ┆ 76.22  │
│ 2025-11-25 00:00:20 ┆ 279.15    ┆ 76.36  │
│ 2025-11-25 00:00:30 ┆ 279.17    ┆ 75.68  │
│ 2025-11-25 00:00:40 ┆ 279.15    ┆ 75.1   │
│ 2025-11-25 00:00:50 ┆ 279.13    ┆ 74.36  │
│ …                   ┆ …         ┆ …      │
│ 2025-11-25 23:59:20 ┆ 273.87    ┆ 94.2   │
│ 2025-11-25 23:59:30 ┆ 273.87    ┆ 94.3   │
│ 2025-11-25 23:59:40 ┆ 273.89    ┆ 94.42  │
│ 2025-11-25 23:59:50 ┆ 273.87    ┆ 94.68  │
│ 2025-11-26 00:00:00 ┆ 273.85    ┆ 95.02  │
└─────────────────────┴───────────┴────────┘
[INFO] Correcting the 'time' variable in the NetCDF file.
<class 'netCDF4.Variable'>
float64 time(time)
    units: seconds since 1970-01-01 00:00:00
    standard_name: time
    long_name: Time (seconds since 1970-01-01 00:00:00)
    axis: T
    valid_min: 1764028810.0
    valid_max: 1764115200.0
    calendar: standard
unlimited dimensions: 
current shape = (8640,)
filling on, default _FillValue of 9.969209968386869e+36 used
Flagged 0 points where air_temperature < 245.0K as bad data (qc_flag = 2).
Found 0 points already flagged as bad data (flag=2)
QC flags successfully added to /gws/pw/j07/ncas_obs_vol2/cao/processing/ncas-temperature-rh-1/data/long-term/level1d/2025/stfc-temperature-rh-1_cao_20251125_surface-met_v1.1.nc.
Updated time units to 'seconds since 1970-01-01 00:00:00' in /gws/pw/j07/ncas_obs_vol2/cao/processing/ncas-temperature-rh-1/data/long-term/level1d/2025/stfc-temperature-rh-1_cao_20251125_surface-met_v1.1.nc
/gws/pw/j07/ncas_obs_vol2/cao/raw_data/met_cao/data/long-term/2025/202511/CR1000XSeries_Chilbolton_Rxcabinmet1_20251126.dat
Parsed column names: ['TIMESTAMP', 'RECORD', 'BattV_Avg', 'PTemp_C_Avg', 'Air_T_Avg', 'RH_Avg', 'BP_mbar_Avg', 'WS_Avg', 'WD_Avg', 'SlrW_Avg', 'rg001dc_ch_Tot', 'rg006dc_ch_Tot', 'rg008dc_ch_Tot', 'rg009dc_ch_Tot', 'rg004tb_ch_Tot']
shape: (8_640, 3)
┌─────────────────────┬───────────┬────────┐
│ TIMESTAMP           ┆ Air_T_Avg ┆ RH_Avg │
│ ---                 ┆ ---       ┆ ---    │
│ datetime[μs]        ┆ f64       ┆ f64    │
╞═════════════════════╪═══════════╪════════╡
│ 2025-11-26 00:00:10 ┆ 273.85    ┆ 95.14  │
│ 2025-11-26 00:00:20 ┆ 273.81    ┆ 95.16  │
│ 2025-11-26 00:00:30 ┆ 273.83    ┆ 94.8   │
│ 2025-11-26 00:00:40 ┆ 274.05    ┆ 93.08  │
│ 2025-11-26 00:00:50 ┆ 274.21    ┆ 92.24  │
│ …                   ┆ …         ┆ …      │
│ 2025-11-26 23:59:20 ┆ 283.51    ┆ 98.86  │
│ 2025-11-26 23:59:30 ┆ 283.51    ┆ 99.1   │
│ 2025-11-26 23:59:40 ┆ 283.51    ┆ 99.16  │
│ 2025-11-26 23:59:50 ┆ 283.51    ┆ 99.12  │
│ 2025-11-27 00:00:00 ┆ 283.51    ┆ 99.02  │
└─────────────────────┴───────────┴────────┘
[INFO] Correcting the 'time' variable in the NetCDF file.
<class 'netCDF4.Variable'>
float64 time(time)
    units: seconds since 1970-01-01 00:00:00
    standard_name: time
    long_name: Time (seconds since 1970-01-01 00:00:00)
    axis: T
    valid_min: 1764115210.0
    valid_max: 1764201600.0
    calendar: standard
unlimited dimensions: 
current shape = (8640,)
filling on, default _FillValue of 9.969209968386869e+36 used
Flagged 0 points where air_temperature < 245.0K as bad data (qc_flag = 2).
Found 0 points already flagged as bad data (flag=2)
QC flags successfully added to /gws/pw/j07/ncas_obs_vol2/cao/processing/ncas-temperature-rh-1/data/long-term/level1d/2025/stfc-temperature-rh-1_cao_20251126_surface-met_v1.1.nc.
Updated time units to 'seconds since 1970-01-01 00:00:00' in /gws/pw/j07/ncas_obs_vol2/cao/processing/ncas-temperature-rh-1/data/long-term/level1d/2025/stfc-temperature-rh-1_cao_20251126_surface-met_v1.1.nc
/gws/pw/j07/ncas_obs_vol2/cao/raw_data/met_cao/data/long-term/2025/202511/CR1000XSeries_Chilbolton_Rxcabinmet1_20251127.dat
Parsed column names: ['TIMESTAMP', 'RECORD', 'BattV_Avg', 'PTemp_C_Avg', 'Air_T_Avg', 'RH_Avg', 'BP_mbar_Avg', 'WS_Avg', 'WD_Avg', 'SlrW_Avg', 'rg001dc_ch_Tot', 'rg006dc_ch_Tot', 'rg008dc_ch_Tot', 'rg009dc_ch_Tot', 'rg004tb_ch_Tot']
shape: (8_640, 3)
┌─────────────────────┬───────────┬────────┐
│ TIMESTAMP           ┆ Air_T_Avg ┆ RH_Avg │
│ ---                 ┆ ---       ┆ ---    │
│ datetime[μs]        ┆ f64       ┆ f64    │
╞═════════════════════╪═══════════╪════════╡
│ 2025-11-27 00:00:10 ┆ 283.51    ┆ 98.82  │
│ 2025-11-27 00:00:20 ┆ 283.51    ┆ 98.68  │
│ 2025-11-27 00:00:30 ┆ 283.53    ┆ 98.46  │
│ 2025-11-27 00:00:40 ┆ 283.51    ┆ 98.42  │
│ 2025-11-27 00:00:50 ┆ 283.53    ┆ 98.56  │
│ …                   ┆ …         ┆ …      │
│ 2025-11-27 23:59:20 ┆ 282.95    ┆ 94.46  │
│ 2025-11-27 23:59:30 ┆ 282.93    ┆ 94.52  │
│ 2025-11-27 23:59:40 ┆ 282.93    ┆ 94.4   │
│ 2025-11-27 23:59:50 ┆ 282.95    ┆ 94.26  │
│ 2025-11-28 00:00:00 ┆ 282.95    ┆ 94.18  │
└─────────────────────┴───────────┴────────┘
[INFO] Correcting the 'time' variable in the NetCDF file.
<class 'netCDF4.Variable'>
float64 time(time)
    units: seconds since 1970-01-01 00:00:00
    standard_name: time
    long_name: Time (seconds since 1970-01-01 00:00:00)
    axis: T
    valid_min: 1764201610.0
    valid_max: 1764288000.0
    calendar: standard
unlimited dimensions: 
current shape = (8640,)
filling on, default _FillValue of 9.969209968386869e+36 used
Flagged 0 points where air_temperature < 245.0K as bad data (qc_flag = 2).
Found 0 points already flagged as bad data (flag=2)
QC flags successfully added to /gws/pw/j07/ncas_obs_vol2/cao/processing/ncas-temperature-rh-1/data/long-term/level1d/2025/stfc-temperature-rh-1_cao_20251127_surface-met_v1.1.nc.
Updated time units to 'seconds since 1970-01-01 00:00:00' in /gws/pw/j07/ncas_obs_vol2/cao/processing/ncas-temperature-rh-1/data/long-term/level1d/2025/stfc-temperature-rh-1_cao_20251127_surface-met_v1.1.nc
/gws/pw/j07/ncas_obs_vol2/cao/raw_data/met_cao/data/long-term/2025/202511/CR1000XSeries_Chilbolton_Rxcabinmet1_20251128.dat
Parsed column names: ['TIMESTAMP', 'RECORD', 'BattV_Avg', 'PTemp_C_Avg', 'Air_T_Avg', 'RH_Avg', 'BP_mbar_Avg', 'WS_Avg', 'WD_Avg', 'SlrW_Avg', 'rg001dc_ch_Tot', 'rg006dc_ch_Tot', 'rg008dc_ch_Tot', 'rg009dc_ch_Tot', 'rg004tb_ch_Tot']
shape: (8_640, 3)
┌─────────────────────┬───────────┬────────┐
│ TIMESTAMP           ┆ Air_T_Avg ┆ RH_Avg │
│ ---                 ┆ ---       ┆ ---    │
│ datetime[μs]        ┆ f64       ┆ f64    │
╞═════════════════════╪═══════════╪════════╡
│ 2025-11-28 00:00:10 ┆ 282.95    ┆ 93.98  │
│ 2025-11-28 00:00:20 ┆ 282.95    ┆ 93.8   │
│ 2025-11-28 00:00:30 ┆ 283.03    ┆ 93.5   │
│ 2025-11-28 00:00:40 ┆ 283.07    ┆ 93.54  │
│ 2025-11-28 00:00:50 ┆ 283.09    ┆ 93.9   │
│ …                   ┆ …         ┆ …      │
│ 2025-11-28 23:59:20 ┆ 283.35    ┆ 92.38  │
│ 2025-11-28 23:59:30 ┆ 283.39    ┆ 92.22  │
│ 2025-11-28 23:59:40 ┆ 283.41    ┆ 92.22  │
│ 2025-11-28 23:59:50 ┆ 283.43    ┆ 92.24  │
│ 2025-11-29 00:00:00 ┆ 283.45    ┆ 92.2   │
└─────────────────────┴───────────┴────────┘
[INFO] Correcting the 'time' variable in the NetCDF file.
<class 'netCDF4.Variable'>
float64 time(time)
    units: seconds since 1970-01-01 00:00:00
    standard_name: time
    long_name: Time (seconds since 1970-01-01 00:00:00)
    axis: T
    valid_min: 1764288010.0
    valid_max: 1764374400.0
    calendar: standard
unlimited dimensions: 
current shape = (8640,)
filling on, default _FillValue of 9.969209968386869e+36 used
Flagged 0 points where air_temperature < 245.0K as bad data (qc_flag = 2).
Found 0 points already flagged as bad data (flag=2)
QC flags successfully added to /gws/pw/j07/ncas_obs_vol2/cao/processing/ncas-temperature-rh-1/data/long-term/level1d/2025/stfc-temperature-rh-1_cao_20251128_surface-met_v1.1.nc.
Updated time units to 'seconds since 1970-01-01 00:00:00' in /gws/pw/j07/ncas_obs_vol2/cao/processing/ncas-temperature-rh-1/data/long-term/level1d/2025/stfc-temperature-rh-1_cao_20251128_surface-met_v1.1.nc
/gws/pw/j07/ncas_obs_vol2/cao/raw_data/met_cao/data/long-term/2025/202511/CR1000XSeries_Chilbolton_Rxcabinmet1_20251129.dat
Parsed column names: ['TIMESTAMP', 'RECORD', 'BattV_Avg', 'PTemp_C_Avg', 'Air_T_Avg', 'RH_Avg', 'BP_mbar_Avg', 'WS_Avg', 'WD_Avg', 'SlrW_Avg', 'rg001dc_ch_Tot', 'rg006dc_ch_Tot', 'rg008dc_ch_Tot', 'rg009dc_ch_Tot', 'rg004tb_ch_Tot']
shape: (8_640, 3)
┌─────────────────────┬───────────┬────────┐
│ TIMESTAMP           ┆ Air_T_Avg ┆ RH_Avg │
│ ---                 ┆ ---       ┆ ---    │
│ datetime[μs]        ┆ f64       ┆ f64    │
╞═════════════════════╪═══════════╪════════╡
│ 2025-11-29 00:00:10 ┆ 283.47    ┆ 92.18  │
│ 2025-11-29 00:00:20 ┆ 283.47    ┆ 92.1   │
│ 2025-11-29 00:00:30 ┆ 283.47    ┆ 92.06  │
│ 2025-11-29 00:00:40 ┆ 283.47    ┆ 92.04  │
│ 2025-11-29 00:00:50 ┆ 283.47    ┆ 92.0   │
│ …                   ┆ …         ┆ …      │
│ 2025-11-29 23:59:20 ┆ 278.33    ┆ 84.66  │
│ 2025-11-29 23:59:30 ┆ 278.31    ┆ 84.5   │
│ 2025-11-29 23:59:40 ┆ 278.31    ┆ 84.22  │
│ 2025-11-29 23:59:50 ┆ 278.33    ┆ 83.8   │
│ 2025-11-30 00:00:00 ┆ 278.33    ┆ 83.56  │
└─────────────────────┴───────────┴────────┘
[INFO] Correcting the 'time' variable in the NetCDF file.
<class 'netCDF4.Variable'>
float64 time(time)
    units: seconds since 1970-01-01 00:00:00
    standard_name: time
    long_name: Time (seconds since 1970-01-01 00:00:00)
    axis: T
    valid_min: 1764374410.0
    valid_max: 1764460800.0
    calendar: standard
unlimited dimensions: 
current shape = (8640,)
filling on, default _FillValue of 9.969209968386869e+36 used
Flagged 0 points where air_temperature < 245.0K as bad data (qc_flag = 2).
Found 0 points already flagged as bad data (flag=2)
QC flags successfully added to /gws/pw/j07/ncas_obs_vol2/cao/processing/ncas-temperature-rh-1/data/long-term/level1d/2025/stfc-temperature-rh-1_cao_20251129_surface-met_v1.1.nc.
Updated time units to 'seconds since 1970-01-01 00:00:00' in /gws/pw/j07/ncas_obs_vol2/cao/processing/ncas-temperature-rh-1/data/long-term/level1d/2025/stfc-temperature-rh-1_cao_20251129_surface-met_v1.1.nc
/gws/pw/j07/ncas_obs_vol2/cao/raw_data/met_cao/data/long-term/2025/202511/CR1000XSeries_Chilbolton_Rxcabinmet1_20251130.dat
Parsed column names: ['TIMESTAMP', 'RECORD', 'BattV_Avg', 'PTemp_C_Avg', 'Air_T_Avg', 'RH_Avg', 'BP_mbar_Avg', 'WS_Avg', 'WD_Avg', 'SlrW_Avg', 'rg001dc_ch_Tot', 'rg006dc_ch_Tot', 'rg008dc_ch_Tot', 'rg009dc_ch_Tot', 'rg004tb_ch_Tot']
shape: (8_640, 3)
┌─────────────────────┬───────────┬────────┐
│ TIMESTAMP           ┆ Air_T_Avg ┆ RH_Avg │
│ ---                 ┆ ---       ┆ ---    │
│ datetime[μs]        ┆ f64       ┆ f64    │
╞═════════════════════╪═══════════╪════════╡
│ 2025-11-30 00:00:10 ┆ 278.35    ┆ 83.58  │
│ 2025-11-30 00:00:20 ┆ 278.35    ┆ 83.78  │
│ 2025-11-30 00:00:30 ┆ 278.35    ┆ 84.1   │
│ 2025-11-30 00:00:40 ┆ 278.35    ┆ 84.46  │
│ 2025-11-30 00:00:50 ┆ 278.35    ┆ 84.58  │
│ …                   ┆ …         ┆ …      │
│ 2025-11-30 23:59:20 ┆ 281.21    ┆ 89.92  │
│ 2025-11-30 23:59:30 ┆ 281.21    ┆ 89.82  │
│ 2025-11-30 23:59:40 ┆ 281.21    ┆ 89.66  │
│ 2025-11-30 23:59:50 ┆ 281.21    ┆ 89.46  │
│ 2025-12-01 00:00:00 ┆ 281.21    ┆ 89.4   │
└─────────────────────┴───────────┴────────┘
[INFO] Correcting the 'time' variable in the NetCDF file.
<class 'netCDF4.Variable'>
float64 time(time)
    units: seconds since 1970-01-01 00:00:00
    standard_name: time
    long_name: Time (seconds since 1970-01-01 00:00:00)
    axis: T
    valid_min: 1764460810.0
    valid_max: 1764547200.0
    calendar: standard
unlimited dimensions: 
current shape = (8640,)
filling on, default _FillValue of 9.969209968386869e+36 used
Flagged 0 points where air_temperature < 245.0K as bad data (qc_flag = 2).
Found 0 points already flagged as bad data (flag=2)
QC flags successfully added to /gws/pw/j07/ncas_obs_vol2/cao/processing/ncas-temperature-rh-1/data/long-term/level1d/2025/stfc-temperature-rh-1_cao_20251130_surface-met_v1.1.nc.
Updated time units to 'seconds since 1970-01-01 00:00:00' in /gws/pw/j07/ncas_obs_vol2/cao/processing/ncas-temperature-rh-1/data/long-term/level1d/2025/stfc-temperature-rh-1_cao_20251130_surface-met_v1.1.nc
/gws/pw/j07/ncas_obs_vol2/cao/raw_data/met_cao/data/long-term/2025/202512/CR1000XSeries_Chilbolton_Rxcabinmet1_20251201.dat
Parsed column names: ['TIMESTAMP', 'RECORD', 'BattV_Avg', 'PTemp_C_Avg', 'Air_T_Avg', 'RH_Avg', 'BP_mbar_Avg', 'WS_Avg', 'WD_Avg', 'SlrW_Avg', 'rg001dc_ch_Tot', 'rg006dc_ch_Tot', 'rg008dc_ch_Tot', 'rg009dc_ch_Tot', 'rg004tb_ch_Tot']
shape: (8_640, 3)
┌─────────────────────┬───────────┬────────┐
│ TIMESTAMP           ┆ Air_T_Avg ┆ RH_Avg │
│ ---                 ┆ ---       ┆ ---    │
│ datetime[μs]        ┆ f64       ┆ f64    │
╞═════════════════════╪═══════════╪════════╡
│ 2025-12-01 00:00:10 ┆ 281.21    ┆ 89.52  │
│ 2025-12-01 00:00:20 ┆ 281.21    ┆ 89.66  │
│ 2025-12-01 00:00:30 ┆ 281.21    ┆ 89.9   │
│ 2025-12-01 00:00:40 ┆ 281.19    ┆ 90.2   │
│ 2025-12-01 00:00:50 ┆ 281.19    ┆ 90.24  │
│ …                   ┆ …         ┆ …      │
│ 2025-12-01 23:59:20 ┆ 281.79    ┆ 93.68  │
│ 2025-12-01 23:59:30 ┆ 281.77    ┆ 93.72  │
│ 2025-12-01 23:59:40 ┆ 281.77    ┆ 93.68  │
│ 2025-12-01 23:59:50 ┆ 281.79    ┆ 93.48  │
│ 2025-12-02 00:00:00 ┆ 281.79    ┆ 93.3   │
└─────────────────────┴───────────┴────────┘
[INFO] Correcting the 'time' variable in the NetCDF file.
<class 'netCDF4.Variable'>
float64 time(time)
    units: seconds since 1970-01-01 00:00:00
    standard_name: time
    long_name: Time (seconds since 1970-01-01 00:00:00)
    axis: T
    valid_min: 1764547210.0
    valid_max: 1764633600.0
    calendar: standard
unlimited dimensions: 
current shape = (8640,)
filling on, default _FillValue of 9.969209968386869e+36 used
Flagged 0 points where air_temperature < 245.0K as bad data (qc_flag = 2).
Found 0 points already flagged as bad data (flag=2)
QC flags successfully added to /gws/pw/j07/ncas_obs_vol2/cao/processing/ncas-temperature-rh-1/data/long-term/level1d/2025/stfc-temperature-rh-1_cao_20251201_surface-met_v1.1.nc.
Updated time units to 'seconds since 1970-01-01 00:00:00' in /gws/pw/j07/ncas_obs_vol2/cao/processing/ncas-temperature-rh-1/data/long-term/level1d/2025/stfc-temperature-rh-1_cao_20251201_surface-met_v1.1.nc
/gws/pw/j07/ncas_obs_vol2/cao/raw_data/met_cao/data/long-term/2025/202512/CR1000XSeries_Chilbolton_Rxcabinmet1_20251202.dat
Parsed column names: ['TIMESTAMP', 'RECORD', 'BattV_Avg', 'PTemp_C_Avg', 'Air_T_Avg', 'RH_Avg', 'BP_mbar_Avg', 'WS_Avg', 'WD_Avg', 'SlrW_Avg', 'rg001dc_ch_Tot', 'rg006dc_ch_Tot', 'rg008dc_ch_Tot', 'rg009dc_ch_Tot', 'rg004tb_ch_Tot']
shape: (8_640, 3)
┌─────────────────────┬───────────┬────────┐
│ TIMESTAMP           ┆ Air_T_Avg ┆ RH_Avg │
│ ---                 ┆ ---       ┆ ---    │
│ datetime[μs]        ┆ f64       ┆ f64    │
╞═════════════════════╪═══════════╪════════╡
│ 2025-12-02 00:00:10 ┆ 281.79    ┆ 93.3   │
│ 2025-12-02 00:00:20 ┆ 281.79    ┆ 93.34  │
│ 2025-12-02 00:00:30 ┆ 281.79    ┆ 93.46  │
│ 2025-12-02 00:00:40 ┆ 281.79    ┆ 93.54  │
│ 2025-12-02 00:00:50 ┆ 281.77    ┆ 93.66  │
│ …                   ┆ …         ┆ …      │
│ 2025-12-02 23:59:20 ┆ 278.37    ┆ 97.24  │
│ 2025-12-02 23:59:30 ┆ 278.43    ┆ 96.98  │
│ 2025-12-02 23:59:40 ┆ 278.43    ┆ 97.18  │
│ 2025-12-02 23:59:50 ┆ 278.51    ┆ 97.16  │
│ 2025-12-03 00:00:00 ┆ 278.51    ┆ 97.68  │
└─────────────────────┴───────────┴────────┘
[INFO] Correcting the 'time' variable in the NetCDF file.
<class 'netCDF4.Variable'>
float64 time(time)
    units: seconds since 1970-01-01 00:00:00
    standard_name: time
    long_name: Time (seconds since 1970-01-01 00:00:00)
    axis: T
    valid_min: 1764633610.0
    valid_max: 1764720000.0
    calendar: standard
unlimited dimensions: 
current shape = (8640,)
filling on, default _FillValue of 9.969209968386869e+36 used
Flagged 0 points where air_temperature < 245.0K as bad data (qc_flag = 2).
Found 0 points already flagged as bad data (flag=2)
QC flags successfully added to /gws/pw/j07/ncas_obs_vol2/cao/processing/ncas-temperature-rh-1/data/long-term/level1d/2025/stfc-temperature-rh-1_cao_20251202_surface-met_v1.1.nc.
Updated time units to 'seconds since 1970-01-01 00:00:00' in /gws/pw/j07/ncas_obs_vol2/cao/processing/ncas-temperature-rh-1/data/long-term/level1d/2025/stfc-temperature-rh-1_cao_20251202_surface-met_v1.1.nc
/gws/pw/j07/ncas_obs_vol2/cao/raw_data/met_cao/data/long-term/2025/202512/CR1000XSeries_Chilbolton_Rxcabinmet1_20251203.dat
Parsed column names: ['TIMESTAMP', 'RECORD', 'BattV_Avg', 'PTemp_C_Avg', 'Air_T_Avg', 'RH_Avg', 'BP_mbar_Avg', 'WS_Avg', 'WD_Avg', 'SlrW_Avg', 'rg001dc_ch_Tot', 'rg006dc_ch_Tot', 'rg008dc_ch_Tot', 'rg009dc_ch_Tot', 'rg004tb_ch_Tot']
shape: (8_640, 3)
┌─────────────────────┬───────────┬────────┐
│ TIMESTAMP           ┆ Air_T_Avg ┆ RH_Avg │
│ ---                 ┆ ---       ┆ ---    │
│ datetime[μs]        ┆ f64       ┆ f64    │
╞═════════════════════╪═══════════╪════════╡
│ 2025-12-03 00:00:10 ┆ 278.51    ┆ 98.08  │
│ 2025-12-03 00:00:20 ┆ 278.53    ┆ 98.12  │
│ 2025-12-03 00:00:30 ┆ 278.53    ┆ 98.12  │
│ 2025-12-03 00:00:40 ┆ 278.51    ┆ 97.94  │
│ 2025-12-03 00:00:50 ┆ 278.51    ┆ 97.5   │
│ …                   ┆ …         ┆ …      │
│ 2025-12-03 23:59:20 ┆ 280.83    ┆ 92.52  │
│ 2025-12-03 23:59:30 ┆ 280.81    ┆ 92.52  │
│ 2025-12-03 23:59:40 ┆ 280.81    ┆ 92.44  │
│ 2025-12-03 23:59:50 ┆ 280.81    ┆ 92.34  │
│ 2025-12-04 00:00:00 ┆ 280.83    ┆ 92.18  │
└─────────────────────┴───────────┴────────┘
[INFO] Correcting the 'time' variable in the NetCDF file.
<class 'netCDF4.Variable'>
float64 time(time)
    units: seconds since 1970-01-01 00:00:00
    standard_name: time
    long_name: Time (seconds since 1970-01-01 00:00:00)
    axis: T
    valid_min: 1764720010.0
    valid_max: 1764806400.0
    calendar: standard
unlimited dimensions: 
current shape = (8640,)
filling on, default _FillValue of 9.969209968386869e+36 used
Flagged 0 points where air_temperature < 245.0K as bad data (qc_flag = 2).
Found 0 points already flagged as bad data (flag=2)
QC flags successfully added to /gws/pw/j07/ncas_obs_vol2/cao/processing/ncas-temperature-rh-1/data/long-term/level1d/2025/stfc-temperature-rh-1_cao_20251203_surface-met_v1.1.nc.
Updated time units to 'seconds since 1970-01-01 00:00:00' in /gws/pw/j07/ncas_obs_vol2/cao/processing/ncas-temperature-rh-1/data/long-term/level1d/2025/stfc-temperature-rh-1_cao_20251203_surface-met_v1.1.nc
/gws/pw/j07/ncas_obs_vol2/cao/raw_data/met_cao/data/long-term/2025/202512/CR1000XSeries_Chilbolton_Rxcabinmet1_20251204.dat
Parsed column names: ['TIMESTAMP', 'RECORD', 'BattV_Avg', 'PTemp_C_Avg', 'Air_T_Avg', 'RH_Avg', 'BP_mbar_Avg', 'WS_Avg', 'WD_Avg', 'SlrW_Avg', 'rg001dc_ch_Tot', 'rg006dc_ch_Tot', 'rg008dc_ch_Tot', 'rg009dc_ch_Tot', 'rg004tb_ch_Tot']
shape: (8_640, 3)
┌─────────────────────┬───────────┬────────┐
│ TIMESTAMP           ┆ Air_T_Avg ┆ RH_Avg │
│ ---                 ┆ ---       ┆ ---    │
│ datetime[μs]        ┆ f64       ┆ f64    │
╞═════════════════════╪═══════════╪════════╡
│ 2025-12-04 00:00:10 ┆ 280.85    ┆ 92.14  │
│ 2025-12-04 00:00:20 ┆ 280.83    ┆ 92.22  │
│ 2025-12-04 00:00:30 ┆ 280.83    ┆ 92.3   │
│ 2025-12-04 00:00:40 ┆ 280.81    ┆ 92.42  │
│ 2025-12-04 00:00:50 ┆ 280.79    ┆ 92.56  │
│ …                   ┆ …         ┆ …      │
│ 2025-12-04 23:59:20 ┆ 272.51    ┆ 99.94  │
│ 2025-12-04 23:59:30 ┆ 272.51    ┆ 99.94  │
│ 2025-12-04 23:59:40 ┆ 272.49    ┆ 99.94  │
│ 2025-12-04 23:59:50 ┆ 272.49    ┆ 99.94  │
│ 2025-12-05 00:00:00 ┆ 272.47    ┆ 99.94  │
└─────────────────────┴───────────┴────────┘
[INFO] Correcting the 'time' variable in the NetCDF file.
<class 'netCDF4.Variable'>
float64 time(time)
    units: seconds since 1970-01-01 00:00:00
    standard_name: time
    long_name: Time (seconds since 1970-01-01 00:00:00)
    axis: T
    valid_min: 1764806410.0
    valid_max: 1764892800.0
    calendar: standard
unlimited dimensions: 
current shape = (8640,)
filling on, default _FillValue of 9.969209968386869e+36 used
Flagged 0 points where air_temperature < 245.0K as bad data (qc_flag = 2).
Found 0 points already flagged as bad data (flag=2)
QC flags successfully added to /gws/pw/j07/ncas_obs_vol2/cao/processing/ncas-temperature-rh-1/data/long-term/level1d/2025/stfc-temperature-rh-1_cao_20251204_surface-met_v1.1.nc.
Updated time units to 'seconds since 1970-01-01 00:00:00' in /gws/pw/j07/ncas_obs_vol2/cao/processing/ncas-temperature-rh-1/data/long-term/level1d/2025/stfc-temperature-rh-1_cao_20251204_surface-met_v1.1.nc
/gws/pw/j07/ncas_obs_vol2/cao/raw_data/met_cao/data/long-term/2025/202512/CR1000XSeries_Chilbolton_Rxcabinmet1_20251205.dat
Parsed column names: ['TIMESTAMP', 'RECORD', 'BattV_Avg', 'PTemp_C_Avg', 'Air_T_Avg', 'RH_Avg', 'BP_mbar_Avg', 'WS_Avg', 'WD_Avg', 'SlrW_Avg', 'rg001dc_ch_Tot', 'rg006dc_ch_Tot', 'rg008dc_ch_Tot', 'rg009dc_ch_Tot', 'rg004tb_ch_Tot']
shape: (8_640, 3)
┌─────────────────────┬───────────┬────────┐
│ TIMESTAMP           ┆ Air_T_Avg ┆ RH_Avg │
│ ---                 ┆ ---       ┆ ---    │
│ datetime[μs]        ┆ f64       ┆ f64    │
╞═════════════════════╪═══════════╪════════╡
│ 2025-12-05 00:00:10 ┆ 272.45    ┆ 99.94  │
│ 2025-12-05 00:00:20 ┆ 272.41    ┆ 99.94  │
│ 2025-12-05 00:00:30 ┆ 272.39    ┆ 99.94  │
│ 2025-12-05 00:00:40 ┆ 272.39    ┆ 99.94  │
│ 2025-12-05 00:00:50 ┆ 272.39    ┆ 99.94  │
│ …                   ┆ …         ┆ …      │
│ 2025-12-05 23:59:20 ┆ 282.73    ┆ 94.32  │
│ 2025-12-05 23:59:30 ┆ 282.73    ┆ 94.24  │
│ 2025-12-05 23:59:40 ┆ 282.71    ┆ 94.18  │
│ 2025-12-05 23:59:50 ┆ 282.71    ┆ 94.12  │
│ 2025-12-06 00:00:00 ┆ 282.71    ┆ 94.24  │
└─────────────────────┴───────────┴────────┘
[INFO] Correcting the 'time' variable in the NetCDF file.
<class 'netCDF4.Variable'>
float64 time(time)
    units: seconds since 1970-01-01 00:00:00
    standard_name: time
    long_name: Time (seconds since 1970-01-01 00:00:00)
    axis: T
    valid_min: 1764892810.0
    valid_max: 1764979200.0
    calendar: standard
unlimited dimensions: 
current shape = (8640,)
filling on, default _FillValue of 9.969209968386869e+36 used
Flagged 0 points where air_temperature < 245.0K as bad data (qc_flag = 2).
Found 0 points already flagged as bad data (flag=2)
QC flags successfully added to /gws/pw/j07/ncas_obs_vol2/cao/processing/ncas-temperature-rh-1/data/long-term/level1d/2025/stfc-temperature-rh-1_cao_20251205_surface-met_v1.1.nc.
Updated time units to 'seconds since 1970-01-01 00:00:00' in /gws/pw/j07/ncas_obs_vol2/cao/processing/ncas-temperature-rh-1/data/long-term/level1d/2025/stfc-temperature-rh-1_cao_20251205_surface-met_v1.1.nc
/gws/pw/j07/ncas_obs_vol2/cao/raw_data/met_cao/data/long-term/2025/202512/CR1000XSeries_Chilbolton_Rxcabinmet1_20251206.dat
Parsed column names: ['TIMESTAMP', 'RECORD', 'BattV_Avg', 'PTemp_C_Avg', 'Air_T_Avg', 'RH_Avg', 'BP_mbar_Avg', 'WS_Avg', 'WD_Avg', 'SlrW_Avg', 'rg001dc_ch_Tot', 'rg006dc_ch_Tot', 'rg008dc_ch_Tot', 'rg009dc_ch_Tot', 'rg004tb_ch_Tot']
shape: (8_640, 3)
┌─────────────────────┬───────────┬────────┐
│ TIMESTAMP           ┆ Air_T_Avg ┆ RH_Avg │
│ ---                 ┆ ---       ┆ ---    │
│ datetime[μs]        ┆ f64       ┆ f64    │
╞═════════════════════╪═══════════╪════════╡
│ 2025-12-06 00:00:10 ┆ 282.69    ┆ 94.36  │
│ 2025-12-06 00:00:20 ┆ 282.69    ┆ 94.5   │
│ 2025-12-06 00:00:30 ┆ 282.69    ┆ 94.58  │
│ 2025-12-06 00:00:40 ┆ 282.67    ┆ 94.76  │
│ 2025-12-06 00:00:50 ┆ 282.69    ┆ 94.82  │
│ …                   ┆ …         ┆ …      │
│ 2025-12-06 23:59:20 ┆ 281.55    ┆ 90.66  │
│ 2025-12-06 23:59:30 ┆ 281.55    ┆ 90.84  │
│ 2025-12-06 23:59:40 ┆ 281.63    ┆ 90.88  │
│ 2025-12-06 23:59:50 ┆ 281.65    ┆ 91.06  │
│ 2025-12-07 00:00:00 ┆ 281.65    ┆ 91.2   │
└─────────────────────┴───────────┴────────┘
[INFO] Correcting the 'time' variable in the NetCDF file.
<class 'netCDF4.Variable'>
float64 time(time)
    units: seconds since 1970-01-01 00:00:00
    standard_name: time
    long_name: Time (seconds since 1970-01-01 00:00:00)
    axis: T
    valid_min: 1764979210.0
    valid_max: 1765065600.0
    calendar: standard
unlimited dimensions: 
current shape = (8640,)
filling on, default _FillValue of 9.969209968386869e+36 used
Flagged 0 points where air_temperature < 245.0K as bad data (qc_flag = 2).
Found 0 points already flagged as bad data (flag=2)
QC flags successfully added to /gws/pw/j07/ncas_obs_vol2/cao/processing/ncas-temperature-rh-1/data/long-term/level1d/2025/stfc-temperature-rh-1_cao_20251206_surface-met_v1.1.nc.
Updated time units to 'seconds since 1970-01-01 00:00:00' in /gws/pw/j07/ncas_obs_vol2/cao/processing/ncas-temperature-rh-1/data/long-term/level1d/2025/stfc-temperature-rh-1_cao_20251206_surface-met_v1.1.nc
/gws/pw/j07/ncas_obs_vol2/cao/raw_data/met_cao/data/long-term/2025/202512/CR1000XSeries_Chilbolton_Rxcabinmet1_20251207.dat
Parsed column names: ['TIMESTAMP', 'RECORD', 'BattV_Avg', 'PTemp_C_Avg', 'Air_T_Avg', 'RH_Avg', 'BP_mbar_Avg', 'WS_Avg', 'WD_Avg', 'SlrW_Avg', 'rg001dc_ch_Tot', 'rg006dc_ch_Tot', 'rg008dc_ch_Tot', 'rg009dc_ch_Tot', 'rg004tb_ch_Tot']
shape: (8_640, 3)
┌─────────────────────┬───────────┬────────┐
│ TIMESTAMP           ┆ Air_T_Avg ┆ RH_Avg │
│ ---                 ┆ ---       ┆ ---    │
│ datetime[μs]        ┆ f64       ┆ f64    │
╞═════════════════════╪═══════════╪════════╡
│ 2025-12-07 00:00:10 ┆ 281.65    ┆ 91.18  │
│ 2025-12-07 00:00:20 ┆ 281.65    ┆ 90.96  │
│ 2025-12-07 00:00:30 ┆ 281.67    ┆ 90.68  │
│ 2025-12-07 00:00:40 ┆ 281.67    ┆ 90.38  │
│ 2025-12-07 00:00:50 ┆ 281.67    ┆ 90.28  │
│ …                   ┆ …         ┆ …      │
│ 2025-12-07 23:59:20 ┆ 283.07    ┆ 96.0   │
│ 2025-12-07 23:59:30 ┆ 283.07    ┆ 96.12  │
│ 2025-12-07 23:59:40 ┆ 283.09    ┆ 96.52  │
│ 2025-12-07 23:59:50 ┆ 283.07    ┆ 96.94  │
│ 2025-12-08 00:00:00 ┆ 283.09    ┆ 96.86  │
└─────────────────────┴───────────┴────────┘
[INFO] Correcting the 'time' variable in the NetCDF file.
<class 'netCDF4.Variable'>
float64 time(time)
    units: seconds since 1970-01-01 00:00:00
    standard_name: time
    long_name: Time (seconds since 1970-01-01 00:00:00)
    axis: T
    valid_min: 1765065610.0
    valid_max: 1765152000.0
    calendar: standard
unlimited dimensions: 
current shape = (8640,)
filling on, default _FillValue of 9.969209968386869e+36 used
Flagged 0 points where air_temperature < 245.0K as bad data (qc_flag = 2).
Found 0 points already flagged as bad data (flag=2)
QC flags successfully added to /gws/pw/j07/ncas_obs_vol2/cao/processing/ncas-temperature-rh-1/data/long-term/level1d/2025/stfc-temperature-rh-1_cao_20251207_surface-met_v1.1.nc.
Updated time units to 'seconds since 1970-01-01 00:00:00' in /gws/pw/j07/ncas_obs_vol2/cao/processing/ncas-temperature-rh-1/data/long-term/level1d/2025/stfc-temperature-rh-1_cao_20251207_surface-met_v1.1.nc
/gws/pw/j07/ncas_obs_vol2/cao/raw_data/met_cao/data/long-term/2025/202512/CR1000XSeries_Chilbolton_Rxcabinmet1_20251208.dat
Parsed column names: ['TIMESTAMP', 'RECORD', 'BattV_Avg', 'PTemp_C_Avg', 'Air_T_Avg', 'RH_Avg', 'BP_mbar_Avg', 'WS_Avg', 'WD_Avg', 'SlrW_Avg', 'rg001dc_ch_Tot', 'rg006dc_ch_Tot', 'rg008dc_ch_Tot', 'rg009dc_ch_Tot', 'rg004tb_ch_Tot']
shape: (8_640, 3)
┌─────────────────────┬───────────┬────────┐
│ TIMESTAMP           ┆ Air_T_Avg ┆ RH_Avg │
│ ---                 ┆ ---       ┆ ---    │
│ datetime[μs]        ┆ f64       ┆ f64    │
╞═════════════════════╪═══════════╪════════╡
│ 2025-12-08 00:00:10 ┆ 283.11    ┆ 96.58  │
│ 2025-12-08 00:00:20 ┆ 283.11    ┆ 96.4   │
│ 2025-12-08 00:00:30 ┆ 283.13    ┆ 96.24  │
│ 2025-12-08 00:00:40 ┆ 283.15    ┆ 95.92  │
│ 2025-12-08 00:00:50 ┆ 283.17    ┆ 95.82  │
│ …                   ┆ …         ┆ …      │
│ 2025-12-08 23:59:20 ┆ 285.63    ┆ 93.66  │
│ 2025-12-08 23:59:30 ┆ 285.63    ┆ 93.7   │
│ 2025-12-08 23:59:40 ┆ 285.63    ┆ 93.76  │
│ 2025-12-08 23:59:50 ┆ 285.65    ┆ 93.84  │
│ 2025-12-09 00:00:00 ┆ 285.63    ┆ 93.86  │
└─────────────────────┴───────────┴────────┘
[INFO] Correcting the 'time' variable in the NetCDF file.
<class 'netCDF4.Variable'>
float64 time(time)
    units: seconds since 1970-01-01 00:00:00
    standard_name: time
    long_name: Time (seconds since 1970-01-01 00:00:00)
    axis: T
    valid_min: 1765152010.0
    valid_max: 1765238400.0
    calendar: standard
unlimited dimensions: 
current shape = (8640,)
filling on, default _FillValue of 9.969209968386869e+36 used
Flagged 0 points where air_temperature < 245.0K as bad data (qc_flag = 2).
Found 0 points already flagged as bad data (flag=2)
QC flags successfully added to /gws/pw/j07/ncas_obs_vol2/cao/processing/ncas-temperature-rh-1/data/long-term/level1d/2025/stfc-temperature-rh-1_cao_20251208_surface-met_v1.1.nc.
Updated time units to 'seconds since 1970-01-01 00:00:00' in /gws/pw/j07/ncas_obs_vol2/cao/processing/ncas-temperature-rh-1/data/long-term/level1d/2025/stfc-temperature-rh-1_cao_20251208_surface-met_v1.1.nc
/gws/pw/j07/ncas_obs_vol2/cao/raw_data/met_cao/data/long-term/2025/202512/CR1000XSeries_Chilbolton_Rxcabinmet1_20251209.dat
Parsed column names: ['TIMESTAMP', 'RECORD', 'BattV_Avg', 'PTemp_C_Avg', 'Air_T_Avg', 'RH_Avg', 'BP_mbar_Avg', 'WS_Avg', 'WD_Avg', 'SlrW_Avg', 'rg001dc_ch_Tot', 'rg006dc_ch_Tot', 'rg008dc_ch_Tot', 'rg009dc_ch_Tot', 'rg004tb_ch_Tot']
shape: (8_640, 3)
┌─────────────────────┬───────────┬────────┐
│ TIMESTAMP           ┆ Air_T_Avg ┆ RH_Avg │
│ ---                 ┆ ---       ┆ ---    │
│ datetime[μs]        ┆ f64       ┆ f64    │
╞═════════════════════╪═══════════╪════════╡
│ 2025-12-09 00:00:10 ┆ 285.63    ┆ 93.82  │
│ 2025-12-09 00:00:20 ┆ 285.61    ┆ 93.84  │
│ 2025-12-09 00:00:30 ┆ 285.61    ┆ 93.94  │
│ 2025-12-09 00:00:40 ┆ 285.59    ┆ 93.96  │
│ 2025-12-09 00:00:50 ┆ 285.59    ┆ 93.98  │
│ …                   ┆ …         ┆ …      │
│ 2025-12-09 23:59:20 ┆ 283.19    ┆ 88.1   │
│ 2025-12-09 23:59:30 ┆ 283.21    ┆ 88.12  │
│ 2025-12-09 23:59:40 ┆ 283.25    ┆ 88.14  │
│ 2025-12-09 23:59:50 ┆ 283.25    ┆ 88.48  │
│ 2025-12-10 00:00:00 ┆ 283.23    ┆ 88.62  │
└─────────────────────┴───────────┴────────┘
[INFO] Correcting the 'time' variable in the NetCDF file.
<class 'netCDF4.Variable'>
float64 time(time)
    units: seconds since 1970-01-01 00:00:00
    standard_name: time
    long_name: Time (seconds since 1970-01-01 00:00:00)
    axis: T
    valid_min: 1765238410.0
    valid_max: 1765324800.0
    calendar: standard
unlimited dimensions: 
current shape = (8640,)
filling on, default _FillValue of 9.969209968386869e+36 used
Flagged 0 points where air_temperature < 245.0K as bad data (qc_flag = 2).
Found 0 points already flagged as bad data (flag=2)
QC flags successfully added to /gws/pw/j07/ncas_obs_vol2/cao/processing/ncas-temperature-rh-1/data/long-term/level1d/2025/stfc-temperature-rh-1_cao_20251209_surface-met_v1.1.nc.
Updated time units to 'seconds since 1970-01-01 00:00:00' in /gws/pw/j07/ncas_obs_vol2/cao/processing/ncas-temperature-rh-1/data/long-term/level1d/2025/stfc-temperature-rh-1_cao_20251209_surface-met_v1.1.nc
/gws/pw/j07/ncas_obs_vol2/cao/raw_data/met_cao/data/long-term/2025/202512/CR1000XSeries_Chilbolton_Rxcabinmet1_20251210.dat
Parsed column names: ['TIMESTAMP', 'RECORD', 'BattV_Avg', 'PTemp_C_Avg', 'Air_T_Avg', 'RH_Avg', 'BP_mbar_Avg', 'WS_Avg', 'WD_Avg', 'SlrW_Avg', 'rg001dc_ch_Tot', 'rg006dc_ch_Tot', 'rg008dc_ch_Tot', 'rg009dc_ch_Tot', 'rg004tb_ch_Tot']
shape: (8_640, 3)
┌─────────────────────┬───────────┬────────┐
│ TIMESTAMP           ┆ Air_T_Avg ┆ RH_Avg │
│ ---                 ┆ ---       ┆ ---    │
│ datetime[μs]        ┆ f64       ┆ f64    │
╞═════════════════════╪═══════════╪════════╡
│ 2025-12-10 00:00:10 ┆ 283.17    ┆ 88.76  │
│ 2025-12-10 00:00:20 ┆ 283.15    ┆ 88.58  │
│ 2025-12-10 00:00:30 ┆ 283.15    ┆ 88.2   │
│ 2025-12-10 00:00:40 ┆ 283.13    ┆ 87.8   │
│ 2025-12-10 00:00:50 ┆ 283.17    ┆ 87.76  │
│ …                   ┆ …         ┆ …      │
│ 2025-12-10 23:59:20 ┆ 281.21    ┆ 94.96  │
│ 2025-12-10 23:59:30 ┆ 281.17    ┆ 95.12  │
│ 2025-12-10 23:59:40 ┆ 281.15    ┆ 95.18  │
│ 2025-12-10 23:59:50 ┆ 281.13    ┆ 95.22  │
│ 2025-12-11 00:00:00 ┆ 281.11    ┆ 95.14  │
└─────────────────────┴───────────┴────────┘
[INFO] Correcting the 'time' variable in the NetCDF file.
<class 'netCDF4.Variable'>
float64 time(time)
    units: seconds since 1970-01-01 00:00:00
    standard_name: time
    long_name: Time (seconds since 1970-01-01 00:00:00)
    axis: T
    valid_min: 1765324810.0
    valid_max: 1765411200.0
    calendar: standard
unlimited dimensions: 
current shape = (8640,)
filling on, default _FillValue of 9.969209968386869e+36 used
Flagged 0 points where air_temperature < 245.0K as bad data (qc_flag = 2).
Found 0 points already flagged as bad data (flag=2)
QC flags successfully added to /gws/pw/j07/ncas_obs_vol2/cao/processing/ncas-temperature-rh-1/data/long-term/level1d/2025/stfc-temperature-rh-1_cao_20251210_surface-met_v1.1.nc.
Updated time units to 'seconds since 1970-01-01 00:00:00' in /gws/pw/j07/ncas_obs_vol2/cao/processing/ncas-temperature-rh-1/data/long-term/level1d/2025/stfc-temperature-rh-1_cao_20251210_surface-met_v1.1.nc
/gws/pw/j07/ncas_obs_vol2/cao/raw_data/met_cao/data/long-term/2025/202512/CR1000XSeries_Chilbolton_Rxcabinmet1_20251211.dat
Parsed column names: ['TIMESTAMP', 'RECORD', 'BattV_Avg', 'PTemp_C_Avg', 'Air_T_Avg', 'RH_Avg', 'BP_mbar_Avg', 'WS_Avg', 'WD_Avg', 'SlrW_Avg', 'rg001dc_ch_Tot', 'rg006dc_ch_Tot', 'rg008dc_ch_Tot', 'rg009dc_ch_Tot', 'rg004tb_ch_Tot']
shape: (8_640, 3)
┌─────────────────────┬───────────┬────────┐
│ TIMESTAMP           ┆ Air_T_Avg ┆ RH_Avg │
│ ---                 ┆ ---       ┆ ---    │
│ datetime[μs]        ┆ f64       ┆ f64    │
╞═════════════════════╪═══════════╪════════╡
│ 2025-12-11 00:00:10 ┆ 281.11    ┆ 95.0   │
│ 2025-12-11 00:00:20 ┆ 281.11    ┆ 94.88  │
│ 2025-12-11 00:00:30 ┆ 281.11    ┆ 94.78  │
│ 2025-12-11 00:00:40 ┆ 281.15    ┆ 94.72  │
│ 2025-12-11 00:00:50 ┆ 281.15    ┆ 94.84  │
│ …                   ┆ …         ┆ …      │
│ 2025-12-11 23:59:20 ┆ 283.07    ┆ 94.36  │
│ 2025-12-11 23:59:30 ┆ 283.07    ┆ 94.48  │
│ 2025-12-11 23:59:40 ┆ 283.07    ┆ 94.56  │
│ 2025-12-11 23:59:50 ┆ 283.09    ┆ 94.54  │
│ 2025-12-12 00:00:00 ┆ 283.09    ┆ 94.46  │
└─────────────────────┴───────────┴────────┘
[INFO] Correcting the 'time' variable in the NetCDF file.
<class 'netCDF4.Variable'>
float64 time(time)
    units: seconds since 1970-01-01 00:00:00
    standard_name: time
    long_name: Time (seconds since 1970-01-01 00:00:00)
    axis: T
    valid_min: 1765411210.0
    valid_max: 1765497600.0
    calendar: standard
unlimited dimensions: 
current shape = (8640,)
filling on, default _FillValue of 9.969209968386869e+36 used
Flagged 0 points where air_temperature < 245.0K as bad data (qc_flag = 2).
Found 0 points already flagged as bad data (flag=2)
QC flags successfully added to /gws/pw/j07/ncas_obs_vol2/cao/processing/ncas-temperature-rh-1/data/long-term/level1d/2025/stfc-temperature-rh-1_cao_20251211_surface-met_v1.1.nc.
Updated time units to 'seconds since 1970-01-01 00:00:00' in /gws/pw/j07/ncas_obs_vol2/cao/processing/ncas-temperature-rh-1/data/long-term/level1d/2025/stfc-temperature-rh-1_cao_20251211_surface-met_v1.1.nc
/gws/pw/j07/ncas_obs_vol2/cao/raw_data/met_cao/data/long-term/2025/202512/CR1000XSeries_Chilbolton_Rxcabinmet1_20251212.dat
Parsed column names: ['TIMESTAMP', 'RECORD', 'BattV_Avg', 'PTemp_C_Avg', 'Air_T_Avg', 'RH_Avg', 'BP_mbar_Avg', 'WS_Avg', 'WD_Avg', 'SlrW_Avg', 'rg001dc_ch_Tot', 'rg006dc_ch_Tot', 'rg008dc_ch_Tot', 'rg009dc_ch_Tot', 'rg004tb_ch_Tot']
shape: (8_640, 3)
┌─────────────────────┬───────────┬────────┐
│ TIMESTAMP           ┆ Air_T_Avg ┆ RH_Avg │
│ ---                 ┆ ---       ┆ ---    │
│ datetime[μs]        ┆ f64       ┆ f64    │
╞═════════════════════╪═══════════╪════════╡
│ 2025-12-12 00:00:10 ┆ 283.09    ┆ 94.38  │
│ 2025-12-12 00:00:20 ┆ 283.11    ┆ 94.22  │
│ 2025-12-12 00:00:30 ┆ 283.11    ┆ 94.1   │
│ 2025-12-12 00:00:40 ┆ 283.13    ┆ 94.06  │
│ 2025-12-12 00:00:50 ┆ 283.13    ┆ 94.08  │
│ …                   ┆ …         ┆ …      │
│ 2025-12-12 23:59:20 ┆ 277.69    ┆ 99.4   │
│ 2025-12-12 23:59:30 ┆ 277.73    ┆ 99.08  │
│ 2025-12-12 23:59:40 ┆ 277.73    ┆ 98.8   │
│ 2025-12-12 23:59:50 ┆ 277.75    ┆ 98.42  │
│ 2025-12-13 00:00:00 ┆ 277.79    ┆ 97.88  │
└─────────────────────┴───────────┴────────┘
[INFO] Correcting the 'time' variable in the NetCDF file.
<class 'netCDF4.Variable'>
float64 time(time)
    units: seconds since 1970-01-01 00:00:00
    standard_name: time
    long_name: Time (seconds since 1970-01-01 00:00:00)
    axis: T
    valid_min: 1765497610.0
    valid_max: 1765584000.0
    calendar: standard
unlimited dimensions: 
current shape = (8640,)
filling on, default _FillValue of 9.969209968386869e+36 used
Flagged 0 points where air_temperature < 245.0K as bad data (qc_flag = 2).
Found 0 points already flagged as bad data (flag=2)
QC flags successfully added to /gws/pw/j07/ncas_obs_vol2/cao/processing/ncas-temperature-rh-1/data/long-term/level1d/2025/stfc-temperature-rh-1_cao_20251212_surface-met_v1.1.nc.
Updated time units to 'seconds since 1970-01-01 00:00:00' in /gws/pw/j07/ncas_obs_vol2/cao/processing/ncas-temperature-rh-1/data/long-term/level1d/2025/stfc-temperature-rh-1_cao_20251212_surface-met_v1.1.nc
/gws/pw/j07/ncas_obs_vol2/cao/raw_data/met_cao/data/long-term/2025/202512/CR1000XSeries_Chilbolton_Rxcabinmet1_20251213.dat
Parsed column names: ['TIMESTAMP', 'RECORD', 'BattV_Avg', 'PTemp_C_Avg', 'Air_T_Avg', 'RH_Avg', 'BP_mbar_Avg', 'WS_Avg', 'WD_Avg', 'SlrW_Avg', 'rg001dc_ch_Tot', 'rg006dc_ch_Tot', 'rg008dc_ch_Tot', 'rg009dc_ch_Tot', 'rg004tb_ch_Tot']
shape: (8_640, 3)
┌─────────────────────┬───────────┬────────┐
│ TIMESTAMP           ┆ Air_T_Avg ┆ RH_Avg │
│ ---                 ┆ ---       ┆ ---    │
│ datetime[μs]        ┆ f64       ┆ f64    │
╞═════════════════════╪═══════════╪════════╡
│ 2025-12-13 00:00:10 ┆ 277.79    ┆ 97.58  │
│ 2025-12-13 00:00:20 ┆ 277.81    ┆ 97.54  │
│ 2025-12-13 00:00:30 ┆ 277.83    ┆ 97.6   │
│ 2025-12-13 00:00:40 ┆ 277.85    ┆ 98.0   │
│ 2025-12-13 00:00:50 ┆ 277.87    ┆ 98.26  │
│ …                   ┆ …         ┆ …      │
│ 2025-12-13 23:59:20 ┆ 280.31    ┆ 88.98  │
│ 2025-12-13 23:59:30 ┆ 280.31    ┆ 88.72  │
│ 2025-12-13 23:59:40 ┆ 280.33    ┆ 88.58  │
│ 2025-12-13 23:59:50 ┆ 280.29    ┆ 88.72  │
│ 2025-12-14 00:00:00 ┆ 280.25    ┆ 88.94  │
└─────────────────────┴───────────┴────────┘
[INFO] Correcting the 'time' variable in the NetCDF file.
<class 'netCDF4.Variable'>
float64 time(time)
    units: seconds since 1970-01-01 00:00:00
    standard_name: time
    long_name: Time (seconds since 1970-01-01 00:00:00)
    axis: T
    valid_min: 1765584010.0
    valid_max: 1765670400.0
    calendar: standard
unlimited dimensions: 
current shape = (8640,)
filling on, default _FillValue of 9.969209968386869e+36 used
Flagged 0 points where air_temperature < 245.0K as bad data (qc_flag = 2).
Found 0 points already flagged as bad data (flag=2)
Applied previous day's purge timing: 10:28 - 10:36
QC flags successfully added to /gws/pw/j07/ncas_obs_vol2/cao/processing/ncas-temperature-rh-1/data/long-term/level1d/2025/stfc-temperature-rh-1_cao_20251213_surface-met_v1.1.nc.
Updated time units to 'seconds since 1970-01-01 00:00:00' in /gws/pw/j07/ncas_obs_vol2/cao/processing/ncas-temperature-rh-1/data/long-term/level1d/2025/stfc-temperature-rh-1_cao_20251213_surface-met_v1.1.nc
/gws/pw/j07/ncas_obs_vol2/cao/raw_data/met_cao/data/long-term/2025/202512/CR1000XSeries_Chilbolton_Rxcabinmet1_20251214.dat
Parsed column names: ['TIMESTAMP', 'RECORD', 'BattV_Avg', 'PTemp_C_Avg', 'Air_T_Avg', 'RH_Avg', 'BP_mbar_Avg', 'WS_Avg', 'WD_Avg', 'SlrW_Avg', 'rg001dc_ch_Tot', 'rg006dc_ch_Tot', 'rg008dc_ch_Tot', 'rg009dc_ch_Tot', 'rg004tb_ch_Tot']
shape: (8_640, 3)
┌─────────────────────┬───────────┬────────┐
│ TIMESTAMP           ┆ Air_T_Avg ┆ RH_Avg │
│ ---                 ┆ ---       ┆ ---    │
│ datetime[μs]        ┆ f64       ┆ f64    │
╞═════════════════════╪═══════════╪════════╡
│ 2025-12-14 00:00:10 ┆ 280.25    ┆ 89.02  │
│ 2025-12-14 00:00:20 ┆ 280.23    ┆ 89.16  │
│ 2025-12-14 00:00:30 ┆ 280.21    ┆ 89.26  │
│ 2025-12-14 00:00:40 ┆ 280.19    ┆ 89.26  │
│ 2025-12-14 00:00:50 ┆ 280.19    ┆ 89.22  │
│ …                   ┆ …         ┆ …      │
│ 2025-12-14 23:59:20 ┆ 283.55    ┆ 88.54  │
│ 2025-12-14 23:59:30 ┆ 283.55    ┆ 88.64  │
│ 2025-12-14 23:59:40 ┆ 283.55    ┆ 88.78  │
│ 2025-12-14 23:59:50 ┆ 283.55    ┆ 89.02  │
│ 2025-12-15 00:00:00 ┆ 283.53    ┆ 89.24  │
└─────────────────────┴───────────┴────────┘
[INFO] Correcting the 'time' variable in the NetCDF file.
<class 'netCDF4.Variable'>
float64 time(time)
    units: seconds since 1970-01-01 00:00:00
    standard_name: time
    long_name: Time (seconds since 1970-01-01 00:00:00)
    axis: T
    valid_min: 1765670410.0
    valid_max: 1765756800.0
    calendar: standard
unlimited dimensions: 
current shape = (8640,)
filling on, default _FillValue of 9.969209968386869e+36 used
Flagged 0 points where air_temperature < 245.0K as bad data (qc_flag = 2).
Found 0 points already flagged as bad data (flag=2)
QC flags successfully added to /gws/pw/j07/ncas_obs_vol2/cao/processing/ncas-temperature-rh-1/data/long-term/level1d/2025/stfc-temperature-rh-1_cao_20251214_surface-met_v1.1.nc.
Updated time units to 'seconds since 1970-01-01 00:00:00' in /gws/pw/j07/ncas_obs_vol2/cao/processing/ncas-temperature-rh-1/data/long-term/level1d/2025/stfc-temperature-rh-1_cao_20251214_surface-met_v1.1.nc
/gws/pw/j07/ncas_obs_vol2/cao/raw_data/met_cao/data/long-term/2025/202512/CR1000XSeries_Chilbolton_Rxcabinmet1_20251215.dat
Parsed column names: ['TIMESTAMP', 'RECORD', 'BattV_Avg', 'PTemp_C_Avg', 'Air_T_Avg', 'RH_Avg', 'BP_mbar_Avg', 'WS_Avg', 'WD_Avg', 'SlrW_Avg', 'rg001dc_ch_Tot', 'rg006dc_ch_Tot', 'rg008dc_ch_Tot', 'rg009dc_ch_Tot', 'rg004tb_ch_Tot']
shape: (8_640, 3)
┌─────────────────────┬───────────┬────────┐
│ TIMESTAMP           ┆ Air_T_Avg ┆ RH_Avg │
│ ---                 ┆ ---       ┆ ---    │
│ datetime[μs]        ┆ f64       ┆ f64    │
╞═════════════════════╪═══════════╪════════╡
│ 2025-12-15 00:00:10 ┆ 283.53    ┆ 89.26  │
│ 2025-12-15 00:00:20 ┆ 283.53    ┆ 89.2   │
│ 2025-12-15 00:00:30 ┆ 283.53    ┆ 88.96  │
│ 2025-12-15 00:00:40 ┆ 283.55    ┆ 88.8   │
│ 2025-12-15 00:00:50 ┆ 283.55    ┆ 88.68  │
│ …                   ┆ …         ┆ …      │
│ 2025-12-15 23:59:20 ┆ 283.17    ┆ 95.8   │
│ 2025-12-15 23:59:30 ┆ 283.17    ┆ 95.9   │
│ 2025-12-15 23:59:40 ┆ 283.17    ┆ 96.02  │
│ 2025-12-15 23:59:50 ┆ 283.17    ┆ 96.18  │
│ 2025-12-16 00:00:00 ┆ 283.17    ┆ 96.2   │
└─────────────────────┴───────────┴────────┘
[INFO] Correcting the 'time' variable in the NetCDF file.
<class 'netCDF4.Variable'>
float64 time(time)
    units: seconds since 1970-01-01 00:00:00
    standard_name: time
    long_name: Time (seconds since 1970-01-01 00:00:00)
    axis: T
    valid_min: 1765756810.0
    valid_max: 1765843200.0
    calendar: standard
unlimited dimensions: 
current shape = (8640,)
filling on, default _FillValue of 9.969209968386869e+36 used
Flagged 0 points where air_temperature < 245.0K as bad data (qc_flag = 2).
Found 0 points already flagged as bad data (flag=2)
QC flags successfully added to /gws/pw/j07/ncas_obs_vol2/cao/processing/ncas-temperature-rh-1/data/long-term/level1d/2025/stfc-temperature-rh-1_cao_20251215_surface-met_v1.1.nc.
Updated time units to 'seconds since 1970-01-01 00:00:00' in /gws/pw/j07/ncas_obs_vol2/cao/processing/ncas-temperature-rh-1/data/long-term/level1d/2025/stfc-temperature-rh-1_cao_20251215_surface-met_v1.1.nc
/gws/pw/j07/ncas_obs_vol2/cao/raw_data/met_cao/data/long-term/2025/202512/CR1000XSeries_Chilbolton_Rxcabinmet1_20251216.dat
Parsed column names: ['TIMESTAMP', 'RECORD', 'BattV_Avg', 'PTemp_C_Avg', 'Air_T_Avg', 'RH_Avg', 'BP_mbar_Avg', 'WS_Avg', 'WD_Avg', 'SlrW_Avg', 'rg001dc_ch_Tot', 'rg006dc_ch_Tot', 'rg008dc_ch_Tot', 'rg009dc_ch_Tot', 'rg004tb_ch_Tot']
shape: (8_640, 3)
┌─────────────────────┬───────────┬────────┐
│ TIMESTAMP           ┆ Air_T_Avg ┆ RH_Avg │
│ ---                 ┆ ---       ┆ ---    │
│ datetime[μs]        ┆ f64       ┆ f64    │
╞═════════════════════╪═══════════╪════════╡
│ 2025-12-16 00:00:10 ┆ 283.17    ┆ 96.16  │
│ 2025-12-16 00:00:20 ┆ 283.15    ┆ 96.08  │
│ 2025-12-16 00:00:30 ┆ 283.15    ┆ 95.9   │
│ 2025-12-16 00:00:40 ┆ 283.15    ┆ 95.78  │
│ 2025-12-16 00:00:50 ┆ 283.15    ┆ 95.72  │
│ …                   ┆ …         ┆ …      │
│ 2025-12-16 23:59:20 ┆ 274.49    ┆ 98.7   │
│ 2025-12-16 23:59:30 ┆ 274.45    ┆ 99.14  │
│ 2025-12-16 23:59:40 ┆ 274.43    ┆ 99.44  │
│ 2025-12-16 23:59:50 ┆ 274.53    ┆ 99.32  │
│ 2025-12-17 00:00:00 ┆ 274.61    ┆ 99.44  │
└─────────────────────┴───────────┴────────┘
[INFO] Correcting the 'time' variable in the NetCDF file.
<class 'netCDF4.Variable'>
float64 time(time)
    units: seconds since 1970-01-01 00:00:00
    standard_name: time
    long_name: Time (seconds since 1970-01-01 00:00:00)
    axis: T
    valid_min: 1765843210.0
    valid_max: 1765929600.0
    calendar: standard
unlimited dimensions: 
current shape = (8640,)
filling on, default _FillValue of 9.969209968386869e+36 used
Flagged 0 points where air_temperature < 245.0K as bad data (qc_flag = 2).
Found 0 points already flagged as bad data (flag=2)
QC flags successfully added to /gws/pw/j07/ncas_obs_vol2/cao/processing/ncas-temperature-rh-1/data/long-term/level1d/2025/stfc-temperature-rh-1_cao_20251216_surface-met_v1.1.nc.
Updated time units to 'seconds since 1970-01-01 00:00:00' in /gws/pw/j07/ncas_obs_vol2/cao/processing/ncas-temperature-rh-1/data/long-term/level1d/2025/stfc-temperature-rh-1_cao_20251216_surface-met_v1.1.nc
/gws/pw/j07/ncas_obs_vol2/cao/raw_data/met_cao/data/long-term/2025/202512/CR1000XSeries_Chilbolton_Rxcabinmet1_20251217.dat
Parsed column names: ['TIMESTAMP', 'RECORD', 'BattV_Avg', 'PTemp_C_Avg', 'Air_T_Avg', 'RH_Avg', 'BP_mbar_Avg', 'WS_Avg', 'WD_Avg', 'SlrW_Avg', 'rg001dc_ch_Tot', 'rg006dc_ch_Tot', 'rg008dc_ch_Tot', 'rg009dc_ch_Tot', 'rg004tb_ch_Tot']
shape: (8_640, 3)
┌─────────────────────┬───────────┬────────┐
│ TIMESTAMP           ┆ Air_T_Avg ┆ RH_Avg │
│ ---                 ┆ ---       ┆ ---    │
│ datetime[μs]        ┆ f64       ┆ f64    │
╞═════════════════════╪═══════════╪════════╡
│ 2025-12-17 00:00:10 ┆ 274.59    ┆ 99.94  │
│ 2025-12-17 00:00:20 ┆ 274.53    ┆ 99.96  │
│ 2025-12-17 00:00:30 ┆ 274.53    ┆ 99.96  │
│ 2025-12-17 00:00:40 ┆ 274.51    ┆ 99.94  │
│ 2025-12-17 00:00:50 ┆ 274.49    ┆ 99.6   │
│ …                   ┆ …         ┆ …      │
│ 2025-12-17 23:59:20 ┆ 283.31    ┆ 97.08  │
│ 2025-12-17 23:59:30 ┆ 283.31    ┆ 96.96  │
│ 2025-12-17 23:59:40 ┆ 283.31    ┆ 96.86  │
│ 2025-12-17 23:59:50 ┆ 283.33    ┆ 96.74  │
│ 2025-12-18 00:00:00 ┆ 283.33    ┆ 96.66  │
└─────────────────────┴───────────┴────────┘
[INFO] Correcting the 'time' variable in the NetCDF file.
<class 'netCDF4.Variable'>
float64 time(time)
    units: seconds since 1970-01-01 00:00:00
    standard_name: time
    long_name: Time (seconds since 1970-01-01 00:00:00)
    axis: T
    valid_min: 1765929610.0
    valid_max: 1766016000.0
    calendar: standard
unlimited dimensions: 
current shape = (8640,)
filling on, default _FillValue of 9.969209968386869e+36 used
Flagged 0 points where air_temperature < 245.0K as bad data (qc_flag = 2).
Found 0 points already flagged as bad data (flag=2)
Applied previous day's purge timing: 10:27 - 10:35
QC flags successfully added to /gws/pw/j07/ncas_obs_vol2/cao/processing/ncas-temperature-rh-1/data/long-term/level1d/2025/stfc-temperature-rh-1_cao_20251217_surface-met_v1.1.nc.
Updated time units to 'seconds since 1970-01-01 00:00:00' in /gws/pw/j07/ncas_obs_vol2/cao/processing/ncas-temperature-rh-1/data/long-term/level1d/2025/stfc-temperature-rh-1_cao_20251217_surface-met_v1.1.nc
/gws/pw/j07/ncas_obs_vol2/cao/raw_data/met_cao/data/long-term/2025/202512/CR1000XSeries_Chilbolton_Rxcabinmet1_20251218.dat
Parsed column names: ['TIMESTAMP', 'RECORD', 'BattV_Avg', 'PTemp_C_Avg', 'Air_T_Avg', 'RH_Avg', 'BP_mbar_Avg', 'WS_Avg', 'WD_Avg', 'SlrW_Avg', 'rg001dc_ch_Tot', 'rg006dc_ch_Tot', 'rg008dc_ch_Tot', 'rg009dc_ch_Tot', 'rg004tb_ch_Tot']
shape: (8_640, 3)
┌─────────────────────┬───────────┬────────┐
│ TIMESTAMP           ┆ Air_T_Avg ┆ RH_Avg │
│ ---                 ┆ ---       ┆ ---    │
│ datetime[μs]        ┆ f64       ┆ f64    │
╞═════════════════════╪═══════════╪════════╡
│ 2025-12-18 00:00:10 ┆ 283.35    ┆ 96.62  │
│ 2025-12-18 00:00:20 ┆ 283.35    ┆ 96.58  │
│ 2025-12-18 00:00:30 ┆ 283.35    ┆ 96.64  │
│ 2025-12-18 00:00:40 ┆ 283.35    ┆ 96.84  │
│ 2025-12-18 00:00:50 ┆ 283.35    ┆ 96.92  │
│ …                   ┆ …         ┆ …      │
│ 2025-12-18 23:59:20 ┆ 282.03    ┆ 88.14  │
│ 2025-12-18 23:59:30 ┆ 282.03    ┆ 87.96  │
│ 2025-12-18 23:59:40 ┆ 282.01    ┆ 87.7   │
│ 2025-12-18 23:59:50 ┆ 282.01    ┆ 87.42  │
│ 2025-12-19 00:00:00 ┆ 282.01    ┆ 87.4   │
└─────────────────────┴───────────┴────────┘
[INFO] Correcting the 'time' variable in the NetCDF file.
<class 'netCDF4.Variable'>
float64 time(time)
    units: seconds since 1970-01-01 00:00:00
    standard_name: time
    long_name: Time (seconds since 1970-01-01 00:00:00)
    axis: T
    valid_min: 1766016010.0
    valid_max: 1766102400.0
    calendar: standard
unlimited dimensions: 
current shape = (8640,)
filling on, default _FillValue of 9.969209968386869e+36 used
Flagged 0 points where air_temperature < 245.0K as bad data (qc_flag = 2).
Found 0 points already flagged as bad data (flag=2)
Applied previous day's purge timing: 10:27 - 10:35
QC flags successfully added to /gws/pw/j07/ncas_obs_vol2/cao/processing/ncas-temperature-rh-1/data/long-term/level1d/2025/stfc-temperature-rh-1_cao_20251218_surface-met_v1.1.nc.
Updated time units to 'seconds since 1970-01-01 00:00:00' in /gws/pw/j07/ncas_obs_vol2/cao/processing/ncas-temperature-rh-1/data/long-term/level1d/2025/stfc-temperature-rh-1_cao_20251218_surface-met_v1.1.nc
/gws/pw/j07/ncas_obs_vol2/cao/raw_data/met_cao/data/long-term/2025/202512/CR1000XSeries_Chilbolton_Rxcabinmet1_20251219.dat
Parsed column names: ['TIMESTAMP', 'RECORD', 'BattV_Avg', 'PTemp_C_Avg', 'Air_T_Avg', 'RH_Avg', 'BP_mbar_Avg', 'WS_Avg', 'WD_Avg', 'SlrW_Avg', 'rg001dc_ch_Tot', 'rg006dc_ch_Tot', 'rg008dc_ch_Tot', 'rg009dc_ch_Tot', 'rg004tb_ch_Tot']
shape: (8_640, 3)
┌─────────────────────┬───────────┬────────┐
│ TIMESTAMP           ┆ Air_T_Avg ┆ RH_Avg │
│ ---                 ┆ ---       ┆ ---    │
│ datetime[μs]        ┆ f64       ┆ f64    │
╞═════════════════════╪═══════════╪════════╡
│ 2025-12-19 00:00:10 ┆ 282.01    ┆ 87.4   │
│ 2025-12-19 00:00:20 ┆ 282.03    ┆ 87.42  │
│ 2025-12-19 00:00:30 ┆ 282.05    ┆ 87.52  │
│ 2025-12-19 00:00:40 ┆ 282.07    ┆ 87.78  │
│ 2025-12-19 00:00:50 ┆ 282.07    ┆ 87.82  │
│ …                   ┆ …         ┆ …      │
│ 2025-12-19 23:59:20 ┆ 277.97    ┆ 99.14  │
│ 2025-12-19 23:59:30 ┆ 277.97    ┆ 99.14  │
│ 2025-12-19 23:59:40 ┆ 277.99    ┆ 99.22  │
│ 2025-12-19 23:59:50 ┆ 277.99    ┆ 99.4   │
│ 2025-12-20 00:00:00 ┆ 277.99    ┆ 99.68  │
└─────────────────────┴───────────┴────────┘
[INFO] Correcting the 'time' variable in the NetCDF file.
<class 'netCDF4.Variable'>
float64 time(time)
    units: seconds since 1970-01-01 00:00:00
    standard_name: time
    long_name: Time (seconds since 1970-01-01 00:00:00)
    axis: T
    valid_min: 1766102410.0
    valid_max: 1766188800.0
    calendar: standard
unlimited dimensions: 
current shape = (8640,)
filling on, default _FillValue of 9.969209968386869e+36 used
Flagged 0 points where air_temperature < 245.0K as bad data (qc_flag = 2).
Found 0 points already flagged as bad data (flag=2)
QC flags successfully added to /gws/pw/j07/ncas_obs_vol2/cao/processing/ncas-temperature-rh-1/data/long-term/level1d/2025/stfc-temperature-rh-1_cao_20251219_surface-met_v1.1.nc.
Updated time units to 'seconds since 1970-01-01 00:00:00' in /gws/pw/j07/ncas_obs_vol2/cao/processing/ncas-temperature-rh-1/data/long-term/level1d/2025/stfc-temperature-rh-1_cao_20251219_surface-met_v1.1.nc
/gws/pw/j07/ncas_obs_vol2/cao/raw_data/met_cao/data/long-term/2025/202512/CR1000XSeries_Chilbolton_Rxcabinmet1_20251220.dat
Parsed column names: ['TIMESTAMP', 'RECORD', 'BattV_Avg', 'PTemp_C_Avg', 'Air_T_Avg', 'RH_Avg', 'BP_mbar_Avg', 'WS_Avg', 'WD_Avg', 'SlrW_Avg', 'rg001dc_ch_Tot', 'rg006dc_ch_Tot', 'rg008dc_ch_Tot', 'rg009dc_ch_Tot', 'rg004tb_ch_Tot']
shape: (8_640, 3)
┌─────────────────────┬───────────┬────────┐
│ TIMESTAMP           ┆ Air_T_Avg ┆ RH_Avg │
│ ---                 ┆ ---       ┆ ---    │
│ datetime[μs]        ┆ f64       ┆ f64    │
╞═════════════════════╪═══════════╪════════╡
│ 2025-12-20 00:00:10 ┆ 277.97    ┆ 99.78  │
│ 2025-12-20 00:00:20 ┆ 278.07    ┆ 99.18  │
│ 2025-12-20 00:00:30 ┆ 278.13    ┆ 98.66  │
│ 2025-12-20 00:00:40 ┆ 278.21    ┆ 98.18  │
│ 2025-12-20 00:00:50 ┆ 278.27    ┆ 98.08  │
│ …                   ┆ …         ┆ …      │
│ 2025-12-20 23:59:20 ┆ 282.03    ┆ 96.22  │
│ 2025-12-20 23:59:30 ┆ 282.03    ┆ 96.36  │
│ 2025-12-20 23:59:40 ┆ 282.03    ┆ 96.52  │
│ 2025-12-20 23:59:50 ┆ 282.03    ┆ 96.7   │
│ 2025-12-21 00:00:00 ┆ 282.01    ┆ 96.72  │
└─────────────────────┴───────────┴────────┘
[INFO] Correcting the 'time' variable in the NetCDF file.
<class 'netCDF4.Variable'>
float64 time(time)
    units: seconds since 1970-01-01 00:00:00
    standard_name: time
    long_name: Time (seconds since 1970-01-01 00:00:00)
    axis: T
    valid_min: 1766188810.0
    valid_max: 1766275200.0
    calendar: standard
unlimited dimensions: 
current shape = (8640,)
filling on, default _FillValue of 9.969209968386869e+36 used
Flagged 0 points where air_temperature < 245.0K as bad data (qc_flag = 2).
Found 0 points already flagged as bad data (flag=2)
QC flags successfully added to /gws/pw/j07/ncas_obs_vol2/cao/processing/ncas-temperature-rh-1/data/long-term/level1d/2025/stfc-temperature-rh-1_cao_20251220_surface-met_v1.1.nc.
Updated time units to 'seconds since 1970-01-01 00:00:00' in /gws/pw/j07/ncas_obs_vol2/cao/processing/ncas-temperature-rh-1/data/long-term/level1d/2025/stfc-temperature-rh-1_cao_20251220_surface-met_v1.1.nc
/gws/pw/j07/ncas_obs_vol2/cao/raw_data/met_cao/data/long-term/2025/202512/CR1000XSeries_Chilbolton_Rxcabinmet1_20251221.dat
Parsed column names: ['TIMESTAMP', 'RECORD', 'BattV_Avg', 'PTemp_C_Avg', 'Air_T_Avg', 'RH_Avg', 'BP_mbar_Avg', 'WS_Avg', 'WD_Avg', 'SlrW_Avg', 'rg001dc_ch_Tot', 'rg006dc_ch_Tot', 'rg008dc_ch_Tot', 'rg009dc_ch_Tot', 'rg004tb_ch_Tot']
shape: (8_640, 3)
┌─────────────────────┬───────────┬────────┐
│ TIMESTAMP           ┆ Air_T_Avg ┆ RH_Avg │
│ ---                 ┆ ---       ┆ ---    │
│ datetime[μs]        ┆ f64       ┆ f64    │
╞═════════════════════╪═══════════╪════════╡
│ 2025-12-21 00:00:10 ┆ 281.99    ┆ 96.64  │
│ 2025-12-21 00:00:20 ┆ 281.99    ┆ 96.48  │
│ 2025-12-21 00:00:30 ┆ 281.99    ┆ 96.28  │
│ 2025-12-21 00:00:40 ┆ 281.97    ┆ 96.0   │
│ 2025-12-21 00:00:50 ┆ 281.97    ┆ 96.04  │
│ …                   ┆ …         ┆ …      │
│ 2025-12-21 23:59:20 ┆ 283.53    ┆ 92.78  │
│ 2025-12-21 23:59:30 ┆ 283.53    ┆ 92.66  │
│ 2025-12-21 23:59:40 ┆ 283.53    ┆ 92.78  │
│ 2025-12-21 23:59:50 ┆ 283.53    ┆ 92.94  │
│ 2025-12-22 00:00:00 ┆ 283.53    ┆ 93.12  │
└─────────────────────┴───────────┴────────┘
[INFO] Correcting the 'time' variable in the NetCDF file.
<class 'netCDF4.Variable'>
float64 time(time)
    units: seconds since 1970-01-01 00:00:00
    standard_name: time
    long_name: Time (seconds since 1970-01-01 00:00:00)
    axis: T
    valid_min: 1766275210.0
    valid_max: 1766361600.0
    calendar: standard
unlimited dimensions: 
current shape = (8640,)
filling on, default _FillValue of 9.969209968386869e+36 used
Flagged 0 points where air_temperature < 245.0K as bad data (qc_flag = 2).
Found 0 points already flagged as bad data (flag=2)
QC flags successfully added to /gws/pw/j07/ncas_obs_vol2/cao/processing/ncas-temperature-rh-1/data/long-term/level1d/2025/stfc-temperature-rh-1_cao_20251221_surface-met_v1.1.nc.
Updated time units to 'seconds since 1970-01-01 00:00:00' in /gws/pw/j07/ncas_obs_vol2/cao/processing/ncas-temperature-rh-1/data/long-term/level1d/2025/stfc-temperature-rh-1_cao_20251221_surface-met_v1.1.nc
/gws/pw/j07/ncas_obs_vol2/cao/raw_data/met_cao/data/long-term/2025/202512/CR1000XSeries_Chilbolton_Rxcabinmet1_20251222.dat
Parsed column names: ['TIMESTAMP', 'RECORD', 'BattV_Avg', 'PTemp_C_Avg', 'Air_T_Avg', 'RH_Avg', 'BP_mbar_Avg', 'WS_Avg', 'WD_Avg', 'SlrW_Avg', 'rg001dc_ch_Tot', 'rg006dc_ch_Tot', 'rg008dc_ch_Tot', 'rg009dc_ch_Tot', 'rg004tb_ch_Tot']
shape: (8_640, 3)
┌─────────────────────┬───────────┬────────┐
│ TIMESTAMP           ┆ Air_T_Avg ┆ RH_Avg │
│ ---                 ┆ ---       ┆ ---    │
│ datetime[μs]        ┆ f64       ┆ f64    │
╞═════════════════════╪═══════════╪════════╡
│ 2025-12-22 00:00:10 ┆ 283.53    ┆ 93.34  │
│ 2025-12-22 00:00:20 ┆ 283.57    ┆ 93.26  │
│ 2025-12-22 00:00:30 ┆ 283.57    ┆ 93.18  │
│ 2025-12-22 00:00:40 ┆ 283.57    ┆ 93.02  │
│ 2025-12-22 00:00:50 ┆ 283.59    ┆ 92.88  │
│ …                   ┆ …         ┆ …      │
│ 2025-12-22 23:59:20 ┆ 281.59    ┆ 94.44  │
│ 2025-12-22 23:59:30 ┆ 281.59    ┆ 94.42  │
│ 2025-12-22 23:59:40 ┆ 281.59    ┆ 94.46  │
│ 2025-12-22 23:59:50 ┆ 281.57    ┆ 94.48  │
│ 2025-12-23 00:00:00 ┆ 281.57    ┆ 94.56  │
└─────────────────────┴───────────┴────────┘
[INFO] Correcting the 'time' variable in the NetCDF file.
<class 'netCDF4.Variable'>
float64 time(time)
    units: seconds since 1970-01-01 00:00:00
    standard_name: time
    long_name: Time (seconds since 1970-01-01 00:00:00)
    axis: T
    valid_min: 1766361610.0
    valid_max: 1766448000.0
    calendar: standard
unlimited dimensions: 
current shape = (8640,)
filling on, default _FillValue of 9.969209968386869e+36 used
Flagged 0 points where air_temperature < 245.0K as bad data (qc_flag = 2).
Found 0 points already flagged as bad data (flag=2)
QC flags successfully added to /gws/pw/j07/ncas_obs_vol2/cao/processing/ncas-temperature-rh-1/data/long-term/level1d/2025/stfc-temperature-rh-1_cao_20251222_surface-met_v1.1.nc.
Updated time units to 'seconds since 1970-01-01 00:00:00' in /gws/pw/j07/ncas_obs_vol2/cao/processing/ncas-temperature-rh-1/data/long-term/level1d/2025/stfc-temperature-rh-1_cao_20251222_surface-met_v1.1.nc
/gws/pw/j07/ncas_obs_vol2/cao/raw_data/met_cao/data/long-term/2025/202512/CR1000XSeries_Chilbolton_Rxcabinmet1_20251223.dat
Parsed column names: ['TIMESTAMP', 'RECORD', 'BattV_Avg', 'PTemp_C_Avg', 'Air_T_Avg', 'RH_Avg', 'BP_mbar_Avg', 'WS_Avg', 'WD_Avg', 'SlrW_Avg', 'rg001dc_ch_Tot', 'rg006dc_ch_Tot', 'rg008dc_ch_Tot', 'rg009dc_ch_Tot', 'rg004tb_ch_Tot']
shape: (8_640, 3)
┌─────────────────────┬───────────┬────────┐
│ TIMESTAMP           ┆ Air_T_Avg ┆ RH_Avg │
│ ---                 ┆ ---       ┆ ---    │
│ datetime[μs]        ┆ f64       ┆ f64    │
╞═════════════════════╪═══════════╪════════╡
│ 2025-12-23 00:00:10 ┆ 281.57    ┆ 94.7   │
│ 2025-12-23 00:00:20 ┆ 281.57    ┆ 94.72  │
│ 2025-12-23 00:00:30 ┆ 281.57    ┆ 94.8   │
│ 2025-12-23 00:00:40 ┆ 281.57    ┆ 94.76  │
│ 2025-12-23 00:00:50 ┆ 281.57    ┆ 94.7   │
│ …                   ┆ …         ┆ …      │
│ 2025-12-23 23:59:20 ┆ 278.67    ┆ 79.7   │
│ 2025-12-23 23:59:30 ┆ 278.65    ┆ 79.64  │
│ 2025-12-23 23:59:40 ┆ 278.65    ┆ 79.58  │
│ 2025-12-23 23:59:50 ┆ 278.65    ┆ 79.26  │
│ 2025-12-24 00:00:00 ┆ 278.65    ┆ 78.86  │
└─────────────────────┴───────────┴────────┘
[INFO] Correcting the 'time' variable in the NetCDF file.
<class 'netCDF4.Variable'>
float64 time(time)
    units: seconds since 1970-01-01 00:00:00
    standard_name: time
    long_name: Time (seconds since 1970-01-01 00:00:00)
    axis: T
    valid_min: 1766448010.0
    valid_max: 1766534400.0
    calendar: standard
unlimited dimensions: 
current shape = (8640,)
filling on, default _FillValue of 9.969209968386869e+36 used
Flagged 0 points where air_temperature < 245.0K as bad data (qc_flag = 2).
Found 0 points already flagged as bad data (flag=2)
QC flags successfully added to /gws/pw/j07/ncas_obs_vol2/cao/processing/ncas-temperature-rh-1/data/long-term/level1d/2025/stfc-temperature-rh-1_cao_20251223_surface-met_v1.1.nc.
Updated time units to 'seconds since 1970-01-01 00:00:00' in /gws/pw/j07/ncas_obs_vol2/cao/processing/ncas-temperature-rh-1/data/long-term/level1d/2025/stfc-temperature-rh-1_cao_20251223_surface-met_v1.1.nc
/gws/pw/j07/ncas_obs_vol2/cao/raw_data/met_cao/data/long-term/2025/202512/CR1000XSeries_Chilbolton_Rxcabinmet1_20251224.dat
Parsed column names: ['TIMESTAMP', 'RECORD', 'BattV_Avg', 'PTemp_C_Avg', 'Air_T_Avg', 'RH_Avg', 'BP_mbar_Avg', 'WS_Avg', 'WD_Avg', 'SlrW_Avg', 'rg001dc_ch_Tot', 'rg006dc_ch_Tot', 'rg008dc_ch_Tot', 'rg009dc_ch_Tot', 'rg004tb_ch_Tot']
shape: (8_640, 3)
┌─────────────────────┬───────────┬────────┐
│ TIMESTAMP           ┆ Air_T_Avg ┆ RH_Avg │
│ ---                 ┆ ---       ┆ ---    │
│ datetime[μs]        ┆ f64       ┆ f64    │
╞═════════════════════╪═══════════╪════════╡
│ 2025-12-24 00:00:10 ┆ 278.65    ┆ 78.82  │
│ 2025-12-24 00:00:20 ┆ 278.65    ┆ 78.9   │
│ 2025-12-24 00:00:30 ┆ 278.65    ┆ 78.92  │
│ 2025-12-24 00:00:40 ┆ 278.67    ┆ 79.08  │
│ 2025-12-24 00:00:50 ┆ 278.67    ┆ 79.54  │
│ …                   ┆ …         ┆ …      │
│ 2025-12-24 23:59:20 ┆ 276.07    ┆ 73.7   │
│ 2025-12-24 23:59:30 ┆ 276.05    ┆ 74.04  │
│ 2025-12-24 23:59:40 ┆ 276.07    ┆ 74.3   │
│ 2025-12-24 23:59:50 ┆ 276.11    ┆ 74.36  │
│ 2025-12-25 00:00:00 ┆ 276.13    ┆ 74.2   │
└─────────────────────┴───────────┴────────┘
[INFO] Correcting the 'time' variable in the NetCDF file.
<class 'netCDF4.Variable'>
float64 time(time)
    units: seconds since 1970-01-01 00:00:00
    standard_name: time
    long_name: Time (seconds since 1970-01-01 00:00:00)
    axis: T
    valid_min: 1766534410.0
    valid_max: 1766620800.0
    calendar: standard
unlimited dimensions: 
current shape = (8640,)
filling on, default _FillValue of 9.969209968386869e+36 used
Flagged 0 points where air_temperature < 245.0K as bad data (qc_flag = 2).
Found 0 points already flagged as bad data (flag=2)
QC flags successfully added to /gws/pw/j07/ncas_obs_vol2/cao/processing/ncas-temperature-rh-1/data/long-term/level1d/2025/stfc-temperature-rh-1_cao_20251224_surface-met_v1.1.nc.
Updated time units to 'seconds since 1970-01-01 00:00:00' in /gws/pw/j07/ncas_obs_vol2/cao/processing/ncas-temperature-rh-1/data/long-term/level1d/2025/stfc-temperature-rh-1_cao_20251224_surface-met_v1.1.nc
/gws/pw/j07/ncas_obs_vol2/cao/raw_data/met_cao/data/long-term/2025/202512/CR1000XSeries_Chilbolton_Rxcabinmet1_20251225.dat
Parsed column names: ['TIMESTAMP', 'RECORD', 'BattV_Avg', 'PTemp_C_Avg', 'Air_T_Avg', 'RH_Avg', 'BP_mbar_Avg', 'WS_Avg', 'WD_Avg', 'SlrW_Avg', 'rg001dc_ch_Tot', 'rg006dc_ch_Tot', 'rg008dc_ch_Tot', 'rg009dc_ch_Tot', 'rg004tb_ch_Tot']
shape: (8_640, 3)
┌─────────────────────┬───────────┬────────┐
│ TIMESTAMP           ┆ Air_T_Avg ┆ RH_Avg │
│ ---                 ┆ ---       ┆ ---    │
│ datetime[μs]        ┆ f64       ┆ f64    │
╞═════════════════════╪═══════════╪════════╡
│ 2025-12-25 00:00:10 ┆ 276.13    ┆ 74.02  │
│ 2025-12-25 00:00:20 ┆ 276.15    ┆ 73.9   │
│ 2025-12-25 00:00:30 ┆ 276.19    ┆ 73.52  │
│ 2025-12-25 00:00:40 ┆ 276.19    ┆ 73.44  │
│ 2025-12-25 00:00:50 ┆ 276.17    ┆ 73.42  │
│ …                   ┆ …         ┆ …      │
│ 2025-12-25 23:59:20 ┆ 275.91    ┆ 77.44  │
│ 2025-12-25 23:59:30 ┆ 275.91    ┆ 77.44  │
│ 2025-12-25 23:59:40 ┆ 275.93    ┆ 77.52  │
│ 2025-12-25 23:59:50 ┆ 275.91    ┆ 77.74  │
│ 2025-12-26 00:00:00 ┆ 275.91    ┆ 77.76  │
└─────────────────────┴───────────┴────────┘
[INFO] Correcting the 'time' variable in the NetCDF file.
<class 'netCDF4.Variable'>
float64 time(time)
    units: seconds since 1970-01-01 00:00:00
    standard_name: time
    long_name: Time (seconds since 1970-01-01 00:00:00)
    axis: T
    valid_min: 1766620810.0
    valid_max: 1766707200.0
    calendar: standard
unlimited dimensions: 
current shape = (8640,)
filling on, default _FillValue of 9.969209968386869e+36 used
Flagged 0 points where air_temperature < 245.0K as bad data (qc_flag = 2).
Found 0 points already flagged as bad data (flag=2)
QC flags successfully added to /gws/pw/j07/ncas_obs_vol2/cao/processing/ncas-temperature-rh-1/data/long-term/level1d/2025/stfc-temperature-rh-1_cao_20251225_surface-met_v1.1.nc.
Updated time units to 'seconds since 1970-01-01 00:00:00' in /gws/pw/j07/ncas_obs_vol2/cao/processing/ncas-temperature-rh-1/data/long-term/level1d/2025/stfc-temperature-rh-1_cao_20251225_surface-met_v1.1.nc
/gws/pw/j07/ncas_obs_vol2/cao/raw_data/met_cao/data/long-term/2025/202512/CR1000XSeries_Chilbolton_Rxcabinmet1_20251226.dat
Parsed column names: ['TIMESTAMP', 'RECORD', 'BattV_Avg', 'PTemp_C_Avg', 'Air_T_Avg', 'RH_Avg', 'BP_mbar_Avg', 'WS_Avg', 'WD_Avg', 'SlrW_Avg', 'rg001dc_ch_Tot', 'rg006dc_ch_Tot', 'rg008dc_ch_Tot', 'rg009dc_ch_Tot', 'rg004tb_ch_Tot']
shape: (8_640, 3)
┌─────────────────────┬───────────┬────────┐
│ TIMESTAMP           ┆ Air_T_Avg ┆ RH_Avg │
│ ---                 ┆ ---       ┆ ---    │
│ datetime[μs]        ┆ f64       ┆ f64    │
╞═════════════════════╪═══════════╪════════╡
│ 2025-12-26 00:00:10 ┆ 275.91    ┆ 77.68  │
│ 2025-12-26 00:00:20 ┆ 275.93    ┆ 77.56  │
│ 2025-12-26 00:00:30 ┆ 275.91    ┆ 77.48  │
│ 2025-12-26 00:00:40 ┆ 275.91    ┆ 77.3   │
│ 2025-12-26 00:00:50 ┆ 275.91    ┆ 77.08  │
│ …                   ┆ …         ┆ …      │
│ 2025-12-26 23:59:20 ┆ 277.41    ┆ 87.38  │
│ 2025-12-26 23:59:30 ┆ 277.43    ┆ 87.44  │
│ 2025-12-26 23:59:40 ┆ 277.43    ┆ 87.64  │
│ 2025-12-26 23:59:50 ┆ 277.43    ┆ 87.72  │
│ 2025-12-27 00:00:00 ┆ 277.43    ┆ 87.74  │
└─────────────────────┴───────────┴────────┘
[INFO] Correcting the 'time' variable in the NetCDF file.
<class 'netCDF4.Variable'>
float64 time(time)
    units: seconds since 1970-01-01 00:00:00
    standard_name: time
    long_name: Time (seconds since 1970-01-01 00:00:00)
    axis: T
    valid_min: 1766707210.0
    valid_max: 1766793600.0
    calendar: standard
unlimited dimensions: 
current shape = (8640,)
filling on, default _FillValue of 9.969209968386869e+36 used
Flagged 0 points where air_temperature < 245.0K as bad data (qc_flag = 2).
Found 0 points already flagged as bad data (flag=2)
QC flags successfully added to /gws/pw/j07/ncas_obs_vol2/cao/processing/ncas-temperature-rh-1/data/long-term/level1d/2025/stfc-temperature-rh-1_cao_20251226_surface-met_v1.1.nc.
Updated time units to 'seconds since 1970-01-01 00:00:00' in /gws/pw/j07/ncas_obs_vol2/cao/processing/ncas-temperature-rh-1/data/long-term/level1d/2025/stfc-temperature-rh-1_cao_20251226_surface-met_v1.1.nc
/gws/pw/j07/ncas_obs_vol2/cao/raw_data/met_cao/data/long-term/2025/202512/CR1000XSeries_Chilbolton_Rxcabinmet1_20251227.dat
Parsed column names: ['TIMESTAMP', 'RECORD', 'BattV_Avg', 'PTemp_C_Avg', 'Air_T_Avg', 'RH_Avg', 'BP_mbar_Avg', 'WS_Avg', 'WD_Avg', 'SlrW_Avg', 'rg001dc_ch_Tot', 'rg006dc_ch_Tot', 'rg008dc_ch_Tot', 'rg009dc_ch_Tot', 'rg004tb_ch_Tot']
shape: (8_640, 3)
┌─────────────────────┬───────────┬────────┐
│ TIMESTAMP           ┆ Air_T_Avg ┆ RH_Avg │
│ ---                 ┆ ---       ┆ ---    │
│ datetime[μs]        ┆ f64       ┆ f64    │
╞═════════════════════╪═══════════╪════════╡
│ 2025-12-27 00:00:10 ┆ 277.41    ┆ 87.68  │
│ 2025-12-27 00:00:20 ┆ 277.41    ┆ 87.48  │
│ 2025-12-27 00:00:30 ┆ 277.41    ┆ 87.22  │
│ 2025-12-27 00:00:40 ┆ 277.41    ┆ 87.04  │
│ 2025-12-27 00:00:50 ┆ 277.39    ┆ 87.12  │
│ …                   ┆ …         ┆ …      │
│ 2025-12-27 23:59:20 ┆ 279.75    ┆ 84.58  │
│ 2025-12-27 23:59:30 ┆ 279.75    ┆ 84.6   │
│ 2025-12-27 23:59:40 ┆ 279.73    ┆ 84.6   │
│ 2025-12-27 23:59:50 ┆ 279.71    ┆ 84.54  │
│ 2025-12-28 00:00:00 ┆ 279.71    ┆ 84.54  │
└─────────────────────┴───────────┴────────┘
[INFO] Correcting the 'time' variable in the NetCDF file.
<class 'netCDF4.Variable'>
float64 time(time)
    units: seconds since 1970-01-01 00:00:00
    standard_name: time
    long_name: Time (seconds since 1970-01-01 00:00:00)
    axis: T
    valid_min: 1766793610.0
    valid_max: 1766880000.0
    calendar: standard
unlimited dimensions: 
current shape = (8640,)
filling on, default _FillValue of 9.969209968386869e+36 used
Flagged 0 points where air_temperature < 245.0K as bad data (qc_flag = 2).
Found 0 points already flagged as bad data (flag=2)
QC flags successfully added to /gws/pw/j07/ncas_obs_vol2/cao/processing/ncas-temperature-rh-1/data/long-term/level1d/2025/stfc-temperature-rh-1_cao_20251227_surface-met_v1.1.nc.
Updated time units to 'seconds since 1970-01-01 00:00:00' in /gws/pw/j07/ncas_obs_vol2/cao/processing/ncas-temperature-rh-1/data/long-term/level1d/2025/stfc-temperature-rh-1_cao_20251227_surface-met_v1.1.nc
/gws/pw/j07/ncas_obs_vol2/cao/raw_data/met_cao/data/long-term/2025/202512/CR1000XSeries_Chilbolton_Rxcabinmet1_20251228.dat
Parsed column names: ['TIMESTAMP', 'RECORD', 'BattV_Avg', 'PTemp_C_Avg', 'Air_T_Avg', 'RH_Avg', 'BP_mbar_Avg', 'WS_Avg', 'WD_Avg', 'SlrW_Avg', 'rg001dc_ch_Tot', 'rg006dc_ch_Tot', 'rg008dc_ch_Tot', 'rg009dc_ch_Tot', 'rg004tb_ch_Tot']
shape: (8_640, 3)
┌─────────────────────┬───────────┬────────┐
│ TIMESTAMP           ┆ Air_T_Avg ┆ RH_Avg │
│ ---                 ┆ ---       ┆ ---    │
│ datetime[μs]        ┆ f64       ┆ f64    │
╞═════════════════════╪═══════════╪════════╡
│ 2025-12-28 00:00:10 ┆ 279.71    ┆ 84.56  │
│ 2025-12-28 00:00:20 ┆ 279.71    ┆ 84.58  │
│ 2025-12-28 00:00:30 ┆ 279.73    ┆ 84.52  │
│ 2025-12-28 00:00:40 ┆ 279.73    ┆ 84.52  │
│ 2025-12-28 00:00:50 ┆ 279.73    ┆ 84.6   │
│ …                   ┆ …         ┆ …      │
│ 2025-12-28 23:59:20 ┆ 278.25    ┆ 78.44  │
│ 2025-12-28 23:59:30 ┆ 278.25    ┆ 78.52  │
│ 2025-12-28 23:59:40 ┆ 278.25    ┆ 78.66  │
│ 2025-12-28 23:59:50 ┆ 278.25    ┆ 78.7   │
│ 2025-12-29 00:00:00 ┆ 278.25    ┆ 78.8   │
└─────────────────────┴───────────┴────────┘
[INFO] Correcting the 'time' variable in the NetCDF file.
<class 'netCDF4.Variable'>
float64 time(time)
    units: seconds since 1970-01-01 00:00:00
    standard_name: time
    long_name: Time (seconds since 1970-01-01 00:00:00)
    axis: T
    valid_min: 1766880010.0
    valid_max: 1766966400.0
    calendar: standard
unlimited dimensions: 
current shape = (8640,)
filling on, default _FillValue of 9.969209968386869e+36 used
Flagged 0 points where air_temperature < 245.0K as bad data (qc_flag = 2).
Found 0 points already flagged as bad data (flag=2)
QC flags successfully added to /gws/pw/j07/ncas_obs_vol2/cao/processing/ncas-temperature-rh-1/data/long-term/level1d/2025/stfc-temperature-rh-1_cao_20251228_surface-met_v1.1.nc.
Updated time units to 'seconds since 1970-01-01 00:00:00' in /gws/pw/j07/ncas_obs_vol2/cao/processing/ncas-temperature-rh-1/data/long-term/level1d/2025/stfc-temperature-rh-1_cao_20251228_surface-met_v1.1.nc
/gws/pw/j07/ncas_obs_vol2/cao/raw_data/met_cao/data/long-term/2025/202512/CR1000XSeries_Chilbolton_Rxcabinmet1_20251229.dat
Parsed column names: ['TIMESTAMP', 'RECORD', 'BattV_Avg', 'PTemp_C_Avg', 'Air_T_Avg', 'RH_Avg', 'BP_mbar_Avg', 'WS_Avg', 'WD_Avg', 'SlrW_Avg', 'rg001dc_ch_Tot', 'rg006dc_ch_Tot', 'rg008dc_ch_Tot', 'rg009dc_ch_Tot', 'rg004tb_ch_Tot']
shape: (8_640, 3)
┌─────────────────────┬───────────┬────────┐
│ TIMESTAMP           ┆ Air_T_Avg ┆ RH_Avg │
│ ---                 ┆ ---       ┆ ---    │
│ datetime[μs]        ┆ f64       ┆ f64    │
╞═════════════════════╪═══════════╪════════╡
│ 2025-12-29 00:00:10 ┆ 278.25    ┆ 78.82  │
│ 2025-12-29 00:00:20 ┆ 278.25    ┆ 78.76  │
│ 2025-12-29 00:00:30 ┆ 278.23    ┆ 78.62  │
│ 2025-12-29 00:00:40 ┆ 278.23    ┆ 78.44  │
│ 2025-12-29 00:00:50 ┆ 278.23    ┆ 78.3   │
│ …                   ┆ …         ┆ …      │
│ 2025-12-29 23:59:20 ┆ 278.13    ┆ 91.28  │
│ 2025-12-29 23:59:30 ┆ 278.15    ┆ 91.2   │
│ 2025-12-29 23:59:40 ┆ 278.15    ┆ 91.14  │
│ 2025-12-29 23:59:50 ┆ 278.15    ┆ 91.06  │
│ 2025-12-30 00:00:00 ┆ 278.15    ┆ 91.02  │
└─────────────────────┴───────────┴────────┘
[INFO] Correcting the 'time' variable in the NetCDF file.
<class 'netCDF4.Variable'>
float64 time(time)
    units: seconds since 1970-01-01 00:00:00
    standard_name: time
    long_name: Time (seconds since 1970-01-01 00:00:00)
    axis: T
    valid_min: 1766966410.0
    valid_max: 1767052800.0
    calendar: standard
unlimited dimensions: 
current shape = (8640,)
filling on, default _FillValue of 9.969209968386869e+36 used
Flagged 0 points where air_temperature < 245.0K as bad data (qc_flag = 2).
Found 0 points already flagged as bad data (flag=2)
QC flags successfully added to /gws/pw/j07/ncas_obs_vol2/cao/processing/ncas-temperature-rh-1/data/long-term/level1d/2025/stfc-temperature-rh-1_cao_20251229_surface-met_v1.1.nc.
Updated time units to 'seconds since 1970-01-01 00:00:00' in /gws/pw/j07/ncas_obs_vol2/cao/processing/ncas-temperature-rh-1/data/long-term/level1d/2025/stfc-temperature-rh-1_cao_20251229_surface-met_v1.1.nc
/gws/pw/j07/ncas_obs_vol2/cao/raw_data/met_cao/data/long-term/2025/202512/CR1000XSeries_Chilbolton_Rxcabinmet1_20251230.dat
Parsed column names: ['TIMESTAMP', 'RECORD', 'BattV_Avg', 'PTemp_C_Avg', 'Air_T_Avg', 'RH_Avg', 'BP_mbar_Avg', 'WS_Avg', 'WD_Avg', 'SlrW_Avg', 'rg001dc_ch_Tot', 'rg006dc_ch_Tot', 'rg008dc_ch_Tot', 'rg009dc_ch_Tot', 'rg004tb_ch_Tot']
shape: (8_640, 3)
┌─────────────────────┬───────────┬────────┐
│ TIMESTAMP           ┆ Air_T_Avg ┆ RH_Avg │
│ ---                 ┆ ---       ┆ ---    │
│ datetime[μs]        ┆ f64       ┆ f64    │
╞═════════════════════╪═══════════╪════════╡
│ 2025-12-30 00:00:10 ┆ 278.15    ┆ 91.04  │
│ 2025-12-30 00:00:20 ┆ 278.15    ┆ 91.06  │
│ 2025-12-30 00:00:30 ┆ 278.15    ┆ 91.14  │
│ 2025-12-30 00:00:40 ┆ 278.15    ┆ 91.26  │
│ 2025-12-30 00:00:50 ┆ 278.15    ┆ 91.44  │
│ …                   ┆ …         ┆ …      │
│ 2025-12-30 23:59:20 ┆ 272.89    ┆ 99.78  │
│ 2025-12-30 23:59:30 ┆ 272.89    ┆ 99.12  │
│ 2025-12-30 23:59:40 ┆ 272.91    ┆ 98.06  │
│ 2025-12-30 23:59:50 ┆ 272.93    ┆ 97.76  │
│ 2025-12-31 00:00:00 ┆ 272.93    ┆ 97.98  │
└─────────────────────┴───────────┴────────┘
[INFO] Correcting the 'time' variable in the NetCDF file.
<class 'netCDF4.Variable'>
float64 time(time)
    units: seconds since 1970-01-01 00:00:00
    standard_name: time
    long_name: Time (seconds since 1970-01-01 00:00:00)
    axis: T
    valid_min: 1767052810.0
    valid_max: 1767139200.0
    calendar: standard
unlimited dimensions: 
current shape = (8640,)
filling on, default _FillValue of 9.969209968386869e+36 used
Flagged 0 points where air_temperature < 245.0K as bad data (qc_flag = 2).
Found 0 points already flagged as bad data (flag=2)
QC flags successfully added to /gws/pw/j07/ncas_obs_vol2/cao/processing/ncas-temperature-rh-1/data/long-term/level1d/2025/stfc-temperature-rh-1_cao_20251230_surface-met_v1.1.nc.
Updated time units to 'seconds since 1970-01-01 00:00:00' in /gws/pw/j07/ncas_obs_vol2/cao/processing/ncas-temperature-rh-1/data/long-term/level1d/2025/stfc-temperature-rh-1_cao_20251230_surface-met_v1.1.nc
/gws/pw/j07/ncas_obs_vol2/cao/raw_data/met_cao/data/long-term/2025/202512/CR1000XSeries_Chilbolton_Rxcabinmet1_20251231.dat
Parsed column names: ['TIMESTAMP', 'RECORD', 'BattV_Avg', 'PTemp_C_Avg', 'Air_T_Avg', 'RH_Avg', 'BP_mbar_Avg', 'WS_Avg', 'WD_Avg', 'SlrW_Avg', 'rg001dc_ch_Tot', 'rg006dc_ch_Tot', 'rg008dc_ch_Tot', 'rg009dc_ch_Tot', 'rg004tb_ch_Tot']
shape: (8_640, 3)
┌─────────────────────┬───────────┬────────┐
│ TIMESTAMP           ┆ Air_T_Avg ┆ RH_Avg │
│ ---                 ┆ ---       ┆ ---    │
│ datetime[μs]        ┆ f64       ┆ f64    │
╞═════════════════════╪═══════════╪════════╡
│ 2025-12-31 00:00:10 ┆ 272.95    ┆ 98.7   │
│ 2025-12-31 00:00:20 ┆ 272.97    ┆ 99.74  │
│ 2025-12-31 00:00:30 ┆ 272.99    ┆ 99.94  │
│ 2025-12-31 00:00:40 ┆ 273.01    ┆ 99.94  │
│ 2025-12-31 00:00:50 ┆ 273.03    ┆ 99.68  │
│ …                   ┆ …         ┆ …      │
│ 2025-12-31 23:59:20 ┆ 270.01    ┆ 98.38  │
│ 2025-12-31 23:59:30 ┆ 269.99    ┆ 98.5   │
│ 2025-12-31 23:59:40 ┆ 269.97    ┆ 98.9   │
│ 2025-12-31 23:59:50 ┆ 269.97    ┆ 99.62  │
│ 2026-01-01 00:00:00 ┆ 269.93    ┆ 99.92  │
└─────────────────────┴───────────┴────────┘
[INFO] Adjusting the last timestamp to be one year earlier temporarily.
[INFO] Restoring the original last timestamp for correction.
[INFO] Correcting the last timestamp and year in the NetCDF file.
[INFO] Correcting the 'time' variable in the NetCDF file.
<class 'netCDF4.Variable'>
float64 time(time)
    units: seconds since 1970-01-01 00:00:00
    standard_name: time
    long_name: Time (seconds since 1970-01-01 00:00:00)
    axis: T
    valid_min: 1767139210.0
    valid_max: 1767225600
    calendar: standard
unlimited dimensions: 
current shape = (8640,)
filling on, default _FillValue of 9.969209968386869e+36 used
Flagged 0 points where air_temperature < 245.0K as bad data (qc_flag = 2).
Found 0 points already flagged as bad data (flag=2)
Applied previous day's purge timing: 10:24 - 10:32
QC flags successfully added to /gws/pw/j07/ncas_obs_vol2/cao/processing/ncas-temperature-rh-1/data/long-term/level1d/2025/stfc-temperature-rh-1_cao_20251231_surface-met_v1.1.nc.
Updated time units to 'seconds since 1970-01-01 00:00:00' in /gws/pw/j07/ncas_obs_vol2/cao/processing/ncas-temperature-rh-1/data/long-term/level1d/2025/stfc-temperature-rh-1_cao_20251231_surface-met_v1.1.nc

Processing complete for year 2025
